signal_0,signal_1
1+0i,1+0i
-0.5173628745839911+0.8557659144864527i,-0.5173626812004466+0.8557644946662307i
-0.46467086210107333-0.8854820939822383i,-0.46466681928666076-0.8854792230333836i
0.9981702147679985+0.06046665786734927i,0.99816210307127+0.0604692114961715i
-0.5681615606293722+0.8229168549269025i,-0.5681562738530391+0.8229028041968308i
-0.41027835333203067-0.9119589743475092i,-0.4102640692100645-0.9119402567006509i
0.9926875553006402+0.12071203514897147i,0.9926552844117382+0.1207142355084107i
-0.6168810188479923+0.7870562742875776i,-0.6168593309812281+0.787017748766446i
-0.35438440151486605-0.9350984748287222i,-0.3543561901714647-0.9350478695823609i
0.9835720857785369+0.18051565962003338i,0.983500134274689+0.18051172759458892i
-0.6633429569321125+0.7483154069030304i,-0.6632914108335081+0.7482425448025151i
-0.2971935545247504-0.9548159147850903i,-0.2971505585078929-0.9547166221210237i
0.9708571649079756+0.23965867568139737i,0.9707308827604328+0.2396400306961408i
-0.7073773441288072+0.7068360277211422i,-0.7072805760693922+0.7067212051846428i
-0.2389151063165892-0.9710391368486737i,-0.238859385410677-0.97087393972576i
0.9545893238423732+0.29792464527718643i,0.9543952696861999+0.2978800107468309i
-0.7488230334795466+0.662769933467664i,-0.7486640412779242+0.6626079952996413i
-0.1797623309989705-0.9837087709893775i,-0.1796989163282022-0.9834603851306765i
0.9348280958982229+0.3551003399651783i,0.9345543631088348+0.3550158826117589i
-0.7875283515489029+0.6162783871353452i,-0.7872887856365536+0.6160668501768737i
-0.11995170234246044-0.9927784517837797i,-0.11988861512313435-0.9924298807785651i
0.9116457986887073+0.41097652124139106i,0.9112823272009244+0.41083602319203816i
-0.8233516534842316+0.5675315278305927i,-0.8230121283657873+0.5672707549418424i
-0.05970210157850886-0.9982149880926848i,-0.05965033611333458-0.9977498803840323i
0.8851272694722707+0.4653487062632061i,0.8846661403773652+0.4651337685805067i
-0.8561618413750376+0.5167077481373605i,-0.8557022647804176+0.5164010909685235i
0.0007659836119175423-0.9999984845264467i,0.00079251282850693-0.9994014890269179i
0.8553695546846644+0.5180179161688134i,0.8548052647610914+0.5177081922158707i
-0.8858388440150662+0.46399304127685503i,-0.8852387608891398+0.46364695024243724i
0.061231265988621-0.9981224142535552i,0.06121581290694025-0.9973795313253871i
0.822481554790641+0.5687914042544484i,0.8218112682646876+0.5683648610568124i
-0.9122740563113847+0.40958032045216997i,-0.9115130046563049+0.4092044205689514i
0.12147246856849825-0.9925936428860406i,0.12139557953722696-0.9916925674388587i
0.786583625754992+0.6174833613446038i,0.7858074007472309+0.6169165668831904i
-0.9353707367324119+0.35366871286875645i,-0.9344286122066914+0.35327584437355125i
0.1812691344043335-0.9834324033542786i,0.18110880674012378-0.9823628568530288i
0.7478071385913706+0.6639155957738687i,0.7469281258828312+0.6631840299278559i
-0.9550443613404045+0.29646283101431314i,-0.9539017874287566+0.2960690539416771i
0.2404024333626067-0.9706722218631489i,0.24013430756260842-0.9694262701002303i
0.7062939986007633+0.7079181854919456i,0.7053186105481248+0.7069965721510544i
-0.9712229331127926+0.23817202386489594i,-0.9698616336126942+0.2377965860365214i
0.2986559629478682-0.9543597952005142i,0.29825354730426096-0.9529321487701518i
0.6621961260589906+0.7493300999054295i,0.6611341736994242+0.748192757586642i
-0.9838472454203836+0.1790096107575136i,-0.9822504159447562+0.17867487891137052i
0.35581654024299564-0.9345548198470177i,0.35525146635924754-0.9329431143651675i
0.615674900253699+0.7879997891806687i,0.6145396968658869+0.7866209973180015i
-0.9928710986982144+0.11919210073290654i,-0.9910237738702588+0.11892345480036617i
0.41167498206717607-0.9113297735125847i,0.410917289524109-0.9095348267522416i
0.5669005689054286+0.8237857388511125i,0.5657089985330085+0.8221401167791365i
-0.9982614695161317+0.05893840020537898i,-0.9961508825312058+0.05876409102635456i
0.4660268704965727-0.8847696498991099i,0.46504531867528637-0.8827956931575057i
0.5160516251340225+0.8565569876995252i,0.514824174828881+0.85461988322222i
-0.9999986314303725-0.001530988140727788i,-0.9976145626817564-0.0015800170927720216i
0.5186733009461926-0.8549716476599862i,0.5174357057864047-0.852826528840615i
0.463314154250413+0.8861936070198354i,0.4620749090551579+0.8839414913486378i
-0.9980762271738837-0.06199477229622538i,-0.9954113386839849-0.0618850983275751i
0.5694216100753033-0.8220448146947485i,0.5678952033317953-0.8197401707718752i
0.4088811527642484+0.9125871395047291i,0.40765775272342936+0.9099980052623555i
-0.9925012919211891-0.12223168076085744i,-0.9895514443874797-0.12192764938111196i
0.6180860808525727-0.7861096490805622i,0.6162378892123447-0.7836610458161313i
0.3529518220994976+0.9356409961528469i,0.3517753808669399+0.9326947550745128i
-0.9832942275426713-0.18202127230202597i,-0.9800587768969553-0.18148527725878458i
0.6644886222006979-0.7472976581009771i,0.6622858634390306-0.7447246951023352i
0.2957308396027298+0.9552708097430748i,0.2946358244952718+0.9519496866639742i
-0.9704887279424832-0.2411447426750946i,-0.9669707984342102-0.2403375369369137i
0.7084594207333159-0.7057508769857087i,0.7058699139205842-0.7030772564262524i
0.2374276095118713+0.9714047435823658i,0.23645168314603343+0.9676936632804598i
-0.954131655753316-0.2993857253530169i,-0.9503383867010352-0.29826676112297734i
0.7498375621991157-0.6616213491226557i,0.7468301488223142-0.658874906694522i
0.17825549662656448+0.9839837543972041i,0.17743932056349832+0.979870717863834i
-0.9342828708392795-0.35653108333496586i,-0.9302256343474545-0.35505887893265753i
0.7884716203589389-0.6150705696443544i,0.7850165930937308-0.6122832665715601i
0.11843104548457445+0.9929618084066483i,0.11781804659645843+0.9884382551436312i
-0.9110150112344886-0.41237168913628364i,-0.9067095983472234-0.4105042203538568i
0.8242202111408259-0.5662688944251044i,0.8202897469029478-0.563476769635411i
0.05817318790171616+0.9983060497862108i,0.057809288459747275+0.9933672027784314i
-0.8844132273190329-0.4667031901053218i,-0.8798800002746416-0.4643983034248652i
0.8569525100450391-0.5153949166515814i,0.8525211038641244-0.5126379984843176i
-0.002297558224631069+0.999996920906076i,-0.002364245457858653+0.994642110991017i
-0.854574870205131-0.5193267562664425i,-0.8498388786657983-0.5165426011225234i
0.8865487309055872-0.4626348132484217i,0.8815936271010157-0.459956990361492i
-0.06275989591638564+0.9980282339036303i,-0.06247940602988294+0.9922612003554669i
-0.8216091354738397-0.570049807952397i,-0.8167001948318924-0.5667452850368907i
0.9129005642561794-0.4081816635505814i,0.9074021813544438-0.4056305149815684i
-0.12299255896672745+0.9924071933283843i,-0.12231344484893925+0.9862363575921748i
-0.7856366635660927-0.6186867205632547i,-0.7805893936707085-0.6148219430010073i
0.9359115736963923-0.35223474271583644i,0.9298539195117933-0.34986132734757774i
-0.18277512167945376+0.9831543697764147i,-0.18164485347907328+0.9765930794281236i
-0.7467890982904628-0.6650595038727745i,-0.7416429211951817-0.6605962679465663i
0.9554975488075033-0.2949987924632297i,0.9488686221150656-0.2928573984415915i
-0.24188880553242242+0.9703036246108085i,-0.2402541972901531+0.9633703647803288i
-0.7052086050633212-0.7089984533962425i,-0.7000077006635964-0.7039007153703702i
0.9715868133264849-0.23668327180624965i,0.9643789885857145-0.23483112675538562i
-0.30011727981305114+0.9539019860436098i,-0.29792494068347497+0.9466205557193129i
-0.6610473506444281-0.7503427714360533i,-0.6558405693544896-0.7445771269194192i
0.9841204874503627-0.177501590522736i,0.9763308790931373-0.17599853369878607i
-0.3572474532958785+0.9340094770327443i,-0.35444426055503137+0.926409127867551i
-0.6144669462718979-0.788941155532271i,-0.6093076781792752-0.7824773177357719i
0.9930527033110262-0.11767032816668475i,0.9846835061841942-0.11657844598297393i
-0.4130702540649965+0.9106988956237558i,-0.40960384488991036+0.9028144310818558i
-0.5656378562344285-0.8246523521646978i,-0.5605838564673129-0.8174636253441444i
0.9983507728319401-0.05740844148003079i,0.9894095754869153-0.05679166812373902i
-0.4673813946275333+0.8840555485402022i,-0.46320067344250493+0.8759273814605242i
-0.5147387740451642-0.8573456736801353i,-0.509851944390467-0.8494094180161835i
0.9999953073524749+0.003063536895055603i,0.9904953749984419+0.0031398517555393745i
-0.5199821195182008+0.8541769389976589i,-0.5150377775288979+0.8458511059026739i
-0.46195596850012804-0.8869014765531056i,-0.4573020956168727-0.8781995607037411i
0.9979802885820841+0.06352430547099161i,0.9879408126661587+0.06299385961834705i
-0.5706799326589965+0.8211724098837965i,-0.5649249760413141+0.8127005406292609i
-0.4074826020143738-0.9132115992298075i,-0.4031310528955597-0.9037308367988621i
0.9923130906246648+0.12375260378324748i,0.9817594021713868+0.12254863349396976i
-0.6192893018122334+0.7851627436103391i,-0.6126795848897365+0.7766019852520165i
-0.3515180237304434-0.9361797579529813i,-0.34754139937649553-0.9259123241515084i
0.9830144529925021+0.1835280221086879i,0.9719781970249245+0.1815838185299745i
-0.6656323375489045+0.7462797201012753i,-0.6581270971807966+0.7376926141459337i
-0.2942670399860655-0.9557218991191393i,-0.29074078855949126-0.9446657239530079i
0.9701184047085548+0.2426318080705634i,0.9586376732831748+0.23988125592236087i
-0.7095394442476456+0.7046656345348921i,-0.7011018315605217+0.6961199470445681i
-0.23593916481085697-0.9717665068786792i,-0.2329411558468116-0.9599256412785058i
0.9536721397748357+0.3008476671783238i,0.9417915613917472+0.2972258025545205i
-0.7508499407419229+0.6604727766044943i,-0.7414475462728815+0.6520412809322115i
-0.1767478531948915-0.9842548648532002i,-0.1743579147407444-0.9716398162679244i
0.9337358444626203+0.35796255437262714i,0.9215066278593885+0.3534061382153107i
-0.7894126483441422+0.6138628732034848i,-0.779018016621447+0.6056230854546781i
-0.1169097199350485-0.9931412710122501i,-0.11520914078333186-0.9797693051181277i
0.9103824770565231+0.4137674536788203i,0.8978624076580037+0.4082155573188608i
-0.825086444094762+0.565006496574346i,-0.8136775736657156+0.5570403642080414i
-0.05664374691782248-0.998393204923141i,-0.05571474637972133-0.9842886102531245i
0.8836975008584882+0.46805814311570293i,0.8709508884336853+0.46145274211139486i
-0.8577407772117597+0.5140824400874362i,-0.8453016021355273+0.5064759843944074i
0.0038295182604006217-0.9999914467617758i,0.003904350322507681-0.9851857592363165i
0.8537785714287843+0.5206359420603297i,0.8408761477983149+0.5129225144263454i
-0.8872561468504627+0.4612770639339902i,-0.8737769957074698+0.45411997745190685i
0.06428876940288986-0.9979301476489553i,0.06342705930674265-0.9824623321874296i
0.8207351792085643+0.571308438333821i,0.8077539451514614+0.5624365631349661i
-0.9135245394253542+0.4067836131278009i,-0.8990025679538224+0.40016881337598464i
0.1245127515982718-0.9922168510547684i,0.12263295211503071-0.9761334376653772i
0.7846882488318423+0.6198901923473596i,0.7717112696551458+0.6098141445373196i
-0.936449823893438+0.3508015103114037i,-0.9208894174480358+0.34482465154630826i
0.18428107091854606-0.9828724651927256i,0.1813030916383664-0.9662276371786089i
0.7457696965932318+0.6662034157314971i,0.7328858461520983+0.6548827530471735i
-0.9559481035525981+0.293535625954795i,-0.9393612456900661+0.2882945709607989i
0.2433750009662748-0.9699311865046727i,0.23922085509529198-0.9527868186809544i
0.704121947690922+0.7100786219652848i,0.6914256009775395+0.697478759641383i
-0.9719480230675236+0.23519552861743698i,-0.9543546266981869+0.23078978285425833i
0.30157828331932457-0.9534403745164901i,0.29617274705587276-0.9358660196088624i
0.6598974150115796+0.7513552466242003i,0.647488089766992+0.7374480156738632i
-0.9843910295996112+0.17599471801727185i,-0.9658192273031702+0.17252482874253228i
0.3586779189438775-0.9334603785225544i,0.3519491994106512-0.9155332002095307i
0.6132579413645948+0.7898822349770294i,0.6012398895064115+0.7746464197901298i
-0.9932315870852231+0.11614984371338441i,-0.9737179773716214+0.11371676698516511i
0.4144649476794805-0.9100643167332187i,0.40634535523894966-0.8918689681002597i
0.5643742072068585+0.8255185947813534i,0.5528559572055384+0.8089404458247063i
-0.9984373428781385+0.05587991226159676i,-0.9780271893798379+0.054584350999626725i
0.46873521294355114-0.883337808693547i,0.45916183359769036-0.8649662551860393i
0.513425106025543+0.8581339122546464i,0.5025189577010994+0.8402076297172645i
-0.999989246146354-0.004594514255533127i,-0.9787366269564799-0.004652797712456005i
0.5212901088568518-0.8533786619525237i,0.5102054723297917-0.8349299482454523i
0.4605970896647161+0.8876088293327473i,0.4504185632116879+0.8683370136449425i
-0.9978816175899513-0.06505212539127297i,-0.9758495222095424-0.06377501855132689i
0.571937307055768-0.8202965141294003i,0.5592900460809596-0.8018764746711685i
0.4060834859916124+0.9138354804691491i,0.3967507273713334+0.893229545735577i
-0.9921221702248973-0.1252716722359694i,-0.9693825418512266-0.12256343963865601i
0.620491460531577-0.7842124316870644i,0.6062369568129953-0.7659333450224038i
0.3500837913996113+0.9367178873766062i,0.3417169365630436+0.9147984339012359i
-0.9827319811567187-0.1850327770931024i,-0.9593657023318809-0.18080080130150897i
0.666774881920954-0.7452584668807456i,0.6508758942129085-0.7272386542108077i
0.2928029407370586+0.956172310266473i,0.28552344145652786+0.9329694525107712i
-0.9697454144473371-0.24411673996707273i,-0.9458422343915399-0.23827227207340995i
0.7106181937654604-0.7035771745034319i,0.6930454635174261-0.6859405432985011i
0.23445055733367193+0.9721275543003915i,0.2283804717267956+0.9476812008040227i
-0.9532099953573548-0.30230733891132533i,-0.9288683976306537-0.2947662540991027i
0.7518609483603503-0.6593210901965126i,0.7325937784019648-0.6421966240347461i
0.175240185869123+0.9845252301328444i,0.1705014369890683+0.9588853121389033i
-0.9331862364239961-0.3593916213078748i,-0.908513245895349-0.35007517487595513i
0.7903522149243069-0.6126521722347935i,0.7693790167226804-0.5961733683993983i
0.11538851089115676+0.9933199675911005i,0.11210211703498549+0.9665466133534701i
-0.9097474160111907-0.41516068318249333i,-0.8848583444599417-0.4039962623225149i
0.8259511319413287-0.5637412088287206i,0.803269937046436-0.54804546555142i
0.05511456384314328+0.9984795817105738i,0.05339984449000795+0.9706432337195537i
-0.8829793101422134-0.4694104337035995i,-0.8579974401740933-0.45633230023467336i
0.8585274226534214-0.5127671931128293i,0.8341463540597135-0.49799514870300354i
-0.005361078496999849+0.9999851905179828i,-0.005387316963773963+0.9711666631591824i
-0.8529798785962502-0.5219423420671092i,-0.8280360859220987-0.5068923612705961i
0.8879618718176199-0.4599166681076903i,0.8618995711085143-0.44621149455158887i
-0.06581710123315043+0.9978312841312669i,-0.06404139564347834+0.9681217595926627i
-0.8198589064176507-0.5725641640339751i,-0.7950912209148888-0.5554925146973072i
0.9141467619826148-0.4053830440525169i,0.8864327682904903-0.3928896980026836i
-0.1260322612685157+0.9920257449233916i,-0.12234533304541823+0.9615267054825873i
-0.7837376021497806-0.621090645461593i,-0.7592907085041223-0.6019565062346726i
0.9369862676883925-0.34936589060669476i,0.907661344695264-0.33823032500775857i
-0.18578619696041504+0.982589818676245i,-0.18008380000694815+0.9514129138351914i
-0.744748154263775-0.6673442002544578i,-0.7207728333676003-0.6461164074446626i
0.9563968061462934-0.2920702065104809i,0.9255132135679213-0.28243854641974714i
-0.24486023454931727+0.9695580368301955i,-0.2370440047337425+0.9378248841142661i
-0.7030332474054665-0.7111555602530564i,-0.6796857600694104-0.6878132322366435i
0.9723073431161464-0.23370566937759452i,0.9399290493552026-0.22572335583731168i
-0.303038188410951+0.9529780901138398i,-0.2930164896130411+0.9208200087159476i
-0.658745540230817-0.7523643946826855i,-0.6361869551433817-0.7268975181907062i
0.9846596528611016-0.17448586836514068i,0.9508624857815309-0.1682967744645651i
-0.3601071522029064+0.9329106540164045i,-0.34779591378285407+0.9004683308419985i
-0.6120471067407569-0.7908198968952758i,-0.5904425749845087-0.763229870541418i
0.9934085312288373-0.11462752252896317i,0.9582802642928442-0.11037304605764042i
-0.4158582780104736+0.9094291667414944i,-0.40118181848785267+0.8768522547955081i
-0.5631088431598985-0.8263813362570023i,-0.5426268219615806-0.7966814668128516i
0.9985219610793579-0.05434968772491023i,0.9621623323988263-0.05216782506144002i
-0.4700875406403789+0.8826195604547883i,-0.45297937232495805+0.8500662099039176i
-0.5121098425297004-0.8589185731620042i,-0.4929212712809937-0.827134520251651i
0.9999812294539839+0.006127045041582518i,0.9625018916389979+0.0061026389401221195i
-0.5225964842654275+0.8525799468091901i,-0.5030000935657283+0.8202162694521625i
-0.45923673930479675-0.8883125352874899i,-0.44151417124044723-0.8544827003675454i
0.9977809960567511+0.06658135688390007i,0.9593053950926685+0.0642223173288184i
-0.5731929486876584+0.8194202578982881i,-0.5510625468359286+0.7874197261779655i
-0.40468302635099423-0.9144556533473351i,-0.3885997196079007-0.8786315090602497i
0.9919293127976003+0.12679201096638704i,0.9525924945481796+0.12197621598499918i
-0.6216917725621981+0.783261843952072i,-0.5969930115381837+0.7518046260472053i
-0.3486483468444268-0.9372522547495039i,-0.33437731894788014-0.8994986109856806i
0.9824475943258444+0.1865386621362164i,0.9423959376405394+0.17915118313798717i
-0.6679154710083157+0.7442370292471734i,-0.6406261195177675+0.7135092621838524i
-0.29133776366321124-0.9566189137166736i,-0.2790508137928612-0.9170141169947547i
0.9693705396617396+0.24560266329208158i,0.9287614154595903+0.23553670845213726i
-0.7116948851279135+0.7024886278568028i,-0.6818054595957824+0.6726816309792671i
-0.23296100894532384-0.9724847565887775i,-0.22282771262038178-0.931120819660664i
0.9527460052129677+0.3037678655387481i,0.9117473613201433+0.2909257103071184i
-0.7528698010544943+0.6581694210125348i,-0.7203841467271168+0.6294788525469881i
-0.1737317165589874-0.9847917211901811i,-0.16591839764986924-0.941774380098995i
0.9326348296407183+0.36082140919924455i,0.8914247015738275+0.345115308283092i
-0.7912895362671539+0.6114415979905716i,-0.7562253536818522+0.5840665578221526i
-0.11386664029440036-0.9934947693123276i,-0.108535325512745-0.9489434654733399i
0.9091106112163038+0.41655450278992456i,0.8678765595239517+0.3979075779254867i
-0.826813491023936+0.5624761625685986i,-0.7892028032986206+0.5366182447284574i
-0.05358486063789025-0.99856205153425i,-0.05089222187812924-0.9526098367722619i
0.8822594384830693+0.47076318710768844i,0.8411979136851795+0.44911028493877275i
-0.8593116628965457+0.5114523072253513i,-0.8192012195143935+0.4873146059490955i
0.006893016968639865-0.9999750237777851i,0.006796726867473333-0.952768386635056i
0.8521795752092742+0.5232490816331324i,0.8114952118014539+0.49853759604466147i
-0.888665122523445+0.4585567573730464i,-0.846116735538884+0.4363428309426499i
0.0673456694489521-0.9977285151709385i,0.06431768178331876-0.9494271271983747i
0.8189811007848719+0.5738201105181078i,0.7788859422046039+0.5460107638368382i
-0.9147664488402715+0.40398308802251426i,-0.8698572577112014+0.3838958849372595i
0.1275518660399439-0.9918307469710586i,0.12145795628590095-0.9426071281276218i
0.7827855073781855+0.6222912055008913i,0.743498164256174+0.5913587830704964i
-0.9375201221948323+0.34793101538173477i,-0.8903427837500656+0.3301717677199019i
0.18729127790129357-0.9823033024785609i,0.17800681473329857-0.9323424051899591i
0.7437252553267153+0.6684849831765949i,0.7054699997691496+0.6344190159419075i
-0.9568428739080356+0.29060566598023174i,-0.9075056742890112+0.27537275510794207i
0.24634528442445724-0.969181048051315i,0.23375626163907243-0.9186797599149242i
0.7019432883891512+0.7122323941442994i,0.6649490874523263+0.6750377840380873i
-0.9726639910015195+0.23221682599401078i,-0.9212908767703857+0.21970462605072508i
0.30449777329026617-0.9525120055087357i,0.28850181851624407-0.9016785710772272i
0.6575925106325655+0.7533733416553089i,0.6220920025578965+0.7130709247718497i
-0.984925574976805+0.1729781735181893i,-0.931656100958209+0.16337587835693826i
0.36153593134726714-0.9323571763925352i,0.3420432854060861-0.8814105389193339i
0.6108352268691493+0.791757267498541i,0.5770636440417312+0.7483843102590914i
-0.9935827536989494+0.11310649659687635i,-0.9385719455191626+0.10659693607989518i
0.4172510234165191-0.9087903187272607i,0.39418548421413707-0.8579593832125948i
0.5618425486902582+0.8272437029789632i,0.5300365916654455+0.7808543267459485i
-0.9986038456093052+0.05282089987197061i,-0.9420219753100587+0.04957935161788489i
0.4714391561727647-0.8818976770975792i,0.4447389810520237-0.8314204964305011i
0.5107937682714254+0.8597027829727301i,0.48119043557940383+0.8103683128500863i
-0.9999704756664235-0.007657997245793513i,-0.9420027492028653-0.007464994400992193i
0.5239020243064955-0.8517776670301136i,0.493520784872741-0.8019005534779436i
0.4578757022399475+0.889015721177802i,0.43071108102551553+0.8368249550440691i
-0.9976776425908239-0.06810886794920407i,-0.9385237984681973-0.06432469237919758i
0.5744476362362736-0.818540514834851i,0.5403550197853787-0.7695170795845278i
0.4032820080062067+0.9150752448208297i,0.3787900308878183+0.8601346389777832i
-0.9917337371675289-0.12831048799569716i,-0.9316075559303283-0.12078959909625854i
0.6228910167155235-0.7823078542241579i,0.5850735685431778-0.7343979781267695i
0.3472124750606614+0.9377859872294657i,0.325623648897511+0.8802197554109363i
-0.9821605115393914-0.1880425452931404i,-0.9212892362955596-0.17665162610553803i
0.6690548837625458-0.7432122811855917i,0.6275166848173741-0.6966810202949594i
0.2898722938300575+0.9570648368334553i,0.2714124063659387+0.8970149597054569i
-0.9689929996035888-0.2470864461475366i,-0.9076166682431239-0.23170551818026655i
0.7127702974364852-0.701396868737497i,0.667533571995688-0.6565132986614803i
0.23147130476852928+0.9728412413173149i,0.21636011537546873+0.9104673840091749i
-0.9522793888025933-0.3052261152221284i,-0.8906500790530156-0.2857496188542237i
0.7538772780850083-0.6570146433431595i,0.7049829263797749-0.6140506468425267i
0.17222323043159632+0.9850574658115263i,0.16067315140211133+0.9205368014477495i
-0.9320808437788154-0.36224878628039536i,-0.8704618327256486-0.33858662016041274i
0.7922253918011715-0.6102280248996281i,0.739733442799159-0.5694570275688156i
0.11234489334333492+0.9936688041773807i,0.10455966837672898+0.9271957418285376i
-0.9084712825382615-0.4179457808191656i,-0.8471361227256926-0.3900242937398236i
0.8276743009469574-0.5612082323505979i,0.7716642808098418-0.5229038915975984i
0.05205542251899653+0.9986437426122596i,0.048228809212300494+0.9304295585486189i
-0.8815371059423577-0.4721132717423771i,-0.8207686206540162-0.43987620057233473i
0.8600942777288008-0.5101346570985603i,0.8006654898026644-0.47456951000324044i
-0.008424548453143221+0.9999640749766286i,-0.008110085165883619+0.9302364465888402i
-0.8513768815178765-0.5245530292807703i,-0.7914660823187301-0.48796237667198195i
0.8893666789456344-0.4571942065092595i,0.8266383915105121-0.42463828247988017i
-0.06887368883602568+0.9976249694206913i,-0.06424826525341136+0.9266274116646931i
-0.8181009827420938-0.5750731464277681i,-0.7593459128357275-0.5341099921889161i
0.9153843801720887-0.40258061991095273i,0.8494959185712353-0.37330002437421506i
-0.12907078071931788+0.9916349860668898i,-0.1199783578437857+0.9196261907926745i
-0.7818311851232302-0.6234887412367579i,-0.7245356925438781-0.578153981470716i
0.9380521677879119-0.34649375959161544i,0.8691629079777157-0.32074923524152965i
-0.1887955285820216+0.9820160456835265i,-0.1750951433565226+0.9092691247188259i
-0.7427002205543555-0.6696226334096689i,-0.6871726656648625-0.619937641754624i
0.9572870874189553-0.2891388793887443i,0.8855763484233995-0.26718435178056965i
-0.24782936547953355+0.9688033494641626i,-0.22939632266103993+0.895604982839327i
-0.7008512915716247-0.7133059927008197i,-0.6474031937767067-0.6593131982903526i
0.9730187475145822-0.23072587354840418i,0.8986855807324943-0.21280698805514514i
-0.30595625290485934+0.952045250206357i,-0.2826832704902808+0.8786947414254835i
-0.6564375472944568-0.7543789567631611i,-0.6053821762994684-0.6961423338289715i
0.9851895769505324-0.1714685086023674i,0.9084524507479489-0.15782116595113377i
-0.362963471396829+0.9318030753611779i,-0.33476177259875206+0.8586113161431354i
-0.6096215229654844-0.7926912161758564i,-0.5612724403124458-0.7302966805573612i
0.9937550357145276-0.11158364107435267i,0.9148514142356096-0.10243253884568189i
-0.4186423990020318+0.9081509026010536i,-0.38544274389047745+0.8354392500296022i
-0.5605745451413234-0.8281025645122505i,-0.5152441021335605-0.7616582727084918i
0.9986837779036027-0.05129042387821836i,0.9178695935490596-0.046847611483354076i
-0.4727892747416282+0.8811752887272838i,-0.4345429248248125+0.8092743582602675i
-0.5094761047109042-0.86048341143522i,-0.46747390319340626-0.7901199582345262i
0.9999577664366546+0.009190495687647328i,0.9175067859876898+0.00872704094086764i
-0.5252059442890832+0.8509749529092938i,-0.4818855534995046+0.7802233311993706i
-0.45651320003585255-0.889715256942188i,-0.418144522827653-0.8155857680934232i
0.9975723390624212+0.06963778341473992i,0.9137754239658775+0.0640855514980725i
-0.5757005851299579+0.817660415414845i,-0.5273010109128771+0.7484032973857959i
-0.40187965261674224-0.9156911250242773i,-0.3674438706927646-0.8379712418672784i
0.991536225421318+0.12983022817265152i,0.9067004872983095+0.11902353506512246i
-0.624088408549986+0.7813535931532852i,-0.5706274370180933+0.7139413482549697i
-0.3457753977895866-0.9383159551525904i,-0.31556436158005435-0.8572037086036031i
0.9818715150987021+0.18954755144686802i,0.8963193680891682+0.17333885374121702i
-0.6701923358824614+0.7421873535119863i,-0.6117113153026433+0.6769740265388663i
-0.2884057530483156-0.9575069501589462i,-0.2627021754623664-0.8732225219470086i
0.9686135767864683+0.24857121346359384i,0.8826816888951462+0.22683237123506583i
-0.7138436465401592+0.7003050281187294i,-0.6504080237552079+0.6376467804212851i
-0.2299806666708678-0.973193879237984i,-0.20905650565536915-0.8859792488078679i
0.9518109288488183+0.30668521295153106i,0.865849075009931+0.2793086933687507i
-0.7548825954602734+0.655859888309463i,-0.6865823502185342+0.5961133856505456i
-0.1707139493985969-0.9853193349617655i,-0.1548287980126649-0.8954378109973045i
0.9315250617658696+0.36367687761383i,0.845894881892895+0.3305768919068279i
-0.7931589977027891+0.6090145842209926i,-0.7201089702706075+0.5525353379283366i
-0.11082249198072153-0.9938389433663264i,-0.10022198409844124-0.9015745794399342i
0.9078302131048888+0.4193376424174205i,0.8229038789337282+0.3804512089929847i
-0.8285327780629048+0.5599405495612872i,-0.7508728859280016+0.5070812180009134i
-0.050525471447268655-0.9987215263413377i,-0.04543971129527717-0.9043784207614528i
0.8808130958426564+0.473463812851522i,0.796971890910238+0.42875173956008117i
-0.8608744836861674+0.5088173742356834i,-0.7787698236210439+0.4599260319759418i
0.009956450984790977-0.9999492157286107i,0.009314427193087494-0.9038506962317316i
0.8505725810331887+0.5258573103621313i,0.7682053986547631+0.47530508917346437i
-0.8900657578103582+0.4558321471249085i,-0.8037065900539923+0.41125052947576896i
0.07040193743689299-0.9975175187118858i,0.06383765949401765-0.90000521322891i
0.8172193359821105+0.5763263972345194i,0.7367211005975909+0.5199450048705078i
-0.9159997729004481+0.4011787714200701i,-0.825601384729703+0.36124050231478044i
0.13058978337052302-0.991435334258612i,0.11792879644378847-0.8928681295720804i
0.7808754192518151+0.624686378270978i,0.7026454370006635+0.5625129766720743i
-0.9385816215915282+0.3450572550201969i,-0.844384068090327+0.3100860664541675i
0.19029972710089016-0.9817249205535461i,0.17138898429414126-0.8824778112511872i
0.7416738339795098+0.6707602766959747i,0.666114078833269+0.6028588075626584i
-0.9577286640090319+0.2876729785891676i,-0.8599963844004357+0.2579809300431369i
0.24931325586016195-0.9684218135433484i,0.22402244589374057-0.8688846442612796i
0.6997580411428155+0.7143794818151985i,0.6272713833709342+0.6408411498651088i
-0.973370830195209+0.22923594395062508i,-0.872392138676405+0.20512165039943459i
0.30741440546041426-0.9515746968902695i,0.2756372075452872-0.8521508014223677i
0.65528143455416+0.7553843660583351i,0.5862698187199636+0.6763280060731072i
-0.9854508765350982+0.16996000557143082i,-0.8815373271463173+0.15170688281470818i
0.3643905506298707-0.9312452238108397i,0.32604580880414885-0.8323499652373639i
0.6084067795052566+0.7936248691474677i,0.5432693595827572+0.7091971923481989i
-0.9939245952435911+0.11006208794609751i,-0.8874102209051372+0.09793662409194472i
0.4200331831301447-0.9075077914515585i,0.3750659925595361-0.8095670080063935i
0.5593056171159932+0.8289610472532892i,0.49843685668139004+0.7393367630391549i
-0.9987609761469525+0.049761391746238864i,-0.8900014026126909+0.04401145373211891i
0.4741386748069039-0.8804492686272669i,0.42252137282528335-0.783897630576821i
0.5081576365675535+0.8612635851294588i,0.45194538235067955+0.7666453947371454i
-0.999942320166746-0.010721408359812907i,-0.8893137562631847-0.009868224313966709i
0.5265090227815226-0.8501686779185667i,0.46824207776203586-0.7554479612627615i
0.45515001751713446+0.8904142693509025i,0.4039735548943187+0.7910327285424478i
-0.9974643040908674-0.07116497128158378i,-0.8853624102362444-0.06350293642552814i
0.5769525740566372-0.816776833291675i,0.5120653655577045-0.7243341166162034i
0.40047674510073267+0.9163064209242153i,0.354704844371026+0.8124196693839254i
-0.9913359963946426-0.13134809951985438i,-0.8781746340196277-0.11669488774386703i
0.6252847268838667-0.7803959345668661i,0.5538362109058647-0.6906817258735553i
0.3443379000308021+0.9388452856869922i,0.3043268625390521+0.8307386414032307i
-0.9815798240541027-0.19105054865457405i,-0.867789689170215-0.16924870141238815i
0.6713286063269814-0.7411591202195758i,0.5934078599444057-0.6546254210340916i
0.28693892638671664+0.9579483810673963i,0.2530306397389625+0.845933798588399i
-0.9682314904728747-0.25005383334491416i,-0.8542586352557446-0.22097214582618427i
0.7149157115482597-0.6992099801507194i,0.6306423516456943-0.616308294653652i
0.2284898797776112+0.9735457979349722i,0.20100989153459428+0.8579611900176786i
-0.9513398448230488-0.30814202689184583i,-0.8376440916898301-0.27167684714953233i
0.7558865324492382-0.6547020302092824i,0.6654110037867167-0.5758813275521838i
0.1692046586290044+0.9855804564380597i,0.1484602779611409+0.8667888792520849i
-0.930966703278174-0.36510255143718817i,-0.8180199565403988-0.3211789844266683i
0.7940911334092123-0.6077981503901981i,0.6975948617719933-0.53350278874332i
0.10930022140636059+0.9940083148915532i,0.09557865824728418+0.8723970175938188i
-0.90718662279259-0.42072695590733467i,-0.7954710835535769-0.3692999646886775i
0.82938970198526-0.5586699887634694i,0.7270851087311427-0.48933760999172976i
0.048995792640221636+0.9987985309505686i,0.042562343884675016+0.8747778711070511i
-0.8800866282549773-0.47481167885472i,-0.7700929187913432-0.41586707554632557i
0.861653060565778-0.5074973333159027i,0.753783435469352-0.44355673749292335i
-0.01148793934148934+0.9999335744801872i,-0.010391647086105916+0.8739358014767425i
-0.8497658940146096-0.5271587934053537i,-0.7419910984328976-0.4607141128552269i
0.8907631391050991-0.4544674540042354i,0.7776023690091495-0.3963364632496642i
-0.07192963003803332+0.9974092917082269i,-0.06308733172015667+0.8698872009586237i
-0.8163353809458006-0.5775767315862341i,-0.7112810094324404-0.5036819811452932i
0.9166134072091877-0.39977441742746656i,0.7984655586265087-0.3478577387866242i
-0.1321080888017318+0.9912349204262649i,-0.11533049691691681+0.862660381850527i
-0.779917430378727-0.6258809853819113i,-0.6780873148640235-0.5446192646208641i
0.9391092639911609-0.34361837662639505i,0.8163080184533436-0.29830547390369655i
-0.19180308830080717+0.9814330561832867i,-0.16692942448418135+0.8522954210885045i
-0.7406453163826648-0.6718947819546377i,-0.6425434459127684-0.583382766659524i
0.9581683842699338-0.28620483860939067i,0.8310763258891908-0.2478678232150833i
-0.2507961704568997+0.9680395695956723i,-0.21769560377713468+0.8388439607428978i
-0.698662758040095-0.7154497305570868i,-0.604791062593159-0.6198380158682432i
0.9737210198450496-0.22774391228494223i,0.8427287752391263-0.1967354632579235i
-0.30887144590787785+0.9511034750761372i,-0.26744442923078426+0.8223689653560379i
-0.6541233934965416-0.756386438770219i,-0.5649794853874748-0.6538597368917608i
0.9857102547451585-0.16844953955322783i,0.851235486169877-0.14510086297922073i
-0.3658163840702468+0.930686751462015i,-0.3159958801735123+0.8029444372269544i
-0.6071902177108993-0.7945550958111267i,-0.5232651001009563-0.6853322843118309i
0.9940922135160487-0.10853871237057904i,0.8565784667521988-0.09315755042452205i
-0.4214225909098727+0.9068641151993169i,-0.36317518038795044+0.7806550909055563i
-0.558034985963836-0.8298160207762055i,-0.47981073832497323-0.714150038125023i
0.9988362217859736-0.04823067865204862i,0.8587516310346994-0.041099378454895225i
-0.4754865715747082+0.8797227469126021i,-0.4088134349744538+0.7555959883126413i
-0.5068375853071803-0.8620401738133119i,-0.4347850359832343-0.7402177594416453i
0.9999249185206923+0.012253860081861885i,0.8577607712688539+0.010880207689068545i
-0.5278104750986148+0.8493619723613097i,-0.4527482421696247+0.7278721360466879i
-0.45378537625451404-0.891109628352242i,-0.3883617725113751-0.7634509052071276i
0.9973543195574002+0.07269355637804667i,0.8536234850811715+0.06258889817602294i
-0.5782028184509863+0.815892898950107i,-0.49482427787891226+0.6975980465795381i
-0.39907250712210607-0.9169180026653666i,-0.34071919328394845-0.7837759009108426i
0.9911338321850572+0.1328672268874766i,0.8463690580599993+0.11383623895477168i
-0.6264791872824615+0.7794380091234743i,-0.5348938507969669+0.6648972651745825i
-0.3428992035293961-0.9393708491790975i,-0.29203931795747906-0.801130370413903i
0.9812862207177475+0.19255466180132935i,0.8360383023956633+0.16443434197686507i
-0.6724629108022933+0.7401307121325242i,-0.5728174261122612+0.6299018644866312i
-0.2854710356591633-0.9583860001114726i,-0.24250723744053473-0.8154633221963853i
0.9678475231870589+0.2515374307243809i,0.8226833523793696+0.21419858259100183i
-0.7159857083176222+0.6981148558143992i,-0.6084641159213847+0.592751908918624i
-0.22699816595888028-0.9738938681709722i,-0.19231040223552745-0.8267352914964686i
0.9508669194583542+0.3095996820365061i,0.8063674177297092+0.26294828149034977i
-0.7568883050685895+0.6535442001709235i,-0.6417121346161048+0.5535948909188867i
-0.1676945800363544-0.9858377012161412i,-0.14163790491740802-0.83491843798587i
0.9304065512535715+0.3665289328169692i,0.7871644958742803+0.3105073686645277i
-0.7950210151055987+0.6065818546729875i,-0.672449217648224+0.5125851415015488i
-0.10777730356424259-0.9941737899440701i,-0.09067975952628675-0.8399965987998962i
0.9065412947391911+0.422116846440721i,0.7651590444681522+0.35670502688846867i
-0.830244289075652+0.5573996813498874i,-0.7005730022257528+0.4698832173628172i
-0.047465608059227726-0.9988716278476841i,-0.03962618065082544-0.8419652969134052i
0.8793584865116019+0.4761599950010332i,0.7404456155785248+0.4013763123701383i
-0.862429224913089+0.5061776658480567i,-0.7259913686474933+0.4256552670457196i
0.013019791557620508-0.9999140228564668i,0.011333135032383585-0.8408317050266552i
0.8489576039826415+0.5284606037683292i,0.7131284531072893+0.44436275027756494i
-0.8914580395658248+0.45310325876084734i,-0.7486227411408423+0.38007237867651156i
0.07345754468273491-0.9972971602520597i,0.06200972201817712-0.8366145652963487i
0.8154499013349625+0.5788272749608148i,0.6833210551583002+0.4855129029726484i
-0.9172245000307726+0.39837068963980693i,-0.7683963472284916+0.3333099118560596i
0.1336264750782583-0.9910306166284937i,0.11221705131944008-0.829344065416252i
0.7789580023794717+0.6270756881782154i,0.6511457031840622+0.5246829088942949i
-0.93963431212104+0.3421802561978795i,-0.785252434815432+0.2855468163393629i
0.1933063902821508-0.9811373248459654i,0.16177122523074694-0.8190616717181466i
0.7396154518048095+0.6730292749353337i,0.6167329598670397+0.5617369901559452i
-0.9586054655421846+0.2847375913057397i,-0.7991424463533661+0.23696494017582456i
0.2522788874180998-0.9676534901064116i,0.21049165889218524-0.8058199201273611i
0.6975662264611047+0.7165198648269282i,0.5802211378027695+0.5965479270518855i
-0.9740685340146955+0.22625291046373902i,-0.8100291496093311+0.18774833001181648i
0.31032815245631196-0.9506284574580077i,0.2582017460991928-0.7896821659660482i
0.6529642084664941+0.7573883009592192i,0.5417557411557208+0.6289974978031668i
-0.9859669293443788+0.16694024250339495i,-0.8178867247348875+0.13808252627501955i
0.3672417500002412-0.93012453121347i,0.30472950687620737-0.7707222937520009i
0.6059726220646131+0.7954850223958141i,0.5014888825535007+0.65897688201531i
-0.9942571085108629+0.10701664633372371i,-0.8227008075023499+0.08815385596789979i
0.4228114007089658-0.9062167469430102i,0.34990821441420944-0.7490243882904049i
0.5567634362939169+0.8306706114865473i,0.4595786775703662+0.6863870264674955i
-0.9989087330163647+0.04670141659879032i,-0.8244684887450171+0.03814872579418884i
0.47683374351018804-0.8789925968763527i,0.393576999062397-0.724682368499491i
0.5055167356548042+0.8628163040762427i,0.41618861922721295+0.7111389720050005i
-0.999904779911571-0.013784718846571788i,-0.8231982702070766-0.01174708167125707i
0.5291110798144808-0.8485517097187228i,0.4355814271639174-0.6977995855487837i
0.4524200610776345+0.8918044607262607i,0.37148693500092356+0.7331541404620283i
-0.9972416040923269-0.07422040670597822i,-0.8189099771767562-0.061349106083147704i
0.5794520970072765-0.8150054860525449i,0.475774052632811-0.668488387018988i
0.3976677236034123+0.9175289972243537i,0.3256459288924851+0.7523645807025567i
-0.9909289516391532-0.1343844782995583i,-0.8116346284414442-0.11047489904549908i
0.6276725685709283-0.778476690659121i,0.5140149392845704-0.6368696489163496i
0.3414600932887703+0.939895772807356i,0.27884131114897037+0.7687131730279335i
-0.980989924150775-0.19405675894640206i,-0.8014142642662756-0.158944702843735i
0.6735960282747013-0.7390990032522194i,0.5501721520548578-0.6030722774899863i
0.2840028659375562+0.9588229346759714i,0.2312515182702066+0.7821537913658625i
-0.9674608942021825-0.2530188737093988i,-0.7883017332565654-0.20658211563697781i
0.7170544159654377-0.6970165292676948i,0.5841222153705606-0.5672326829081638i
0.22550631034247237+0.9742412175408903i,0.1830570259559631+0.7926514228199669i
-0.9503913722366197-0.3110550465537845i,-0.7723604391191944-0.25321474062299487i
0.7578886925955932-0.6523832724994396i,0.6157505370716357-0.5294942269487989i
0.16618449879153613+0.9860941971040227i,0.1344396576646219+0.8001822443271626i
-0.92984382537861-0.36795288999482356i,-0.7536640484888093-0.2986748167617485i
0.7959494222378931-0.6053625715115943i,0.6449517964241265-0.4900066469496872i
0.10625452365538074+0.9943384965472104i,0.08558189145810734+0.8047336563366921i
-0.9058934488310892-0.4235041823448495i,-0.7322961611294934-0.3427998287267272i
0.8310973189566907-0.5561265018895026i,0.67163029490979-0.4489254583450138i
0.045935702922350774+0.9989439452727665i,0.03666616780193349+0.806304273591223i
-0.8786278906932357-0.47750562971527843i,-0.7083499439616203-0.38543309384426905i
0.8632037565347153-0.5048552465169218i,0.6957002686282887-0.4064113381862816i
-0.014551222411208264+0.9998936893149157i,-0.012125799027393473+0.8049038732560108i
-0.8481469312060443-0.5297596099849922i,-0.6819277304967711-0.4264243238813399i
0.8921512391898222-0.45173643618399767i,0.7170861613023326-0.36262949210800416i
-0.0749848961582601+0.9971842530180725i,-0.06061370330207819+0.800553300806539i
-0.8145621175994675-0.5800748960124852i,-0.6531405873898151-0.4656301596497715i
0.9178338315591292-0.39696446293910026i,0.7357228570329958-0.31774900725022664i
-0.13514415700972104+0.9908255517562523i,-0.10861932138142695+0.7932843342450627i
-0.777996355877427-0.6282673554451335i,-0.6221078499357932-0.5029146765098557i
0.9401575463769805-0.34073976869735584i,0.7515558721126332-0.2719421936923006i
-0.19480884788993258+0.9808408556470558i,-0.15596717388722703+0.7831395073767348i
-0.7385834610345892-0.6741606245645784i,-0.588956628450636-0.5381498589786087i
0.9590406884279988-0.2832681117092619i,0.7645415053647343-0.22538391698406174i
-0.2537606216370725+0.9672667043930259i,-0.20248517403075453+0.7701718930290946i
-0.6964676673509136-0.7175867537022442i,-0.5538212875779367-0.571216042776044i
0.9744141535165151-0.22475981357379876i,0.7746469466425322-0.17825092438209808i
-0.31178374006005655+0.9501527735620197i,-0.2480052596722692+0.7544448472504129i
-0.6518031005560914-0.7583868218630458i,-0.5168429006582159-0.6020023227771635i
0.986221681358266-0.1654289895516418i,0.7818503432828328-0.1307211674104945i
-0.36866586344772895+0.9295616927959482i,-0.2923640067685372+0.7360317156678561i
-0.6047532137955226-0.7964115183080251i,-0.4781686813833483-0.6304069254772052i
0.9944200614688872-0.10549276499520122i,0.7861408244746722-0.08297312336619209i
-0.42419882764107175+0.9055688166131676i,-0.33540322194816063+0.7150155033268166i
-0.5554901894619535-0.8315216889675727i,-0.43795139503546915-0.6563375447218734i
0.9989792912957409-0.04517048076301804i,0.7875184836654624-0.03518511838021034i
-0.47817940582468826+0.8782619486432808i,-0.37697051204608784+0.6914885094677631i
-0.504194309081817-0.8635888456856036i,-0.3963487516767407-0.6797116396023696i
0.999882686014385+0.01531710947364242i,0.7859943192892623+0.012465345373328869i
-0.5304100522497276+0.8477410203035392i,-0.4169198285293416+0.6655519288247818i
-0.4510532935622178-0.8924956364310624i,-0.35352278371474083-0.700456693567955i
0.9971269395878665+0.07574864709448395i,0.7815901342619532+0.059802255757754046i
-0.580699625166542+0.8141177250927412i,-0.4551119848536784+0.6373154211522526i
-0.39626161621297945-0.9181362747559922i,-0.30963921031577746-0.7185104339629715i
0.9907221368653991+0.1359029786077275i,0.7743383948447418+0.10665174752034i
-0.6288640863214561+0.7775151098409648i,-0.49141514490553584+0.6068966507994128i
-0.3400197910577933-0.940416926928533i,-0.26486679117708245-0.7338210113528048i
0.9806917166761439+0.19555996497697692i,0.76428204963226+0.15284274742991136i
-0.6747271744577916+0.7380671244109784i,-0.5257052808051006+0.574420798259934i
-0.282533639038948-0.9592560553241087i,-0.2193766721967486-0.7463471381623094i
0.9670723860531537+0.2545012872356138i,0.7514743095716475+0.19820760528891956i
-0.7181210503564186+0.6959181314992301i,-0.5578665984743048+0.5400200457217084i
-0.2240135348010152-0.97458471681814i,-0.1733417255985728-0.7560581863101917i
0.9499139859013854+0.31251124544051667i,0.7359783900654786+0.24258270847062638i
-0.7588869110552643+0.6512223783303379i,-0.5877919295061789+0.5038330387321696i
-0.16467363680993857-0.986346815088289i,-0.12693588707709638-0.7629342436832479i
0.9292793086013789+0.36937754804127865i,0.7178672163522153+0.2858090777080265i
-0.7968755709999996+0.604143432178446i,-0.6153830880104949+0.4660043261761481i
-0.10473110362495996-0.9944993059029263i,-0.0803334925261773-0.7669661294544693i
0.9052438682160936+0.4248920887761728i,0.6972230934943064+0.3277329419457472i
-0.8319480079991406+0.5548535817812017i,-0.6405511912531663+0.4266837808352947i
-0.0444052991914935-0.9990123546445441i,-0.033708616902356596-0.7681553684086693i
0.8778956241418465+0.4788517082517536i,0.6741373424339486+0.3682062901591029i
-0.8639758719856048+0.5035332068369174i,-0.6632169430533261+0.386026002861624i
0.016083009936769588-0.9998694454916512i,0.012765582247228976-0.766514124597032i
0.8473346592146724+0.5310589374190462i,0.6487099036997837+0.407087398144328i
-0.8928419547228702+0.4503701178922902i,-0.6833108790519724+0.3441897085511757i
0.07651246250869798-0.9970674418595916i,0.058917514094625194-0.762065094797683i
0.813672813450098+0.5813227202255156i,0.6210489104654227+0.4442413283922519i
-0.9184406187368193+0.3955588690364058i,-0.7007735731182541+0.30133710684818055i
0.13666191266289757-0.9906165978790995i,0.10457779422146675-0.7548413624127585i
0.7770332747566822+0.6294591127982222i,0.5912702327696103+0.47954040127155284i
-0.9406781839035557+0.33930004591626994i,-0.7155558043142225+0.2576332660444658i
0.19631123922665067-0.9805405208705802i,0.1495798722840366-0.7448862125823523i
0.7375501281211428+0.6752919565994522i,0.5594969948099078+0.5128646358689114i
-0.9594732702784529+0.2817995316794282i,-0.7276186839947475+0.21324547316343206i
0.2552421512649401-0.96687608495145i,0.19376064530590356-0.7322529094414142i
0.6953678649148508+0.7186535230913618i,0.5258590673161457+0.544102158959735i
-0.9747570959118241+0.22326775353000594i,-0.7369337427760163+0.16834258853282824i
0.31323898693158225-0.9496732960926911i,0.2369610543205495-0.71700443658787i
0.6506408541174228+0.7593851275504401i,0.4904925370949651+0.5731495807150114i
-0.9864737285613411+0.16391891265545283i,-0.7434829772630935+0.1230943980553699i
0.37008950269902935-0.9289951091184608i,0.27902666216231325-0.6992132019663166i
0.6035327773925085+0.7973377097854937i,0.45353915591403643+0.5999123358863817i
-0.9945802903800315+0.10397020034212621i,-0.7472588565838425+0.07767096568151172i
0.4255856500785881-0.9049171973184527i,0.3198082102901793-0.6789607085035733i
0.5542160300831498+0.8323723796339726i,0.41514577096268185+0.6243049893524271i
-0.9990471148308012+0.04364100314839787i,-0.7482642889311872+0.03224198857382555i
0.4795243369886002-0.8775276755161336i,0.35916215262118206-0.65633719195725i
0.5028710903188143+0.8643609252403566i,0.3754637391843924+0.646251505053361i
-0.9998578552532251-0.016847899955994398i,-0.7465125484709362-0.013023842571542403i
0.531708170984296-0.8469267776063081i,0.39695116445119866-0.6314412275576418i
0.4496858585428974+0.8931862822565197i,0.33464832782688947+0.6656854774887799i
-0.9970095446853089-0.07727514554622189i,-0.7420271631228019-0.05795947561493608i
0.5819461816294291-0.8132264897420798i,0.4330446246475831-0.6043793071354959i
0.3948549698777446+0.918742962247006i,0.29285810359503583+0.6825503251027384i
-0.9905126067212984-0.13741959583749552i,-0.7348417638717855-0.1024001190862232i
0.6300545193661087-0.7765501405135953i,0.46731906941283885-0.5752653885328667i
0.33857908184363456+0.9409374387314259i,0.25025431282339305+0.6967994450325116i
-0.9803908173657956-0.1970611479544511i,-0.7249998964126401-0.14618385198453304i
0.6758571283252803-0.737031949618332i,0.4996586160373367-0.5442204191920301i
0.28106414003837366+0.9596884894512372i,0.20700025510569958+0.7083963288494493i
-0.9666812180237883-0.2559815394132092i,-0.7125547960711066-0.18915221898946674i
0.7191863906156465-0.6948165366746106i,0.5299553551854487-0.5113718359062221i
0.22252062446479648+0.974927493608353i,0.16326065283040947+0.7173146390743684i
-0.9494339799450036-0.3139651468683927i,-0.697569127083278-0.2311508088780182i
0.759883739733209-0.6500583919758602i,0.5581097103893304-0.47685304279765656i
0.16316277926428663+0.9865986829878091i,0.11920101907338733+0.7235382464032502i
-0.9287122206186668-0.37079977520203017i,-0.6801146874462097-0.2720298140192881i
0.7978002408466237-0.6029213111224472i,0.5840307635592196-0.4408028696605964i
0.1032078286751707+0.9946593460455007i,0.07498702629064107+0.7270612277312422i
-0.9045917727905802-0.4262774340666181i,-0.6602720806793562-0.3116445689047593i
0.8327971358347594-0.5535777956000758i,0.6076365454586989-0.403365012871139i
0.042875182085232166+0.9990799842140989i,0.030783878237456902+0.7278878252156524i
-0.8771609069478176-0.48019509904052715i,-0.6381303559576204-0.34985606576507133i
0.8647463510818736-0.5022084214983848i,0.628854290234137-0.3646874611203053i
-0.01761436891248125+0.9998444198551493i,-0.01324431248697018+0.7260323667671456i
-0.8465200082866279-0.5323554546102529i,-0.6137866181901619-0.38653144542433987i
0.8935309661720752-0.4490011786799578i,0.6476206532337794-0.32492190827281425i
-0.07803945852212962+0.9969498554622853i,-0.05693513890569391+0.7215191485068074i
-0.812781209345697-0.5825676162605099i,-0.5873456097276323-0.42154446165035575i
0.9190456417678715-0.3941507828181091i,0.6638818914975058-0.284223155690203i
-0.13817895684888748+0.9904068838988997i,-0.1001285038223711+0.7143822798707179i
-0.7760679796491843-0.6306478290296362i,-0.5589192654796011-0.4547759173715359i
0.94119700510693-0.33785796282108504i,0.6775940064481281-0.2427485063845364i
-0.19781277913945505+0.9802394496328126i,-0.14266721140673894+0.704665492184652i
-0.7365146738612522-0.6764201399738878i,-0.5286262433177836-0.4861140712510154i
0.9599039917063182-0.28032872625041017i,0.6887228484634534-0.20065715338605355i
-0.2567226911978002+0.966484761109794i,-0.18439754400446573+0.6924219116688753i
-0.6942660401056575-0.7197170420796978i,-0.4965914317245889-0.5154550132316914i
0.9750981420237168-0.22177360542162428i,0.6972441831593212-0.15810956471709195i
-0.3146931080286542+0.9491931545866226i,-0.22516982203911445+0.677713797964805i
-0.6494766902497431-0.760380087267456i,-0.46294543672365807-0.5427030077952026i
0.9867238519899667-0.1624068869463653i,0.7031437193625141-0.11526686736287564i
-0.3715118827860689+0.9284279099219873i,-0.2648389449523299+0.6606122494034029i
-0.6023105340913577-0.7982604662434778i,-0.4278240501974123-0.5677708038105551i
0.994738576496095-0.10244582753533651i,0.7064170989023516-0.0722902326199153i
-0.4269710831398259+0.9042650189993664i,-0.30326491121422927+0.6411968763562184i
-0.5529401795193443-0.8332195530781532i,-0.39136770175591923-0.5905799099847745i
0.9991129850901566-0.042109858931988375i,0.7070698484965096-0.029340265182579973i
-0.48086775221852424+0.8767929076293446i,-0.3403133155294778+0.6195554441267993i
-0.5015463008427438-0.8651294125173538i,-0.3537208963725748-0.6110608350674028i
0.9998310693140993+0.018380215113488266i,0.7051172941526976+0.013423601700047421i
-0.5330046513446238+0.846112111949098i,-0.37585582146424+0.5957834869488863i
-0.4483169776003676-0.8938732681705561i,-0.31503164004357204-0.6291532921029201i
0.9968902012878494+0.07880302689112309i,0.7005844386508046+0.05584370270297263i
-0.5831909818433568+0.8123349105032798i,-0.40977060782540287+0.5699838947609519i
-0.3934470062704051-0.9193459298623124i,-0.2754508557612272-0.6448063661691353i
0.9903011433262261+0.1389374548419779i,0.6935058028099192+0.09776472629206062i
-0.6312430832839894+0.7755849133527354i,-0.44194278723622527+0.5422664745222521i
-0.3371371873989145-0.9414541785831487i,-0.2351317921147858-0.6579786451848796i
0.9800880085534872+0.19856343276815333i,0.683925231381505+0.13903428778603205i
-0.6769851055981745+0.735996609714729i,-0.4722647954695874+0.5127474879235279i
-0.279593590756005-0.9601171076311301i,-0.1942294268464452-0.6686383135166568i
0.9662881726596435+0.2574627551806239i,0.6718956645419488+0.17950348748463624i
-0.7202496526157325+0.6937148757901286i,-0.5006367502229186+0.48154916742584314i
-0.2210268012089181-0.9752664186956683i,-0.15289986769597153-0.6767632082599109i
0.9489521371214745+0.31541987583767994i,0.6574788760856233+0.21902745180467795i
-0.7608783946627905+0.6488944445786902i,-0.5269667781459245+0.44879921263327965i
-0.16165114807179265-0.9868466718000247i,-0.11129975286302875-0.6823408382168562i
0.9281433443887971+0.37222269655166335i,0.6407451795421943+0.2574658554449602i
-0.7987226479804364+0.6016993396226837i,-0.5511713090629303+0.4146302690695147i
-0.10168392075236016-0.9948154881878318i,-0.06958565340342258-0.6853683657374746i
0.9039379457123272+0.427663343377307i,0.6217731035590235+0.2946834226869937i
-0.833643918843465+0.5523022747511275i,-0.5731753364658956+0.37917939148301294i
-0.041344573565968046-0.9991437054111552i,-0.027913479853343342-0.6858525517336286i
0.8764245224627857+0.4815389273411599i,0.600649038000573+0.330550406031574i
-0.8655144103879748+0.5008840220212946i,-0.5929126434912858+0.3425874938534869i
0.019146077373028647-0.9998154840525346i,0.01356210465523279-0.6838096643181117i
0.8457037619610974+0.5336522869281537i,0.5774668523216804+0.3649430404709137i
-0.8942174902930413+0.4476327501705714i,-0.6103259937333313+0.3049987883090681i
0.07956666224347647-0.9968283656904562i,0.05468826256428385-0.6792653516582684i
0.811888089006011+0.5838127096081306i,0.5523274878692506+0.39774397180135246i
-0.9196481176049542+0.39274333599963335i,-0.6253672863868983+0.2665602151939495i
0.13969606763596237-0.9901932818961177i,0.09531454916908319-0.6722544797702119i
0.7751012544475835+0.6318366297618545i,0.5253385258583699+0.42884265749315326i
-0.9417132271420299+0.3364166512069924i,-0.6379976753553334+0.22742086654540442i
0.19931424573299483-0.9799345142285716i,0.13529346688792626-0.6628209361107739i
0.7354778823121823+0.6775483004523936i,0.4966137328517022+0.45813573875006947i
-0.9603320700732317+0.27885882728479067i,-0.6481876521016465+0.1877314052509195i
0.25820301958957564-0.9660896053746393i,0.17448100446715653-0.65101739995248i
0.6931629771363257+0.7207804365834848i,0.4662725856474513+0.485527382512128i
-0.9754365094242375+0.22028050116600592i,-0.6559170921632896+0.1476434821581708i
0.3161468815671822-0.9487092217587896i,0.21273715913835298-0.6369050806496352i
0.6483113933123124+0.7613748270911889i,0.43443977754880275+0.5109295922807497i
-0.9869712694295223+0.160896044383678i,-0.6611752653935209+0.10730915340380497i
0.372933781999233-0.9278569681257703i,0.24992643982381504-0.6205534250213968i
0.6010872683876046+0.7991829139284854i,0.40124470804746687+0.5342624867731834i
-0.9948941378179376+0.1009227785631013i,-0.6639608101326586+0.06688030021153342i
0.4283559052018605-0.9036091547745408i,0.2859183495726344-0.6020397951902131i
0.5516634223918514+0.8340663357239658i,0.36682095800529246+0.5554545455458846i
-0.999176120291506+0.04058018011794658i,-0.6642816716521467+0.026508053385652073i
0.4822104299901234-0.8760545182953279i,0.3205878455024511-0.5814491183202893i
0.5002207253897468+0.8658974341250711i,0.3313057524611281+0.5744428208600699i
-0.9998015466321083-0.019910922939219894i,-0.6621550053510595-0.013657775306628723i
0.5343002719164981-0.8452938968317891i,0.3538157746209006-0.5588735098007539i
0.44694743557422234+0.894559720972875i,0.2948394132236878+0.5911731151994635i
-0.9967681280477579-0.08032915913268648i,-0.6576070453188001-0.053469252712191565i
0.584434804515372-0.8114398610566855i,0.38548928400560595-0.5344118715114876i
0.39203851032225484+0.9199483045987498i,0.2575648034375554+0.605600123987894i
-0.990086965548596-0.14045342364818958i,-0.6506729390092124-0.09278087272567724i
0.6324305569140932-0.7746163022115315i,0.415502203931573-0.5081694668960527i
0.3356948927345394+0.9419702736828577i,0.21962676632554984+0.6176875431929398i
-0.9797825093219579-0.20006368748164122i,-0.6413965488978475-0.131450091534655i
0.6781118852576249-0.7349579787178222i,0.4437554026493762-0.4802574746448626i
0.27812277626998066+0.9605450372697054i,0.1811715603191959+0.6274081416410295i
-0.9658924692551824-0.25894180265085076i,-0.6298302221174004-0.16933784769633872i
0.7213116154896713-0.6926100230190472i,0.47015711163731033-0.45079252286326754i
0.2195328501661279+0.9756046196964533i,0.14234629278803224+0.6347437980080579i
-0.9484676769336086-0.3168723005235172i,-0.6160345291846555-0.20630906513794156i
0.7618716551379764-0.6477274104582345i,0.4946232202732838-0.4198962056628857i
0.16013952840698742+0.9870939093546676i,0.10329835456943619+0.6396855025877067i
-0.9275718996187882-0.37364318033994764i,-0.6000779730452287-0.2422331372526899i
0.7996435718649223-0.6004743921347063i,0.5170775389988214-0.3876945841698378i
0.10016016505986419+0.994970860375155i,0.06417485748226663+0.6422333240762812i
-0.903281606887676-0.4290466850448519i,-0.5820366697698276-0.27698439034916167i
0.8344891366661807-0.5510238938155503i,0.5374520301766981-0.3543176739908558i
0.039814258852758966+0.9992066464977976i,0.025122076981609745+0.6423963417479788i
-0.8756856907867983-0.482880061589i,-0.5619940023376163-0.3104425248043167i
0.8662808297295445-0.4995568831015264i,0.5556870059752625-0.31989892121754715i
-0.020677350096772684+0.9997857665632953i,-0.013715097923048338+0.6401925435266858i
-0.8448851405255116-0.5349463029183651i,-0.5400402490373906-0.3424930323687174i
0.8949023071027111-0.4462617071633165i,0.5717312927458745-0.28457466907927903i
-0.08109328846166991+0.9967061012407539i,-0.052193705406774794+0.6356486905907532i
-0.8109926728988395-0.5850548689353905i,-0.5162721881058806-0.37302758817616705i
0.9202488264622153-0.3913334034717129i,0.5855423614942252-0.24848361737747693i
-0.1412124598367358+0.9899789207835274i,-0.09017324019637198+0.6288001492726425i
-0.7741323197923796-0.6330223837939699i,-0.49079268030423595-0.40194441611884274i
0.9422276304253819-0.3349729860441837i,0.5970864241814484-0.21176627684740673i
-0.20081485385659054+0.9796288437849292i,-0.12751616959548756+0.6196906911385837i
-0.7344389742788321-0.6786733069763451i,-0.46371023120834803-0.42914862636199974i
0.9607582860025343-0.2773867098198366i,0.6063384957266119-0.17456442059894361i
-0.2596823513391838+0.9656937470847438i,-0.16408843426303313+0.6083722622513469i
-0.6920578969672484-0.72184057569606i,-0.4351385350552392-0.45455252389011347i
0.9757729789472179-0.21878531585486474i,0.6132824217165338-0.13702053478372428i
-0.3175995225083903+0.9482246271562503i,-0.19975993191293878+0.5949047227324282i
-0.6471441844115444-0.7623662162760623i,-0.40519600204746775-0.4780758870966411i
0.9872167619272382-0.1593832601007248i,0.6179108719632327-0.09927727062471596i
-0.3743544153745326+0.9272854134810183i,-0.23440498218306127+0.5793555578485788i
-0.5998622015236764-0.8001019222645605i,-0.37400527106861836-0.4996462155542674i
0.9950477556083132-0.09939792858739471i,0.6202253001818757-0.0614768999236264i
-0.42973933138769693+0.9029527345944395i,-0.2679027710068548+0.5617995619503933i
-0.5503849800686063-0.8349095971729885i,-0.34169270980622884-0.5191989462283776i
0.9992373019144636-0.03904884188380209i,0.6202358701923382-0.02376077613319356i
-0.48355158552528765+0.8753156376581773i,-0.30013777291309984+0.5423184966871294i
-0.4988935854423017-0.866661859849885i,-0.3083879043140612-0.5366776375257143i
0.9997700689042717+0.02144314825324538i,0.6179613491758849+0.013731196954936678i
-0.5355942480322209+0.8444752625857723i,-0.3310001497767606+0.5210007250128192i
-0.4455764540500994-0.8952425106412396i,-0.2742231400720153-0.5520341206997501i
0.9966441068792079+0.0818566671017043i,0.6134289686434292+0.05086108690055558i
-0.5856768650993096+0.8105444719139654i,-0.3603861246464362+0.4979408225827242i
-0.39062870371033054-0.9205469566313548i,-0.23933287662135375-0.5652286182659062i
0.9898708555186875+0.14197062711076924i,0.6066742538937951+0.08749344272902254i
-0.6336161558424683+0.773647437774251i,-0.3881983293810848+0.4732391682160314i
-0.334251419606849-0.94248259440803i,-0.20385321786245705-0.5762298292109934i
0.9794751020157566+0.201565036986423i,0.59774082285749+0.12349579157406959i
-0.6792366830320878+0.7339191874761695i,-0.41434612494070283+0.4470015151708925i
-0.27665091840355804-0.9609691489513053i,-0.1679213801050496-0.5850149809129815i
0.9654948903666032+0.260421806765157i,0.5866801553359479+0.15873912002051332i
-0.7223714951180004+0.6915051093653024i,-0.4387458932905524+0.4193385450404341i
-0.21803799321396833-0.9759389674055833i,-0.13167515995414134-0.5915698478180463i
0.9479813821458568+0.31832554592963813i,0.5735513337540447+0.19309833839114396i
-0.7628627372005037+0.6465604207643274i,-0.46132129999731314+0.39036540613330073i
-0.15862714218886964-0.9873372666600442i,-0.09525240410089839-0.595888737051852i
0.9269986692771861+0.3750643516455608i,0.5584207566474569+0.22645272630156535i
-0.8005622287115435+0.5992495999442331i,-0.4820035267173898+0.36020123824977757i
-0.09863578354515734-0.9951223338313218i,-0.05879048306491728-0.5979744412700898i
0.9026235394843615+0.43043058423507746i,0.5413618262046775+0.2586863578922513i
-0.8353320056919993+0.5497457842044358i,-0.5007314729006609+0.32896868580388516i
-0.0382834599084686-0.9992656789147514i,-0.022425770904221994-0.597838159179715i
0.8749451952811451+0.48422162704890415i,0.5224546112750814+0.2896885052385487i
-0.867044825680561+0.4982301362645728i,-0.5174519261594482+0.29679340127313686i
0.02220896511860193-0.9997521390455624i,0.013706867129040177-0.5954993842856273i
0.844064927528371+0.5362406279562983i,0.5017854873408332+0.319354018535536i
-0.8955846333665295+0.44489118128669825i,-0.5321197008785397+0.2638035409814483i
0.08262011522250046-0.9965799339884547i,0.049474577054496746-0.5909857625383538i
0.8100957447528698+0.5862972197393728i,0.479446755029174+0.3475836817563078i
-0.9208469853024438+0.3899241169541011i,-0.5446977447703788+0.230129255235568i
0.1427289115210103-0.9897606726524946i,0.08474700687183934-0.5843329196751383i
0.7731619595847588+0.6342082167554115i,0.4555362388148502+0.3742845425878762i
-0.9427394321222763+0.33353009913156006i,-0.5551572132070631+0.19590217484294886i
0.2023153816170784-0.979319310607492i,0.11939678369187419-0.5755842591597008i
0.7333987338265682+0.6797982853177037i,0.4301568676274301+0.3993702155587711i
-0.9611818568664322+0.27591550572120827i,-0.5634775112888745+0.16125489603811605i
0.26116146460338197-0.9652940587573241i,0.15329997553764185-0.5647907317351558i
0.6909515838190543+0.7229005853415854i,0.4034162391366974+0.4227611573857349i
-0.9761067681754388+0.21729118140798598i,-0.56964630373558+0.12632046583553416i
0.3190518090716612-0.9477362435044269i,0.18633653613628426-0.5520105777078472i
0.6459758479138424+0.763357380907548i,0.37542616954042046+0.4443849136829332i
-0.9874595472793564+0.15787166605858358i,-0.5736594928127222+0.09123186981053054i
0.3757745612064507-0.92671011891719i,0.2183907311013804-0.5373090431789476i
0.5986361180017289+0.8010206175070043i,0.34630223072158045+0.46417633629650173i
-0.9951986478790319+0.0978744095976044i,-0.5755211646291845+0.05612152428513197i
0.43112214007911903-0.9022926315876432i,0.24935154399098816-0.5207580715337518i
0.5491056371770011+0.8357524638582496i,0.31616327667818894+0.482077770647674i
-0.999295748187726+0.03751897623416625i,-0.5752435042635179+0.021120774863432248i
0.4848919973049816-0.8745731390399536i,0.27911306081660875-0.5024359715859705i
0.49756566574206235+0.8674258163097985i,0.2851309611564628+0.49803921259058814i
-0.9997358545766959-0.022973759048871674i,-0.5728466802962905-0.013640596778403414i
0.5368873582834542-0.8436530827202369i,0.307574831674472-0.48242706385548995i
0.44420481787251914+0.8959247639851984i,0.2533292484378145+0.5120184344142712i
-0.9965173564454425-0.08338241880255162i,-0.5683586994409473-0.04803485598935664i
0.586917942308644-0.8096456167644013i,0.3346422082696596-0.46082130653282705i
0.38921837137024917+0.9211450129670913i,0.2208839192426364+0.5239810797425659i
-0.9896520321158154-0.14348593325826972i,-0.5618152320785542-0.08193678632381077i
0.6348006589150674-0.772675193902574i,0.36022665620866706-0.43771390275150257i
0.3328075530304527+0.9429942679681904i,0.18792207371787825+0.533900727209828i
-0.9791650057284121-0.20306434934825104i,-0.5532594096095292-0.1152241470612641i
0.6803602779101746-0.7328771100155205i,0.38424604104339555-0.4132048908508474i
0.275178802237946+0.9613925700924215i,0.1545716334716359+0.5417589229141486i
-0.965094655299005-0.261899635639378i,-0.5427415946399193-0.14777811538912236i
0.7234300706416497-0.690397009009788i,0.40662488716064293-0.38739871936546677i
0.21654301548761207+0.9762725894501644i,0.1209608446069474+0.5475451817727648i
-0.9474924722714747-0.31977648023466204i,-0.5303191251184451-0.1794837116453738i
0.7638524201527225-0.6453903498235134i,0.4272946087253392-0.36040380852475873i
0.1571147745937413+0.9875798715567532i,0.08721778368776413+0.5512569580255798i
-0.9264228730812243-0.3764830787223785i,-0.5160560336348295-0.21023020609724816i
0.8014793979925836-0.5980218375134303i,0.44619371200173885-0.33233210008466435i
0.09711156141268529+0.9952730366125198i,0.053469868543578804+0.5528995852525715i
-0.901962963418672-0.4318119092893121i,-0.5000227431779204-0.239911505816265i
0.836173305571027-0.54846482050505i,0.46326796849490504-0.3032985973461327i
0.03675296195260075+0.9993239309351005i,0.01984337578533379+0.5524861863880222i
-0.8742022560555173-0.4855604921615296i,-0.4822957407352475-0.2684265202999334i
0.8678071780761927-0.4969006562118187i,0.4784705584740124-0.27342089723873453i
-0.023740137217097945+0.9997177299898315i,-0.013537033135959121+0.550037554328905i
-0.8432423432664117-0.5375321305934515i,-0.46295723019195256-0.295679504584634i
0.8962652491112885-0.44351804734482236i,0.49176218455943366-0.24281871636431412i
-0.0841463573157844+0.9964529926411824i,-0.0465487755442908+0.5455820038462283i
-0.8091965250448362-0.5875366306935246i,-0.44209476605707193-0.32158037869272754i
0.9214433743499163-0.38851235134184875i,0.503111155175941-0.21161341290482877i
-0.14424463750294503+0.9895416664266947i,-0.07907179909889954+0.5391551956154914i
-0.7721893944737508-0.6353909974522358i,-0.41980086960904117-0.34604502235964907i
0.9432494126596116-0.33208486544300986i,0.5124934377948088-0.17992750629949297i
-0.20381504386598087+0.9790090438341205i,-0.1109890196320722+0.5307999332862103i
-0.732356381768382-0.6809201044253111i,-0.39617262910889023-0.36899554409228996i
0.9616035632988422-0.2744420900292346i,0.5198926820075648-0.14788419659025726i
-0.26263957428393786+0.9648936697417745i,-0.14218674366444783+0.520565934609296i
-0.6898432586597623-0.7239573346213399i,-0.3713112857792912-0.39036052371920393i
0.9764386579534744-0.21579497291950092i,0.5253002125927371-0.11560688532072456i
-0.3205029562217066+0.9472472003608201i,-0.17255507407105075+0.508509577735763i
-0.6448056049327517-0.7643451902484573i,-0.3453218072907138-0.41007522770413457i
0.9877004065439753-0.15635813739235144i,0.5287149928543334-0.08321869985259432i
-0.37719343453511184+0.9261342141957076i,-0.20198829744985175+0.49469362388903965i
-0.5974082390708019-0.8019358690886642i,-0.3183124505307108-0.428081796608368i
0.9953475959038034-0.0963490967568072i,0.5301435586258801-0.05084202293502614i
-0.43250354640385735+0.9016319757145624i,-0.23038525182881478+0.47918691769713967i
-0.5478246150910393-0.8365918053905155i,-0.2903943154611741-0.4443294042015802i
0.9993522406019105-0.035987458347007284i,0.5295999234466765-0.018598029327150788i
-0.4862308805564112+0.8738301525943933i,-0.2576496734358049+0.46206406654875576i
-0.49623618777700756-0.8681861733007263i,-0.26168089188844335-0.4587743878379283i
0.9996996853574088+0.024505880146382476i,0.5271054555267939+0.013393768768833919i
-0.5381788180083891+0.8428304875758765i,-0.2836905213490658+0.4434051004093522i
-0.44283174863203434-0.8966033509923674i,-0.23228760098490095-0.47138034982996974i
0.9963886586716092+0.0849095390669132i,0.5226887272240026+0.04501596575533579i
-0.588157251603652+0.8087464261285917i,-0.3084222789430388+0.4232951135989118i
-0.3878067349833567-0.9217393437911281i,-0.20233133340613288-0.48211822967067736i
0.98943127748116+0.1450024669468844i,0.5163853378586212+0.07615369451484647i
-0.6359832817249075+0.7717027012892921i,-0.3317652311448374+0.4018238900921892i
-0.33136251476537887-0.9435021647511903i,-0.17192998584656768-0.49096634706995695i
0.9788530028152607+0.20456474946084435i,0.508237710791135+0.10669504452192052i
-0.6814818856278129+0.7318348771925206i,-0.3536457166206247+0.3790855139549484i
-0.27370564959945576-0.9618121712879741i,-0.141201997867244-0.4979104158879377i
0.9646925466192202+0.2633784142176402i,0.4982948657818043+0.13653146466775246i
-0.724486557949104+0.6892888529640608i,-0.3739963541175783+0.35517796657487344i
-0.21504713886701116-0.9766023566358155i,-0.11026589081344156-0.5029435291622305i
0.9470017300853542+0.3212282284458191i,0.48661216774092636+0.16555814934682037i
-0.7648399200447629+0.6442203287927524i,-0.3927562422960819+0.33020271238514476i
-0.15560164754235706-0.9878185950639695i,-0.07923981061665009-0.5060661155390171i
0.9258452940096591+0.37790248665319914i,0.4732510530630287+0.19367440643304912i
-0.802394295928313+0.5967942361346235i,-0.4098711324970558+0.30426427480967877i
-0.09558672061101836-0.9954198399535574i,-0.04824107624495693-0.5072858675285802i
0.901300661868286+0.4331937853781117i,0.4582787348171062+0.22078400585636226i
-0.8370122527015492+0.5471841341345453i,-0.4252935740016521+0.2774698041839026i
-0.03522198694845041-0.9993782740105737i,-0.01738573552909108-0.5066176421145004i
0.8734576564808448+0.48689978219705704i,0.44176788813838797+0.24679550757811228i
-0.868567103499962+0.49557157447425226i,-0.4389830314530374+0.2499286394217833i
0.025271644427384166-0.9996794110652438i,0.01321186995251467-0.5040833343506405i
0.8424181712974363+0.538823936211134i,0.4237963172344811+0.27162256785555966i
-0.8969433711122914+0.4421454369711032i,-0.4509059742234163+0.22175186521034382i
0.08567279278821222-0.9963221490851899i,0.04343952929611218-0.4997117246821846i
0.8082957975123535+0.5887762273013789i,0.4044466054798885+0.2951842227811666i
-0.9220372105775588+0.38710123835901256i,-0.46103593762264794+0.19305186651526304i
0.1457604158539043-0.989318774208394i,0.0731875744252411-0.4935383008252555i
0.7712154083690623+0.6365738515208477i,0.38380575012772267+0.3174051481813081i
-0.943756789213056+0.3306404167811171i,-0.4693535559575583+0.16394188217710187i
0.2053146187123528-0.9786949157812075i,0.10234927845838578-0.4856050551334129i
0.7313127021777235+0.6820418900786078i,0.3619647832155903+0.3382158950604088i
-0.9620226226825519+0.2729695946126241i,-0.4758465675627214+0.13453555936626568i
0.2641174585404761-0.9644894525659433i,0.1308212388439706-0.47596025846918194i
0.6887337057176157+0.7250139494674397i,0.3390183802843358+0.357553099881098i
-0.9767678658748508+0.21429982231159647i,-0.48050979203410754+0.1049465106463147i
0.3219537421814144-0.9467543704612905i,0.15850374388801233-0.4646582116835838i
0.6436342398417965+0.7653327703926618i,0.315064458562777+0.3753596690764719i
-0.9879385575282091+0.15484580606485476i,-0.48334508000556037+0.07528787537009277i
0.37861181365912794-0.9255545722562373i,0.18530112137738158-0.4517589758860266i
0.5961793492396511+0.8028508032736568i,0.2902037662999125+0.3915849372988879i
-0.9954938177053952+0.09482512205547904i,-0.4843612359143322+0.045671887101180295i
0.433884328748432-0.9009676401137172i,0.2111220680840621-0.43732808276169627i
0.5465426984441684+0.8374307482120115i,0.2645394649460951+0.40618479901799553i
-0.9994059973967163+0.03445742022736035i,-0.4835739143056786+0.016209448714476833i
0.4875690137658713-0.8730835516531913i,0.23587995902244885-0.42143622626183175i
0.49490593629427887+0.8689460574502179i,0.23817670589961662+0.41912181319056324i
-0.9996607797035246-0.026036379539326984i,-0.4810054903275012-0.012990283214659316i
0.539469405804592-0.8420043506711747i,0.2594931354217941-0.40415893705556616i
0.4414580311780657+0.8972813984821559i,0.21122220354106122+0.4303652808340395i
-0.9962572322319247-0.08643489590007189i,-0.4766849051626848-0.04182030317465953i
0.5893955717042616-0.8078437737047388i,0.2818851704701231-0.38557624118814526i
0.38639457948956535+0.9223330761205665i,0.18378380627828012+0.4398912954456344i
-0.9892078105049334-0.14651709620673542i,-0.4706474872409323-0.0701761491337347i
0.637164803124922-0.7707268338045974i,0.30298511198242645-0.3657723044414712i
0.3299170898299112+0.9440094119769333i,0.15597006731762442+0.4476827663172286i
-0.9785383123806116-0.2060631053921808i,-0.4629347501606766-0.0979562811683997i
0.6826022851810977-0.7307893630409943i,0.3227277012456853-0.3448350639364214i
0.2722322455723363+0.9622310799650375i,0.1278898168632605+0.4537294149043405i
-0.9642877836429754-0.2648550106186525i,-0.4535941683368788-0.12506244493294383i
0.7255417361892513-0.6881775154166229i,0.3410535673946316-0.3228558485542222i
0.21355114848973206+0.9769313966003903i,0.09965173742579948+0.45802774451343287i
-0.9465083751111855-0.32267765874524024i,-0.4426789314703145-0.1514000186706173i
0.76582601618738-0.6430472320057019i,0.3579093967758063-0.2999289897848849i
0.15408854621275814+0.9880565650331654i,0.0713639438944262+0.46058098367640177i
-0.9252651517899284-0.379319443696035i,-0.43024767900929284-0.1768783425447335i
0.8033077019998347-0.5955636702765701i,0.3732480768620598-0.27615142463487685i
0.09406204634568133+0.9955658719215811i,0.043133569992868485+0.4613990036827585i
-0.9006358547594272-0.43457308084755036i,-0.4163642158440154-0.20141102914911965i
0.837849626742874-0.545900599686235i,0.38702881438523057-0.25162229224351645i
0.03369132011593545+0.9994318364252585i,0.01506636270005291+0.46049821083925835i
-0.8727106166764496-0.4882363656014813i,-0.4010972105383343-0.2249162541428172i
0.8693253817965876-0.4942397657587379i,0.39921722746104144-0.22644252586826272i
-0.026802701528293338+0.9996403107733023i,-0.012733713829824038+0.4579014141230267i
-0.8415916319274688-0.5401129133667539i,-0.3845198774616528-0.24731702604274922i
0.8976197794061944-0.440770224974537i,0.40978541158610315-0.20071444190275883i
-0.08719863643051756+0.9961905320390723i,-0.04016486336472477+0.4536376689865431i
-0.8073927826410691-0.5900128782428435i,-0.36670964423621155-0.2685414343003044i
0.9226292742197891-0.3856876529049278i,0.41871197949279004-0.17454132758862836i
-0.1472754613896281+0.9890951249321641i,-0.06712783028375502+0.4477420981618977i
-0.7702392219282294-0.6377536477742928i,-0.3477478059612506-0.28852287488239464i
0.9442623422198904-0.3291936281234328i,0.4259820749526591-0.14802702907233153i
-0.2068133210099532+0.978380055597394i,-0.09352625849423897+0.44025569039598345i
-0.7302669158756516-0.6831605112339263i,-0.32771916771528076-0.30720025267482637i
0.9624398156620639-0.27149489451473446i,0.4315873607226568-0.12127554144235317i
-0.26559433227764845+0.9640845365898503i,-0.11926703528107264+0.4312250781289262i
-0.6876221459682359-0.7260672989891281i,-0.3067116768714335-0.3245181601249838i
0.9770951727948916-0.21280260468078785i,0.4355259809302927-0.09439060235910487i
-0.3234033819190171+0.9462608833737721i,-0.14426061886446145+0.42070229520292673i
-0.642460973761627-0.7663169906113834i,-0.28481604678770495-0.340427031641177i
0.9881747813010298-0.15333154721291908i,0.4378024982941717-0.06747529086116665i
-0.3800289136227701+0.9249743228704019i,-0.16842134851873083+0.408744515759371i
-0.5949486697638998-0.8037622895036546i,-0.2621253734545654-0.3548832733681999i
0.9956380945684761-0.09329936065776492i,0.4384278066732639-0.04063163289614779i
-0.4352637022453289+0.9003027547554494i,-0.19166773618543012+0.3954137755469622i
-0.5452591086164292-0.8382661619427108i,-0.2387347466962546-0.36784936806051727i
0.9994578000737644-0.03292573705359689i,0.4374190195336209-0.013960215083587644i
-0.4889056121659158+0.8723364663797104i,-0.21392273859783423+0.38077667692339456i
-0.4935741327873262-0.8697023385637438i,-0.21474085752944688-0.3792939548774766i
0.9996199193340812+0.02756838204825189i,0.43479933501205725+0.012440191829776756i
-0.5407583370161734+0.8411778023561116i,-0.23511400902156207+0.36490407888671444i
-0.440082887106048-0.89795577645205i,-0.19024160328378012-0.3891918840275044i
0.9961238590625109+0.08796161413464074i,0.4305978783447772+0.0384729984142919i
-0.590632118077221+0.8069407900223525i,-0.2551741278061179+0.3478707735206867i
-0.38498112657449807-0.9229230801507247i,-0.1653356920830587-0.39752424628979843i
0.9889824133392144+0.14803294589560667i,0.4248495225125839+0.06404414955074515i
-0.6383444387151271+0.7697507221497868i,-0.2740408110348828+0.3297551502805124i
-0.3284704999877338-0.9445128800436589i,-0.1401222482737151-0.4042783775433062i
0.9782217167905841+0.2075625420382255i,0.41759468803472966+0.0890624636849441i
-0.6837206923134567+0.7297436984256526i,-0.2916570966559812+0.31063884958086835i
-0.27075781198592025-0.9626461667291217i,-0.11470042036876212-0.4094478385321261i
0.9638811489477289+0.266332549789435i,0.40887912291835765+0.11343995712300772i
-0.7265948212585502+0.687066127386628i,-0.30797150757294156+0.2906064071781257i
-0.21205426623810225-0.9772565801602604i,-0.08916899305077082-0.41303237019435735i
0.9460131901342916+0.324127896143686i,0.39875366384152994+0.1370921522184416i
-0.7668099246391203+0.6418741906264224i,-0.32293819127185613+0.2697448908616671i
-0.15257469252742034-0.9882906524943911i,-0.063626004746574-0.41503782497676733i
0.9246832294109858+0.38073707493783915i,0.38727397971364236+0.15993836837777736i
-0.8042188324362498+0.5943332712381728i,-0.33651703566032937+0.24814353098629885i
-0.09253676056630411-0.9957080037623568i,-0.038168372249971376-0.41547607465091624i
0.8999693252797003+0.435952920872947i,0.3745002988170063+0.1819019948910718i
-0.8386846441024978+0.5446173485833021i,-0.34867376089281976+0.22589334638823952i
-0.0321601834187456-0.9994814896418845i,-0.012891523826210232-0.4143648952363479i
0.87196192002288+0.489573367650338i,0.36049712078924506+0.2029107446761579i
-0.87008122955915+0.4929083616017256i,-0.359379987055979+0.2030867672314165i
0.028334086555220628-0.9995973007941539i,0.01211095781543534-0.4117278297234666i
0.8407635087235904+0.5414021874475472i,0.3453329147548202+0.22289688811143402i
-0.8982936907781718+0.4393955429934121i,-0.36861327768662855+0.1798172563287201i
0.0887246662903271-0.9960550134000508i,0.03674768134798224-0.4075940293718815i
0.8064882641775014+0.5912497090279285i,0.3290798049583553+0.24179746622029152i
-0.9232187822596827+0.3842747267079204i,-0.3763571591927584+0.1561789304742393i
0.14879055218307818-0.9888675907111646i,0.06092978017668534-0.40199807443944313i
0.7692616190694549+0.6389335118559799i,0.31181324528990695+0.2595544825607517i
-0.9447652888661715+0.327747631276189i,-0.38260111634540345+0.13226618330828815i
0.20831192887008992-0.9780613356098498i,0.08457123209994782-0.39497977527261036i
0.7292198069436735+0.6842790936782113i,0.29361168412417055+0.2761150732665478i
-0.9628543596307559+0.270021121607287i,-0.3873405641040234+0.10817331121601827i
0.26707097365798-0.9636757943519654i,0.10758916413570609-0.3865839547592752i
0.6865093636474544+0.7271205091264995i,0.2745562209216455+0.291431654779523i
-0.9774197963178761+0.21130645195162895i,-0.39057679613212243+0.08399414373399854i
0.3248526536609402-0.9457636118445509i,0.12990414143879778-0.37686021321143737i
0.6412865910728602+0.7673009770069157i,0.25473025605893634+0.3054620489082558i
-0.9884082956804283+0.15181849280108387i,-0.3923169104505105+0.059821679906752634i
0.381445512728811-0.9243903389880608i,0.1514404393097235-0.3658626768061881i
0.5937169851588747+0.8046734540516084i,0.23421913536925928+0.318169584943392i
-0.9957796445267733+0.09177494455519297i,-0.3925737127645178+0.03574773199715464i
0.4366424452858396-0.8996341927882018i,0.17212629737345783-0.35364973076942524i
0.5439746302472936+0.8391011730340558i,0.2131097908811497+0.3295231786559256i
-0.9995068668837571+0.03139554083113953i,-0.3913655980870553+0.011862577911309959i
0.49024145424820065-0.8715857701152612i,0.19189415508846425-0.3402837385373568i
0.4922415620087465+0.8704581432784169i,0.19149037924475998+0.3394973881004989i
-0.9995763227171967-0.029098755666985002i,-0.38871641136148005-0.011745376350112333i
0.5420463902466317-0.8403477161584434i,0.21068086782990794-0.32583074817602187i
0.438707101270269+0.898629611731333i,0.16944991932987524+0.3480724462406765i
-0.9959877578485513-0.08948656177684575i,-0.3846552878670915-0.03498992295558863i
0.5918676694489399-0.8060343487885311i,0.22842790287774853-0.31036018737840426i
0.38356716118232725+0.9235124829088536i,0.14707793046909026+0.35523427050775197i
-0.9887543048851047-0.14954688404522531i,-0.37921647426491073-0.05778736602120131i
0.6395229673554645-0.7687712402035404i,0.2450815147285125-0.2939445483926642i
0.3270235302607691+0.9450156961816609i,0.12446407280226959+0.3609744494971714i
-0.9779024351602608-0.2090599274692172i,-0.37243913121161204-0.08005682176611703i
0.6848378860284938-0.7286947573883691i,0.26059289923979606-0.2766590642626152i
0.26928313392746006+0.9630605590178922i,0.10169779115592632+0.36529020709829496i
-0.963471861859825-0.2678078998516049i,-0.3643671185360514-0.10172050397406866i
0.7276465923138714-0.6859515630701587i,0.274918326207433-0.25858137778375895i
0.21055727725204626+0.977581034964033i,0.07886796386257446+0.36818434444213405i
-0.9455153946887851-0.3255758088268328i,-0.35504876403413826-0.12270399376026941i
0.7677924247191665-0.6406980789956558i,0.28801925006757967-0.23979120459406378i
0.151060871666088+0.9885239853099963i,0.05606255789110002+0.3696651601387372i
-0.924098746610459-0.38215224864079256i,-0.3445366169940719-0.14293649271725034i
0.8051284667275017-0.5930999134947532i,0.2998623985081411-0.2203699918286691i
0.09101164847945503+0.9958493635539931i,0.03336829162001943+0.36974634935998824i
-0.8993002933652489-0.4373301738051537i,-0.3328871876160192-0.16235105859002918i
0.8395180844489512-0.5433312554250773i,0.31041983886657976-0.20040057377183304i
0.03062936207717809+0.9995303619555456i,0.010870306540955872+0.36844688240445767i
-0.8712107866490714-0.4909076567949908i,-0.3201606735359565-0.18088482271114215i
0.8708354266419368-0.49157423671552825i,0.31966902228335603-0.17996682593748914i
-0.029865014287286162+0.9995535096403095i,-0.01134815086959417+0.3657908634590212i
-0.8399330220010968-0.5426886270168619i,-0.30642067470469286-0.19847918850820903i
0.8989658852747605-0.4380182658415859i,0.3275928056714864-0.15915331900204893i
-0.09025009715932636+0.9959187218976924i,-0.03320603592608754+0.36180737034571797i
-0.8055814626161931-0.5924835883430312i,-0.29173389790808213-0.21508001048126868i
0.923806514941813-0.3828593346715803i,0.3341794516533153-0.13804497399948906i
-0.15030490305160688+0.98863930049086i,-0.05462480003165683+0.3565302761124561i
-0.7682818204587617-0.6401103125859691i,-0.2761698522441388-0.2306377531331453i
0.9452664095995751-0.3262993012205698i,0.3394226067043478-0.11672672016952503i
-0.20980965714878969+0.9777418849779906i,-0.07552867143443856+0.3499980533924086i
-0.7281705962108956-0.6853945063753097i,-0.259800536897116-0.24510762942372147i
0.9632670352437241-0.26854515093663756i,0.34332125783108286-0.09528315682492033i
-0.2685465975890378+0.9632663552229256i,-0.09584492144547038+0.34225356251814526i
-0.6853945797384694-0.7281704489967844i,-0.24270012256616108-0.25844971840725134i
0.9777425173098832-0.2098082392229866i,0.3458796681949239-0.07379822057358726i
-0.3263007723789682+0.9452656854519828i,-0.11550411519112945+0.3333438244336448i
-0.6401103129032275-0.7682815988589109i,-0.22494462791923814-0.2706290618011288i
0.9886398817462547-0.15030351796787195i,0.34710729217645425-0.05235485919586341i
-0.3828608260256966+0.9238057503910244i,-0.13444034604570834+0.32331977949923785i
-0.5924835166867561-0.8055811663680348i,-0.20661159244925928-0.2816157393235786i
0.9959192488759152-0.09024874891294418i,0.34701867045429424-0.03103471343659518i
-0.4380197730072321+0.8989650841922325i,-0.15259145296593263+0.312236033331731i
-0.5426884847228135-0.8399326511152427i,-0.1877797471105296-0.2913849227270306i
0.9995539793393182-0.02986370673873153i,0.345633305749048-0.009917807926548339i
-0.49157575525065383+0.8708345930328159i,-0.16989922002739669+0.3001505908637172i
-0.4909074454574324-0.8712103414092777i,-0.16852868410853417-0.29991690854233377i
0.9995307715829157+0.030630625216366877i,0.34297551995633074+0.010917747602619871i
-0.5433327808460234+0.8395172224374177i,-0.18630955754353493+0.2871245798426488i
-0.4373298952710184-0.8992997743273732i,-0.14893852720579356-0.3071971296370161i
0.9958497105371353+0.09101286366025897i,0.3390742934619757+0.03139604569968405i
-0.5931014412926616+0.8051275805416758i,-0.20177266422997966+0.2732219650215329i
-0.3821519050029244-0.9240981546004283i,-0.1290896038904817-0.3132161457767909i
0.988524267305573+0.15106203551499497i,0.33396308749824655+0.05144365611995215i
-0.6406996046529707+0.7677915186756369i,-0.216243169961222+0.2585092543186339i
-0.3255754024163275-0.9455147307995742i,-0.10906212073296097-0.3179696134648455i
0.9775812498665335+0.21055838658339676i,0.32767965046133646+0.07098988730678754i
-0.6859530820771567+0.7276456708018967i,-0.2296802587512884+0.24305519824398866i
-0.26780743322927864-0.9634711274474546i,-0.08893584322862219-0.3214582354161655i
0.9630607049673363+0.2692841857551058i,0.32026580916708647+0.08996703350511617i
-0.7286962652596656+0.6848369534939409i,-0.24204777167569433+0.22693048390462642i
-0.20905940341623602-0.9779016318388367i,-0.06878978139344508-0.32368769010479376i
0.9450157715704085+0.32702452180900043i,0.3117672460745075+0.1083106066524857i
-0.7687727324945005+0.639522028284538i,-0.253314289538461+0.2102074249098901i
-0.14954630555292692-0.9887534345209101i,-0.048701882341985595-0.324668541900228i
0.9235124863874861+0.3835680898960315i,0.3022332635541504+0.1259595522650925i
-0.8060358211115397+0.5918667283517649i,-0.26345319517327215+0.1929596485011893i
-0.08948593203579214-0.9959868225532175i,-0.028748731035468413-0.3244161323842348i
0.8986295422135917+0.43870796482428087i,0.29171653632093897+0.14285644861097482i
-0.8403491641989581+0.5420454516407482i,-0.2724427153545695+0.17526178122854458i
-0.029098078055286247-0.9995753248399751i,-0.0090052603417249-0.32295045351138835i
0.8704579999451785+0.49224235831635726i,0.28027285318878264+0.15894768853907515i
-0.8715871896476036+0.4902405226420322i,-0.2802659423783664+0.1571891344885673i
0.03139626276018681-0.9995058090029213i,0.01045552850206548-0.3202960033454183i
0.8391009553363304+0.5439753574678872i,0.2679608493365711+0.17418364341183432i
-0.8996355796910209+0.43664152516219307i,-0.28691083545737023+0.1388173912253417i
0.09177570708610966-0.995778529440185i,0.029562833987378603-0.3164816251681937i
0.8046731617125477+0.593717641704664i,0.254841730302421+0.1885188086691053i
-0.9243916892594157+0.3814446085284725i,-0.2923702021570297+0.12022229507733655i
0.15181929206980582-0.9884071263952974i,0.04824831001530612-0.31154033081918237i
0.767300610022827+0.6412871756146978i,0.24097898894442146+0.2019119306326733i
-0.945764921616556+0.32485176976642327i,-0.2966416601802854+0.10147934322980875i
0.21130728395964699-0.9774185760397555i,0.06644630824457926-0.3055091091800122i
0.7271200677668586+0.6865098751196959i,0.22643811662311608+0.2143261142432038i
-0.9636770599049457+0.26707011437748807i,-0.29972757988736076+0.08266348420350535i
0.27002198223628016-0.9628530917518123i,0.08409410625603489-0.2984287207711775i
0.6842785784846774+0.7292202445480782i,0.21128630987118113+0.22572891150396462i
-0.9780625533859532+0.2083110984217496i,-0.3016350080135807+0.06384882177690646i
0.327748516303096-0.9447639769527696i,0.1011321207512151-0.2903434794758734i
0.638932923640412+0.769261982278107i,0.19559217382198135+0.23609239048912503i
-0.9888687573273812+0.148789754679502i,-0.30237557312174074+0.04510832620099193i
0.3842756318203943-0.9232174300393333i,0.11750410507359188-0.2813010224488942i
0.5912490488694145+0.8064885527347411i,0.17942542366827646+0.2453931848569049i
-0.9960561256605944+0.08872390572356455i,-0.30196537339645524+0.026513553822678775i
0.4393964638056012-0.8982923021258935i,0.13315733041407773-0.27135206930703387i
0.5414014566884561+0.8407637226469508i,0.16285658541753+0.25361252389033634i
-0.9995983557021566+0.02833336678214814i,-0.3004248474555489+0.008134376186199548i
0.4929092936703239-0.8700798084832855i,0.14804275013764628-0.2605501717306837i
0.4895725678914064+0.8719620596030213i,0.14595669719964968+0.2607362431698265i
-0.9994824844103645-0.032160858690539224i,-0.29777862891745854-0.009961280369648053i
0.5446182874238104-0.838683194730047i,0.16211514674475053-0.24895145463448062i
0.4359520539674208+0.8999693910793474i,0.12879701236726682+0.2667547760618115i
-0.9957089358244161-0.09253738779208506i,-0.2940553855241653-0.027707683655179637i
0.5943342123413087-0.8042173589977653i,0.1753332610592779-0.23661435008808787i
0.38073614298469244+0.9246832222628685i,0.11144870560804172+0.27166312628654304i
-0.9882915195126107-0.1525752683382827i,-0.2892876436754216-0.04504153220974898i
0.6418751294746243-0.7668084314532264i,0.1876599033139803-0.22359932518598313i
0.32412690147993917+0.9460131111380967i,0.09398258326273456+0.2754608219048114i
-0.9772573800352548-0.21205478745329742i,-0.2835115992824517-0.06190217867493243i
0.6870670594705861-0.7265933127161381i,0.19906204588395662-0.2099686050778319i
0.2663314949816019+0.9638809994660775i,0.076468799012266+0.27815185113803054i
-0.9626468976072197-0.27075827562449584i,-0.2767669158971094-0.07823183918264287i
0.7297446192608107-0.6837191728616159i,0.20951089749886775-0.19578589237845503i
0.2075614298729221+0.9782214984440432i,0.05897657606194842+0.27974458050830725i
-0.9445135403236887-0.32847090327944306i,-0.2690965111158968-0.09397578804718949i
0.7697516272927554-0.6383429128408709i,0.21898195884445923-0.18111608417853542i
0.14803177936935252+0.9889821280003664i,0.04157393691146373+0.280251655854452i
-0.9229236684898725-0.38498146696993774i,-0.26054633229716245-0.1090825371200033i
0.806941675087168-0.5906305902910658i,0.2274550595437184-0.1660249878743128i
0.08796039644289283+0.9961235088491025i,0.024327441755452886+0.27968988684630314i
-0.8979562917707763-0.44008316228598876i,-0.25116512266350033-0.12350399923749555i
0.8411786630302885-0.540756811835633i,0.23491437658653017-0.15057903702618944i
0.027567116573711414+0.9996195066012712i,0.007301936511668798+0.27808011568295476i
-0.8697027800497314-0.4935743406711991i,-0.24100417889094988-0.13719563526603315i
0.8723372984400223-0.4889040940989686i,0.24134843435492642-0.1348450084432448i
-0.032927046753364275+0.9994573274055061i,-0.009439688577726452+0.2754470707198233i
-0.8382665290538394-0.5452592473699398i,-0.230117101310187-0.15011658432277875i
0.9003035540833844-0.4352621957739199i,0.24675008646703794-0.11888974167224578i
-0.09330071086334829+0.9956375647680613i,-0.025836728881375618+0.2718192058255175i
-0.803762581969983-0.5949487378057414i,-0.2185595378646094-0.16222977682723613i
0.9249750854672338-0.38002742318641003i,0.2511164797379173-0.10277986204690202i
-0.15333293405667386+0.9881741973808285i,-0.04183088301837847+0.2672285263214565i
-0.7663172084361392-0.6424609697692671i,-0.20638892298382286-0.1735020301148631i
0.9462616053751953-0.32340191189853523i,0.2544490006279341-0.08658150842542196i
-0.21280402416098898+0.9770945379653293i,-0.05736645743164289+0.26171040240452537i
-0.7260674424486941-0.6876220688827561i,-0.1936642125404703-0.18390412642131285i
0.9640852142801217-0.2655928869791604i,0.256753204620065-0.07036006671213765i
-0.271496342510222+0.9624391333198731i,-0.07239055718809616+0.2553033709971456i
-0.6831605808768304-0.7302667649056234i,-0.1804456160619593-0.19341087312293248i
0.9783806854229293-0.2068119046491032i,0.2580387290352379-0.05417991022246408i
-0.3291951004086929+0.9442616159356788i,-0.08685326236550668+0.2480489270075673i
-0.6377536444192008-0.77023899655261i,-0.16679432736781138-0.2020011451960764i
0.9890957035145439-0.1472740780761606i,0.25831918985990293-0.038104147909655446i
-0.3856891451655563+0.9226285077249738i,-0.10070778945399567+0.23999130501803995i
-0.5900128029755619-0.8073924826111079i,-0.15277225479708012-0.20965790993408787i
0.9961910561874048-0.0871972901532381i,0.25761206322210767-0.022194381427080113i
-0.4407717328230289+0.8976189765793459i,-0.11391063727063426+0.23117725244801227i
-0.5401127675362571-0.8415912572676185i,-0.13844175217945-0.21636823403616148i
0.9996407774959021-0.026801396140470855i,0.25593855221092016-0.006510471951424695i
-0.4942412847505431+0.8693245466492359i,-0.12642171695731685+0.22165579526465223i
-0.4882361508149748-0.8727101676842759i,-0.12386535168765078-0.2221232732565465i
0.9994322429405916+0.033692580910670164i,0.2533234397892274+0.008889682359885383i
-0.5459021253360237+0.8378487634048284i,-0.13820446570485603+0.21147799733303096i
-0.434572798964589-0.9006353320045206i,-0.10910549968838118-0.2269182448750951i
0.9955662156684486+0.094063259006889i,0.24979492860115352+0.023950357458766135i
-0.5955651980746468+0.8033068147040707i,-0.14922594392011745+0.2006967145136031i
-0.3793190968217182-0.9252645561118193i,-0.09422429668370957-0.23075238332108913i
0.9880568436800725+0.15408970737614716i,0.24538446852304396+0.03861820228405172i
-0.6430487574345097+0.7658251092545472i,-0.15945691562704042+0.18936634462500465i
-0.32267724922250723-0.9465077076162713i,-0.07928324240534283-0.23362887935090793i
0.9769316080540807+0.213552254979471i,0.2401265728499183+0.052842424727340805i
-0.6881790339672756+0.7255408140118635i,-0.16887191196692466+0.17754257439554472i
-0.2648545410197091-0.9642870457004731i,-0.06434298709027443-0.23555480324639705i
0.9622312223781531+0.2722332944126762i,0.23405862404864589+0.06657496405119333i
-0.7307908702297761+0.6826013522074561i,-0.17744927773748778+0.16528212452746163i
-0.206062578509086-0.9785375056175449i,-0.04946308992834911-0.23654101256455112i
0.9440094837547744+0.3299180782560741i,0.22722067004358482+0.07977064918916255i
-0.7707283251893724+0.6371638638428384i,-0.1851712009840104+0.15264249399353516i
-0.14651651504118418-0.9892069368001812i,-0.0347017856303675-0.2366020450297363i
0.9223330759269298+0.3863955049578641i,0.21965521203063681+0.09238734242430265i
-0.8078452449012072+0.5893946306246343i,-0.1920237257289475+0.1396817046768062i
-0.08643426365240892-0.9962562937093428i,-0.020115760019864884-0.23575599721744236i
0.8972813252442207+0.4414588913752119i,0.21140698484127457+0.1043860680116325i
-0.8420057973689171+0.5394684674448964i,-0.19799674799816797+0.12645804745012693i
-0.026035699596835493-0.9996597787241744i,-0.005759935502538634-0.23402438973259226i
0.8689459103624757+0.49490672914584843i,0.20252273089884446+0.11573112537988765i
-0.8730849696314431+0.48756808263363i,-0.20308399537262692+0.11302983077398646i
0.0344581443028536-0.9994049365502244i,0.008312732784821605-0.2314320196363267i
0.837430526739212+0.546543422122193i,0.1930509688259054+0.1263901866187713i
-0.9009690252568148+0.4338834093247178i,-0.2072829903630889+0.09945513286822394i
0.09482588654064006-0.995492699800476i,0.022051449399246626-0.228006800921922i
0.8028505071527676+0.5961800021693078i,0.1830417577724572+0.1363343780293482i
-0.9255559205686792+0.3786109103821657i,-0.21059499797236733+0.08579155848585172i
0.15484660708846743-0.9879373855823863i,0.03540775890176964-0.22377959388353616i
0.7653323996338295+0.6436348207071709i,0.17254645854191517+0.14553834558691747i
-0.946755678082361+0.321952859430338i,-0.21302495787430362+0.07209600128589365i
0.21430065586872987-0.976766643103415i,0.04833571342440236-0.2187840242604467i
0.7250135043539544+0.6887342134665189i,0.1616174925933889+0.15398030423733178i
-0.9644907157838382+0.2641166006193044i,-0.21458140170078702+0.05842441276661404i
0.2729704565792883-0.9620213524867937i,0.060792026928053404-0.21305629307398227i
0.6820413711658655+0.7313131360255399i,0.1503080999962591+0.16164207101903152i
-0.9786961310466198+0.20531378983423765i,-0.21527635598748818+0.044831578681271064i
0.3306413029293557-0.9437554751678179i,0.07273621564985595-0.20663497810484868i
0.6365732596343179+0.7712157678016234i,0.13867209740543082+0.16850908207373388i
-0.9893199381475022+0.1457596201257123i,-0.21512523138564388+0.03137090381553142i
0.3871021443723745-0.9220358564181546i,0.08413072430419277-0.1995608279843855i
0.5887755635335845+0.8082960822878189i,0.12676363711377991+0.17457039367828994i
-0.9963232585120045+0.08567203419549559i,-0.21414669880019319+0.018094205959384203i
0.4421463584604403-0.896941980720835i,0.09494103766890144-0.19187654989477523i
0.5388232019176517+0.842418381447178i,0.1146369682218024+0.17981866749881933i
-0.9996804629932675+0.02527092681979503i,-0.21236255316458885+0.005051519856836946i
0.4955725069937804-0.868565680891161i,0.10513577725630821-0.18362659189006197i
0.48689897899155754+0.8734577923093335i,0.1023462009433833+0.18425014033484366i
-0.9993792656637295-0.035222659871247716i,-0.20979756560885446-0.007709088135816382i
0.5471850731981146-0.8370108020080127i,0.11468678283731633-0.1748569208621706i
0.43319291512645464+0.901300723951976i,0.08994507504184862+0.18786457868651918i
-0.995420768776349-0.09558734531288654i,-0.2064793248198598-0.020141694007482423i
0.5967951772321358-0.8023928213854291i,0.1235691786561046-0.16561479718372873i
0.37790155146660365+0.9258452831948788i,0.07748673336082805+0.190665218540696i
-0.9878194587308324-0.15560222066362722i,-0.20243806843144757-0.03220267804745046i
0.6442212674066669-0.7648384259751969i,0.13176142424194176-0.15594854706271474i
0.32122723067313846+0.947001647485209i,0.0650235013814606+0.1926586908323575i
-0.9766031530596272-0.21504765723677666i,-0.19770650531657954-0.043850874240004924i
0.6892897845859242-0.7244850487469812i,0.139245349793648-0.14590733364226374i
0.2633773564367663+0.9646923936095197i,0.05260667370052543+0.19385493309601556i
-0.9618128986276945-0.27370611024717717i,-0.1923196296839262-0.05504770660170941i
0.7318357973394685-0.6814803657426374i,0.14600617618043493-0.13554092787319108i
0.20456363446927284+0.9788527810294829i,0.04028630828343681+0.19426708787671024i
-0.9435028214185961-0.33136291493175474i,-0.18631452790764852-0.0657573120279065i
0.7717036055204528-0.6359817556452783i,0.15203251967049042-0.12489948017611009i
0.14500129775147758+0.9894309888044746i,0.028111029302189575+0.19391138852249046i
-0.9217399284566269-0.38780707213042165i,-0.17973017904059688-0.07594664927944873i
0.8087473100613395-0.5881557238408375i,0.15731638156477548-0.11403329389528062i
0.08490831887289679+0.9963883052339767i,0.016127839321333815+0.19280703302922322i
-0.8966038625898634-0.442832020452446i,-0.17260724997875243-0.08558559380614787i
0.8428313469018682-0.5381772930798174i,0.16185312297866872-0.10299260152717271i
0.024504612345614185+0.9996992695257882i,0.004381941545010661+0.19097604665390955i
-0.8681866110315204-0.4962363922024914i,-0.16498788625753033-0.09464701816967228i
0.8738309830953359-0.4862293629691381i,0.1656414250770641-0.09182734468342513i
-0.03598877018844865+0.999351764971595i,-0.007083427214537229+0.18844313405474816i
-0.8365921687262287-0.5478247502999575i,-0.1569154994690817-0.10310685789528712i
0.9016327732776508-0.43250204063807246i,0.1686832351298959-0.08058695872056608i
-0.0963504489116731+0.995347063288924i,-0.018227152241523388+0.18523552175409105i
-0.8019361577731728-0.5974083034948193i,-0.14843455229361704-0.1109441626484597i
0.9261349748286745-0.3771919450277439i,0.1709836988141379-0.06932016293770313i
-0.1563595259858639+0.9876998199672022i,-0.029010384746139442+0.18138279175487887i
-0.7643454042988278-0.6448055972625757i,-0.13959034213759067-0.11814113269906443i
0.9472479202065471-0.32050148735018513i,0.17255107924476965-0.058074757208543215i
-0.21579639394353145+0.9764380206349554i,-0.03939667332991327+0.17691670717118382i
-0.7239574743277689-0.6898431778499337i,-0.13042878436639638-0.12468314070182983i
0.9648943450924068-0.2626381303501737i,0.1733966632711952-0.04689742587563363i
-0.2744435393569738+0.9616028786444182i,-0.04935208265847615+0.17187103075968535i
-0.6809201703500609-0.7323562270411021i,-0.12099619611038004-0.13055873888718073i
0.9790096711446361-0.20381362908062384i,0.1735346556265784-0.03583354969313235i
-0.33208633884406796+0.9432486842483521i,-0.0588452989754168+0.1662813372607844i
-0.6353909904275785-0.7721891653217261i,-0.11133908160924921-0.13575965182073874i
0.9895422423278781-0.14424325596997395i,0.1729820615653902-0.024927026559515286i
-0.3885138444977387+0.9214426059210223i,-0.06784772215380733+0.16018482047565447i
-0.5875365518186964-0.8091962212331368i,-0.10150392004253718-0.1402807549528642i
0.996453513951954-0.08414501301748933i,0.17175855866917975-0.014220101734020451i
-0.4435195558647622+0.8962644445504082i,-0.07633354404597383+0.15362009601903628i
-0.5375319812306287-0.8432419648333294i,-0.0915369567720223-0.14412003924086397i
0.9997181937288895-0.023738833999505354i,0.16988635854157266-0.0037532081802985i
-0.49690217564880157+0.8678063414012024i,-0.08427981295616954+0.1466270006964133i
-0.485560273930844-0.8742018033124263i,-0.08148399889633505-0.14727856218613564i
0.9993243343318301+0.0367542203938024i,0.16739005915122382+0.006435182372028192i
-0.5484663463721167+0.8361724409173259i,-0.09166648412544093+0.13924638945908333i
-0.4318116240629233-0.9019624369488892i,-0.07139021598869567-0.14976038568587205i
0.9952733771171342+0.09711277154566915i,0.16429648861498766+0.016308697111993665i
-0.5980233653000905+0.8014785095979622i,-0.09847645618213936+0.13151993089088782i
-0.3764827286176212-0.9264222737378747i,-0.06129994685567384-0.15157250115412063i
0.987580146849623+0.1571159330634681i,0.1606345412437885+0.025833188098959525i
-0.6453918750122514+0.7638515123418519i,-0.10469559357558601+0.12348990217663595i
-0.3197760676062977-0.9474918011743694i,-0.05125651311835745-0.15272474241950693i
0.9762727974503074+0.21654411912810817i,0.15643500669928548+0.03497684606057453i
-0.6903985270925961+0.7234291478102562i,-0.11031273507361622+0.11519898449394066i
-0.2618991630709777-0.965093913830543i,-0.041302040377621696-0.15322968695669i
0.9613927089651186+0.27517984808388907i,0.15173039313160974+0.04371030167595609i
-0.7328786165103958+0.680359344508954i,-0.11531968846699937+0.10669005975812121i
-0.2030638196427409-0.9791641955285216i,-0.03147728768247333-0.1531025460554893i
0.9429943361316988+0.3328085383280236i,0.14655474518604025+0.05200671404376074i
-0.7726766843699198+0.634799719433396i,-0.11971121168485199+0.0980060096333577i
-0.14348534942767333-0.9896511550759517i,-0.021821485974755177-0.15236104457521657i
0.9211450090984336+0.38921929358720986i,0.14094345778011788+0.05984184609641618i
-0.8096470868232747+0.58691700125815i,-0.12348498058471154+0.0891895177029877i
-0.08338178405696672-0.9965164147016665i,-0.012372186135316727-0.15102529097203923i
0.8959246870250035+0.4442056747074794i,0.134933086562206+0.06719412678381255i
-0.8436545280643818+0.5368864201815068i,-0.12664154373877853+0.08028287566776834i
-0.022973076784723323-0.999734850501858i,-0.003165117206162599-0.1491176383241666i
0.8674256654661799+0.497566455132902i,0.12856115596755457+0.0740446999120399i
-0.874574555453559+0.48489106665815995i,-0.12918426459374965+0.07132779441299275i
0.037519702446555725-0.9992946843827802i,0.0057659446896296445-0.1466625371127744i
0.8357522386097017+0.5491063573084171i,0.12186596578915718+0.08037745958499719i
-0.9022940149607716+0.43112122136672004i,-0.13111925143518402+0.06236522075403458i
0.09787517602708101-0.9951975271635201i,0.014389296263045448-0.1436863805460673i
0.8010203176043119+0.5986367673118778i,0.11488639717730957+0.08617907225853427i
-0.9267114652608177+0.37577365886409464i,-0.1324552756386419+0.053435160635075855i
0.15787246882681583-0.9874583726810872i,0.0226754153983425-0.14021734323965934i
0.7633570063746979+0.6459764251000553i,0.10766171897473453+0.09143898547814215i
-0.9477375489650423+0.3190509274750631i,-0.1332036787382948+0.04457650951780159i
0.21729201650365837-0.9761055429194102i,0.03059705756291433-0.13628521408797276i
0.7229001364756793+0.6909520878426058i,0.10023139528268234+0.09614942343150931i
-0.96529531963103+0.2611606080523354i,-0.13337826888939147+0.03582689065595269i
0.2759163690147-0.9611805843630262i,0.03812933999307745-0.13192122417935023i
0.6797977626878693+0.733399163916477i,0.09263489513825302+0.10030536950659925i
-0.9793205233535596+0.20231455431972092i,-0.13299520734366557+0.027222501907762875i
0.33353098639005957-0.9427381159547815i,0.045249813420423994-0.12715787062100462i
0.6342076212007219+0.7731623152406081i,0.08491150516391908+0.10390453610368143i
-0.9897618339063227+0.14272811757842388i,-0.13207288559607885+0.018797971692041338i
0.38992502385709416-0.9208456292139401i,0.05193852116349423-0.12202873714978822i
0.5862965523657738+0.8100960257466402i,0.07710014602748769+0.10694732200595264i
-0.9965810405738803+0.08261935861370284i,-0.13063179389756444+0.010586224645002465i
0.4448921034417808-0.8955832412461904i,0.05817804546961643-0.1165683124101437i
0.5362398901325631+0.8440651339052744i,0.0692391935240551+0.10943675766768862i
-0.9997531879864872+0.022208249685984838i,-0.1286943818607566+0.0026183574840742962i
0.49823106922352434-0.8670434015494213i,0.0639535410521996-0.11081180678217921i
0.48422082040162256+0.8749453273594585i,0.0613663050616828+0.1113784388310759i
-0.9992666674460291-0.03828413047320046i,-0.12628491191498517-0.005076474467645913i
0.5497467234794992-0.8353305536882397i,0.06925275582847852-0.10479496864012007i
0.4304297106427043+0.9026235978542639i,0.0535182522990778+0.11278044893256954i
-0.9951232594088808-0.09863640571449606i,-0.12342930639170858-0.012471159696919394i
0.5992505410245357-0.8005607530753462i,0.07406603892238454-0.09855390091494459i
0.3750634132315409+0.9269986547985964i,0.04573076064725843+0.11365327080706254i
-0.9873381269701966-0.15862771261241432i,-0.1201549890433433-0.019540721512106403i
0.646561359132391-0.7628612422585352i,0.07838633605549798-0.09212487882428748i
0.3183245450546361+0.9479812959452891i,0.03803835630769971+0.11400968824253838i
-0.9759397603734914-0.2180385087306847i,-0.11649072181574623-0.02626239736405149i
0.6915060405135736-0.7223699852675792i,0.08220917250681861-0.08554416961844767i
0.26042074601841775+0.9654947338330424i,0.030474221477409986+0.1138646779795668i
-0.9609698727485753-0.2766513760533478i,-0.1124664377084409-0.032615706246563514i
0.7339201069235174-0.6792351627250899i,0.08553262387804399-0.07884785517305916i
0.20156391917629568+0.9794748767955772i,0.02307005830667048+0.11323529278843006i
-0.9424832474594028-0.3342518166413818i,-0.10811307056624711-0.03858250400503509i
0.7736483410823646-0.6336146295690368i,0.08835727495578852-0.07207165823711909i
0.1419694552544311+0.9898705635096263i,0.015855962148240175+0.11214053629199112i
-0.9205475376204708-0.3906290376031021i,-0.10346238265179743-0.04414702644008896i
0.8105453547035958-0.5856753373714214i,0.09068616701483301-0.06525077311974571i
0.08185544441411813+0.9966437502234216i,0.008860304587778492+0.11060123023420104i
-0.8952430185154564-0.4455767225056768i,-0.09854679085006264-0.0492959201515551i
0.8444761205527599-0.5355927233671762i,0.0925247339573499-0.058419701570153866i
0.021441878135395276+0.9997696499804956i,0.0021096266942904713+0.10863987492261121i
-0.8666622938241294-0.49889378640472437i,-0.09339919235393578-0.05401826112622227i
0.8753164665892026-0.4835500684291786i,0.093880727731435-0.051612094573373325i
-0.039050155857358104+0.999236823329307i,-0.004371457123002047+0.10628050359788083i
-0.8349099567326294-0.5503851117289091i,-0.08805279067370561-0.05830556113043453i
0.9029535303824422-0.42973782633891544i,0.09476413351836306-0.044860600749072374i
-0.09939928268160553+0.9950472201867206i,-0.010560344318899567+0.10354853150447825i
-0.8001022071672925-0.5998622623265115i,-0.08254092280337147-0.062151762025495924i
0.9272861721402278-0.3743529268073832i,0.09518707522132525-0.038196722002872385i
-0.15938465043371475+0.9872161727021518i,-0.016436518199952063+0.10047060045391908i
-0.7623664265527923-0.6471441730608706i,-0.07689688836298131-0.06555321817967144i
0.948225344836771-0.3175980547968621i,0.09516371182893163-0.031650677038848433i
-0.21878673841214058+0.9757723391484769i,-0.021981610473866438+0.09707441968549921i
-0.7218407116507934-0.6920578124310757i,-0.07115378151875568-0.0685086672051594i
0.9656944200866442-0.2596809087809424i,0.09471012526432498-0.025251273298697887i
-0.2773881604689768+0.9607575990450554i,-0.027179452195112867+0.09338860383900274i
-0.6786733691850744-0.734438815792998i,-0.06534432646172653-0.0710191893014993i
0.9796294685717831-0.20081344065725223i,0.0938442003651225-0.019025787847604288i
-0.33497446054996344+0.9422268998966634i,-0.03201611299783645+0.08944250885968161i
-0.6330223731025668-0.7741320868633459i,-0.0595007172012058-0.07308815553817469i
0.989979493995355-0.1412110800944754i,0.09258549767050091-0.012999857679336665i
-0.3913348975116021+0.9202480561092072i,-0.03647992856397655+0.08526606665767414i
-0.5850547864565089-0.8109923653054985i,-0.05365446240151934-0.07472116545853576i
0.9967066197063175-0.08109194615222337i,0.09095511971946092-0.0071973798637252505i
-0.4462632163432983+0.8949015008181029i,-0.040561516330842894+0.08088961934207059i
-0.5349461500273712-0.8448847583199941i,-0.047836235959517734-0.07592597443436983i
0.9997862273117051-0.020676049058888216i,0.08897557158846321-0.0016404219088072664i
-0.49955840297217896+0.8662799915375208i,-0.044253779498511475+0.07634375384405287i
-0.4828798399189371-0.8756852342942846i,-0.0420757339863755-0.07671241124519734i
0.9992070467693841+0.03981551493136909i,0.08667061641723857+0.003650857342368106i
-0.5510254198883271+0.8344882707076928i,-0.04755189945261981+0.07165913773399728i
-0.4290463964804661-0.9032810767052041i,-0.03640153882033873-0.07709228639865816i
0.9949711976315669+0.1001613726560196i,0.084065126688535+0.008658276013587722i
-0.6004759198983638+0.7996426823825347i,-0.05045331677244521+0.06686635702421617i
-0.373642827010789-0.9275712966130698i,-0.03084099065767009-0.07707929174776654i
0.9870941812881633+0.1601406841749327i,0.081184932040679+0.013365686483489299i
-0.6477289353953419+0.7618707464603414i,-0.05295770104726746+0.06199575673212911i
-0.3168718847961478-0.9484670022378577i,-0.02542006734702712-0.0766888919974253i
0.9756048242383444+0.2195339509497764i,0.07805666440139758+0.0177590215019875i
-0.6926115406225172+0.7213106920156873i,-0.05506690977564586+0.05707728495837526i
-0.2589413271201822-0.9658917242649669i,-0.02016327284847081-0.07593820872607342i
0.9605451725979283+0.2781238191144651i,0.07470760123693544+0.02182632903241905i
-0.7349594845074053+0.6781109514403388i,-0.0567849366721076+0.052140341210570276i
-0.2000631549614405-0.9797816956900945i,-0.01509353481198732-0.07484589757862642i
0.9419703382286407+0.33569587489702446i,0.0711655077124319+0.025557795771890914i
-0.7746177917502131+0.6324296172444043i,-0.05811784975391968+0.04721362967647137i
-0.14045283716078055-0.9900860851790999i,-0.010232111682588304-0.07343201931394011i
0.9199482970523547+0.39203942928197566i,0.06745847855767129+0.028945759357210006i
-0.8114413299669213+0.5844338635055966i,-0.05907371962643086+0.042325018120184625i
-0.0803285218978897-0.9967671830888754i,-0.005598509689374093-0.07171790541345467i
0.8945596402883906+0.4469482890417091i,0.0636147804267093+0.031984709318313646i
-0.8452953408115262+0.5342993340838569i,-0.05966253842911267+0.03750140304199417i
-0.01991023836257011-0.9998005394684542i,-0.0012104100252225553-0.06972601897791504i
0.8658972795242393+0.5002215113152028i,0.05966269553064373+0.03467127689492449i
-0.8760559331337485+0.48220949984020917i,-0.05989612994559765+0.032768581706559385i
0.0405809084576646-0.9991750535353391i,0.002916393528245029-0.06747981165540255i
0.8340661066990311+0.5516641389726551i,0.055630367309849015+0.03700421388500625i
-0.9036105363674719+0.42835498721215115i,-0.05978805141937638+0.028151131605779176i
0.10092354692694816-0.9948930142995992i,0.0067680463285006084-0.06500357735687165i
0.7991826102440527+0.601087914074906i,0.05154564889568313+0.03898436074533756i
-0.9278583124907026+0.3729328806027057i,-0.05935348765246051+0.023672297881787912i
0.16089684888624323-0.986970092187079i,0.010332673804131151-0.06232230352448138i
0.7613744487850844+0.6483119668167008i,0.04743595509173024+0.0406146042147469i
-0.9487105250494523+0.31614600113608987i,-0.058609137996927706+0.019353889192512408i
0.22028133778962666-0.9754352816923629i,0.013600411496158165-0.059461520723607796i
0.720779983966618+0.6931634774325498i,0.04332811858154132+0.04189982477927626i
-0.9660908638950771+0.25820216441944677i,-0.05757309687875772+0.015216182457182124i
0.27885969189425525-0.9603307952713696i,0.01656342416743252-0.05644715133113582i
0.6775477741076199+0.7354783086429006i,0.03924825104344837+0.04284683434527399i
-0.9799357244466677+0.19931342002691316i,-0.05626472851964817+0.011277836872401872i
0.3364175395646731-0.9417119088618793i,0.019215913992521046-0.0533053580908077i
0.6318360305418415+0.7751016063261371i,0.03522160982363962+0.0434643045312124i
-0.9901944404565214+0.1396952754891863i,-0.054704536545373016+0.007555817541067934i
0.3927442437809933-0.9196467595973263i,0.021554117893588014-0.05006239330085353i
0.5838120386322385+0.8118883662182036i,0.031272470786354506+0.0437626860314899i
-0.9968294694268621+0.07956590762845166i,-0.052914029188812516+0.004065329006787099i
0.44763367297999235-0.894216096454133i,0.023576294140277614-0.04674444939002874i
0.5336515455783377+0.8457039645659796i,0.02742400792504516+0.04375411954552823i
-0.99981652999927+0.019145364124850954i,-0.05091558081170916+0.0008197589357477147i
0.5008849554081611-0.8655129847451104i,0.025282698383190656-0.04337751162549089i
0.48153811725691426+0.8764246507924388i,0.023698180280752337+0.0434523388029236i
-0.9991446908140318-0.04134524176358777i,-0.048732290481686404-0.0021693678635018123i
0.5523032142261163-0.8336424655403569i,0.02667554934092213-0.03998721367982399i
0.4276624664496642+0.9039380003706481i,0.020115626674014737+0.042872566250079396i
-0.9948164105142263-0.10168454038057707i,-0.046387838349903975-0.004892424944017694i
0.6017002806741913-0.7987211712620222i,0.027758984409750418-0.03659869676505402i
0.3722217549162737+0.9281433262492877i,0.016695568714512637+0.042031401995466185i
-0.9868475287481464-0.16165171578950502i,-0.0439063405799518-0.0073417091622281815i
0.648895382689343-0.7608768988596977i,0.028539005512448402-0.03323647301872326i
0.31541887186699696+0.9489520473240467i,0.01345572250859553+0.04094670663939199i
-0.975267208202984-0.2210273138649941i,-0.0413122035802254-0.0095114550240635i
0.6937158064533163-0.7202481421284304i,0.02902341554841512-0.029924293801220733i
0.2574616914752213+0.9662880126064455i,0.010412219439066712+0.03963747863967338i
-0.9601178278819101-0.279594045400815i,-0.03862997829001632-0.011397838454359441i
0.7359975284510947-0.6769835848808694i,0.029221745850912324-0.026685023534713814i
0.1985623121472077+0.9800877799037728i,0.007579536344268001+0.03812372688684322i
-0.9414548280151123-0.3371375812951253i,-0.0358842152639939-0.012998970060360944i
0.7755858157265703-0.6312415568283258i,0.02914517509864336-0.02354051968227243i
0.13893628033295302+0.9903008479902837i,0.004970435374944625+0.036426339181449184i
-0.9193465071723459-0.39344733690299694i,-0.033099321290659484-0.014314878011442699i
0.8123357921387543-0.5831894541619798i,0.028806440167971237-0.020511519431427164i
0.07880180171868961+0.9968898414200098i,0.002595913757736294+0.03456694732146739i
-0.8938737723194805-0.4483172426858387i,-0.030299418267786645-0.01534748070755583i
0.8461129685462757-0.5330031269546627i,0.02821973944853758-0.017617533609474628i
0.01837894268772372+0.9998306473048528i,0.00046516364368303433+0.03256778951980955i
-0.865129842733729-0.5015464983374663i,-0.027508205041887408-0.016100549458192833i
0.8767937349799195-0.4808662356250639i,0.027400629178830314-0.014876748318631557i
-0.04211117502808026+0.999112503557404i,-0.001414457830857169+0.030451570880411387i
-0.8332199088611003-0.5529403076270439i,-0.024748822899488106-0.01657966144159276i
0.9042658130020619-0.4269695788194199i,0.02636591338916523-0.012305934737818937i
-0.10244718355893717+0.994738038275568i,-0.003037448194835073+0.02824132266625256i
-0.7982607473645125-0.6023105912696868i,-0.022043725375522922-0.016792143260280917i
0.9284286665975655-0.37151039517035556i,0.025133528067433505-0.009920367494572636i
-0.16240827900853805+0.9867232601248497i,-0.00440016898004749+0.025960261094072946i
-0.7603802937713242-0.6494766752159246i,-0.01941455301862249-0.01674700545364684i
0.9491938700924477-0.31469164148814055i,0.02372242018781462-0.007733751965634961i
-0.22177502950154754+0.9750974997535109i,-0.00550084477222048+0.023631646388335193i
-0.7197171742842129-0.6942659518411807i,-0.016882013724586555-0.016454868370881323i
0.9664854317538936-0.2567212500258672i,0.02215242226421849-0.0057581608183234i
-0.2803301782100906+0.9599033024549848i,-0.006339552053141784+0.02127864282131701i
-0.6764201984687663-0.7365145116155989i,-0.014465769218068835-0.015927879848063264i
0.9802400718873885-0.197811367536645i,0.020444123108520718-0.004003980057062952i
-0.3378594384205019+0.9411962724703622i,-0.0069181979615621355+0.018924180457046372i
-0.6306478146743404-0.7760677429425757i,-0.01218432822857207-0.015179625171302105i
0.9904074544132392-0.13817757890753254i,0.01861873548860624-0.0024798647907302265i
-0.39415227773072964+0.9190448695007323i,-0.007240489149958765+0.016590819304222553i
-0.5825675301811025-0.8127808979708492i,-0.010054946870510657-0.014225029843443397i
0.9969503710750222-0.07803811821137593i,0.016697961392711045-0.001192704886919467i
-0.44900268850857183+0.8935301581740598i,-0.0073118909625006666+0.014300616567352644i
-0.5323552981952756-0.84651962230951i,-0.008093536698432725-0.013080255704783992i
0.9998448776058338-0.01761307006376258i,0.01470385561460191-0.00014760062914605842i
-0.5022099417911954+0.8647455113834357i,-0.007139577206508807+0.012074997666190204i
-0.48019487393592053-0.8771604467074123i,-0.006314580867761177-0.01176259098835343i
0.9990803813540313+0.04287643579221537i,0.012658688378693862+0.0006521515574168938i
-0.5535793218669927+0.8327962685823642i,-0.006732370835090844+0.00993463167123435i
-0.42627714216969653-0.9045912388976415i,-0.004731058788803563-0.010290334917503086i
0.9946596800477915+0.10320903372591714i,0.010584807725252228+0.0012050632965651237i
-0.6029228388515164+0.7977993502875704i,-0.0061006759023076885+0.007899311777755632i
-0.37079941865454-0.9287116139534857i,-0.0033543796174669853-0.00868267747765068i
0.9865989515566251+0.16316393232235588i,0.008504502373415008+0.0015114484032992823i
-0.6500599166497774+0.7598828302000906i,-0.005256401193925759+0.005987841412566603i
-0.3139647280486729-0.9494333016541856i,-0.0021943248803718523-0.006959575014983011i
0.9749276946873187+0.22252172238401896i,0.0064398657738740555+0.0015734070628546208i
-0.6948180537872514+0.7191854665104915i,-0.004212875976407988+0.004217926536808715i
-0.2559810609274886-0.966680469516058i,-0.0012590004850462954-0.00514162233263092i
0.9596886212309617+0.2810651798743645i,0.004412662053768741+0.0013948001810349462i
-0.7370334546912434+0.6758561941034461i,-0.0029847583440583336+0.002606074674456723i
-0.1970606126273109-0.980390000306842i,-0.0005547983178832142-0.003249921969209408i
0.9409374996561239+0.33858006086456827i,0.002444194543682407+0.000981214088817444i
-0.7765516291123851+0.6300535795199744i,-0.001587936679039023+0.0011675011602725982i
-0.1374190067015318-0.990511723027678i,-0.00008636758374571608-0.0013059513556404592i
0.918742951020191+0.39485588557435314i,0.0005551775606883741+0.00033991583157223624i
-0.8132279574926433+0.5819452406719569i,-0.00003942477113363861-0.00008395693729091028i
-0.07727450583094775-0.997008596517433i,0.0001434040082347296+0.0006685714462344949i
0.8931861978457486+0.44968670863765214i,-0.0012343878977512444-0.0005202006806898867i
-0.846928220210836+0.531707233432515i,0.0016427488264747186-0.0011359188030078393i
-0.016847213076021827-0.9998568450074525i,0.00013339915777115565+0.002651822715569184i
0.8643607668810079+0.5028718727742614i,-0.0029053339164662306-0.0015886773410692906i
-0.8775290887688416+0.47952340734707566i,0.003439656602664465-0.0019775293985232027i
0.04364173360585444-0.9990460451306697i,-0.00011573001971724176+0.004622008046556089i
0.8323721468320461+0.5542167431093667i,-0.004439440274494944-0.00285356296773273i
-0.9049185771209702+0.42558473282293785i,0.0053315924288589635-0.002599520193411657i
0.10397097063037747-0.9945791640666561i,-0.0006015728480901417+0.006557496618911545i
0.7973374023194159+0.6035334194536532i,-0.005819543326957458-0.004301492475357841i
-0.928996451494831+0.3700886022595434i,0.0072981957879721115-0.0029942608195582766i
0.16391971888204604-0.986472548683017i,-0.001319980713731946+0.00843695406523607i
0.7593847454718767+0.6506414239373554i,-0.007029638608389029-0.005917773652548971i
-0.9496745972039208+0.31323810767701177i,0.009318579228115426-0.003155801411207878i
0.22326859167096913-0.9747558657128716i,-0.0022650973149215352+0.01023947324518054i
0.7186530667250284+0.6953683614818031i,-0.008054976642365182-0.007686481065185462i
-0.9668773411095587+0.2552412974865077i,0.011371458363501981-0.003079905440463491i
0.28180039759399655-0.9594719931873432i,-0.0034293983474850214+0.011944702249150221i
0.6752914265419251+0.7375505506914213i,-0.008882151477968865-0.009590556571588901i
-0.980541728552097+0.1963104151223474i,0.013435283734443682-0.0027640729062111797i
0.33930093536203954-0.9406768635203663i,-0.004803740390265849+0.013532968970331493i
0.6294585099157562+0.7770336228573889i,-0.009499181511576842-0.011611915903920652i
-0.9906177537379566+0.13666112232211983i,0.015488373831179117-0.0022075537831870063i
0.39555977768485834-0.9184392588200581i,-0.006377418708610748+0.014985401603028223i
0.5813220456508739+0.8136730868808622i,-0.009895582192403144-0.013731560741499914i
-0.9970685427393704+0.07651170989728273i,0.017509048582495784-0.001411351686942736i
0.4503710413446341-0.8928405591757205i,-0.0081382336502415+0.016284044447560268i
0.5310581925473544+0.8473348580483837i,-0.010062430252006664-0.01592969567586685i
-0.9998704884371322+0.016082298882479668i,0.019475762609746768-0.0003782177595724319i
0.5035341406401845-0.8639744448416418i,-0.0100725652657562+0.0174119684271746i
0.47885089473539383+0.8778957487243861i,-0.009992419141389205-0.01818584944455351i
-0.9990133369125227-0.04440596501297589i,0.021367237549879105+0.0008873651699857242i
0.5548545214445451-0.8319465534075705i,-0.012165455745781055+0.018353375750438033i
0.4248912085187377+0.9052439191650717i,-0.00967990540412071-0.02047899979072093i
-0.9945002249722515-0.10473172070348552i,0.023162592757492998+0.0023792080487068214i
0.6041443731895724-0.796874093210475i,-0.014400699228665973+0.019093698183275602i
0.3693766031906042+0.9292792868038724i,-0.009120945759968394-0.022787701289234557i
-0.9863476686690902-0.16467420181373618i,0.024841473705681207+0.004089450534996242i
0.6512233161720216-0.7588854144023325i,-0.01676093849672701+0.019619688428022142i
0.3125102383808228+0.9499138925106922i,-0.008313324720481753-0.025090215466337707i
-0.9745855028602061-0.22401404458888502i,0.02638417741838417+0.006008605209589983i
0.6959190616658444-0.7181195392436587i,-0.019227768045607423+0.019919504142424018i
0.2545002205787787+0.9670722224845718i,-0.007256572605763225-0.027364642530040634i
-0.9592567720243912-0.2825340906717567i,0.02777177428322079+0.00812561081843917i
0.7380680424249846-0.6747256533416992i,-0.021781842980450255+0.019982784169284742i
0.1955588415529786+0.9806914846017925i,-0.0059519738799056-0.02958905402156536i
-0.9404175727377448-0.3400201818092302i,0.028986225613066796+0.010427894259461858i
0.7775160112692975-0.628862559695135i,-0.024402993164430186+0.019800716587186358i
0.13590180145428726+0.9907218382080984i,-0.004402565771175625-0.031741625694837676i
-0.9181368483842777-0.3962619435795336i,0.030010496347030857+0.012901440981800315i
0.8141186055630304-0.5806980975432613i,-0.027070342019878697+0.01936609823428125i
0.07574741944594998+0.997126576514103i,-0.0026131271916318122-0.03380076993096445i
-0.8924961368527161-0.4510535552723396i,0.03082866230669962+0.015530873424691007i
0.8477418755201134-0.5304085281464048i,-0.029762429359896713+0.018673385400299003i
0.01531583474915349+0.9998822609263811i,-0.0005901580193473215-0.03574526699801817i
-0.8635892721428255-0.504194503104231i,0.03142601145159482+0.018299537083395972i
0.8782627744028864-0.4781778897453589i,-0.0324573376090654+0.01771873542647193i
-0.04517179897204576+0.9989788068226646i,0.0016581511455177921-0.03755439447309385i
-0.8315220409732408-0.5554903140130927i,0.031789138608473995+0.021189593752067807i
0.90556960882035-0.4241973240604072i,-0.03513282075571034+0.01650003899881603i
-0.10549412293821675+0.9944195204572301i,0.004121958592118319-0.039208054153614946i
-0.7964117956474779-0.6047532673460546i,0.03190603318226865+0.024182121458092114i
0.929562447478041-0.36866437679466124i,-0.03776643536524688+0.01501694296690565i
-0.16543038333268428+0.9862210868614273i,0.006789820272505002-0.04068689579808329i
-0.758387024594869-0.6518030818365159i,0.03176615939197709+0.027257220569514646i
0.9501534868836815-0.31178227470156994i,-0.040335672974483046+0.01327086356771338i
-0.22476123916575602+0.9744135087836263i,0.009648747486563691-0.041972437052844626i
-0.7175868821580542-0.6964675753562073i,0.03136052861251448+0.030394125526816283i
0.9672673726702772-0.2537591818622216i,-0.042818093180387796+0.011264989982048302i
-0.2832695649686074+0.9590399968920333i,0.0126842731832416-0.043047178940988175i
-0.6741606793478108-0.7385832950278854i,0.03068176344313991+0.033571321622605156i
0.9808414753607603-0.19480743789414734i,-0.045191456733821966+0.009004278199352579i
-0.34074124537931233+0.9401568116421921i,0.01588052654020856-0.04389471631192878i
-0.6282673374288337-0.7779961153927104i,0.029724153164547715+0.036766666228003404i
0.9908261195649958-0.1351427808794528i,-0.04743385794904808+0.0064954352149215345i
-0.39696595871317386+0.9178330573878608i,0.01922031544303159-0.044499842675641096i
-0.5800748063361136-0.8145618024432805i,0.028483700289705656+0.03995751384254693i
0.9971847657703903-0.07498355785602667i,-0.04952385574348309+0.003746893631733773i
-0.45173794664982525+0.8921504294887361i,0.022685216445736272-0.04484864887362232i
-0.5297594500502538-0.8481465414581947i,0.02695815795794149+0.04312084432562053i
0.9998941440608251-0.014549925761093197i,-0.05144060262914032+0.0007687767867902915i
-0.5048567672203745+0.8632029153404983i,0.026255671757489073-0.0449286150694157i
-0.47750540118099466-0.8786274267065046i,0.025147057967326043+0.04623339365165502i
0.9989443392745653+0.04593695424869254i,-0.05316397098742289-0.002427145431015472i
-0.5561280283389873+0.8310964504212813i,0.029911092765225467-0.04472869557476307i
-0.4235038871208862-0.905892911229941i,0.023051729286952507+0.049271786518815607i
0.9943388272894923+0.10625572615215999i,-0.05467467597243997-0.005827509858250822i
-0.605364099194489+0.7959485306132867i,0.033629969569560623-0.04423939606298269i
-0.36795253023510244-0.929843215056906i,0.020675306937923795+0.05221267013158481i
0.9860944623028853+0.1661856491316592i,-0.055954394404572304-0.009417422171065915i
-0.652384796898609+0.757887782218282i,0.03738998598131884-0.04345284275885234i
-0.3110546246484002-0.9503906903543471i,0.018022731179640997+0.05503284847164903i
0.9742414151522909+0.22550740538971606i,-0.05698587903575125-0.013180527533727967i
-0.69701804587802+0.7170534912405397i,0.04116813939879042-0.04236284323390207i
-0.253018392275872-0.9674601421812086i,0.015100736986002046+0.057709416368788354i
0.9588230629032082+0.2840039027580459i,-0.05775306759054845-0.01709908943677728i
-0.7391005075970858+0.6735950936598412i,0.04494086496133083-0.04096493847745198i
-0.1940562208201015-0.980989103669646i,0.01191783384421167+0.060219892684118204i
0.9398958301076448+0.34146106916171604i,-0.05824118601271817-0.021154076339287033i
-0.7784781783068007+0.6276716285599243i,0.048684163353385615-0.039256445956690984i
-0.13438388652332373-0.9909280646269498i,0.008484275956812734+0.06254235192196404i
0.9175289823144718+0.39766863603106645i,-0.05843684537509399-0.025325255690804835i
-0.8150069526324135+0.5794511561136932i,0.05237373161453364-0.0372364934234569i
-0.07421976451898504-0.9972406527216038i,0.004812022975041061+0.06465555359386464i
0.8918043725872427+0.45242090779443134i,-0.058328131941594-0.029591294871763155i
-0.8485531509372564+0.529110142555114i,0.05598509629568047-0.03490604327085989i
-0.013784029672477494-0.9999037665904088i,0.000914691438493276+0.066539068668718i
0.8628161419571121+0.5055175146356519i,-0.05790468990344194-0.033929868556543945i
-0.8789940085328375+0.476832814388533i,0.05949374828939509-0.032267907289374266i
0.04670214916437582-0.9989076603795558i,-0.0031925028578568696+0.06817340245678974i
0.830670374907062+0.556764145761608i,-0.0571577963473474-0.038317771971181566i
-0.9062181249449179+0.42281048419873735i,0.06287527865327872-0.029326751719160687i
0.10701741853639635-0.9942559794102691i,-0.007492811303327442+0.06954011329208933i
0.795484711148225+0.6059732604963286i,-0.05608042805107981-0.04273103948801342i
-0.9301258715914331+0.3672408505290019i,0.06610551473965286-0.02608909254306814i
0.16694105044369595-0.9859657468384952i,-0.011968027408183184+0.07062192639756591i
0.7573879151090308+0.6529647745993763i,-0.05466731974164696-0.04714506797262577i
-0.9506297563803466+0.3103272743892694i,0.06916065594233414-0.02256328101269551i
0.226253750111425-0.9740673013574581i,-0.016598569885387826+0.07140284234038417i
0.7165194047126588+0.6975667192968782i,-0.052915013492706976-0.0515347442742339i
-0.967654743893156+0.2522780350421307i,0.07201740837222076-0.018759479447898273i
0.28473845851453183-0.9586041861710616i,-0.021363573485022352+0.07186823951027528i
0.6730287411672756+0.7396158706134351i,-0.050821898980864276-0.05587457622935911i
-0.9811385299823225+0.1933055677901142i,0.0746531177775554-0.014689627397902787i
0.3421811467206372-0.9396329896444522i,-0.02624098715028001+0.07200497008234734i
0.6270750816362022+0.7789583467018178i,-0.04838824436489972-0.06013882653045629i
-0.9910317697777097+0.1336256865536502i,0.07704590003226565-0.010367398299640512i
0.3983715991440707-0.9172231382148887i,-0.031207679027319763+0.07180144895681112i
0.578826596791002+0.8154501709844857i,-0.04561621759752845-0.06430164879592833i
-0.9972982582676323+0.07345679408474586i,0.07917476852641582-0.005808146815652065i
0.45310418284469367-0.8914566423207784i,-0.036239547826886154+0.07124773520150629i
0.528459855378999+0.8489577990460682i,-0.0425098980257178-0.0683372251660241i
-0.999915062793658+0.013019082706645355i,0.08101975780681328-0.0010288470798779468i
0.5061786000562066-0.8624277962786682i,-0.04131164000357143+0.07033560555890765i
0.47615917805744096+0.8793586073486118i,-0.03907527818281916-0.07221990474031656i
-0.9988726069742986-0.04746627149557043i,0.082562042832754+0.0039519778755063755i
0.5574006211900118-0.8302428332065181i,-0.046398272189121646+0.06905861961711346i
0.42211596285900155+0.9065413419811011i,-0.03532025572343324-0.07592434216700683i
-0.9941747057504533-0.10777791808453188i,0.08378405323207812+0.009114335195435799i
0.6065827956321463-0.7950195362560794i,-0.051473158289415046+0.06741217628424719i
0.366527984757124+0.9304065258010246i,-0.03125461549988711-0.07942563569204639i
-0.9858385514243624-0.1676951423181816i,0.0846695819656654+0.014436849420603309i
0.6535451377320816-0.7568868075771107i,-0.05650954063066154+0.0653935612471287i
0.3095986718944994+0.9508668224780241i,-0.026890001827205433-0.08269946397717992i
-0.9738946507431633-0.2269986728710059i,0.08520388783440569+0.019896857450067487i
0.6981157854729566-0.7159841965908327i,-0.06148032451935446+0.0630019851383507i
0.25153636112337086+0.9678473561073806i,-0.022239881031281536-0.0857222210004376i
-0.9583867132572833-0.28547148427297864i,0.08537379129136131+0.025470510809938i
0.7401316294128014-0.6724613892989351i,-0.06635821556234411+0.06023861218030823i
0.192553535582068+0.981285985223689i,-0.01731949442236058-0.08847114836021724i
-0.9393714913622486-0.3428995911296387i,0.08516776305287359+0.031132884753690068i
0.77943890959509-0.6264776604970559i,-0.07111585907845405+0.05710657912035592i
0.1328660470979151+0.9911335302119542i,-0.01214580188274437-0.09092446431502972i
-0.9169185726092715-0.3990728312167964i,0.08457600503619277+0.03685809368536212i
0.8158937782441937-0.5782012908973849i,-0.07572598092117352+0.0536110043179244i
0.0726923262621802+0.9973539532838722i,-0.006737416303598801-0.09306148890509663i
-0.8911101250446796-0.45378563458407667i,0.08359052318698339+0.042619412364964214i
0.8493628261864996-0.5278089512934795i,-0.08016152902344574+0.049758986891640426i
0.012252583067858758+0.999924490360672i,-0.0011145291505688447-0.09486276451915675i
-0.8620405965101293-0.506837775852711i,0.08220519179819563+0.04838940232601768i
0.8797235710707334-0.475485056020984i,-0.0843958149700597+0.04555959588231016i
-0.04823199896439351+0.9988357343798717i,0.004701172518392215-0.09631017129017776i
-0.8298163690040421-0.5580351069544918i,0.08041580896171593+0.05414004290839931i
0.9068649056007964-0.4214210880803077i,-0.0884026549012812+0.04102384943570375i
-0.10854007222301759+0.9940916697210902i,0.010686597217529736-0.09738703672680966i
-0.7945553693691465-0.6071902676303774i,0.07822014283599954+0.05984286628575361i
0.9306875041407835-0.36581489839102377i,-0.09215650905243944+0.03616468405715595i
-0.16845093504281156+0.985709657624928i,0.016817347974140744-0.09807823901351613i
-0.7563866377308454-0.6541233710886297i,0.07561796845614432+0.06546909584565998i
0.9511041862041846-0.30886998174241664i,-0.09563261923877862+0.030996914037956035i
-0.22774533937830665+0.9737203726582792i,0.02306782860119801-0.09837030344110047i
-0.7154498552657379-0.6986626623132681i,0.07261109485755075+0.07098978726275253i
0.9680402354970474-0.25079473208988995i,-0.0988071436027205+0.025537181201002644i
-0.28620629315751434+0.958167690458578i,0.02941135682066484-0.09825149146072525i
-0.6718948330284614-0.7406451466137136i,0.0692033823301054+0.07637597159004232i
0.9814336733475479-0.19180167992252622i,-0.1016572879516497+0.019803895160141475i
-0.34361985437978465+0.9391085271677995i,0.03582028372196771-0.09771188188827587i
-0.6258809637075284-0.7799171861154046i,0.06540074966657237+0.0815987996818906i
0.9912354855213275-0.13210671449271177i,-0.10416143302865309+0.01381716433362055i
-0.399775914051707+0.9166126311438068i,0.04226611900826436-0.09674344382212549i
-0.5775766383164915-0.8163350620084773i,0.061211171316378134+0.08662968725360116i
0.9974098015925571-0.07192829375412695i,-0.10629925707592572+0.00759871799716079i
-0.45446896509585255+0.8907623277112928i,0.048719661453582405-0.09534010087552623i
-0.5271586299551074-0.8497655004969309i,0.05664466440385438+0.09144045987721151i
0.9999340262142994-0.011486644899394036i,-0.1080518530710425+0.001171819705822971i
-0.5074988544184782+0.8616522178864281i,0.05515113396721289-0.09349778636498202i
-0.47481144689565635-0.8800861605235208i,0.0517132656183818+0.0960034972111782i
0.9987989218077807+0.04899704157693123i,-0.10940184003960987-0.005438827543829031i
-0.5586715153839482+0.8293888321777402i,0.061530322637727494-0.09121448913801518i
-0.42072665736185266-0.9071860814855237i,0.04643099803204521+0.10029187576282751i
0.9940086423679677+0.1093014213406403i,-0.11033346787400118-0.012207183999203123i
-0.6077996780153331+0.7940902407301729i,0.06782671910791954-0.08849028976712045i
-0.36510218847136466-0.9309660893029204i,0.04081382794859744+0.10427950948715702i
0.9855807182617248+0.1692058062431382i,-0.11083271511692984-0.019105983233985522i
-0.6547035543221493+0.7558856212390292i,0.0740096656139503-0.08532738688161513i
-0.30814160190750844-0.9513391593529663i,0.03487961193528858+0.10794128753337165i
0.9735459920741977+0.22849097194535214i,-0.1108873791999979-0.026106849139766117i
-0.6992114962472475+0.7149147862150484i,0.08004850200688425-0.08173011345510688i
-0.25005334897085113-0.9682307349429604i,0.028648034236156632+0.11125320846169612i
0.9579485057381874+0.28693996018472756i,-0.11048715866147431-0.03318041930497076i
-0.7411606238250307+0.6713276713306185i,0.0859127140631786-0.07770494291331045i
-0.1910500077369155-0.9815790001557438i,0.02214053481169694+0.11419251026730426i
0.938845339359579+0.3443388727493544i,-0.10962372690377296-0.04029647422702912i
-0.780397421252226+0.6252837867195664i,0.09157208238191525-0.07326048497455319i
-0.1313475051116551-0.9913351060694257i,0.015380228295082503+0.11673779556569083i
0.916306402328651+0.4004776542536219i,-0.10829079708956062-0.047424071774071236i
-0.8167782986898369+0.5769516332385254i,0.09699683116140806-0.06840747118361773i
-0.07116432663165106-0.9974633495234715i,0.008391814198987916+0.11886915131428126i
0.8904141774817106+0.45515086085077966i,-0.10648417781575466-0.05453168628555294i
-0.8501701177403309+0.526508085826118i,0.10215777614564688-0.06315873014797736i
-0.010720716900817662-0.9999413037769501i,0.0012014787496460947+0.12056826246854677i
0.8612634192493127+0.5081584120692435i,-0.10420181924686288-0.06158735167709826i
-0.8804506786770318+0.4741377462165904i,0.10702647103248909-0.057529152534114156i
0.04976212641032485-0.9987599005807782i,-0.006163211234430705+0.12181851899728723i
0.8289608068957108+0.5593063230212525i,-0.10144384943280176-0.06855880789359735i
-0.9075091676426754+0.4200322673766924i,0.11157535163991403-0.05153564592993033i
0.11006286205319077-0.9939234633636211i,-0.013673421962673285+0.12260511571069659i
0.7936245541185344+0.6084074143043035i,-0.09821260058144715-0.0754136500364317i
-0.9312465621805678+0.36438965213807273i,0.11577787713469968-0.04519707972731834i
0.16996081521510292-0.9854496914099986i,-0.021299173298273095+0.1229151443866305i
0.7553839764373891+0.65528199699743i,-0.09451262510245043-0.08211947947556325i
-0.951575993614278+0.3074135285918934i,0.11960866763888466-0.03853422022634157i
0.22923678509439932-0.9733695950885013i,-0.02900946586149352+0.12273767771452121i
0.714379017954557+0.6997585302455365i,-0.09035070128603347-0.08864405624525709i
-0.9684230649497129+0.24931240489740936i,0.1230436375437813-0.03156965620904485i
0.2876738470812901-0.9577273823671482i,-0.0367724140500709+0.12206384461295773i
0.6707597392196409+0.7416742490253037i,-0.08573582852855598-0.0949554520135919i
-0.9817261231361843+0.19029890623159273i,0.1260601238787727-0.02432771527644949i
0.34505814660883083-0.9385802970311994i,-0.044555384386417124+0.12088689651541852i
0.6246857680723565+0.7808757597953209i,-0.08067921206499003-0.10102220291031325i
-0.9914364846901162+0.13058899667223867i,0.1286370091026614-0.01683437128657539i
0.40117968176885527-0.9159984091954683i,-0.0523251385741995+0.11920226425934484i
0.5763257154731468+0.8172196018506133i,-0.07519423721737975-0.10681346149561469i
-0.9975186138556986+0.07040118886212823i,0.13075483770888666-0.009117143274115428i
0.4558330718288307-0.8900643588777738i,-0.060047980622497596+0.1170076052560044i
0.5258565584594332+0.8505727723272521i,-0.06929643321710993-0.11229914715348752i
-0.9999502526505041+0.009955744346536411i,0.132395926062284-0.0012049862735901693i
0.5088183088371947-0.8608730535719432i,-0.06768990737424288+0.11430284066257895i
0.47346299248561147+0.8808132129357547i,-0.0630034267076485-0.11745009419782881i
-0.9987225023201511-0.050526132489491345i,0.13354446491427907+0.006871825492910294i
0.5599414895666183-0.828531320927117i,-0.07521676175724037+0.11109018232327765i
0.4193367555169566+0.9078302566420393i,-0.05633488508265788-0.12223819698725247i
-0.9938398559039244-0.11082310393425324i,0.13418661407514557+0.015081822564982974i
0.6090155251165992-0.7931575178044007i,-0.08259438806068994+0.10737414929279734i
0.36367592635095936+0.9315250326612736i,-0.049312449862222794-0.12663655135566942i
-0.985320181792181-0.17071450895042184i,0.13431058875620366+0.02339247079671412i
0.6558608255785426-0.7548810971415498i,-0.08978878852794392+0.10316157380292533i
0.30668419973393973+0.9518108282825146i,-0.0419596603568007-0.13061959167986692i
-0.9731946583357092-0.22998117069973806i,0.13390673713149304+0.03177030794683009i
0.7003059572577512-0.7138421342107755i,-0.09676628054731388+0.09846159658144198i
0.24857014092569524+0.968613406200015i,-0.03430186791450416-0.13416322292289368i
-0.9575076597463464-0.2884061986361732i,0.13296760870715504+0.04018108570984442i
0.7421882700471716-0.6701908140033659i,-0.10349365371706779+0.09328565148119111i
0.18954642244016212+0.9818712761899002i,-0.02636614109188722-0.13724494701246948i
-0.9383165937064081-0.3457757822322427i,0.13148801312752725+0.04858991656432019i
0.7813544926569799-0.6240868816170743i,-0.10993832605840674+0.0876474394263977i
0.12982904575528986+0.9915359201379998i,-0.01818116213169561-0.1398439829371826i
-0.9156916912812083-0.4018799734337734i,0.12946506908953614+0.05696142478964491i
0.8176612935217236-0.5756990576576209i,-0.11606849865117776+0.08156289173249603i
0.0696365508403346+0.9975719695953205i,-0.009777115172613704-0.14194137996972225i
-0.8897157499035031-0.45651345497967755i,0.12689824308110562+0.0652599009808814i
0.8509758053323334-0.5252044207936859i,-0.1218533079714392+0.07505012290485923i
0.009189216393363231+0.9999573352113911i,-0.0011855666557467135-0.14352012345545395i
-0.8604838303704206-0.5094762917750097i,0.12378937770493574+0.07344945937250062i
0.8811761112734534-0.47278775972498155i,-0.12726297521749508+0.06812937307051302i
-0.05129174628424121+0.9986832875718038i,0.007560661569728905-0.14456523263659904i
-0.8281029089617422-0.5605746625676067i,0.12014270939577953+0.0814941972660596i
0.908151691186659-0.41864089693491846i,-0.132268951922054+0.060822940245129145i
-0.1115850028262042+0.993754489144126i,0.01642762590374386-0.145063850016524i
-0.7926914859526302-0.6096215692506872i,0.11596487538714746+0.08935835584438227i
0.9318038260268058-0.3629619867026418i,-0.13684406116218398+0.05315510268495473i
-0.17146990579014848+0.9851889772152693i,0.025380400844249893-0.1450053218054086i
-0.7543791519534786-0.6564375211956668i,0.11126490983200181+0.09700648164558286i
0.9520459591313649-0.30595478994341335i,-0.1409626336961573+0.04515203161964658i
-0.23072730213253512+0.9730180978827598i,0.034383224426131814-0.14438126902742032i
-0.7133061136638961-0.7008511921108234i,0.10605422903109055+0.10440358796420465i
0.9688040129806612-0.24782792853111218i,-0.14460063837657813+0.03684169470714557i
-0.2891403352147483+0.9572863913414755i,0.043399648620384305-0.14318564891039137i
-0.6696226807763599-0.7427000470219983i,0.1003466057721047+0.11151531544412552i
0.9820166602898013-0.18879412183171088i,-0.1477358062127666+0.028253750595423933i
-0.3464952384053222+0.9380514288856481i,0.052392694038694315-0.1414148062217854i
-0.6234887159072504-0.781830937080843i,0.09415813283245573+0.11830809112860718i
0.9916355484402176-0.12906940824169208i,-0.1503477474815892+0.01941943501793441i
-0.40258211737406757+0.9153836022226347i,0.06132500826627758-0.13906751425909003i
-0.5750730495682856-0.8181006600238767i,0.0875071757479416+0.12474928523678513i
0.9976254764294991-0.0688723545802356i,-0.15241806131518446+0.010371438889911178i
-0.4571957182152379+0.8893658658694791i,0.07015902712656012-0.13614500524857726i
-0.5245528623193052-0.8513764842313112i,0.080414314998796+0.13080736494335124i
0.9999645236919523-0.008423256228464026i,-0.1539304372258008+0.0011437789108211577i
-0.5101361785887354+0.8600934335749824i,0.07885713816516653-0.13265098995347027i
-0.47211303636346524-0.8815366344678137i,0.0729022778131526+0.13645204444874842i
0.998644130318466+0.052056669057104946i,-0.15487074806232864-0.008228338785697478i
-0.5612097591304971+0.8276734298782453i,0.08738184562776165-0.128591666340621i
-0.41794547895772144-0.9084707375276054i,0.06499585983588038+0.1416544306411498i
0.9936691283821029+0.1123460907066064i,-0.15522713392988108-0.017708661359347476i
-0.6102295524554201+0.7922244980788316i,0.09569593619650973-0.12397571720371206i
-0.36224842011463027-0.9320802261530237i,0.0567218369575476+0.14638716366861035i
0.985057724254786+0.17222437531172358i,-0.15499007664272574-0.027260037761982454i
-0.6570161671581743+0.7538763660532093i,0.10376264474359395-0.11881429669050221i
-0.30522568716558063-0.9522786997483832i,0.04810886764388209+0.15062455175995026i
0.9728414319797923+0.2314723940492706i,-0.15415246432182184-0.03684457237301223i
-0.7013983843087537+0.7127693715064005i,0.11154581935712919-0.1131210057314603i
-0.2470859588402376-0.9689922405690741i,0.03918738615041845+0.15434269965631867i
0.9570649579438794+0.289873324598641i,-0.15270964579118032-0.046423783110980714i
-0.7432137840402779+0.6690539483962106i,0.11901008489506504-0.10691185641719948i
-0.18804200159195472-0.9821596842287845i,0.029989487049485397+0.15751963004146038i
0.9377860372710958+0.34721344461844433i,-0.15065947447177003-0.05595876333813236i
-0.7823093399359989+0.6228900764095054i,0.12612100432636128-0.10020522542200457i
-0.1283098909638659-0.9917328435349031i,0.020548801537669435+0.1601353973879154i
0.9150752225370068+0.40328291387855186i,-0.1480023415176785-0.06541034685492106i
-0.8185419790403075+0.5744466955052177i,0.1328452371257312-0.09302179662041606i
-0.06810822084513646-0.9976766848329628i,0.010900366030454073+0.1621721936679986i
0.8890156255765471+0.4578765421852793i,-0.1447411979865901-0.07473927526480909i
-0.8517791054443495+0.5239010876666021i,0.13915069399839333-0.08538449309286876i
-0.007657303511141023-0.999969456214781i,0.0010804835876196673+0.16361444541278772i
0.8597026133303741+0.5107945402894323i,-0.140881565885002-0.0839063669761794i
-0.8818990855301447+0.4714382281252626i,0.14500668722508556-0.07731839876481508i
0.05282163662490852-0.9986027671211088i,-0.008873421252986204+0.16444890163904383i
0.8272434588427964+0.5618432510292142i,-0.1364315379776961-0.09287268709793084i
-0.9087916930974254+0.41725010843119176i,0.15038407593424188-0.06885066997105224i
0.11310727259837161-0.9935816190474754i,-0.01892295362372156+0.16466471220302212i
0.7917569486884689+0.6108358580323238i,-0.13140176630101805-0.10159971747848792i
-0.9323585127442227+0.3615350338460972i,0.15525540562825785-0.06001043728324418i
0.1729789848548811-0.9849243872408618i,-0.02902890481887017+0.16425349618109375i
0.753372948264511+0.6575930693837001i,-0.12580543936950953-0.1100495261342742i
-0.9525133000250001+0.3044968976312511i,0.15959504131376676-0.05082869798338557i
0.23221766862322651-0.9726627534541828i,-0.03915141346483674+0.1632093999201635i
0.7122319265388889+0.7019437737569847i,-0.1196582481160116-0.1181849353135458i
-0.9691822970683106+0.24634443488566124i,0.16337929361190132-0.04133819960917515i
0.29060653574478174-0.956841590004669i,-0.04925013068039054+0.16152914444544472i
0.6684844419942785+0.7437256666085377i,-0.11297834065569985-0.12596968744467593i
-0.9823045024989497+0.18729045866519278i,0.1665865372533322-0.03157331503869794i
0.34793190802512547-0.9375187955604426i,-0.059284388518126147+0.15921206195943594i
0.6222905916486359+0.7827858441424101i,-0.10578626601451382-0.1333686082244152i
-0.9918318946768092+0.12755108117811922i,0.16919732139447768-0.021569909621223637i
0.40398399920452527-0.9147650832562433i,-0.06921337096102148+0.15626012121331584i
0.5738194251688212+0.8189813628726146i,-0.09810490701215557-0.14034776611159358i
-0.9977296074354693+0.06734492290718977i,0.1711944712254804-0.011365200898248055i
0.45855768268561437-0.8886637219137012i,-0.07899628673378163+0.15267794158070475i
0.5232483262213705+0.8521797627349346i,-0.08995940253863588-0.146874627504886i
-0.9999760576774047+0.006892312552490838i,0.17256318037718138-0.0009976114937981864i
0.5114532422087004-0.8593102313131886i,-0.08859254317792603+0.1484727957130838i
0.47076236332440635+0.8822595518339125i,-0.08137705951127756-0.15291820689962363i
-0.9985630243588581-0.05358551927703685i,0.17329109367324497+0.009493384214450604i
0.562477102727563-0.826812032632418i,-0.09796192043190581+0.1436546007063986i
0.4165536125762866+0.9091106510510419i,-0.07238725484594905-0.15844921133833959i
-0.9934956785753314-0.11386724967267915i,0.1733683798146548+0.020067419001941415i
0.6114425388110443-0.7912880553310342i,-0.1070647451534671+0.13823589775890985i
0.3608204547395229+0.932634796887102i,-0.06302132782157105-0.16344017849225295i
-0.9847925646375971-0.17373227337280728i,0.17278779362673471+0.030683396613485757i
0.6581703579779885-0.7528683019198352i,-0.11586206302059752+0.1322318203511608i
0.3037668492523275+0.9527459010643893i,-0.05331246326099527-0.1678656077368104i
-0.9724855322074786-0.23296151008345653i,0.17154472754368918+0.04129965979646731i
0.7024895564648171-0.7116933722073758i,-0.12431580925003169+0.12566005102973127i
0.24560158782460562+0.9693703655728668i,-0.043295565993222006-0.17170208361280903i
-0.9566196197417564-0.2913382062181776i,0.16963725205182928+0.05187416183733281i
0.7442379450259133-0.6679139487650112i,-0.13238897637820357+0.11854076692699099i
0.18653753034990672+0.9824473520072956i,-0.033007127102187145-0.1749283910960223i
-0.9372528896707479-0.34864872812313724i,0.16706614486036359+0.062364640869676156i
0.7832627424766522-0.6216902454933562i,-0.14004577855893055+0.11089657419916081i
0.12679082592956764+0.9919290042096862i,-0.02248508250532358-0.1775256221323197i
-0.91445621591473-0.40468334388460403i,0.16383490861742847+0.07272879620738605i
0.8194211348069654-0.573191421308167i,-0.14725181164469198+0.10275243161443494i
0.06658012185976869+0.997780623402299i,-0.01176866444070554-0.17947727293161655i
-0.8883130245158086-0.4592369908577403i,0.15994977703869026+0.08292446594476537i
0.8525807978193273-0.5225949610913122i,-0.15397420833432368+0.09413556357132997i
0.006125763476269586+0.9999807951702779i,-0.0008982464748605223-0.18076933155291652i
-0.8589189883344092-0.5121100261078736i,0.15541970936630747+0.09290980505728717i
0.8826203813785247-0.4700860261722749i,-0.1601817876891078+0.08507536287497057i
-0.05435101221495442+0.998521467829218i,0.010084817326066267-0.18139035535356474i
-0.8263816769276696-0.5631089570179557i,0.1502563731269215+0.10264346323176309i
0.9094299535010731-0.41585677671715593i,-0.16584519834142702+0.07560328364490645i
-0.11462888617020128+0.9934079818908761i,0.021138358391411517-0.1813315379188139i
-0.7908201628910252-0.6120471493884978i,0.14447411520856385+0.11208476165322658i
0.9329114026590942-0.3601056685049357i,-0.17093705474549606+0.06575272477270548i
-0.17448726724075947+0.984659050519188i,0.032219564111849064-0.1805867651326177i
-0.7523645861036146-0.6587455104386407i,0.13808992132744494+0.12119386797773771i
0.9529787968264019-0.3030367266644972i,-0.17543206584789084+0.05555890439027142i
-0.23370709944183765+0.972306691048122i,0.043285152058772605-0.1791526600967404i
-0.7111556774721759-0.7030331442088711i,0.13112336400672106+0.1299319687256037i
0.9695586979528364-0.2448587990302169i,-0.17930715558661323+0.04505872585072824i
-0.29207166360345516+0.9563961078119754i,0.05429154722099014-0.17702861665318392i
-0.6673442439163242-0.7447479769668877i,0.12359653923989403+0.1382614383382507i
0.9825904307160114-0.18578479184852348i,-0.18254157466109228+0.034290635762431805i
-0.3493673704695935+0.9369855267169136i,0.06519506150696507-0.1742168213137055i
-0.621090616479951-0.7837373503279029i,0.11553399206131947+0.1461460041539622i
0.9920263045669524-0.12603089063241152i,-0.18511700305179812+0.023294474653112174i
-0.4053845423432052+0.9141459821591407i,0.07595207474847633-0.1707222634502262i
-0.5725640635884136-0.8198585799188147i,0.10696263129556975+0.15355090657305784i
0.9978317882570388-0.06581576901524519i,-0.18701764280670818+0.012111320875200511i
-0.4599181804165953+0.8879610570694982i,0.08651921643250352-0.16655273365040868i
-0.5219421715987445-0.852979477541773i,0.0979116338052604+0.16044305370169484i
0.9999856362075532-0.0053597884991113355i,-0.18823030065264798+0.0007833283947227897i
-0.5127687149790777+0.8585265770358093i,0.09685354738246586-0.16171881019409537i
-0.46941019490980096-0.8829788349262534i,0.08841233860369443+0.16679116978507602i
0.9984799662593815+0.055115807973704835i,-0.18874446003236187-0.010646440865118297i
-0.5637427357564633+0.825950259622352i,0.10691274060775945-0.15623383365758353i
-0.41516037801067257-0.909746867299306i,0.0784981312438885+0.1725659367658228i
0.9933202885183335+0.11538970567493503i,-0.18855234221284392-0.022134189428865227i
-0.6126536997096583+0.7903513201698074i,0.11665526054152496-0.15011386970434407i
-0.3593912519483581-0.9331856151507083i,0.06820431893903625+0.1777401283308326i
0.9845254851905189+0.17524132800725079i,-0.18764895615677665-0.03363556070255116i
-0.6593226137021256+0.7518600355182734i,0.12604053989133213-0.14337766017231818i
-0.30230690778933833-0.9532093027227293i,0.05756799691106332+0.18228873584069138i
0.972127741481577+0.23445164371994204i,-0.18603213689661516-0.04510581869697512i
-0.7035786895379442+0.7106172672499451i,0.13502915333525717-0.13604656261879636i
-0.24411624973386536-0.9697446519125906i,0.04662790650345301+0.18618908556891564i
0.956172427812639+0.2928039684692916i,-0.1837025721999402-0.05650003028464907i
-0.7452599689733094+0.6667739461961777i,0.14358298730722271-0.1281444785345109i
-0.18503223061624635-0.9827311504388729i,0.03542428563178907+0.18942094671420048i
0.9367179337840559+0.3500847577902767i,-0.18066381736468956-0.06777324922135608i
-0.7842139164141945+0.6204905200954196i,0.15166540513016158-0.11969777048811833i
-0.12527107258886416-0.9921212732904953i,0.023998712180318127+0.19196662968719325i
0.9138354544945227+0.4060843885776628i,-0.1769222980336357-0.07888070115334005i
-0.82029797713116+0.5719363664233506i,0.15924140677337142-0.11073516851087004i
-0.06505147584189808-0.9978806566478591i,0.0123939409850434+0.19381107421375834i
0.8876087299975728+0.4605979262166027i,-0.17248730096899265-0.08977796882459468i
-0.8533800989484833+0.5212891725440141i,0.16627778253158457-0.10128766607862509i
-0.004593818254488902-0.9999882236396795i,0.0006537350734564474+0.194941926839396i
0.8581337388489196+0.5134258745553733i,-0.16737095277974912-0.10042117669561453i
-0.8833392154984467+0.4687342854503244i,0.17274325994748266-0.09138840609424859i
0.05588065109371709-0.9984362614752889i,-0.011177308142344739+0.1953496074639275i
0.8255183468661365+0.5643749059756711i,-0.1615881866461998-0.11076717418521911i
-0.910065689272284+0.41446403347362i,0.1786086433265301-0.08107255731765506i
0.11615062159924394-0.9932304496701396i,-0.023053934998687367+0.19502736458181308i
0.7898819123860574+0.613258568888724i,-0.15515669713801059-0.12077371675081593i
-0.9334617128464098+0.3586770224445134i,0.1838469452230825-0.0703771817331612i
0.17599553103661336-0.9843898392612174i,-0.034930417298414285+0.19397131895108935i
0.7513548494644895+0.6598979700680848i,-0.14809688327363218-0.13039964402957527i
-0.9534416668156115+0.301577408880788i,0.18843350930958302-0.0593410933840761i
0.2351963727214303-0.9719467830884186i,-0.04676073685551526+0.19218049546305446i
0.7100781506167407+0.7041224293220626i,-0.14043178001974738-0.13960505427353423i
-0.9699324331233276+0.24337415286216388i,0.19234612407604224-0.048004709242586485i
0.29353649698085305-0.955946817397044i,-0.05849877209362308+0.18965684303468805i
0.6662028708455252+0.7457701041099725i,-0.13218697847972533-0.1483514743254522i
-0.9828736626423529+0.18428025332608639i,0.19556512684492927-0.036409892718731164i
0.3508024039984164-0.9364484951946845i,-0.07009848591474664+0.18640524239692144i
0.6198895748444804+0.7846885818163755i,-0.12339053506919284-0.15660202439946275i
-0.9922179960267453+0.12451196858302935i,0.19807349762675577-0.024599790445359256i
0.4067845251317292-0.9135231719723407i,-0.08151411404724973+0.18243350170337333i
0.571307749400302+0.8207354375158374i,-0.11407287002472255-0.164321576950892i
-0.9979312370267044+0.06428802490389314i,0.19985694238402693-0.012618663006441416i
0.46127798984376284-0.887254744573952i,-0.09270035307790671+0.17775233993608583i
0.5206351831438432+0.8537787551870322i,-0.10426665563840556-0.17147690894306614i
-0.9999924776321697+0.00382881607572445i,0.20090396531537164-0.000511710303766552i
0.5140833754410917-0.8577393441699532i,-0.10361254737224686+0.17237535813711402i
0.4680573159200299+0.8836976104687627i,-0.09400669465581693-0.1780368468455757i
-0.9983941745871652-0.05664440314495443i,0.20120592981778843+0.011675107718361742i
0.5650074368753629-0.8250849844584496i,-0.11420687409020874+0.1663189985468035i
0.41376656015761326+0.9103825131912253i,-0.08332978931820974-0.18397240372776869i
-0.9931421769948785-0.11691032672959864i,0.20075710783242942+0.023895254249093435i
0.613863813937237-0.7894111663814377i,-0.12444052551033043+0.15960249178165528i
0.35796159672226185+0.9337358080630414i,-0.07227460157068996-0.18925690784357482i
-0.9842557049124535-0.17674840726272345i,0.19955471732831842+0.03610180192804953i
0.6604737132547714-0.7508484408026459i,-0.1342718878853027+0.15224779223585863i
0.30084664782986187+0.9536720320477108i,-0.06088150499730804-0.19386612213865387i
-0.9717672790138292-0.23593966305079175i,0.19759894772837996+0.04824762152840645i
0.7046665626004276-0.7095379307474017i,-0.1436607160647169+0.14427950194142733i
0.2426307296808542+0.9701182271216469i,-0.04919242908040425-0.1977783541482083i
-0.9557226015780317-0.2942674795012305i,0.19489297313316914+0.06028557221933555i
0.746280635112219-0.6656308149529271i,-0.15256830313710676+0.13572478317149103i
0.18352688755064722+0.9830142072692319i,-0.037250696415688414-0.20097455579355372i
-0.9361803892384465-0.351518401838873i,0.19144295324933247+0.07216869261250002i
0.7851636411446155-0.619287774619042i,-0.16095764436297913+0.1266132601199582i
0.12375141613534218+0.9923127787378023i,-0.025100853545978182-0.20343841262756765i
-0.9132121581051396-0.40748291625882493i,0.18725802198201633+0.08385039179225613i
0.8211732855832866-0.5706784053839346i,-0.168793594693161+0.11697691003794106i
0.0635230680059754+0.9979799127465298i,-0.012788496105030182-0.20515642212286136i
-0.8869019620465893-0.4619562166570727i,0.1823502637027194+0.09528463952747437i
0.8541777885841503-0.5199805966769114i,-0.17604301919259283+0.10684994425303329i
0.003062253067991183+0.9999948700171535i,-0.00036008898866824195-0.20611796064245577i
-0.8573460850886013-0.5147389541329253i,0.176734677256662+0.10642615486477174i
0.8840563678310442-0.4673798807194339i,-0.18267493571843943+0.09626867954140797i
-0.05740976804441583+0.9983502766708401i,0.012137217707063108-0.20631533877985184i
-0.8246526890560963-0.5656379665204345i,0.1704291278258349+0.11723059230808797i
0.9106996805471672-0.4130687535568127i,-0.18866064923283235+0.08527140036462251i
-0.11767169368726188+0.9930521512134123i,0.0246557762214124-0.20574384480440067i
-0.788941417747252-0.6144669852790203i,0.16345428681568797+0.12765472479821663i
0.9340102236427142-0.35724597060529784i,-0.19397387716500328+0.07389821252284143i
-0.17750299107581446+0.9841198825102035i,0.03714763136260434-0.2044017759974811i
-0.750342959088551-0.6610473171563893i,0.15583355998459716+0.13765662271784448i
0.9539026905343373-0.3001158192925565i,-0.1985908652742082+0.06219088881363502i
-0.2366847033399343+0.9715861588311301i,0.04956471265128069-0.20229045771623222i
-0.7089985668730581-0.7052084981291447i,0.14759300408544931+0.1471958281631551i
0.9703042833306321-0.2418873714533642i,-0.20249049350402504+0.05019270732052859i
-0.2950002508122498+0.9554968482256535i,0.061859027575578374-0.1994142500730328i
-0.6650595438321597-0.746788917227953i,0.138761232337912+0.15623352374149463i
0.9831549792411737-0.1827737182164174i,-0.2056543713603028+0.0379482829878834i
-0.35223622361678864+0.9359108306654045i,0.0739828551536676-0.19578054217125618i
-0.6186866879325038-0.7856364079643324i,0.12936930909768413+0.16473269517652647i
0.992407750234171-0.12299119018225746i,-0.20806692238807015+0.0255033931681876i
-0.40818316265753196+0.9128997825687568i,0.08588893899677756-0.1913997338903198i
-0.5700497039244531-0.821608805194693i,0.11945063413550011+0.17265828702714758i
0.9980287351388799-0.06275856574611705i,-0.20971545736851796+0.012904797854664904i
-0.46263632614881084+0.8865479144958985i,0.09753067906640867-0.1862852052656823i
-0.5193265822955319-0.8545744653837499i,0.10904081698323258+0.17997735085436897i
0.9999973635629548-0.0022962704628884008i,-0.21059023590383333+0.00020005533569721903i
-0.5153964388823714+0.8569516629743223i,0.10886232132359644-0.18045327356190996i
-0.46670294790163147-0.8844127483633618i,0.09817754184713127+0.18665918520114513i
0.9983064311712564+0.058174429615806045i,-0.21068451610631656-0.012562665971837455i
-0.5662704214891118+0.8242193375825244i,0.11983914447568636-0.17392313818903934i
-0.41237138065970386-0.9110144588237707i,0.08690042362891581+0.19267546678357342i
0.9929621260506263+0.11843223768039904i,-0.20999459215788635-0.02533477873588902i
-0.6150720970267085+0.7884707245834297i,0.13041764303697273-0.16671681366404112i
-0.3565307107879171-0.9342822459215725i,0.07525085563376158+0.19800037232807158i
0.9839840060641457+0.17825663601472644i,-0.2085198195568537-0.03806747018068179i
-0.6616228723073208+0.7498366485580812i,0.14055570593398906-0.1588590508698046i
-0.29938529117238977-0.9541309595420223i,0.06327184958020345+0.20261069052767927i
0.9714049272777496+0.23742869299622743i,-0.20626262792047298-0.05071189701707514i
-0.705752391472011+0.7084584936438185i,0.15021278990369757-0.15037724691387108i
-0.24114424952333263-0.9704879619119087i,0.05100786856024587+0.20648592363146132i
0.9552709237211265+0.2957318642917206i,-0.20322852126399119-0.06321938102531711i
-0.7472991594200751+0.6644876861290161i,0.15935008695378028-0.14130134393743063i
-0.1820207230573811-0.9832933934226311i,0.03850465362866806+0.20960837822384087i
0.9356410389229274+0.35295278531672947i,-0.19942606572943256-0.07554160447966696i
-0.7861111328118001+0.6180851402978547i,0.16793068517816215-0.13166371727227888i
-0.12223107850685783-0.9925003916906758i,0.02580904472816004+0.21196324479572898i
0.9125871098367896+0.4088820520582878i,-0.19486686479026957-0.08763080460410143i
-0.822046276481835+0.5694206695531043i,0.17591972224777305-0.12149905338852002i
-0.061994120310390755-0.9980752630538262i,0.012968796681810729+0.21353866575573305i
0.8861935039489197+0.46331498740375765i,-0.1895655220105386-0.09943996625107046i
-0.8549730832269365+0.5186723649719491i,0.1832845309265886-0.1108442181195239i
-0.0015302898825750866-0.9999976058755085i,0.000032391005989512125+0.21432579157786089i
0.8565568105293005+0.5160523901712171i,-0.1835395914896951-0.11092301200197362i
-0.8847710550658935+0.46602594356907723i,0.18999477599558437-0.09973811569194245i
0.05893914110699622-0.9982603852060232i,-0.01295115568470074+0.21431882483172088i
0.8237854871564173+0.5669012641002936i,-0.1768095161759779-0.12203498889760747i
-0.9113311442104222+0.411674068652114i,0.19602258200253084-0.08822153912781452i
0.11919288049307797-0.992869958527443i,-0.025932485893614122+0.21351505189154787i
0.7879994628090694+0.615675524135648i,-0.1693985542824306-0.1327322510202252i
-0.9345561521332716+0.3558156447566021i,0.20134265129341805-0.07633701262276699i
0.1790104254491231-0.9838460524879562i,-0.0388620972806596+0.21191486217196667i
0.7493296989777782+0.6621966774184116i,-0.16133269408980838-0.1429726371653036i
-0.9543610852731172+0.2986550897407679i,0.20593237182141624-0.06412862653847698i
0.23817286943299387-0.9712216907108024i,-0.051690539716050025+0.20952175479047075i
0.7079177104019365+0.7062944764934457i,-0.15264055746951355-0.15271564286081105i
-0.9706734660745168+0.24040158670389072i,0.20977191427155137-0.05164186567928826i
0.29646370329095395-0.9550430729419803i,-0.06436861253692586+0.20634233260922646i
0.6639150471865993+0.7478075423419603i,-0.14335329250730014-0.1619225860147807i
-0.98343359822466+0.1812683184659381i,0.21284431808352458-0.03892343155159329i
0.3536696075882541-0.9353694059790113i,-0.0768475611927534+0.2023862836613542i
0.6174827401941405+0.7865839549594635i,-0.13350445565459293-0.17055676549789706i
-0.9925947851162517+0.12147168740993697i,0.21513556600128686-0.026021059330532427i
0.40958123326670604-0.9122726869994657i,-0.08907927246748801+0.19766635002007557i
0.5687907117404065+0.8224818093177755i,-0.12312988387829704-0.17858361199674225i
-0.9981235007370516+0.06123052354212674i,0.2166346468254637-0.012983330281273475i
0.4639939677723919-0.8858374400821942i,-0.10101646747129396+0.19219828422118618i
0.5180171537519691+0.8553697346765297i,-0.11226755732230341-0.18597083050503688i
-0.9999995123606931+0.0007652836680546723i,0.21733360609384134+0.00014051959819338895i
0.5167086838497933-0.8561604068854762i,-0.1126128916037048+0.1860007934017473i
0.4653478756601495+0.8851273753437026i,-0.10095745303399228-0.19268853385468696i
-0.9982159545897777-0.05970275538471796i,0.21722758446534157+0.013300793929361062i
0.5675324682620875-0.8233501926140687i,-0.12382350070175692+0.17909547136925152i
0.41097562441824453+0.9116458311257896i,-0.08924139034670052-0.19870936672541176i
-0.992779354480283-0.1199523065448368i,0.21631484363412506+0.026447532504204226i
0.6162793277707979-0.7875268685707683i,-0.13460464260223773+0.17150671886600038i
0.3550993791304018+0.9348280558557783i,-0.07716286854442003-0.20400861961096434i
-0.9837096076553372-0.17976288231286458i,0.2145967796522817+0.03953070922864613i
0.6627708697912238-0.7488215327469748i,-0.14491423336560336+0.16326165234296397i
0.29792362287349416+0.9545892125404682i,-0.06476689746764393-0.2085643322616457i
-0.9710399054957806-0.2389156016509005i,0.21207792359203642+0.05250043064599812i
0.7068369552327386-0.7073758300603077i,-0.15471192743101805+0.15439000160542984i
0.23965759437681988+0.9708569838274557i,-0.05209982174902653-0.212357386166293i
-0.9548166136739534-0.2971939909932392i,0.20876592953127604+0.06530713422493155i
0.7483163211348403-0.6633414339949977i,-0.16395928099682408+0.14492399673943018i
0.18051452229815346+0.983571836655607i,-0.039209139394587006-0.2153715856823734i
-0.9350991024752366-0.3543847764467162i,0.204671549898787+0.07790178559705165i
0.7870571708203764-0.6168794915420303i,-0.1726199079485189+0.13489824477274373i
0.12071084489837097+0.9926872401205119i,-0.026143315450033473-0.21759372746996475i
-0.9119595295282868-0.4102786642816243i,0.19980859826845468+0.09023607393315908i
0.8229177294062365-0.5681600334703191i,-0.18065962768709176+0.12434959656729253i
0.060465417970306135+0.998169835757624i,-0.012951591512595098-0.21901365793379876i
-0.885482575739084-0.46467110685693974i,0.19419389974385187+0.10226260465462662i
0.8557667626385743-0.5173613520870652i,-0.1880466042440479+0.11331700448059018i
-0.0000012860795229885369+0.9999995596199227i,0.00031620813359948375-0.2196243184275363i
-0.8557651353951587-0.5173630511769007i,0.18784722912638208+0.11393508868709534i
0.8854840571538569-0.46466934876443233i,-0.19475147610524954+0.10184137137252003i
-0.060467985065299656+0.9981697157033509i,0.013609872966267065-0.2194217780249637i
-0.8229159615740845-0.5681616673395431i,0.18079123711101017+0.12520852747779423i
0.9119608604081807-0.4102768536203091i,-0.2007474762044543+0.0899653915699149i
-0.12071339681974025+0.9926870004513129i,0.0268790044544657-0.2184052537147664i
-0.7870552681538896-0.6168810542113825i,0.1730513648033886+0.1360393930151634i
0.9351002786649082-0.35438291984283676i,-0.20601054158785057+0.07773338443497521i
-0.18051704899185572+0.983571478248568i,0.040073215257955375-0.2165771179274402i
-0.7483142898818549-0.6633429197457787i,0.16465574690094578+0.14638580211004343i
0.9548176315841587-0.29719209524116896i,-0.21051941229387333+0.065191121214488i
-0.23966008588113435+0.9708565079941929i,0.05314232858120499-0.2139428933557306i
-0.7068348021116634-0.7073772334553075i,0.15563510392743984+0.1562076842213715i
0.9710407621165112-0.23891367368827854i,-0.21425571903714613+0.052385645874757775i
-0.29792606935547805+0.9545886210223274i,0.06603657686614049-0.2105112350826264i
-0.662768601966452-0.7488228486503699i,0.14602262395613524+0.16546694213602087i
0.9837103005668354-0.179760929195207i,-0.217204059331973+0.039365090652284655i
-0.35510177092187506+0.934827350817462i,0.07870679901036322-0.20629390008362702i
-0.616276952826489-0.7875280921669164i,0.13585383430035908+0.17412760484200446i
0.9927798818618948-0.11995033541971598i,-0.21935206173855146+0.026178487072177927i
-0.410977952051171+0.9116450151474353i,0.09110463530362849-0.20130570422237293i
-0.5675299941744125-0.8233513194251334i,0.12516646369181206+0.18215597196659253i
0.9982163152266198-0.059700773465606004i,-0.22069043796440277+0.012875573205085564i
-0.46535012990128516+0.885126451411441i,0.10318271928481672-0.1955644669106249i
-0.5167061189577458-0.8561614327878122i,0.11400029550642814+0.18952074918592546i
0.9999997056480945+0.000767269128184003i,-0.22121302260403494-0.0004934020509834018i
-0.5180193256366528+0.8553687061715565i,0.11489486573444266-0.18909094365462523i
-0.46399132074726973-0.8858383613214392i,0.10239701263475216+0.19619317405007144i
0.9981235266827698+0.061232505277341504i,-0.22091680035064157-0.0138778768652907i
-0.5687927926053664+0.8224806800039774i,0.12619625403383067-0.18190874676010815i
-0.4095785130803794-0.9122735002042792i,0.0904000346281475+0.2021471317073071i
0.9925946443404424+0.1214736581679366i,-0.21980192056612435-0.02722717573793222i
-0.6174847217091975+0.7865827289696447i,0.13704360614139022-0.17404425451717903i
-0.3536668234803317-0.9353701081734132i,0.07805434778421363+0.20735926005325103i
0.9834332919576088+0.1812702710345939i,-0.21787169914752896-0.04049070931923778i
-0.6639169213851532+0.7478062241627175i,0.14739535845877627-0.16552650923386908i
-0.29646086473497085-0.9550436615562402i,0.06540632886378417+0.21180904387440724i
0.9706729961521348+0.24040351393763926i,-0.21513260768103074-0.05361817396982242i
-0.7079194697101188+0.7062930709487489i,0.15721182688535051-0.15638710453336285i
-0.23816998610173967-0.9712221635908439i,0.05250356315805632+0.21547889760127328i
0.9543604541302242+0.2986569845867605i,-0.21159424992684395-0.06655975024744294i
-0.7493313362421695+0.6621951896519515i,0.1664553643875459-0.14666006237396434i
-0.17900750717924785-0.9838464079032424i,0.03939465764747548+0.21835423633335227i
0.9345553627946869+0.35581750028051573i,-0.20726932573098086-0.07926629951142738i
-0.7880009713228793+0.6156739595920118i,0.17509051044102453-0.1363817002933752i
-0.11918993724909094-0.9928701951773056i,0.02612905001420446+0.2204235348472032i
0.9113302002798913+0.4116758780635271i,-0.20217358251176568-0.0916895578436458i
-0.8237868606840261+0.5668996285050394i,0.18308413173740604-0.12559048941900605i
-0.05893618294480124-0.9982605022244257i,0.012756814286576807+0.22167837434814394i
0.8847699607129036+0.4660277002463208i,-0.19632575451999665-0.10378232649634984i
-0.8565580433290808+0.5160506895099213i,0.19040555358357364-0.11432690382385646i
0.001533252852479905-0.9999976028342137i,-0.0006715360923639082+0.22211347677726173i
0.854971843171456+0.5186740624863384i,-0.18974749012248904-0.11549865809198447i
-0.8861945907942477+0.4633132279001112i,0.1970266814604243-0.10263326184309231i
0.061997077959912716-0.998075139963964i,-0.014105246969923177+0.22172672653662903i
0.8220448959770404+0.5694223016924649i,-0.1824632674075932-0.12679403781800175i
-0.9125880460351716+0.40888024015131885i,0.2029221122487394-0.09055355999919107i
0.12223402072737477-0.9925001490027021i,-0.027493523153298907+0.2205191795478138i
0.7861096176248527+0.6180867010892563i,-0.17450029845963438-0.13762555888080732i
-0.9356418203331724+0.3529509276372401i,0.20806923467291774-0.07813330021364359i
0.1820236397967348-0.98329303202468i,-0.040785728230988236+0.21849505961096882i
0.7472975158110144+0.6644891698606322i,-0.16588842269558646-0.14795209150716454i
-0.9552715467685035+0.29572996763802073i,0.2124483185578911-0.0654193110105194i
0.24114713082261446-0.9704874831265413i,-0.05393158373334986+0.2156617420842366i
0.7057506261708476+0.7084598948858287i,-0.15665998970214004-0.1577344448084613i
-0.9714053889670662+0.23742676430925547i,0.21604259254124936-0.052459563441366264i
0.29938812720238694-0.9541303651213879i,-0.06688136682292467+0.21202972495550898i
0.6616209924894048+0.7498379621825406i,-0.14684973205438678-0.1669355208531657i
-0.9839843039907112+0.17825468235264935i,0.21883830993013292-0.03930298248224098i
0.3565334918850825-0.9342815380409955i,-0.07958610571185051+0.20761258743041677i
0.6150701102864727+0.7884719457830366i,-0.1364946286380697-0.17552046032544316i
-0.9929622584090512+0.11843026619278149i,0.22082480244183028-0.025999254671606083i
0.41237409736152153-0.91101364007379i,-0.0919977720136903+0.202426936211781i
0.5662683358122795+0.8242204618882121i,-0.12563375903622415-0.18345677918311304i
-0.9983063967620599+0.05817244751744704i,0.2219945216170148-0.012598632772732583i
0.4667055909812442-0.8844118217402512i,-0.10406946925037008+0.19649233969641272i
0.5153942626167304+0.8569526862716144i,-0.11430814957723823-0.19071449576573388i
-0.9999971617969534-0.002298255918359274i,0.22234306774559479+0.000848261744263571i
0.5193291427955087-0.8545734342785529i,-0.11575561675139197+0.1898312503644723i
0.4626340679736657+0.8865488330399658i,-0.10256061167506389-0.19726624784335856i
-0.998028366039345-0.0627605472927849i,0.22186920619656636+0.014290637597400388i
0.5700521731895685-0.8216076733808115i,-0.1270121282023516+0.1824689156851891i
0.4081808315519404+0.9129005929981221i,-0.09043557312358579-0.2030873991385786i
-0.9924072144367421-0.12299316056851156i,0.22057487109548396+0.027677733156613857i
0.6186890576414132-0.7856351795837196i,-0.1377965841223952+0.17443327790941432i
0.352233828826703+0.9359115300142443i,-0.07797890303524126-0.20815613489808454i
-0.983154277991534-0.18277567023148977i,0.21846515634495262+0.040959015666676445i
0.6650618060278513-0.7467875967759552i,-0.14806839757622858+0.16575486316507065i
0.29499780181667995+0.9554974339346513i,-0.0652377311395527-0.2124535461356941i
-0.9703034184799485-0.24188929795371727i,0.21554829403591091+0.05408437942148852i
0.7090007139919724-0.7052070904380492i,-0.15778897245464235+0.15646666031476703i
0.2366822098162587+0.9715866287568422i,-0.05226026217945379-0.2159637022156177i
-0.953901664532486-0.3001177132280257i,0.21183562034902123+0.06700434208718903i
0.7503449839882603-0.6610458273777416i,-0.16692185368915066+0.14660399007669908i
0.17750046286436638+0.9841202349329037i,-0.03909558616264814-0.21867371149324608i
-0.9340090395293159-0.35724782504489194i,0.20734152909694575+0.07967023838018795i
0.7889433137325981-0.6144654188647714i,-0.17543286880002917+0.13620436494913893i
0.11766914075531604+0.9930523848433842i,-0.02579348524132185-0.22057376978006854i
-0.9106983419404628-0.4130705617140783i,0.2020834131089011+0.09203441031807974i
0.8246544499036922-0.5656363292029878i,-0.1832902602136153+0.1253073405160523i
0.05740720044971315+0.9983503906530984i,-0.012404238006258056-0.2216571964496582i
-0.884054878914654-0.46738163597729165i,0.1960815937083401+0.1040503932764576i
0.8573477050696069-0.5147372519041606i,-0.19046480782326486+0.11395435874585826i
-0.003064825214049327+0.9999948639345726i,0.0010215780088696168-0.2219204580528342i
-0.8541761540917627-0.5199822926118709i,0.189359238583527+0.11567309710307787i
0.8869034359476752-0.46195445574641636i,-0.19692994130931513+0.10218858392758276i
-0.06352563457533267+0.9979797866213687i,0.014433284811144852-0.22136317936136266i
-0.821171510781337-0.5706800357896014i,0.18194226839763497+0.12685898156200248i
0.9132134812475657-0.4074811031104544i,-0.2026618417759767+0.09005473191773732i
-0.12375396702035013+0.9923125330316251i,0.027780302615246638-0.2199881418114452i
-0.785161731813011-0.619289333528831i,0.17385925253104445+0.13756622540484514i
0.9361815574951856-0.3515165430881333i,-0.2076395323077499+0.07759889339790797i
-0.18352941270105533+0.983013842881218i,0.04101234788905383-0.21780126936996108i
-0.746278597523188-0.6656322966618974i,0.16514129439222+0.14775488839339393i
0.9557236113888716-0.2942655819503519i,-0.2118449570939721+0.0648683518663566i
-0.2426332191405896+0.9701177453852996i,0.05407962997758878-0.21481160189805187i
-0.7046644034955659-0.7095393298331341i,0.1558219067759126+0.15738706562796084i
0.9717681273984011-0.23593773364399617i,-0.21526304881753192+0.051911397107505405i
-0.30084909177346414+0.9536714347259787i,0.06693304551183435-0.2110312561376345i
-0.6604714398203703-0.750849752145087i,0.14593687778730524+0.16642703356828187i
0.9842563894811399-0.17674645306081177i,-0.2178817840525325+0.03877713490047682i
-0.3579639854908406+0.9337350973418657i,0.0795243698194745-0.20647537449728676i
-0.6138614337779852-0.789412385181637i,0.13552412788859172+0.17484138716907122i
0.9931426959575582-0.11690835488411144i,-0.21969222646518158+0.025515293741915416i
-0.41376888429419406+0.9103816916715406i,0.09180644456820446-0.2011620618633107i
-0.5650049579865155-0.8250861062561213i,0.12462355865997425+0.18259916758961411i
0.9983945267597629-0.056642420872000165i,-0.2206885576626419+0.012176029369312788i
-0.46805956620416467+0.8836966811569782i,0.1037333608890187-0.19511231071083254i
-0.5140808061792119-0.8577403648597994i,0.11327689389985052+0.18967197997647936i
0.999992662440991+0.003830801521877914i,-0.22086809558537243-0.00119027212141884i
-0.5206373506253517+0.8537777214840305i,0.11526063724692055-0.18834991483693514i
-0.46127533889614075-0.8872556604206856i,0.10152751371931594+0.19603410085999326i
0.9979312545105347+0.06429000625736436i,-0.22023130038992256-0.014533191766101084i
-0.571309825432026+0.8207343032045282i,0.12634539134917716-0.1809013720840829i
-0.4067818014845894-0.9135239796243558i,0.08942028231353398+0.20166257474856583i
0.9922178468367072+0.12451393859291526i,-0.21878176782023395-0.02780247503108261i
-0.6198915511139287+0.7846873510478509i,0.1369465054072849-0.17279577646635055i
-0.35079961690403333-0.9364491916963211i,0.07700137011707875+0.20653729955001188i
0.9828733480395232+0.18428220478299578i,-0.21652621011703507-0.04094822812407915i
-0.6662047394052939+0.7457687813883176i,0.1470247840971217-0.16406470015358546i
-0.2935336559236898-0.9559474001994052i,0.06431807107204625+0.21064110049547502i
0.9699319549741237+0.24337607862460184i,-0.213474424565591-0.05392111252593786i
-0.7100799039135965+0.7041210194878706i,0.15654310459325382-0.15474206580934696i
-0.23519348738343054-0.9719472500586968i,0.0514186157560996+0.2139597922893723i
0.9534410275849603+0.30157930190129034i,-0.20963924983274732-0.0666725369612726i
-0.751356480367012+0.6598964782807442i,0.16546655808682886-0.14486400981674588i
-0.1759926112617709-0.9843901886905025i,0.0383519811331523+0.21648222925747265i
0.9334609155887276+0.3586788757954371i,-0.20503651029358433-0.0791548460379643i
-0.7898834142107378+0.6132570006075365i,0.173762582232917-0.1344687369626688i
-0.11614767735757536-0.9932306802796711i,0.02516769770154502+0.2182003433149418i
0.9100647376202976+0.4144658403724965i,-0.199684948597015-0.09132150480079383i
-0.8255197134018348+0.5643732669398727i,0.18140108401120153-0.12359636718444793i
-0.05587769244477786-0.9984363724211336i,0.011915654823411217+0.2191091696263414i
0.8833381136498997+0.46873603928467883i,-0.19360614676699608-0.1031272784629875i
-0.8581349643795959+0.5134241707631318i,0.18835455252444797-0.11228877501423909i
0.004596781198419553-0.9999882145158243i,-0.0013540949751907607+0.21920685988016841i
0.8533788516507749+0.5212908668955654i,-0.18682443618241804-0.11452840660066342i
-0.8876098093232048+0.4605961639030667i,0.19459816130147897-0.10058942238480738i
0.06505443295282276-0.997880527487693i,-0.014591531941598235+0.21849468315164164i
0.82029658966397+0.571937995091499i,-0.17936679682341722-0.1254827711196748i
-0.9138363829501358+0.4060825741921435i,0.20010985971514222-0.08854318548596288i
0.12527401376013186-0.9921210245666889i,-0.02774686448024573+0.21697701437782754i
0.7842123945701637+0.6204920771199389i,-0.17126274621467716-0.13595005733122942i
-0.9367187072567945+0.35008289797264647i,0.20487045317140673-0.07619617638369879i
0.1850351457995384-0.982730783061649i,-0.04077072319599612+0.21466131052023857i
0.7452583190368397+0.6667754258790264i,-0.16254421853771855-0.14589190750269826i
-0.956173042756819+0.2928020700256846i,0.20886367177230988-0.06359556013363529i
0.244119128975968-0.9697441672263916i,-0.05361435281763956+0.21155807453995593i
0.7035769182622009+0.7106186641761183i,-0.15324543442279825-0.15527206628209836i
-0.9721281949316607+0.23444971359784766i,0.212076227203471-0.05078936813707635i
0.3023097412685662-0.9532087025012987i,-0.06622980123275847+0.20768080735982383i
0.6593207282843241+0.7518613445756206i,-0.14340276196822827-0.1640565174296272i
-0.9845257747719677+0.17523937327008776i,0.21449785764554696-0.037826308501461105i
0.3593940300104994-0.9331849015905993i,-0.07857010487887273+0.20304594803712855i
0.6126517077647242+0.7903525365677408i,-0.13305456956916276-0.17221361132661492i
-0.9933204124562975+0.11538773347620239i,0.21612136055857878-0.024755574177175634i
0.4151630912043184-0.9097460430118423i,-0.09058946975276727+0.1976728024175628i
0.5637406452891668+0.8259513789093772i,-0.12224107116984013-0.17971418277124246i
-0.9984799233851945+0.055113825530803726i,0.2169426132379987-0.01162664964983789i
0.46941283402093287-0.8829779029279733i,-0.102243447319562+0.19158346058771683i
0.5127665343547374+0.8585275951158156i,-0.11100416458285209-0.18653165861140858i
-0.9999854259630108-0.005361773931290579i,0.21696058109145677+0.0015108830290213107i
0.5219447276844538-0.8529784412433905i,-0.11348910462605363+0.18480270348834096i
0.45991591833046686+0.8879619702167503i,-0.09938726354517838-0.19264215480795918i
-0.9978314106964398-0.06581775017087277i,0.21617731363588968+0.014607538089474141i
0.5725665280096293-0.8198574431127368i,-0.12428518794828385+0.1773578990937248i
0.405382207788659+0.9141467870319108i,-0.08743512420487802-0.19802456256567877i
-0.9920257603569009-0.1260328602613076i,0.2145979282642818+0.027614118988063416i
0.6210929809330551-0.7837361171743529i,-0.1345922793317357+0.16927888860418433i
0.3493649727052036+0.936986220369713i,-0.07519366675284511-0.2026606232151511i
-0.9825897211329765-0.1857867427426918i,0.2122305818816414+0.04048190967515841i
0.6673465004635389-0.7447466519786777i,-0.14437294541330065+0.1605978631381674i
0.292069212119116+0.956396687706333i,-0.06270979293192354-0.20653499157553656i
-0.9695578248784815-0.2448607240502218i,0.20908643055872464+0.053162863419009686i
0.7111578185706129-0.7030317322348898i,-0.1535918779474685+0.1513492314476771i
0.23370460392403597+0.9723071550618729i,-0.050031200170373005-0.2096352875760017i
-0.9529777627406988-0.3030386187655917i,0.20517957740071213+0.06560978843287824i
0.7523666046328785-0.6587440166461072i,-0.1622160254948217+0.14156947921612906i
0.1744847375371255+0.984659396954241i,-0.03720619309826329-0.2119521359622721i
-0.9329102106312467-0.36010752076284147i,0.20052700887549935+0.07777652956699845i
0.7908220521792703-0.6120455792440511i,-0.17021471576859704+0.13129702053022738i
0.11462633225347096+0.9934082094794274i,-0.024283493213708533-0.21347919396385018i
-0.9094286071782858-0.4158585823534038i,0.19514851989260568+0.08961814534536136i
0.8263834307760185-0.5631073162676513i,-0.1775597681747014+0.12057204214762535i
0.054348444146472386+0.9985215757383914i,-0.011312047471158854-0.21421316684707045i
-0.8826188849726547-0.47008777857901113i,0.18906662796888737+0.10109107964858477i
0.8589206010396352-0.5121083207561532i,-0.18422559612222197+0.10943634120978439i
-0.006128335583368172+0.9999807830051718i,0.0016591634341877718-0.21415381132872788i
-0.8525791560914723-0.52259665385548i,0.18230647686047474+0.11215332736815646i
0.8883144908912078-0.4592352271454592i,-0.19018929872424456+0.0979331570738854i
-0.06658268787756999+0.9977804912074326i,0.014581316312787267-0.21330392687479938i
-0.8194193530500389-0.5731930482349759i,0.17489573008248782+0.12276459338409343i
0.9144575313091043-0.40468152826619275i,-0.19543074155367643+0.08610699795974255i
-0.1267933757524412+0.9919287524688358i,0.02740593548953463-0.211669334958002i
-0.7832608264960138-0.621691800628952i,0.16686445477764006+0.13288644424738813i
0.9372540499854246-0.34864686724298i,-0.1999326261642849+0.07400346312645648i
-0.1865400539314897+0.9824469816417247i,0.04008508081387122-0.20925884639694683i
-0.7442359011181243-0.6679154264182654i,0.15824499643300896+0.14248245198048173i
0.956620621445587-0.2913363068862972i,-0.2036805481340405+0.06166906130941336i
-0.24560407521456618+0.9693698779379547i,0.05257153292096798-0.20608421694781423i
-0.7024873913945968-0.711694766970711i,0.14907184497972362+0.1515183294430014i
0.9724863723497631-0.23295957925059274i,-0.2066630434354823+0.04915102616112068i
-0.3037692906327795+0.9527452979446704i,0.06481897500734443-0.20216009136683044i
-0.6581680789534587-0.7528696086890164i,0.13938149284382834+0.15996205674641228i
0.9847932408588816-0.1737303181049799i,-0.20887162298623765+0.036497129449027096i
-0.36082284046095586+0.9326340804897357i,0.07678217040117116-0.19750393620821402i
-0.611440153457351-0.7912892693238468i,0.1292122855473703+0.16778399823948303i
0.9934961891160418-0.11386527712532933i,-0.21030079528134443+0.023755492770026577i
-0.4165559331928781+0.9091098239977355i,0.08841713522702903-0.1921359616671787i
-0.5624746190589713-0.8268131494061695i,0.11860426548712921+0.17495700962652944i
0.9985633680657404-0.053583536668841546i,-0.21094807705821153+0.010974398544768045i
-0.47076460962858885+0.8822586171513254i,0.09968130548746085-0.18607903282135066i
-0.5114506685992654-0.859311246780966i,0.10759900954402037+0.18145653482237525i
0.9999762340077457+0.0068942979660364095i,-0.21081399199392145-0.0017978989448788978i
-0.5232504892775293+0.8521787238436049i,0.11053369790874373-0.17935857066568495i
-0.4585550278385365-0.8886646323593282i,0.096239461198972+0.18726069219101416i
0.9977296164590812+0.0673469038603238i,-0.20990205748345722-0.014513361714805485i
-0.5738214963459923+0.8189802235744386i,0.12093506392625945-0.17200244337658077i
-0.4039812721202996-0.9147658853478797i,0.0845697578511866+0.19235034985983399i
0.9918317370757752+0.12755305042140327i,-0.2082187595958534-0.027124354679692587i
-0.6222925626520943+0.78278460860673i,0.1308480362149319-0.16404084827873452i
-0.3479291179686037-0.9375194863627769i,0.07263505405150186+0.19670918984672367i
0.9823041795651284+0.1872924089920418i,-0.20577351635317928-0.03958382995088778i
-0.6684863048958913+0.7437243393568841i,0.14023726720299823-0.15550618502470506i
-0.2906036922112679-0.9568421669896613i,0.06048134137775615+0.20032376078407146i
0.9691818106986069+0.24634635915871558i,-0.2025786295243337-0.051845508098063486i
-0.7122336738061299+0.7019423596465293i,0.14906955904201047-0.14643292053107101i
-0.23221478130372708-0.9726632145103162i,0.048155265689937554+0.20318351907113094i
0.9525126527144243+0.304498788808497i,-0.19864922517172515-0.06386405565677383i
-0.7533745727880252+0.65759157358948i,0.15731398454303477-0.13685744624650437i
-0.1729760636006405-0.9849247306808682i,0.035703942510750195+0.20528085833383727i
0.9323577075767597+0.36153688500663755i,-0.19400318323392748-0.07559525818211554i
-0.791758443808092+0.6108342860283041i,0.164941998627486-0.12681792835618977i
-0.11310432738482074-0.9935818436145119i,0.023174771282004628+0.20661112711950666i
0.9087907337347487+0.4172519128005734i,-0.18866105647101777-0.08699618816959032i
-0.8272448183719262+0.5618416085682554i,0.17192753988185908-0.11635415155359771i
-0.052818677515158896-0.998602871993356i,0.010615249248909164+0.20717263480207151i
0.8818979761982164+0.4714399791002678i,-0.18264597914132083-0.09802536718782591i
-0.8597038315786113+0.5107928333822365i,0.17824712184718483-0.105507357034118i
0.007660266403123561-0.9999694410084519i,-0.0019272142771789961+0.20696664572165185i
0.8517778509179537+0.5239027788394137i,-0.17598356581886607-0.10864292159411094i
-0.8890166973705196+0.45787477707839397i,0.1838799137177575-0.0943200753862487i
0.06811117739154426-0.9976765496037054i,-0.014405482531523404+0.20599736163026194i
0.8185405846255785+0.5744483206868689i,-0.16870180079921218-0.1188107312323657i
-0.9150761432393033+0.40328109703151127i,0.18880781016796055-0.08283595507392363i
0.1283128310601142-0.991732588777599i,-0.026772874045866774+0.2042718925626761i
0.7823078114510025+0.6228916296525291i,-0.1608309185780938-0.1284925705442665i
-0.9377868027972349+0.3472115826801287i,0.19301549007167162-0.07109958721885952i
0.1880449151936589-0.9821593108757363i,-0.03898334280770036+0.2018002162984586i
0.7432121277937193+0.6690554240164034i,-0.15240327592152422-0.1376542415575667i
-0.9570655647772577+0.28987142438294555i,0.1964904639248999-0.05915632740378286i
0.2470888359999716-0.9689917499865932i,-0.05099165511474476+0.19859512662678105i
0.7013966070768896+0.7127707641036256i,-0.14345321607830888-0.14626369825095828i
-0.9728418771845541+0.2314704625101696i,0.19922310982925776-0.04705211522669255i
0.30522851806927986-0.9522780937317907i,-0.06275356242694091+0.19467217067052542i
0.6570142761600173+0.7538776705311585i,-0.13401692571551252-0.15429116183223654i
-0.9850580054865667+0.17222241951782138i,0.20120669794112891-0.034833292342244686i
0.3622511951175085-0.9320795069200808i,-0.07422596953771246+0.1900495755697662i
0.610227555326318+0.7922257096636753i,-0.12413228518472669-0.16170922650548297i
-0.9936692438966093+0.11234411781526943i,0.20243740333885332-0.02254641972945734i
0.41794818861956484-0.9084699077103962i,-0.08536709740807448+0.1847481648667379i
0.5612076638941913+0.8276745441361035i,-0.11383871275143487-0.1684929553436438i
-0.998644078977859+0.0520546862882689i,0.20291430730767196-0.010238094924765784i
0.47211567148318057-0.8815356971031133i,-0.09613664003193405+0.1787912649749558i
0.5101339936279978+0.8600944464281487i,-0.10317700344179-0.1746199659250038i
-0.99996430496901-0.008425241618715957i,0.20263938708951326+0.0020452300435090756i
0.5245554139685904-0.8513754427494715i,-0.1064959147280431+0.17220460215397917i
0.45719345224119295+0.889366773611346i,-0.09218916318003514-0.18007050543516184i
-0.9976250904095476-0.06887433532622704i,0.20161749419143632+0.014257429289487238i
0.5750755091243052-0.8180995182362745i,-0.11640800528352226+0.16501619044801066i
0.4025797793943134+0.9153844015312559i,-0.0809182389060622-0.18482751498067182i
-0.9916349958208184-0.12907137709474298i,0.19985632139297102+0.026352881552092887i
0.6234910750841913-0.781829699165931i,-0.1258378974057551+0.15725621108157573i
0.34649283769096806+0.9380521168358975i,-0.06940814537592632-0.18887668290542847i
-0.9820159423781986-0.18879607158666378i,0.19736635863786708+0.03828664581678521i
0.6696249316557525-0.7426987175100139i,-0.13475260597320765+0.14895688383788072i
0.289137881266484+0.9572869654157505i,-0.05770348935839131-0.19220648694694206i
-0.9688031316889968-0.24782985205270033i,0.19416083804052442+0.05001463338290501i
0.7133082487235941-0.7008497758672101i,-0.1431212936115408+0.14015233097588328i
0.23072480464586437+0.9730185559801947i,-0.04584939194787094-0.1948082251157518i
-0.9520449169696824-0.30595668019237343i,0.19025566828042278+0.06149377570060259i
0.7543811640951852-0.6564360234032682i,-0.15091538015912534+0.1308784342699944i
0.17146737461990674+0.985189317659424i,-0.03389130971863183-0.19667603522791002i
-0.931802626093864-0.36296383676147326i,0.18566935870023057+0.0726821873217939i
0.7926933685278761-0.6096199953907816i,-0.15810864262510002+0.1211726857815287i
0.11158244795049466+0.9937547106891211i,-0.021874855446185254-0.19780690306710028i
-0.9081503371585917-0.41864270003320014i,0.1804229334635591+0.08353932333254402i
0.8281046557962162-0.5605730183998453i,-0.16467730528400146+0.11107403299386676i
0.051289177767918415+0.9986833894068795i,-0.009845619120321725-0.1982006591994352i
-0.881174607390316-0.4727895092641473i,0.1745398361672589+0.09402613065995502i
0.8604854357865636-0.509474583316341i,-0.17060011959286359+0.10062271896309864i
-0.00919178843552576+0.9999573169638747i,0.0021510100305848316-0.19785996451021395i
-0.8509741563825872-0.525206110371173i,0.16804582534031862+0.10410519267445507i
0.8897172087412872-0.45651168848232737i,-0.175858433659711+0.08986011815328704i
-0.06963911628066055+0.9975718313319903i,0.014070019791933988-0.19679028457764752i
-0.8176595048247104-0.5757006810903009i,0.16096886129640614+0.11374086653868241i
0.9156929989170194-0.40187815536236415i,-0.18043625103652713+0.0788285686396632i
-0.1298315944902625+0.9915356623648401i,0.02586694879042183-0.1949998530435453i
-0.781352570043458-0.6240884329638805i,0.15333898484008965+0.12289941278640477i
0.9383177460699657-0.3457739192401351i,-0.18432027865431228+0.06757120137465239i
-0.18954894442739917+0.9818708998502503i,0.037498057208555556-0.1924996241850863i
-0.7421862198379752-0.6701922875870344i,0.1451881883577348+0.13154911664929064i
0.957508653335601-0.2884042975411196i,-0.1874999637631868+0.05613176722003657i
-0.24857262622069937+0.9686129126711165i,0.048920493714264074-0.18930321493494046i
-0.7003037862406605-0.7138435246386227i,0.13655027985220974+0.13966040068538918i
0.9731954902296562-0.2299792384589302i,-0.18996751978614587+0.04455446245428732i
-0.30668663852649247+0.9518102193704718i,0.060092457952387594-0.18542683663875384i
-0.6558585409834424-0.7548823993252062i,0.12746074050679287+0.14720592830104887i
0.9853208496615519-0.1707125526350321i,-0.19171794104063844+0.032883753466507355i
-0.36367830900102033+0.9315243105944434i,0.07097335796652121-0.18088921687954249i
-0.6090131345890212-0.7931587269784331i,0.11795657638696085+0.15416069779723257i
0.9938403580197096-0.11082113070355637i,-0.19274900632811+0.021164201348347685i
-0.4193390725899431+0.9078294240628758i,0.08152396194340696-0.17571151173741217i
-0.5599390011397614-0.8285324326664671i,0.1080761649095769+0.1605021266118803i
0.9987228375599282-0.0505241495646649i,-0.19306127143687757+0.00944028709174809i
-0.4734652347869244+0.8808122728911405i,0.09170654369865902-0.16991720889009745i
-0.5088157309025273-0.8608740638081218i,0.09785909672709885+0.16621012547165193i
0.9999504205025451+0.009957729708838469i,-0.19265805064898306-0.0022437619056451664i
-0.5258587170681062+0.8505717282573471i,0.10148502135101277-0.16353202199525257i
-0.45583041310538175-0.8900652639137501i,0.08734601368975486+0.17126716220918534i
0.9975186144208429+0.07040316939633146i,-0.19154538738598498-0.013844143334689304i
-0.5763277817744925+0.8172184575762655i,0.11082508866329611-0.1565837768286395i
-0.4011769512713059-0.9159992057191993i,0.0765784435611581+0.175658315045604i
0.9914363186814018+0.13059096513043802i,-0.18973201417241567-0.025317648787700885i
-0.6246877337894923+0.7808745195040834i,0.1196943385608612-0.14910228968352046i
-0.34505535361452455-0.9385809821277499i,0.06559863217243087+0.17937131518198463i
0.9817257918762382+0.19030085541007574i,-0.18722930213828692-0.036621829223949735i
-0.6707615964437805+0.7416729172561105i,0.12806237837295822-0.14111923856549835i
-0.287671001096281-0.9577279535293586i,0.05444937370674606+0.18239657858819525i
0.9684225703659098+0.2493143276630192i,-0.18405120032364894-0.047715156438703304i
-0.7143807591739506+0.6997571118720911i,0.13590093637887873-0.13266802774364764i
-0.22923389581866566-0.9733700502261632i,0.04317383981000113+0.18472722692225818i
0.9515753382316884+0.3074154179081331i,-0.18021416508840488-0.05855717990681718i
-0.7553855945648149+0.6552804972103705i,0.1431839592784091-0.12378364624276053i
-0.16995789250704774-0.9854500288575034i,0.031815408224411236+0.18635909755822078i
0.9312457491127167+0.3643915010908556i,-0.17573707996945248-0.06910867839419992i
-0.7936260425172341+0.6084058385922068i,0.14988770024554388-0.11450252088319711i
-0.11005991589356551-0.9939236818860555i,0.02041749163971158+0.18729074274509896i
0.9075082005801482+0.42003406919964476i,-0.1706411663644093-0.0793318057552703i
-0.8289621594036786+0.5593046771505488i,0.15599079726466988-0.10486236449369407i
-0.04975916686570342-0.9987599993784442i,0.00902336745212475+0.18752341796401148i
0.8804495618739685+0.47413949431581337i,-0.16494988545644765-0.08919023036159857i
-0.8612646302018436+0.5081567020631134i,0.1614743414900635-0.09490201993871013i
0.010723679714878087-0.9999412824882903i,-0.0023239908866034098+0.1870610595942266i
0.8501688559988569+0.5265097738043185i,-0.15868883182848992-0.09864926763612583i
-0.8904152417321319+0.45514909296711153i,0.16632193541165155-0.08466130061541148i
0.07116728258762822-0.9974632082263932i,-0.013582080257997734+0.1859102520421239i
0.8167768973424909+0.5769532549184273i,-0.15188561924623326-0.10767600519855254i
-0.9163073152671567+0.4004758349621118i,0.17051974065314388-0.07418082808605114i
0.13135044410712432-0.9913348452810153i,-0.024709031344618836+0.18408018452923292i
0.7803958861424437+0.6252853361665169i,-0.1445697591190055-0.1162394201606121i
-0.9388460969301005+0.34433700870782846i,0.17405651527195057-0.06350186751946998i
0.19105291973152072-0.9815786208303757i,-0.0356637685336445+0.1815825977767928i
0.7411589612857613+0.6713291428743071i,-0.13677253217429658-0.12431048814475344i
-0.957949104453235+0.28693805821477797i,0.17692364047421108-0.052666161620396126i
0.25005622402304756-0.9682302384688023i,-0.04640616563149418+0.17843172086424502i
0.6992097130777771+0.7149161744702566i,-0.1285268539065591-0.13186228363615324i
-0.9735464290276256+0.22848903900737275i,0.17911513670187953-0.041715763727508744i
0.30814443021094445-0.9513385475469005i,-0.056897196785528924+0.17464419857763788i
0.6547016577632191+0.7558869211253385i,-0.11986713438313414-0.1388700713158009i
-0.9855809911393655+0.1692038494108525i,0.18062766909294387-0.03069287076059681i
0.36510496039076984-0.9309653644038949i,-0.06709908203212879+0.1702390096011395i
0.6077976757226407+0.7940914474905569i,-0.11082913300964788-0.14531138806139451i
-0.9940087494561+0.10929944777521503i,0.1814605423590902-0.019639656693677753i
0.4207293634682975-0.9071852461463578i,-0.07697542691587528+0.16523737594014004i
0.5586694154001319+0.8293899413959742i,-0.10144980887447896-0.15116611534302554i
-0.9987988619994022+0.048995058500768726i,0.181615685168413-0.008598107224766045i
0.47481407800105796-0.8800852178011974i,-0.08649135565227409+0.15966266399813944i
0.5074966651436831+0.8616532255032496i,-0.09176716730608968-0.15641654178149367i
-0.999933799013176-0.011488630229086121i,0.1810976241632502+0.0023901436960128025i
0.5271611771458558-0.8497644538414091i,-0.09561363733606376+0.15354027776120974i
0.4544666952569913+0.8907632300392561i,-0.08182010328886956-0.16104741567903982i
-0.9974094071150428-0.07193027407189327i,0.17991344778484594+0.01328397482992369i
0.5775790929860669-0.8163339152500675i,-0.10431080472882627+0.1468975445734418i
0.39977357267052177+0.9166134248807787i,-0.07164824239191765-0.16504598737437437i
-0.9912349244959345-0.13210868255143937i,0.17807276011749257+0.02404293546894082i
0.6258833175879991-0.7799159434507498i,-0.1125532651927896+0.13976359401424288i
0.3436174507398315+0.9391092094090435i,-0.06129177987144903-0.16840204131675302i
-0.9814329471122814-0.19180362851996471i,0.17558762500416927+0.034627399492019414i
0.6718970782207417-0.7406438125904335i,-0.12031340337275863+0.13216923041336853i
0.28620383677019035+0.9581682587073834i,-0.05079131861085011-0.1711079177965116i
-0.9680393459945119-0.25079665409500884i,0.172472500724294+0.04499871505862538i
0.7154519842684931-0.6986612418133153i,-0.1275656752644267+0.12414679956253888i
0.22774283994804068+0.9737208248350995i,-0.04018770656306463-0.17315852431247408i
-0.951103135974471-0.3088718701215018i,0.16874416556108288+0.055119349361641784i
0.7563886434679451-0.6541218693104249i,-0.134286693344908+0.11573005020256814i
0.16844840243155224+0.9857099920749905i,-0.02952187435773469-0.17455133659922212i
-0.930686296312176-0.36581674623341787i,0.1644216346211444+0.06495302788560864i
0.7945572452155594-0.607188690069784i,-0.14045530248019414+0.1069539908828972i
0.10853751641414139+0.9940918852204503i,-0.01883467373078607-0.17528638937961147i
-0.9068635438783238-0.4214228886237007i,0.15952606830288962+0.07446486764245104i
0.8298181088100811-0.5580334593847049i,-0.1460526463638772+0.097854742805525i
0.04822943002617014+0.9988358301398947i,-0.00816671742643935-0.17536625694964816i
-0.8797220597226098-0.47548680267615967i,0.15408067284184954+0.08362150388489381i
0.8620421946239571-0.5068360643031291i,-0.15106222428203278+0.08846938927795463i
-0.012255155019112063+0.9999244660309174i,0.002441778788628248-0.17479602374402906i
-0.8493611700285042-0.5278106376684293i,0.14811059339088103+0.09239120982788918i
0.8911115763329912-0.45378386531823656i,-0.15546993804019774+0.07883582240957528i
-0.07269489109911975+0.9973538089533763i,0.012951151371964979-0.17358324507078587i
-0.815891982622048-0.5782029108207003i,0.14164280012099792+0.10074400894012152i
0.9169198724760808-0.39907101070945217i,-0.15926412892992795+0.06899258769320558i
-0.13286859471923185+0.9911332664089044i,0.023322440901365697-0.17173789824271624i
-0.7794369803648951-0.6264792080405128i,0.13470596785399144+0.10865177940114415i
0.9393726357657066-0.3428977260430658i,-0.1624356046542312+0.05897872711792941i
-0.1925560559494554+0.9812856029134918i,0.033517540026457154-0.1692723243713022i
-0.7401295729196052-0.672462858799188i,0.12733034976132337+0.11608835035455874i
0.9583876987244704-0.28546958143259393i,-0.16497765617296833+0.04883362146111428i
-0.2515388442982599+0.9678468566891274i,0.043499336902286224-0.16620116112541836i
-0.6981136085275367-0.7159855826701413i,0.11954764568457779+0.12302958962388012i
0.9738954743827983-0.22699673924038866i,-0.16688606447106855+0.038596832406644695i
-0.30960110807442953+0.950866207779371i,0.05323185355377354-0.16254126679244896i
-0.6535428475860177-0.7568881051630199i,0.11139086565124744+0.1294534825951688i
0.9858392109373839-0.16769318497359012i,-0.1681590972939543+0.02830794513265625i
-0.3665303643116161+0.930405798071505i,0.06268037864442812-0.15831163601270998i
-0.6065803999512844-0.7950207405999811i,0.10289418917547409+0.13534020200878188i
0.994175199438432-0.10777594418900731i,-0.16879749593548807+0.01800641200589997i
-0.4221182763648013+0.9065405038838924i,0.07181159414944298-0.15353330759025624i
-0.5573981280264095-0.8302439399010304i,0.09409282094681184+0.14067216844191027i
0.998872933745655-0.04746428827272359i,-0.1688044522042546+0.007731398010869307i
-0.4761614163330039+0.8793576619507906i,0.08059369546170006-0.14822926481261137i
-0.5061760178186672-0.8624288012737644i,0.08502284352076862+0.14543410130330967i
0.9999152221676549+0.013021067999069928i,-0.16818557573355145-0.002478371469555736i
-0.5284620095180914+0.8489567498073848i,0.08899650448959387-0.14242432874029587i
-0.4531015202679922-0.8914575419386073i,0.07572106763309848+0.14961306020213178i
0.997298250376135+0.07345877418142979i,-0.16694885183917374-0.012584759919174343i
-0.5788286581952928+0.8154490217447032i,0.0969915753375312-0.1361450449525069i
-0.3983688652569898-0.9172239291632356i,0.06622488076524874+0.1531984765932407i
0.9910315953647043+0.13362765420828943i,-0.16510459016665435-0.02255036541283925i
-0.6270770420467308+0.7789571016666614i,0.10455229219332801-0.1294195642591013i
-0.3421783508129242-0.9396336690287856i,0.05657209459124555+0.1561821756423555i
0.9811381904011911+0.19330751580193678i,-0.1626653644059305-0.03233866223242594i
-0.6730305926946745+0.7396145343391989i,0.11165395908169799-0.12227751791036487i
-0.284735610102903-0.9586047515051263i,0.04680079193649628+0.15855838829506i
0.9676542411017264+0.2522799562822497i,-0.15964594338631746-0.041914137827629816i
-0.7165211398660265+0.6975652966737522i,0.11827388117874343-0.11474988785488725i
-0.22625085890473884-0.9740677505723737i,0.036949173876546185+0.16032375357424955i
0.9506290929337251+0.31032916182677006i,-0.1560632138981211-0.05124242459795758i
-0.7573895268233448+0.6529632708335509i,0.12439143741967558-0.10686887261260557i
-0.1669381263074225-0.9859660782903281i,0.02705540759880303+0.16147731117087552i
0.9301250506326556+0.367242697256673i,-0.15193609561883958-0.06029042599732449i
-0.7954861928101963+0.6059716810909417i,0.12998814416962062-0.09866774934401555i
-0.10701447145651322-0.9942561918860475i,0.017157475642625084+0.162020484432417i
0.9062171501934473+0.422812283458348i,-0.1472854485519259-0.06902643648979857i
-0.8306717203793372+0.5567624964966051i,0.13504770976613883-0.09018073270815534i
-0.046699189210825-0.9989077531017097i,0.007293027123023908+0.16195705389248338i
0.8789928842709519+0.476834559595565i,-0.14213397341407943-0.07742025491379283i
-0.8628173456007349+0.5055158015466352i,0.13955607978114742-0.08144283111098843i
0.01378699238264225-0.9999037392196151i,-0.0025007684692578322+0.16129312152307704i
0.8485518819943774+0.5291118273228586i,-0.13650610543299668-0.08544329084247651i
-0.8918054292822876+0.45241913715057197i,0.14350147288945034-0.0724897009522057i
0.07422271985862194-0.9972405053580274i,-0.012187364313649415+0.16003706592805375i
0.8150055443674343+0.5794527742766236i,-0.1304279020414821-0.093068663560244i
-0.9175298874787823+0.39766681431216083i,0.1468744072707578-0.06335749948233682i
0.13438682439226363-0.9909277978098784i,-0.021730975591160124+0.1581994887322599i
0.778476636588472+0.627673174196258i,-0.12392692497552721-0.1002712933083666i
-0.939896579713602+0.34145920303447397i,0.14966771751192617-0.054082736883284147i
0.19405913118211066-0.9809887183755158i,-0.031096714560385822+0.15579315245545353i
0.7390988387825419+0.6735965611132126i,-0.1170321173033202-0.10702798448754776i
-0.9588236534924702+0.28400199905169243i,0.1518765620155794-0.04470212818413949i
0.25302126519538026-0.9674596398200306i,-0.040250720858826146+0.15283291019316617i
0.6970162567895114+0.7170548751406991i,-0.10977367592937108-0.11331750054082496i
-0.9742418438484486+0.22550547107099966i,0.15349842096078367-0.03525244562019806i
0.3110574503268612-0.9503900727645478i,-0.04916028653391761+0.14933562745829787i
0.6523828947985378+0.7578890775007489i,-0.10218292013252492-0.11912063027672493i
-0.9860947268219883+0.16618369127935562i,0.1545330849001347-0.025770372036763i
0.36795529904685176-0.9298424844985991i,-0.05779397533374081+0.14532009656715356i
0.6053620917588314+0.7959497325378833i,-0.09429215670895556-0.12442024542998187i
-0.9943389259484087+0.10625375193116893i,0.15498263411583654-0.016292355930413432i
0.42350658964836696-0.905892070376656i,-0.06612173581471285+0.14080694398148716i
0.5561259236292023+0.8310975545894791i,-0.08613454230099915-0.1292013492949436i
-0.9989442709971393+0.04593497088381575i,0.154851408894957-0.006854468709209246i
0.4775080282492219-0.8786264786354041i,-0.07411500785263805+0.13581853104448394i
0.5048545736539027+0.8632039177115154i,-0.07774394349995176-0.13345111630520046i
-0.9998939083818175-0.014551911011591579i,0.15414597092029794+0.002507735260429893i
0.5297619927603909-0.8481454896388116i,-0.08174682217403191+0.13037884857256973i
0.4517356729692837+0.8921513263943248i,-0.06915479531570828-0.13715892247149422i
-0.9971843628371784-0.07498553772698183i,0.15287505600894208+0.011759355268304912i
0.5800772560980385-0.8145606507248226i,-0.08899189255656485+0.12451340578691815i
0.3969636139543645+0.9178338455457311i,-0.06040195860835897-0.140316366628678i
-0.9908255501370364-0.13514474812538607i,0.15104951846457795+0.020866277002738357i
0.6282696859925747-0.7779948679899733i,-0.0958267003806976+0.1182491140884391i
0.34073883883815204+0.9401574881680247i,-0.051520577076627994-0.14291728248103186i
-0.9808407408068098-0.194809385315783i,0.14868226734261372+0.029795300907093772i
0.6741629188337389-0.7385819565058276i,-0.1022295712488009+0.11161416619747679i
0.28326710616711037+0.959040559310034i,-0.04254593439513697-0.1449577414737746i
-0.9672664749633818-0.25376110233283194i,0.14578819495845033+0.038514265659321284i
0.7175890050857179-0.6964661506132452i,-0.10818074342343248+0.10463791119475879i
0.2247587378171863+0.9744139550355866i,-0.03351331208739834-0.14643604655638212i
-0.9501524285939574-0.31178416119305696i,0.14238409799887083+0.046992166307382656i
0.7583890239103699-0.6518015760865974i,-0.11366242787224018+0.09735072601293528i
0.16542784930601+0.9862214153142566i,-0.0244578487136251-0.14735271694092972i
-0.9295612317632681-0.3686662224032755i,0.1384885916246517+0.055199266619454825i
0.7964136647492854-0.6047516860995785i,-0.11865885974384772+0.08978388393857903i
0.10549156622199424+0.9944197299089317i,-0.015414400942490311-0.1477104639952704i
-0.9055682394144169-0.42419912203201293i,0.13412201697852094+0.06310720523533524i
0.8315237737363496-0.5554886630567422i,-0.12315634113603979+0.08196942069247963i
0.045169229637865016+0.9989788965067352i,-0.006417407063560857-0.14751415844682209i
-0.878261255602125-0.4781796335001516i,0.12930634253693396+0.07068909523468714i
0.8635908629411727-0.5041927884797979i,-0.12714327505504938+0.07393999866170439i
-0.015318406583525623+0.9998822305146153i,0.0024992465175329315-0.14677078910754685i
-0.8477402121675772-0.5304102113029902i,0.12406505976618046+0.07791961676825448i
0.8924975805797679-0.4510517832546137i,-0.1306101905024181+0.06572876986002342i
-0.07574998365359759+0.9971264261177948i,0.011302355275824238-0.14548941336440463i
-0.8141168030307696-0.5806997139420083i,0.11842307356360614+0.0847751024300401i
0.9181381404717185-0.39626012065333943i,-0.13354975866326682+0.05736923819390843i
-0.13590434793620437+0.9907215683776338i,0.01995952254930645-0.14368109971205867i
-0.7775140754387003-0.6288641034207179i,0.11240658798243197+0.09123361508131049i
0.9404187091721956-0.34001831464569554i,-0.13595680020749068+0.04889512160962141i
-0.19556136027502857+0.9806910963246347i,0.028439281021200948-0.1413588626355765i
-0.7380659796652548-0.6747271187447448i,0.10604298775454635+0.09727501787129214i
0.9592577493620952-0.28253218610389863i,-0.13782828375221723+0.04034021469270521i
-0.25450270160841376+0.9670717171816494i,0.03671120923950606-0.13853759018040174i
-0.6959168788106914-0.7181209209614203i,0.09936071613887437+0.10288103623405888i
0.9745863182396322-0.2240121095866048i,-0.1391633155706468+0.03173825228459651i
-0.31251267192343296+0.9499132720311967i,0.04474604273560148-0.13523396457475903i
-0.6512210204946524-0.7588867073783163i,0.09238914963407112+0.10803531167655796i
0.986348319821406-0.16467224345831172i,-0.13996312066823607+0.023122774672262012i
-0.36937897962536176+0.929278553418493i,0.05251577932996041-0.1314663762956089i
-0.604141972376075-0.7968752927129436i,0.08515847010296212+0.11272344720866762i
0.9945007102296255-0.10472974616165763i,-0.14023101538241983+0.014526994895489401i
-0.4248935184338055+0.9052430755576839i,0.059993778240758674-0.12725483199375454i
-0.5548520235657615-0.83194765504686i,0.07769953486246128+0.11693304430236173i
0.9990136552142265-0.0444039815107202i,-0.1399723716963251+0.0059836687031636i
-0.4788531289623681+0.8778947979822309i,0.06715485264040194-0.12262085671575165i
-0.5035315541221732-0.8639754445862249i,0.07004374529669018+0.12065373130364704i
0.9998706393334236+0.016084284086396016i,-0.13919457349004424-0.0024750323257627742i
-0.5310603421948166+0.8473338036507692i,0.07397535533535109-0.11758739088076837i
-0.45036837493783444-0.8928414533669611i,0.062222914552450874+0.12387718325732884i
0.9970685263931406+0.07651368953786505i,-0.1379069649850821-0.01081764399842938i
-0.5813241021369313+0.8136719326864319i,0.08043325727632564-0.11217868248859637i
-0.3955570404320696-0.9184400441855997i,0.054269134875492495+0.12659713314118679i
0.9906175709241319+0.13666308915473324i,-0.136120791668262-0.019013528582795116i
-0.6294604649994465+0.7770323730899988i,0.08650821863853557-0.1064201750511231i
-0.33929813656532604-0.9406775371861086i,0.046214645142738216+0.12880937454219518i
0.9805413806548032+0.1963123619492287i,-0.13384913401046933-0.027032989283837995i
-0.6752932723533744+0.7375492099246835i,0.09218165224499864-0.10033839175334933i
-0.2817975467806469-0.9594725526879577i,0.03809169914011492+0.13051175584322788i
0.9668768301170562+0.2552432171831053i,-0.13110683432338197-0.03484737968731438i
-0.7186547957942532+0.695366934622349i,0.0974367791401783-0.09396081636162876i
-0.2232656985586311-0.9747563090008264i,0.029932435127839708+0.13170416602371332i
0.9496739257013287+0.31323999321806023i,-0.12791041712322915-0.04242920776207396i
-0.7593863507561198+0.6506399162068779i,0.10225867615593955-0.08731577140612219i
-0.1639167933431635-0.9864728741360683i,0.021768747224976896+0.13238851221231962i
0.9289956226546667+0.37009044674477176i,-0.12427800339484193-0.04975223403838349i
-0.7973388772289198+0.603531836369799i,0.10663431534679402-0.08043229417132639i
-0.10396802265606159-0.994579370493786i,0.013632159132779813+0.1325686891631878i
0.9049175946915392+0.4255865295023213i,-0.12022921917159946-0.05679156360750058i
-0.8323734852541688+0.5542150904655436i,0.1105525952069101-0.0733400110333209i
-0.04363877326931981-0.9990461317764427i,0.005553700702046475+0.13225054085991572i
0.8775279570605197+0.4795251496455387i,-0.11578509886729028-0.06352373161692625i
-0.8643619632025932+0.5028701566184364i,0.11400436361667456-0.06606901068459721i
0.016850175656319688-0.9998568115547827i,-0.0024362121666794043+0.13144181448288916i
0.8469269440802968+0.5317089149739931i,-0.11096798381420758-0.06992678196602435i
-0.8931872469736667+0.44968493525021935i,0.11698243250208898-0.05864971678736368i
0.07727746052834222-0.9970084430887428i,-0.010307893819567334+0.13015210700589594i
0.8132265423250822+0.5819468553027296i,-0.1058014164782913-0.07598033893803048i
-0.9187438483999777+0.3948540614451495i,0.11948158422537512-0.051112760593965405i
0.13742194341820413-0.9905114501844505i,-0.018032500892326834+0.128392804716638i
0.7765500808018143+0.630055121331186i,-0.10031003083602173-0.08166567153662875i
-0.9409382412886488+0.33857819266912415i,0.12149856976006221-0.04348885406841162i
0.1970635213312445-0.9803896090475668i,-0.0255821396710239+0.1261770159832739i
0.7370317796189215+0.6758576574527292i,-0.09451943941005074-0.08696575032821965i
-0.9596892036870621+0.28106327444947343i,0.12303209873809758-0.035808664036224916i
0.2559839316891812-0.966679961272576i,-0.032929968366161286+0.12351949761480367i
0.6948162587983296+0.7191868460426156i,-0.0884561174701035-0.09186529662448908i
-0.9749281151203487+0.22251978670271833i,0.1240828214901922-0.02810268788081736i
0.31396755107747426-0.9494326782864493i,-0.04005029392037972+0.12043657518720309i
0.6500580090282508+0.7598841208665599i,-0.08214728491333877-0.09635082387383069i
-0.9865992077128743+0.16316197346840877i,0.12465330323354247-0.020401131293438433i
0.3708021843344822-0.9287108777427535i,-0.04691866299673375+0.11694605772953238i
0.6029208262935675+0.7978005473650995i,-0.07562078634362104-0.10041067116439399i
-0.9946597702747325+0.10320705886788842i,0.12474799059294535-0.012733788570505208i
0.4262798410946838-0.9045903925381293i,-0.0535119468223401+0.11306714718465823i
0.553577212452826+0.8327973676901629i,-0.06890496987213292-0.10403502877593658i
-0.9990803046063659+0.04287445215723802i,0.12437317067235527-0.005129925936908647i
0.48019749694415165-0.8771594932964326i,-0.05980841959119925+0.1088203430777615i
0.5022077439554673+0.8647465084992414i,-0.0620285651625482-0.10721595575194576i
-0.9998446334493194-0.01761505521643571i,0.12353692292349532+0.0023818316432801267i
0.5323578364027719-0.8465185653361378i,-0.06578783016007851+0.10422734284220618i
0.4490004110095238+0.8935310496488563i,-0.05502056124246552-0.10994738949779115i
-0.9969499596880612-0.0780400976169379i,0.12224906408673468+0.00977360972626324i
0.5825699750142197-0.8127797413031532i,-0.0714314668022299+0.09931093826690587i
0.3941499296181371+0.9190456520721049i,-0.047910084599155855-0.11222514744448055i
-0.9904068765862254-0.13817954532220855i,0.12052108650634658+0.017018389296428894i
0.6306501579011446-0.776066490813464i,-0.07672221481550279+0.09409490854152841i
0.33785702900255504+0.9411969432744348i,-0.04072627807167982-0.11404692085111127i
-0.9802393290198151-0.19781331376420086i,0.11836609014778664+0.02409010692339445i
0.6764224322291587-0.7365131686073263i,-0.08164460681364365+0.0886039103861606i
0.28032771701933124+0.9599038590369028i,-0.033498181043454166-0.11541226085193057i
-0.9664845258492307-0.2567231689439454i,0.11579870866861175+0.03096374979274728i
0.7197192911186954-0.6942645228685815i,-0.0861848655624208+0.08286336575998896i
0.22177252625998345+0.9750979400764234i,-0.0262546114291811-0.11632255688611434i
-0.9491928037508115-0.31469352607432444i,0.11283502991668325+0.03761544526039239i
0.7603822866482969-0.649475165508425i,-0.09033093925531932+0.07689934764944052i
0.1624057435920654+0.9867235825773637i,-0.019024049937838464-0.1167810076795981i
-0.9284274430062038-0.3715122385278682i,0.10949251124984716+0.04402254460700087i
0.7982626097060062-0.6023090063521683i,-0.0940725291567738+0.07073846443977362i
0.10244462596119774+0.9947382416776452i,-0.011834527079317547-0.11679258497864325i
-0.9042644359236871-0.42697137420236375i,0.10578989008974966+0.05016370069686084i
0.8332216345668507-0.5529386532996248i,-0.09740110957435787+0.06440774337562888i
0.04210860532389088+0.9991125871646805i,-0.004713513366183089-0.11636399026398155i
-0.8767922087389416-0.48086797646310786i,0.10174709013900893+0.0560189392742775i
0.865131426203499-0.5015447806542748i,-0.1003099401544673+0.05793451361519574i
-0.018381514379242736+0.9998306108113612i,0.002312186855757344-0.11550360470239078i
-0.846111298012976-0.5330048068770862i,0.09738512370568034+0.061569723660370036i
0.8938752084735566-0.4483154679328586i,-0.10279407052901297+0.05134628937975612i
-0.07880436527114498+0.996889684959301i,0.009216537534073676-0.11422143261909558i
-0.8123339827114616-0.5831910670209874i,0.0927259905914575+0.06679901264367544i
0.9193477914701258-0.39344551157506236i,-0.10485033737328832+0.04467065369532719i
-0.1389388256497367+0.9903005721349364i,0.015974368600627502-0.11252903879967632i
-0.7755838733119061-0.6312430967215461i,0.0877925740105756+0.07169131138909919i
0.9414559564717239-0.3371357120721532i,-0.10647735396709078+0.037935143215866406i
-0.1985648291984467+0.9800873856632999i,0.02256146885669343-0.11043947995371821i
-0.7359954594423579-0.6769850461729539i,0.08260853401480493+0.07623271522141557i
0.9601187970827925-0.27959213912335973i,-0.10767549238272592+0.031167134608374187i
-0.25746417033448216+0.9662875014235977i,0.028954673706300397-0.10796723069449i
-0.6937136177070844-0.7202495194716769i,0.07719819890621075+0.08041094617153564i
0.975268015316384-0.221025377509213i,-0.10844685845391457+0.024393732968926832i
-0.31542130274761265+0.9489514210695342i,0.035131947417247636-0.10512810440921012i
-0.6488930815003825-0.7608781872136214i,0.07158645512341448+0.08421538220596683i
0.9868481715354809-0.16164975644162943i,-0.10879525970944584+0.01764166272552905i
-0.372224128207158+0.9281425872149333i,0.04107245961585607-0.10193916941297654i
-0.6016978747487602-0.7987223659118003i,0.06579863608925672+0.08763707909223083i
0.9948168873382752-0.10168256521097938i,-0.10872616648392756+0.010937161468686236i
-0.4276647727504855+0.9039371512609998i,0.04675665574917032-0.09841866079604517i
-0.5523007116537629-0.8336435621140841i,0.05986041050745102+0.09066878488519281i
0.9991450006449297-0.04134325800054098i,-0.1082466664455147+0.004305877133712462i
-0.481540347412495+0.8764236947148739i,0.05216632127695081-0.09458588838892558i
-0.5008823646321211-0.8655139792297972i,0.05379767059371774+0.09330494705132664i
0.9998166724182752+0.01914734922162526i,-0.10736541280661419-0.002227231059650984i
-0.5336536907121601+0.8457029050193321i,0.05728463938504058-0.09046114128244248i
-0.4476310027662872-0.8942169852103921i,0.04763642072251467+0.09554171227960716i
0.9968294446278883+0.07956788679435128i,-0.10609256650841152-0.0086379875248808i
-0.5838140901789266+0.8118872070799588i,0.06209624204191783-0.08606558935074873i
-0.39274150318635387-0.9196475393726914i,0.04140266696405195+0.09737691905890818i
0.9901942492454272+0.1396972414813132i,-0.10443973269340816-0.014903090719784533i
-0.6318379802785092+0.7751003518382436i,0.06658725425057357-0.08142118223391492i
-0.3364147379033933-0.9417125768027065i,0.03512230797798435+0.09881008313244073i
0.9799353682383102+0.19931536565057972i,-0.10241989180185421-0.021000198710270125i
-0.6775496141839613+0.7354769633962464i,0.07074533137898797-0.07655054624343803i
-0.27885683870410793-0.9603313489332825i,0.028821027719723773+0.0998423759695412i
0.9660903447081317+0.2582040825545051i,-0.10004732564823932-0.026908009570305518i
-0.720781706933638+0.6931620463501602i,0.07455968948349125-0.07147687965856314i
-0.22027844279695713-0.975435719049197i,0.022524190403143067+0.10047659642419637i
0.9487098454990273+0.31614788476298905i,-0.09733753885218062-0.032606336327060864i
-0.7613760476223566+0.6483104551357232i,0.07802112857073837-0.06622384688379003i
-0.16089392197037633-0.9869704116382956i,0.01625673814930478+0.1007171357776196i
0.9278574757787659+0.3729347228281794i,-0.09430717601490703-0.038076176186776944i
-0.7991840783854128+0.601086327327444i,0.08112204877513329-0.06081547193842227i
-0.10092059808403425-0.9948932146761439i,0.010043091735059843+0.10056993638916539i
0.9036095462711363+0.42835678129444454i,-0.09097393504707828-0.043299773804350274i
-0.8340674380566064+0.5516624829655238i,0.08385645945978241-0.05527603174734253i
-0.04057794776409729-0.9991751341039196i,0.0039070548378068995+0.10004244420553922i
0.8760547939914483+0.48221123921375075i,-0.08735647706672145-0.04826067838791621i
-0.8658984685107258+0.500219792108678i,0.08621998127975972-0.0496299496985427i
0.019913200787028906-0.9998004999342243i,-0.0021282778463444633+0.09914355540264692i
0.8452940575071389+0.5343010123832861i,-0.0834743332968699-0.05294379445862041i
-0.894560681837502+0.4469465129273484i,0.08820984127683096-0.04390168992725531i
0.08033147592714401-0.9967670235965131i,-0.0080406082543978+0.09788355745741512i
0.8114399079118961+0.5844354745890579i,-0.07934780940148917-0.0573354261152875i
-0.919949186637363+0.39203760275959576i,0.08982486110468346-0.03811565277890768i
0.14045577269945647-0.990085806312279i,-0.013808518043580721+0.09627406496841584i
0.774616236863767+0.6324311552160233i,-0.0749978877052389-0.06142331468354078i
-0.9419710718789399+0.3356940046509133i,0.09106543851268724-0.03229607189355682i
0.20006606198183202-0.9797812984693477i,-0.019411546802346736+0.09432795056398056i
0.7349578031948618+0.6781124106717993i,-0.07044612774751496-0.06519666965912295i
-0.9605457469135671+0.2781219119889211i,0.09193352224463418-0.026466913343036202i
0.25894419569894844-0.9658912101439522i,-0.024830265098261497+0.09205927125478151i
0.6926097397518646+0.7213120671668283i,-0.06571456562416829-0.06864619288544693i
-0.9756052364024684+0.2195320139240607i,0.09243258053621581-0.020651777238845734i
0.3168747051506272-0.9484663730980369i,-0.030046342101236505+0.0894831906043685i
0.6477270222720997+0.7618720324986998i,-0.060825612571204835-0.07176409593573792i
-0.9870944290773227+0.1601387243377282i,0.09256756342135963-0.014873802213858355i
0.37364558953480076-0.9275705547568251i,-0.03504260754699658+0.08661589710585628i
0.6004739022388483+0.799643874601762i,-0.0558019532435856-0.07454411070025141i
-0.9949712794238534+0.10015939717948953i,0.09234485908273178-0.009155573164356898i
0.4290490917794633-0.9032802248474104i,-0.03980310783284878+0.08347451916589299i
0.551023305791412+0.834489364744778i,-0.050666444139289356-0.07698149320904206i
-0.9992069615503668+0.03981353104490987i,0.09177224450561386-0.0035190326207258137i
0.4828824588443882-0.8756842755523762i,-0.04431315606576419+0.08007703710804244i
0.49955620088965813+0.8662809833887576i,-0.0454420126136191-0.0790730207502194i
-0.9997859746781436-0.020678034095103333i,0.09085883071701785+0.0020146039044382537i
0.5349486837102384-0.844883696202555i,-0.04855937591118682+0.07644219261686709i
0.44626093504895475+0.8949023868537417i,-0.04015155692183601-0.08081698237268002i
-0.9967061998676359-0.08109392507381369i,0.0896150029129805+0.007424928263082648i
0.5850572263397067-0.8109912036994225i,-0.05252973911989642+0.07258939605108099i
0.3913325460690996+0.9202488330867375i,-0.03481784771932722-0.08221316289066796i
-0.9899789077728773-0.14121304565943718i,0.08805235579664447+0.012692415407823808i
0.6330247109722756-0.774130830019613i,-0.05621359663943112+0.06853863205947397i
0.3349720482796785+0.9422275649726812i,-0.029463431437865794-0.08326282053509546i
-0.9796287173957254-0.2008153856724612i,0.08618362446778693+0.017798494235375516i
0.6786755972008003-0.7344374683111168i,-0.05960170324588288+0.06431036393646958i
0.2773856969138895+0.9607581497856673i,-0.02411053594406928-0.0839686584233384i
-0.9656935059908827-0.25968282612847765i,0.08402261122075937+0.022725613279689427i
0.7218428223740607-0.6920563792422516i,-0.06268623566128737+0.05992543715552974i
0.21878423330291136+0.9757727735382089i,-0.018780978872035295-0.08433479004490071i
-0.9482242704513981-0.3175999374600541i,0.08158410862256726+0.02745730102261198i
0.7623684129743658-0.6471426594099599i,-0.06546080415109028+0.05540498251791572i
0.15938211365307475+0.9872164891513244i,-0.013496079006433976-0.08436669898507781i
-0.9272849406819276-0.374354767896493i,0.07888381925556558+0.03197822061608045i
0.8001040627328279-0.5998606737528271i,-0.0679204576252447+0.05077031935175948i
0.09939672422818874+0.9950474175372654i,-0.008276571074972294-0.0840711931320909i
-0.9029521456427171-0.42973961911634656i,0.07593827252042591+0.036274218836795734i
0.8349116753666587-0.5503834540459491i,-0.07006168229515357+0.046042859191837655i
0.03904758580911222+0.9992369008590052i,-0.003142524290505386-0.08345635363541445i
-0.8753149329204994-0.4835518063341345i,0.07276473890411712+0.04033236912176111i
0.8666638699522952-0.4988920656788969i,-0.07188239396694433+0.041244010364091484i
-0.02144444965809056+0.999769607405622i,0.001886735037069728-0.08253147890375842i
-0.8444744428525428-0.5355944000396711i,0.06938114212508968+0.04414100856102902i
0.8952444470849124-0.4455749450341002i,-0.07338192407916044+0.036395083890712984i
-0.0818580072854872+0.9966435876997821i,0.006792696520330421-0.0813070239504958i
-0.8105435383964209-0.5856769466755529i,0.06580596957319734+0.047689768752202884i
0.9205488141183714-0.39062720989055955i,-0.07456099961989054+0.03151720112159829i
-0.14197199938035832+0.9898702816319878i,0.011557734068923006-0.07979453541210896i
-0.7736463921000317-0.6336161656154425i,0.06205818146539629+0.050969600449654394i
0.9424843679294195-0.334249945376517i,-0.0754217170843664+0.026631203486227904i
-0.20156643453126577+0.9794744765954904i,0.01616516936646472-0.07800658258138446i
-0.7339180316833591-0.6792366198924991i,0.05815711913997136+0.05397279196991994i
0.9609708338053745-0.2766494680841871i,-0.07596751065932031+0.02175756474668743i
-0.2604232226822051+0.9654942167750677i,0.020599330221411336-0.07595668481164904i
-0.6915038458949722-0.7223713582233842i,0.054122412911596814+0.056692981343113104i
0.9759405592151235-0.21803657103957663i,-0.07620311484435266+0.016916306117504266i
-0.31832697324860826+0.9479806639216375i,0.024845603588886163-0.07365923566107282i
-0.6465590524516028-0.7628625259783073i,0.0499738899074819+0.059125162228431574i
0.9873387613883509-0.15862575229047682i,-0.07613452174361039+0.012126914601523032i
-0.37506578335444424+0.9269979101222032i,0.028890483086362297-0.07112942415717455i
-0.5992481300079169-0.8005619428612215i,0.04573148230073974+0.06126568363971929i
0.9951237277969641-0.09863442993566619i,-0.07576893328274303+0.007408264873101351i
-0.4304320133057999+0.9026227432503249i,0.03272161085272427-0.06838315357081265i
-0.5497442162352297-0.8353316451861126i,0.04141513635122638+0.06311224355448308i
0.9992669688050485-0.03828214646798116i,-0.0751147086264458+0.0027785450206552495i
-0.4842230464630455+0.8749443659554577i,0.03632781362717816-0.06543695809643833i
-0.49822847421193706-0.8670443907648779i,0.03704472265645137+0.06466387650668562i
0.9997533219287034+0.022210234656985756i,-0.07418130709100089-0.0017448135598970918i
-0.5362420307307777+0.8440640692195378i,0.03969913295184277-0.062307917840922045i
-0.44488942944439797-0.8955841245591266i,0.032639948005744046+0.06592093528982415i
0.996581007324229+0.0826213372863434i,-0.07297922686353198-0.006145201850905956i
-0.5862985989520035+0.8100948616754611i,0.042826849429387616-0.05901357252695871i
-0.38992227994449313-0.9208464033918102i,0.02822026921970463+0.06688506692226105i
0.989761634301589+0.14273008271161158i,-0.07151993985582784-0.010406894230739976i
-0.6342095655702336+0.773161056043987i,0.04570350099469185-0.05557183431893739i
-0.3335281818886764-0.9427387781644263i,0.02380480934427447+0.06755918305127419i
0.9793201588393173+0.20231649872191138i,-0.06981582303475632-0.014515104599882393i
-0.6797995970099988+0.7333978142025332i,0.04832289518707728-0.05200090017913652i
-0.2759135134727012-0.9611811321810424i,0.019412276554424724+0.06794742499583156i
0.9652947922563506+0.26116252460785055i,-0.06788008658404392-0.018456037416145273i
-0.7229018533224886+0.6909506525507136i,0.050680115437059525-0.048319164160260546i
-0.21728911965599562-0.976105974341019i,0.015060886106710514+0.06805512365055676i
0.9477368613749969+0.3190528091701328i,-0.06572669926316702-0.02221693346489047i
-0.7633585987481591+0.6459749094827669i,0.052771521408696065-0.04454513003669073i
-0.15786954055960267-0.9874586861274708i,0.010768285662693907+0.06788875449455468i
0.9267106206867968+0.3757754988125223i,-0.06337031133823331-0.025786110215829283i
-0.8010217789619147+0.598635176915702i,0.0545947434653046-0.04069732467132898i
-0.09787222634141302-0.9951977214875987i,0.006551484286796151+0.06745588796873542i
0.9022930172086592+0.43112301283508336i,-0.060826175467274-0.029152996644110023i
-0.8357535628883991+0.5491046979535219i,0.0561486713524678-0.03679421250772755i
-0.03751674142191053-0.9992947588734116i,0.0024267854023710084+0.06676513550390795i
0.8745734088898061+0.48489280309045396i,-0.05811006592792264-0.0323081624199023i
-0.8674268471045735+0.4975647328918137i,0.05743343721785832-0.03285411156828806i
0.022976039027371997-0.9997348048864378i,-0.0015902760310753483+0.06582609149904124i
0.8436532376000248+0.5368880952231341i,-0.055238196579384176-0.03524334139740431i
-0.8959257209836984+0.4442038958828618i,0.05845039311209617-0.028895111328698295i
0.08338473739218799-0.9965162491471281i,-0.005484991878418671+0.06464927156479966i
0.8096456578959661+0.5869186087791771i,-0.0522271379525183-0.037951449360963306i
-0.921145890878478+0.3892174646887975i,0.059202083138886794-0.02493499282666889i
0.14348828376263334-0.9896508701881535i,-0.009243534508973044+0.06324604736153966i
0.7726751229240258+0.6348012535509854i,-0.04909373386220091-0.04042659601282253i
-0.9429950617910507+0.33280666604880005i,0.05969221044555569-0.020991151349250253i
0.20306672495413908-0.9791637923500308i,-0.012853005601387262+0.06162857837347337i
0.7328769289752453+0.6803607996088942i,-0.045855017934428415-0.0426640912135957i
-0.9613932751330706+0.275177939275593i,0.05992559926708837-0.017080522027924407i
0.2619020294417271-0.9650933938368202i,-0.01630147990304387+0.05980974097152238i
0.6903967203589493+0.7234305185675061i,-0.0425281304373789-0.04466044551298852i
-0.9762732013398214+0.21654218077615864i,0.05990815225750242-0.01321950865407475i
0.31977888526181697-0.947491166268368i,-0.01957804379848246+0.057803055126548916i
0.6453899564070837+0.7638527937400272i,-0.03913023580045353-0.04641336503420034i
-0.9875803862675305+0.1571139722614017i,0.0596468033619019-0.009423916009626028i
0.3764854879616066-0.9264215262430785i,-0.02267282856673802+0.0556226091420502i
0.5980213425597796+0.801479696947696i,-0.03567844119856266-0.047921740800990265i
-0.9952734504721629+0.09711079546917978i,0.059149466500821736-0.005708885988603649i
0.43181431571246587-0.9019615796008085i,-0.02557703823318525+0.053282982781083295i
0.5484642276141298+0.8361735298734279i,-0.03218971657039259-0.049185632621240066i
-0.9993242406404259+0.03675223627448233i,0.0584249803552584-0.0020888377651928735i
0.48556288875076736-0.8742008392485868i,-0.02828297194739311+0.050799169166084006i
0.4968999693419903+0.8678073279785599i,-0.02868081642928936-0.05020624766499161i
-0.9997179326188166-0.023740818900630553i,0.0574830495561479+0.0014225877572637843i
0.5375345103669198-0.8432408975817913i,-0.030784040844559515+0.04818649583240005i
0.4435172707983685+0.8962653251385722i,-0.025168203813712372-0.050985913898301156i
-0.9964530856636581-0.08414699143653376i,0.0563341825959772+0.004812579003982256i
0.587538986730908-0.8091950546995831i,-0.03307477937409793+0.045460545316723604i
0.3885114897492304+0.9214433772974172i,-0.02166797671102485-0.05152804855665077i
-0.9895416477136036-0.1442452206667728i,0.054989626792410234+0.008069200103695925i
0.6353933229200828-0.7721879037751684i,-0.0351508511048712+0.04263707566023725i
0.3320839237459203+0.9432493435900715i,-0.018195797273785695-0.051837121863036316i
-0.9790089116653108-0.2038155728652296i,0.053461300644557286+0.011181432414942965i
0.6809223926020416-0.7323548750982599i,-0.0370090490422136+0.039731941203159725i
0.27444107346251545+0.9616034235385544i,-0.014766824131720606-0.05191861621616683i
-0.9648934228122923-0.2626400461091692i,0.051761723931537246+0.014139211061941473i
0.7239595789218443-0.6898417404583372i,-0.03864729051718943+0.03676101404258341i
0.21579388699198415+0.9764384490874303i,-0.011395648085329018-0.0517789810932769i
-0.9472468377856879-0.3205033680727145i,0.04990394591028607+0.016933456362925457i
0.7643473842481925-0.6448040796824618i,-0.040064606733369555+0.03374010651894854i
0.15635698786670044+0.9877001304100633i,-0.008096231448622912-0.05142558392987518i
-0.9261337355131604-0.3771937838311695i,0.047901471975268+0.01955610005877787i
0.8019380065471671-0.59740671127988i,-0.04126112708061599+0.030684895088395663i
0.09634788962842655+0.9953472545860834i,-0.004881851288997474-0.050866657255218585i
-0.9016313808877385-0.4325038307931627i,0.045768189146620196+0.02200010627503234i
0.8365938802742392-0.5478230892770164i,-0.042238058348974206+0.027610845928490273i
0.035986199822103326+0.999351836422987i,-0.001765046791679277-0.05011124237737406i
-0.8738294420114687-0.4862310979246933i,0.04351829075549201+0.02425948717562349i
0.8681881798051218-0.4962346684501793i,-0.04299765899849929+0.024533142613548983i
-0.0245071836735144+0.9996992208699316i,0.0012424290452038413-0.04916912992528276i
-0.8428296620486462-0.5381789664866452i,0.0411662006958058+0.026329313292118316i
0.8966052835631242-0.442830240278957i,-0.04354320866271636+0.021466616183059294i
-0.08491088103728922+0.9963881366489313i,0.004129653201128626-0.0480507975673432i
-0.8087454868894967-0.5881573295749867i,0.03872649761044766+0.02820571853737822i
0.9217411971445-0.38780524205042666i,-0.043878973084319615+0.018425677912551043i
-0.14500384066083444+0.989430700907189i,0.006886571748355887-0.04676734523646858i
-0.7717016499869096-0.635983287830451i,0.03621383937691381+0.02988589993758624i
0.9435039338933345-0.3313610416425613i,-0.04401016470150015+0.015424255080779348i
-0.20456614810253082+0.9788523748735376i,0.009504034154368879-0.045330428200495446i
-0.7318337158855321-0.6814818187716931i,0.03364288825288256+0.03136811214126272i
0.9618138515332236-0.27370420060422007i,-0.04394289912198679+0.012475730010363732i
-0.2633798308800003+0.9646918706812714i,0.011973822658123435-0.04375218832402236i
-0.6892875841137173-0.7244864173024572i,0.031028237035889136+0.03265165678805326i
0.9766039436238281-0.2150457182285293i,-0.04368414773923203+0.009592882641133196i
-0.3212296561558424+0.9470010096983503i,0.014288676630974308-0.042045183873373325i
-0.6442189552538669-0.7648397050487673i,0.0283843365834351+0.03373686684376657i
0.987820084775685-0.15560025938602784i,-0.04324168676136374+0.006787836876421747i
-0.3779039183974454+0.9258445328834359i,0.016442311857696304-0.0402223182202288i
-0.5967927611451247-0.8023940062962334i,0.025725425030446097+0.03462508603108437i
0.9954212287259038-0.09558536894337i,-0.04262404293817763+0.004072010922629727i
-0.43319521412837714+0.9012998638617673i,0.01842943469770361-0.03829676780172911i
-0.5471825613036281-0.8370118884197859i,0.023065459030074793+0.03531864350760587i
0.9993795585498746-0.03522067564247818i,-0.04184043628477969+0.001456071821489251i
-0.48690120093609446+0.8734568255879203i,0.02024575111127626-0.03628190969533932i
-0.4955699077691682-0.8685666648281021i,0.020418047331456607+0.03582082396422756i
0.9996805884592714+0.02527291164639154i,-0.040900720112297305-0.0010501056471677308i
-0.5388253379583332+0.8424173116323455i,0.021887970560189277-0.034191249165632584i
-0.4421436807026428-0.896942858582157i,0.017796386994295046+0.03613583333727559i
0.9963232168138213+0.08567401235630562i,-0.03981531868632223-0.003437475536649266i
-0.5887776051383125+0.8082949132946299i,0.02335380481653615-0.03203834753732933i
-0.3870993971657307-0.9220366249912622i,0.015213202525086882+0.03626876034713337i
0.9893197301528351+0.14576158438151635i,-0.038595162842478194-0.005697852646072158i
-0.63657519861659+0.7712145039080922i,0.024641961737594215-0.029836750744463576i
-0.3306384956123567-0.9437561316400633i,0.012680688203500405+0.036225534094355645i
0.9786957582317466+0.2053157329967023i,-0.03725162389558743-0.007823939665243198i
-0.6820431997147318+0.7313117818569739i,0.025752134088208634-0.027599918899493123i
-0.27296759871040394-0.9620218944557698i,0.010210453849973808+0.03601287796126262i
0.964490180228207+0.26411851557728855i,-0.0357964461843937-0.009809349466260405i
-0.7250152150626052+0.6887327739785944i,0.026684983515262804-0.025341157218505325i
-0.2142977571914278-0.9767670685857482i,0.00781347426710272+0.035638260082758284i
0.9467549824609812+0.3219547391759172i,-0.03424167859761918-0.011648622480304646i
-0.7653339855266994+0.6436333011677959i,0.02744211980124828-0.023073548629529404i
-0.15484367749555672-0.9879376930209938i,0.005500042567897217+0.03510984066451571i
0.9255550681423335+0.37861274803627776i,-0.032599605429318584-0.01333723912220451i
-0.8028519617110628+0.5961784081393444i,0.028026075545650567-0.0208098883802862i
-0.09482293603806763-0.9954928880702645i,0.0032797275836404746+0.034436416439659855i
0.9009680198601225+0.43388519816233745i,-0.030882676912024093-0.01487162724946537i
-0.8374318439247679+0.5465417594351066i,0.028440276443727812-0.018562620949655464i
-0.03445518297308675-0.999405004962207i,0.0011613355229322321+0.033627362566626975i
0.8730838156588315+0.4875698161083792i,-0.029103439775033598-0.016249164666493877i
-0.8689470846398524+0.4949050038863607i,0.02868900735220149-0.016343779553698642i
0.026038661631706594-0.999659727027993i,-0.0008471239682856923+0.03269257228093149i
0.8420044997585365+0.539470139213001i,-0.027274468172495108-0.017468176708578625i
-0.8972823516009611+0.44145710985703224i,0.028777374350275223-0.01416492852237087i
0.08643721626771339-0.996256122094183i,-0.0027384672183306752+0.0316423946220533i
0.8078438091168609+0.5893962345681407i,-0.02540829532150756-0.0185279289636987i
-0.9223339498919019+0.3863936737005844i,0.028711263022225337-0.01203710880710674i
0.14651944814672313-0.9892066458940808i,-0.004506361308445794+0.030487570563617297i
0.7707267572005212+0.637165394092002i,-0.023517346184597103-0.019428615213347034i
-0.9440102014145368+0.32991620396131044i,0.0284972932044319-0.009970786862423005i
0.2060654820860579-0.9785370964850959i,-0.006145344137169556+0.029239167880356996i
0.7307891764896919+0.6826028031622211i,-0.021613871523383583-0.020171340696113496i
-0.9622317803912718+0.2722313839395429i,0.02814277045512173-0.0079758071265583i
0.26485740515737405-0.9642865198389241i,-0.007650839712511099+0.027908515089107792i
0.6881772213894262+0.7255421803623578i,-0.01970988364128198-0.020758100819740766i
-0.9769320036633617+0.21355031531948004i,0.027655634519124506-0.006061348307092588i
0.3226800641544564-0.9465070669500499i,-0.009019168637596477+0.026507134803156418i
0.643046833367258+0.7658263860005146i,-0.017817094122658167-0.021191755468589424i
-0.9880570747226496+0.1540877456276218i,0.02704440507270784-0.004235883657574962i
0.37932185296161447-0.9252638029854889i,-0.010247553779074086+0.02504667683979587i
0.5955631702743595+0.8033079971731687i,-0.015946853863990574-0.021475999073849783i
-0.9955662805836988+0.09406128234898699i,0.026318125044766577-0.0025071454104705375i
0.43457548694124937-0.9006344691742008i,-0.01133412113108947+0.02353885141978844i
0.5459000019386853+0.837849847269728i,-0.014110095679436758-0.02161532663334781i
-0.9994321407758476+0.033690596577111195i,0.02548630182048513-0.000882093510367784i
0.4882387615066641-0.872709198307555i,-0.012277895910977398+0.021995362794721862i
0.4942390742419829+0.8693255279434557i,-0.012317279748743488-0.021614995886287222i
-0.9996405079099363-0.026803380887877398i,0.02455884664187821+0.0006331112305423178i
0.5401152921040702-0.8415901848919995i,-0.013078793945840262+0.020427843633924386i
0.4407694440078655+0.897619851711771i,-0.010578342159816928-0.021480985865689493i
-0.9961906194516812-0.08719926805116851i,0.023546012526352966+0.002033129455103655i
0.5900152328957696-0.8073913111610258i,-0.0137376084318214+0.018847790496757097i
0.3856867871349771+0.9226292734929955i,-0.008902646781501083-0.0212199520675846i
-0.9890951005122215-0.14727604188635718i,0.022458331029654235+0.0033134609850929255i
0.6377559715144443-0.770237730315069i,-0.014255992169987994+0.0172665007087051i
0.3291926825071835+0.9442622695369141i,-0.007298940684334808-0.020839178491016998i
-0.9783799176456317-0.2068138471848633i,0.021306548183130092+0.004470457892505867i
0.6831627973460453-0.7302654085145096i,-0.014636435404250237+0.01569501095082455i
0.27149387430137056+0.9624396723624219i,-0.005775313308322235-0.020346526816718627i
-0.9640842838224785-0.2655948011316367i,0.02010155993729498+0.0055013328875120945i
0.7260695408956603-0.687620627301879i,-0.014882239407530987+0.014144037861826152i
0.21280151539248648+0.9770949604765271i,-0.0043391595571638545-0.019750383004692697i
-0.946260514927176-0.3234037906627509i,0.01885434744408118+0.006404163015505975i
0.7663191818965467-0.6424594482741938i,-0.014997485982407195+0.012623920940391232i
0.15333039462464265+0.9881745018144654i,-0.0029971469780503295-0.019059601601965584i
-0.9249738383043044-0.38002925968689405i,0.01757591250899172+0.007177888678778387i
0.80376442393692-0.5949471419644914i,-0.014987003061529043+0.011144568022331063i
0.0932981507761263+0.9956377500100413i,-0.0017551871651208808-0.018283448061321657i
-0.90030215405452-0.4352639832898687i,0.01627721354164761+0.007822308021227095i
0.8382682335016035-0.5452575830226074i,-0.014856326611266546+0.009715403592983106i
0.03292447609487742+0.9994573927779231i,-0.0006184115031180857-0.017431539379935253i
-0.8723357499536221-0.48890582608884103i,0.014969102328893246+0.008338066737130216i
0.8697043414558815-0.49357261390858115i,-0.014611659059079291+0.008345320179802157i
-0.027569687680850052+0.99961945186489i,0.0004088486542504215-0.016513783373341938i
-0.8411769710380419-0.5407584819610891i,0.013662261948813622+0.008726643387217384i
0.897957705136341-0.4400813794272954i,-0.014259824481046108+0.007042633053606232i
-0.08796295787442854+0.9961233342042348i,0.001323077299095438-0.015540316905261578i
-0.8069398450659352-0.5906321924401632i,0.012367146136674638+0.008990330326980074i
0.9229249293576465-0.3849796345396669i,-0.013808220800720297+0.005815038449402005i
-0.14803432103643888+0.9889818340861376i,0.002121584527758532-0.01452144339720801i
-0.769749665224522-0.6383444411504309i,0.011093920405018751+0.009132210373275105i
0.9445146447945427-0.3284690279835031i,-0.013264769263926989+0.004669575499244009i
-0.20756394175904264+0.9782210863360528i,0.0028025127160770814-0.013467569943753461i
-0.7297425316107986-0.6837206217386818i,0.009852405209937477+0.009156129355684904i
0.9626478423543706-0.27075636432566497i,-0.01263786146625865+0.0036125920502769623i
-0.26633396717922525+0.9638804706724642i,0.003364838107526261-0.01238914435962642i
-0.6870648531635928-0.7265946768584415i,0.008652021444006392+0.009066664718728861i
0.9772581623164394-0.21205284714610945i,-0.01193630422076852+0.002649714521049581i
-0.3241293242267768+0.9460124675940184i,0.003808367832962395-0.011296592483585086i
-0.6418728118696807-0.7668097058685918i,0.007501738523502834+0.00886909035976267i
0.988292137180122-0.15257330612342945i,-0.011169262562706336+0.0017858219284803123i
-0.38073850669942466+0.9246824663234199i,0.004133732403227888-0.010200256061227864i
-0.5943317912047485-0.8042185390223793i,0.006410025323435169+0.00856933790518727i
0.9957093873329617-0.09253541085043063i,-0.010346201195990995+0.001025024196585936i
-0.43595434928476035+0.8999685255109426i,0.004342373738116037-0.009110331524554734i
-0.5446157709008483-0.838684276045526i,0.00538480419867943+0.008173954644333138i
0.9994827688227224-0.032158874256841885i,-0.009476824692500021+0.00037064483637063046i
-0.4895747856963707+0.8719610875732698i,0.004436528817050492-0.00803680998027219i
-0.4929066902552478-0.8700807871324787i,0.004433408313167207+0.0076900583560082884i
0.999598472692606+0.028335351445712673i,-0.008571016760102345-0.00017479193578987678i
-0.5414035881497248+0.8407626477130637i,0.004419209058186666-0.006989418711506179i
-0.4393937823106874-0.8982931745273648i,0.0035625424817329167+0.0071252892771344785i
0.9960560755161068+0.0887258833539793i,-0.007638778898683309-0.000609569596247519i
-0.5912510854716482+0.8064873788305156i,0.004294175553422711-0.005977564488831337i
-0.3842728813436575-0.9232181930004677i,0.002778247710959994+0.006487759476080308i
0.9888685409465691+0.14879171803948807i,-0.006690168765173647-0.0009327832060823214i
-0.6389348572154139+0.7692607136995289i,0.0040659103068822235-0.005010278976382647i
-0.3277457061949948-0.9447646276814562i,0.0020858696062650635+0.005785999905180479i
0.9780621722757835+0.20831304032625161i,-0.00573523856881568-0.0011443387969053368i
-0.6842804012412868+0.7292188859376003i,0.003739583643743767-0.00409616650731458i
-0.2700191220654985-0.9628536278666637i,0.0014900307926185195+0.0050289054174392925i
0.9636765161752245+0.2670720277199693i,-0.004783973816573343-0.0012449482727667585i
-0.7271217723194627+0.6865084314492498i,0.0033210179747283205-0.00324335449010533i
-0.21130438347807667-0.9774189955788215i,0.0009946074758141101+0.0042256780415312455i
0.9457642179722066+0.3248536475448708i,-0.0038462327257200325-0.0012361198726982586i
-0.7673021894183887+0.6412856521674983i,0.0028166481190475007-0.0024594466932094062i
-0.1518163611768591-0.9884074278232448i,0.0006027102501625013+0.003385768816870366i
0.92439082899058+0.381446443871023i,-0.0029316866162611517-0.001120144260360138i
-0.8046746094560514+0.593716044055874i,0.0022334784050708316-0.001751479640415242i
-0.09177275579249072-0.9957787116539168i,0.0003166692370033025+0.002518818496709328i
0.8996345666610199+0.4366433113522803i,-0.002049761589964525-0.000900076328825095i
-0.8391022654145495+0.5439736914642155i,0.0015790367833290206-0.0011258823330465564i
-0.03139330115125788-0.9995058713356142i,0.00013802361660304773+0.0016345974319123889i
0.8715860282787989+0.49024225314296715i,-0.00120958179543546-0.0005797128295973963i
-0.8704591668486835+0.49224063005466273i,0.0008613262006467077-0.0005884394979321516i
0.02910103985641349-0.9995752670635175i,0.00006751559393688399+0.0007429449512125813i
0.840347859456567+0.5420471201196402i,-0.0004199145699069872-0.00016356595546162354i
-0.8986305609569103+0.4387061806292596i,0.00008877349714477576-0.00014425854193560902i
0.08948888390530213-0.9959866448790466i,0.00010508881664481325-0.00014629144460829197i
0.8060343784854649+0.5918683287026969i,0.0003108822617283184+0.0003431669734395062i
-0.9235133525273492+0.3835662562970713i,-0.0007298239005050993+0.00020225962511705511i
0.14954923740335047-0.9887531375992371i,0.0002498912412181362-0.0010233167570742401i
0.7687711579792406+0.6395235546509124i,0.0009749106615859192+0.0009346375518537345i
-0.9450164812220101+0.3270226455162869i,-0.0015853532058855383+0.00044744575696087406i
0.20906230523336455-0.9779012167562677i,0.0005002824213019357-0.0018784487168019776i
0.7286945653323762+0.6848384002899119i,0.001564779970843689+0.0016043838733687964i
-0.9630612548185502+0.2692822736350651i,-0.0024684431271078107+0.0005883833050489527i
0.26781029510881266-0.9634705957230134i,0.0008538451700148303-0.0027021772495705535i
0.6859512636739489+0.7276470327328117i,0.0020736515768184772+0.0023453714521931776i
-0.9775816371900331+0.21055644563356762i,-0.0033695220484845404+0.0006229252193951109i
0.3255782146001217-0.9455140843791441i,0.0013074015264718819-0.003485222872986054i
0.6406976751435255+0.7677927907574131i,0.0024952804277898564+0.003150037262677688i
-0.9885244899688153+0.15106007283842118i,-0.004278877233519174+0.0005497064364702748i
0.3821546579146989-0.9240973958496308i,0.0018570329353753121-0.0042185937209948164i
0.5930994084532619+0.80512875811904i,0.0028240531844546694+0.004010336661359979i
-0.9958497670101628+0.09101088643949473i,-0.005186714738608512+0.00036815199618242365i
0.4373325795514036-0.8992989060229108i,0.0024981045276818528-0.004893640900891171i
0.5433306528310949+0.8395183012009415i,0.003055022814038848+0.004917792942348841i
-0.9995306609439553+0.030628640687191826i,-0.006083219723834698+0.00007848075186237144i
0.4909100519982197-0.8712093667287724i,0.00322529337009595-0.005502111896265339i
0.4915735405629236+0.8708355690346883i,0.003183939451145569+0.005863549264132409i
-0.999553701278155-0.029865691313792568i,-0.006958616845727952-0.00031829534078153685i
0.5426910047002881-0.8399315736256063i,0.004032620531531661-0.006036201739512815i
0.4380174804666133+0.8989659538607051i,0.0032072773682867285+0.006838422674438961i
-0.9959188036950273-0.09025072627119803i,-0.007803230416908258-0.0008203763477147373i
0.5924859415939882-0.805579990012417i,0.00491348679586043-0.006488601689008681i
0.38285846473700985+0.9238065105434842i,0.0031222579186467965+0.00783295994966638i
-0.9886392703597073-0.15030548087303575i,-0.008607544019054364-0.001425183863611562i
0.6401126345812025-0.7682803279422685i,0.005860711832275301-0.006852545158811236i
0.3262983516986223+0.9452663333065972i,0.0029268683338597307+0.008837494956665387i
-0.9777417412399828-0.20981018049166977i,-0.009362259258716107-0.002129374850030642i
0.6853967904059486-0.728169088170127i,0.006866576617556141-0.007121850662696643i
0.2685441270907903+0.9632668884088249i,0.002619876280354398+0.009842207237346566i
-0.9632660966154476-0.2685470634646298i,-0.01005835336002324-0.0029288597313490154i
0.7281726884928906-0.685393060618679i,0.007922868888486454-0.0072909615494190895i
0.20980714658871008+0.9777423015439434i,0.0022008400990417396+0.01083718151072779i
-0.9452653111327929-0.32630117800883907i,-0.01068713529437902-0.0038188246539021063i
0.7682837874135238-0.6401087871902138i,0.00902093138772082-0.0073549823222279894i
0.1503023623323736+0.9886395989124135i,0.0016701146746672078+0.011812467782658735i
-0.9238052599413362-0.3828611688518869i,-0.011240300154681696-0.004793757793097733i
0.8055832977606181-0.5924819888904453i,0.010151712652616914-0.007309711352799448i
0.09024753629398785+0.9959189010827519i,0.0010288529029521636+0.012758141750577203i
-0.8989644776182468-0.43802005070161687i,-0.011709981490485718-0.005847479573154792i
0.8399347193344492-0.5426869593607557i,0.011305820083971546-0.007151669817763408i
0.029862443362616453+0.9995535689331347i,0.00027900274557017866+0.013664365189286822i
-0.8708338707656988-0.4915759657234619i,-0.012088801330738341-0.006973176644676398i
0.8712123406749464-0.4909059270382703i,0.012473575020306665-0.006878126704851195i
-0.030631932937591977+0.9995303011391504i,-0.0005767001150259919+0.014521446003884346i
-0.8395163853317227-0.5433329222534866i,-0.012369917632270626-0.008163439446581345i
0.8993016991116841-0.43732838827798626i,0.013645069533384922-0.006487119755249315i
-0.09101420915226127+0.9958491828509393i,-0.001534743987024166+0.015319897637623547i
-0.8051266298722167-0.5931015120437613i,-0.012547068905006356-0.009410303161078912i
0.9240999996481318-0.3821504138774414i,0.014810224652051805-0.0059774722289469544i
-0.15106341206521684+0.9885236853815793i,-0.002590857191299446+0.016050497525670056i
-0.7677904561328208-0.6406996034152592i,-0.012614615778847704-0.01070529185346679i
0.9455164911472212-0.32557393154174435i,0.015958849714320857-0.005348805400599385i
-0.2105597873656212+0.9775806169078626i,-0.003740028317021492+0.016704344290336286i
-0.7276444984855406-0.6859530077816358i,-0.012567579292302117-0.01203946557262418i
0.963472798441563-0.26780598691483715i,0.017080702541889883-0.004601546714604815i
-0.2692856038544365+0.9630600243638743i,-0.004976530612698246+0.017272913379510393i
-0.684835673905585-0.7286961171046962i,-0.012401675699095227-0.013403470173262717i
0.9779032091529198-0.2090579858812976i,0.018165550127030715-0.003736933549606744i
-0.3270259502471686+0.9450150468863998i,-0.006293950393932145+0.01774811085753616i
-0.6395206443182921-0.7687725099487388i,-0.012113347606152684-0.01478758960732593i
0.9887549141713091-0.1495449209115326i,0.019203229519022758-0.0027570125643865836i
-0.38356952165693214+0.9235117213484914i,-0.0076852193291565086+0.01812232506674491i
-0.5918652432837175-0.8060355239158785i,-0.011699791274389729-0.016181800419472436i
0.9959882009136812-0.08948458428160672i,0.02018370859604453-0.001664634619001852i
-0.43870939287964916+0.8986287406928535i,-0.00914265044525653+0.018388475888145808i
-0.542043869116976-0.8403487923674775i,-0.011158979932603447-0.01757582817041052i
0.9995765986549296-0.029096771046983834i,0.02109714640869821-0.0004634452869453041i
-0.49224377565148897+0.8704571659494471i,-0.010657977676387535+0.01854006134138851i
-0.4902388466652592-0.871586743467519i,-0.01048968297434367-0.018959205501983288i
0.9995069753993854+0.03139752531304535i,0.0219339527830909+0.0008421290040435469i
-0.5439767571073095+0.8391000929912009i,-0.012222398761551914+0.018571201276977513i
-0.43663976007714095-0.8996350597216316i,-0.009691480927866968-0.020321331549438267i
0.9957795859382825+0.0917769216366508i,0.022684846874668735+0.002246899143209085i
-0.5937190167376629+0.8046722752473616i,-0.013826621279658679+0.018476677927768068i
-0.38144275900596064-0.9243910963300581i,-0.008764776110012813-0.021651532399223017i
0.9884080709173328+0.1518204552468242i,0.02334091436873039+0.003744935739330715i
-0.6412885192206088+0.7672997037551945i,-0.015460911594975065+0.01825197310194942i
-0.3248498407862759-0.9457642568235691i,-0.007710798896045789-0.022939122285035567i
0.9774194069178179+0.21130839257994233i,0.02389366302976328+0.005329595652855924i
-0.6865111805928636+0.727119146086859i,-0.01711514647114227+0.017893301815966045i
-0.26706811121031043-0.9636763246076583i,-0.006531609559042917-0.024173465210696i
0.9628538077338795+0.27002303331630684i,0.024335076309383027+0.006993552535299472i
-0.7292215053223974+0.684277645838792i,-0.01877886709830633+0.017397642183028146i
-0.2083090266096393-0.9780617492017089i,-0.005230095654168046-0.025344036685732194i
0.9447645772072878+0.32774950706988015i,0.024657664731698014+0.008728831233623335i
-0.7692631919510498+0.6389319845152526i,-0.020441335265573946+0.016762761390981647i
-0.148787620015768-0.9888678861256213i,-0.0038099649450896-0.026440485258409422i
0.9232179141582636+0.3842765597216833i,0.024854514785285615+0.010526845897965122i
-0.8064897050907893+0.5912481077753049i,-0.022091591399849588+0.015987237622223194i
-0.0887217142315258-0.9960551895560147i,-0.002275733891741439-0.027452693531282362i
0.8982926701262023+0.4393973265192027i,0.024919335062716007+0.01237844161253696i
-0.8407648116803417+0.5414005181429246i,-0.023718514182358118+0.01507047778800847i
-0.028331124693090626-0.9995973570469695i,-0.0006327117405078638-0.02837083834618243i
0.8700800608068836+0.4929100891126045i,0.024846499401452456+0.014273939351754819i
-0.8719630795397262+0.4895716364026554i,-0.025310881445710958+0.014012730969763406i
0.032163144960166146-0.9994814257856912i,0.0011130197203911244-0.029185449828919376i
0.8386833322421731+0.5446190137573215i,0.02463108679414577+0.01620318404687835i
-0.899970336398201+0.4359511340178279i,-0.026857432047384413+0.012815097480851498i
0.09253971166415015-0.9957078200308409i,0.0029546306560927858-0.02988746898879664i
0.804217382983818+0.5943348679815096i,0.02426891785159181+0.018155595532629125i
-0.9246840877157754+0.3807352390144064i,-0.028346928409897165+0.011479533483495908i
0.15257762309704598-0.9882903495599306i,0.004884571825586402-0.030468303574343908i
0.7668083436140617+0.6418757130956818i,0.023756587617944427+0.020120222128521607i
-0.946013891769237+0.3241260178706319i,-0.029768219413893467+0.010008851117165993i
0.21205716626998633-0.9772561591314657i,0.006894607241642002-0.030919881894389656i
0.7265931151618437+0.6870675700102254i,0.023091494555096043+0.022085796596081477i
-0.9638816906300415+0.2663306360404326i,-0.031110303327727788+0.008406714116591454i
0.2707606715822967-0.9626456291467775i,0.008975850704276334-0.031234704322745617i
0.6837188681037905+0.7297450559242049i,0.02227186553133993+0.024040794200744165i
-0.9782220958228326+0.20756059981677516i,-0.03236239045602737+0.00667762891953779i
0.3284733093988129-0.944512227875086i,0.01111880604251319-0.03140589221523599i
0.638342503783431+0.7697519895554317i,0.02129677666845657+0.025973492596148062i
-0.9889826276191978+0.1480309823094053i,-0.033513965190153594+0.004826931286522803i
0.3849838762341467-0.9229223157825799i,0.013313410880562156-0.0314272339796261i
0.5906300802196207+0.8069419626969292i,0.020166169921113565+0.02787203323875084i
-0.9961239070909504+0.08795963636957119i,-0.03455484714536839+0.002860768476594366i
0.44008556766679796-0.8979549026815932i,0.015549083726793611-0.03129322805203459i
0.5407562044054599+0.8411788760081345i,0.018880865282869853+0.029724484032306493i
-0.9996198002201072+0.027566397342086046i,-0.03547525107294363+0.0007860770450923883i
0.4935767351545812-0.8697013585885998i,0.01781477416703071-0.030999122547689627i
0.48890339332163507+0.8723374370800734i,0.017442568534007722+0.03151890289475232i
-0.9994575135381775-0.032927721437686165i,-0.03626584524036537-0.0013894436491588677i
0.5452616239817478-0.8382650793491682i,0.020099015927834397-0.030540951369243886i
0.4352614060026044+0.900303618951806i,0.015853874467775426+0.03324340193449887i
-0.9956376409447669-0.09330133745778346i,-0.03691780797915188-0.003657362118637106i
0.5949510896372302-0.8037611082535407i,0.02238998256070541-0.029915566572328092i
0.3800265490999707+0.9249750774001639i,0.014118265553386068+0.034886211919066185i
-0.9881741615341609-0.15333350919462685i,-0.03742288210761535-0.006008549474603895i
0.6424632900023772-0.7663157150275672i,0.024675545484493713-0.029120666805432883i
0.32340095848438793+0.9462615254756843i,0.012240106016056742+0.036435746716405426i
-0.9770943884378371-0.21280454466417362i,-0.0377734269451286-0.008433218057881353i
0.6876243508150643-0.7260659337396991i,0.02694333411092111-0.028154821659565867i
0.26559185951502634+0.9640850639140957i,0.010224631336514205+0.03788066738819795i
-0.9624388688701293-0.27149680540029164i,-0.037962467645018705-0.010920963804067318i
0.7302690019748714-0.6831590613151113i,0.02918079776696984-0.02701749178226555i
0.206810808683694+0.9783804662141922i,0.008077933194537763+0.03920994561485516i
-0.9442612357428213-0.3291955029181404i,-0.03798374158513721-0.013460812155619369i
0.7702411823607188-0.6377521184921728i,0.03137526911811388-0.025709044630466i
0.14727291940887377+0.9890954173388339i,0.005806939903209502+0.04041292613390672i
-0.9226280113917109-0.3856894847478415i,-0.03783174156827772-0.016041267315379523i
0.8073946109475921-0.5900112751939347i,0.03351402878790793-0.024230765757228163i
0.08719607481293262+0.9961907051655299i,0.0034193924024930344+0.04147938787693176i
-0.8976183641334098-0.4407720071618977i,-0.03750175559901621-0.018650364619143944i
0.8415933221323144-0.5401112424175274i,0.03558437086244621-0.022584865548451585i
0.026800130363405006+0.9996403639859802i,0.0009238159024094517+0.04239960349513784i
-0.8693238185432819-0.49424149176850507i,-0.036989903019030504-0.021275725788969947i
0.8727121633092987-0.48823463286689406i,0.03757366896264272-0.020774481347207212i
-0.033693890703661245+0.9994317695294205i,-0.001670512712601233+0.04316439697016832i
-0.8378479205147774-0.5459022632019535i,-0.03629316679953492-0.02390461681402264i
0.900637252875374-0.43457129266866756i,0.039469442563175194-0.01880367492523588i
-0.09406460623389068+0.9955656851620376i,-0.0043536015857140505+0.04376519901453689i
-0.8033058583259038-0.5955652652104855i,-0.03540942180702929-0.02652400819206198i
0.925266396987574-0.37931760661682423i,0.04125942323437049-0.01667742528328949i
-0.15409108531825233+0.9880562590933761i,-0.007114784543454095+0.04419409997544653i
-0.7658240410995648-0.6430487525210411i,-0.034337458877062174-0.02912063725216725i
0.9465094635487472-0.322675779488623i,0.04293162048219214-0.014401616784295546i
-0.21355365680536892+0.9769309725999642i,-0.009942765532816639+0.04444389996637907i
-0.7255396362004198-0.6881789559489522i,-0.033077004550010766-0.03168107226809224i
0.9642887120523449-0.26485309606190177i,0.044474386862003834-0.011983022645672263i
-0.27223471320365084+0.9622305394556334i,-0.012825666648599975+0.04450815596286037i
-0.6826000672612014-0.7307907183185833i,-0.03162873634292709-0.034191778061704314i
0.9785390780793143-0.20606116254175247i,0.045876482043657775-0.00942928383939962i
-0.3299195070313258+0.9440087569365838i,-0.015751079541721762+0.04438122561203762i
-0.6371624746754898-0.7707280988677117i,-0.02999429345223981-0.03663918278750118i
0.989208411405947-0.14651513217262863i,0.04712713550903632-0.006748883470589082i
-0.38639693670005404+0.9223323089464385i,-0.018706119982232372+0.044058307520247704i
-0.5893931405313135-0.8078449439237901i,-0.028176282803356857-0.03900974558205989i
0.9962576668513149-0.08643291786980853i,0.048216107568106986-0.003951116727175542i
-0.4414603190561437+0.897280521981777i,-0.02167748533457164+0.043535477798319906i
-0.5394668800900716-0.8420054217636632i,-0.026178280384944522-0.041290024756657925i
0.999661047165877-0.02603439475164903i,0.04913374838603291-0.001046056514843904i
-0.49490814575218833+0.8689450748312031i,-0.024651514687655047+0.04280972266111822i
-0.48756640203770407-0.8730845196993777i,-0.024004827827752245-0.04346674620713025i
0.9994060974383391+0.034459404508981675i,0.049871054721834764+0.001955485087635087i
-0.5465448206811356+0.8374296630703253i,-0.027614251368459974+0.04187896689552812i
-0.43388163984931627-0.9009685015709691i,-0.021661424210227168-0.045526871712401794i
0.9954937506752853+0.0948270985694245i,0.05041972408843088+0.005041999396997557i
-0.5961813757740936+0.802849619580452i,-0.03055150755515578+0.04074209802975148i
-0.3786090567141746-0.9255553239719898i,-0.019154513095652144-0.04745766679199766i
0.9879383243867738+0.1548477675779314i,0.050772206054636795+0.008201327542518922i
-0.6436361625423614+0.7653314924797479i,-0.03344893069443324+0.03939898605622797i
-0.32195092656475277-0.9467550096845871i,-0.01649146482813655-0.04924676779321742i
0.9767674681903938+0.21430176164550818i,0.050921750421788176+0.011420710536904834i
-0.688735516832939+0.7250125820114294i,-0.036292071417662775+0.037850498580820346i
-0.26411459384094954-0.9644899769575008i,-0.013680554137306813-0.05088224788065774i
0.9620220626255335+0.2729715046702405i,0.05086245202099527+0.014686842788205347i
-0.7313143943647931+0.6820404380838033i,-0.03906645264184445+0.03609851129172059i
-0.20531171469842624-0.9786953234219777i,-0.010730933123916894-0.052352681604173126i
0.9437560695481506+0.33064229057244726i,0.05058929189166112+0.017985928822610076i
-0.7712169747200943+0.636572320300927i,-0.04175763953408662+0.03414591366309313i
-0.14575748243791636-0.9893190636065867i,-0.007652599720719842-0.05364720772638914i
0.9220363346535371+0.38710306902678454i,0.05009817461764482+0.02130374297163728i
-0.8082972315800695+0.5887746224599495i,-0.04435131001260368+0.031996609830386734i
-0.0856698399901003-0.9963223191817319i,-0.004456361744722804-0.05475558999735904i
0.8969423428497652+0.4421472178158581i,0.04938596161427991+0.02462569176199884i
-0.8424194671186577+0.5388222636212272i,-0.046833325452918434+0.029655514596584314i
-0.025268682338016657-0.9996794612376547i,-0.0011537966782363596-0.055668275571881795i
0.8685659273770372+0.49557329897886265i,0.04845050017736948+0.027936878732332922i
-0.8734588085983161+0.4868980479796343i,-0.04918980126522185+0.02712854455126692i
0.0352249482042033-0.9993782040752437i,0.0022427926630892198-0.05637645077444007i
0.8370109337374366+0.5471857959880639i,0.04729064812409479+0.03122217138814775i
-0.9013016653506454+0.43319199587966467i,-0.051407177007643336+0.02442260430714973i
0.09558967091133724-0.9954196501664201i,0.005720426396971519-0.056872093927456444i
0.8023928396649614+0.5967958292553794i,0.04590629387540437+0.03446626999471025i
-0.925846144469486+0.3779006484225243i,-0.05347228570045229+0.021545567881563667i
0.1556045768055152-0.9878182861195643i,0.009265499578287758-0.0571480249707612i
0.7648383325265775+0.6442218473506082i,0.044298371849961125+0.03765377789739227i
-0.9470024236952247+0.3212263482100518i,-0.05537242200814335+0.018506255273195268i
0.21505003708826803-0.9766019296647465i,0.012863837723790636-0.057197951613570046i
0.7244848457008258+0.6892902914017456i,0.04246887306081153+0.0407692730501413i
-0.9646930801257138+0.2633764988576369i,-0.05709540895972607+0.015314404307030884i
0.2737085068876711-0.9618116278527726i,0.016500755623958016-0.057016511775010076i
0.6814800556306422+0.7318362302459698i,0.0404208508276596+0.04379738042529636i
-0.9788533735508663+0.20456280598600068i,-0.05862966288250074+0.011980637842892852i
0.33136532137921004-0.9435015068405954i,0.020161119191611294-0.05659931208506783i
0.6359813413909543+0.7717039640069105i,0.038158421539845354+0.04672284497207153i
-0.9894314833740392+0.14500050246948415i,-0.05996425623106106+0.008516426465004449i
0.38780948136690746-0.9217385738128103i,0.02382941008140889-0.05594296223484488i
0.5881552087488117+0.8087475938893749i,0.03568676042770312+0.049530604786549755i
-0.9963886982531757+0.08490756077610076i,-0.06108897800120183+0.004934046791670207i
0.44283442544982526-0.8966024717641171i,0.027489792799947853-0.055045104983048494i
0.53817668082374+0.8428315561063211i,0.03301209232285154+0.052205864153139485i
-0.9996995577677055+0.024503895281853247i,-0.06199439142779111+0.0012465355652048094i
0.49623878594813986-0.8681851880401411i,0.031126184013093493-0.05390444164458587i
0.48622865757823786+0.8738311179841365i,0.03014167741105686+0.054734166116088334i
-0.9993519455927549-0.03598944252150068i,-0.06267188867654108-0.002532360297301726i
0.5478271258224284-0.8365907177032268i,0.034722323745294915-0.052520752907056774i
0.43250124648241184+0.9016328344306921i,0.027083792004406207+0.05710146423980891i
-0.9953471338396969-0.09635107298003762i,-0.06311374225171978-0.006388237492126245i
0.5974106538893537-0.8019346829551413i,0.03826184815515812-0.05089491484154909i
0.37719106680222586+0.926134963095691i,0.02384770438269063+0.05929419321856543i
-0.9876997784007676-0.15636009843218995i,-0.06331315285544353-0.01030609373683975i
0.6448079157163729-0.7643439100094391i,0.041728363562404426-0.04902890999550367i
0.32050053005737245+0.9472478367040049i,0.020443645776866654+0.061299337999360395i
-0.9764378653147943-0.21579691159938302i,-0.06326429344887918-0.014270388560954082i
0.689845457667082-0.7239559649619524i,0.04510552139375472-0.04692583347739112i
0.26263709928198137+0.9648941911994176i,0.01688277659021913+0.06310450108671117i
-0.9616026083503014-0.2744439992544242i,-0.06296234928176492-0.01826510722529846i
0.7323584616670838-0.6809186503579193i,0.048377093709025036-0.04458989396539104i
0.20381252979895353+0.9790094484979106i,0.01317714797527565+0.06469796770441975i
-0.9432482981808057-0.33208673822656154i,-0.06240355367368207-0.02227382750028745i
0.7721913483674029-0.6353894642981028i,0.05152704896410587-0.04202640959512677i
0.1442420942863592+0.9895419528157358i,0.009339658906496899+0.06606876849730693i
-0.9214421037042538-0.3885141808301784i,-0.061585219348713124-0.026279789018528902i
0.8091983464981328-0.5875350240633366i,0.05453962766435707-0.03924179870470138i
0.08414379497182761+0.9964531597074138i,0.005384008910202992+0.06720673946528734i
-0.8962638262336814-0.4435198268427876i,-0.060505765144316576-0.030265964903789928i
0.8432440263287211-0.5375304563667858i,0.057399417560401275-0.03624356543864044i
0.023737565837955332+0.9997177771218624i,0.0013246466340056536+0.06810257883293125i
-0.8678056074586564-0.4969023792072207i,-0.059164737935228626-0.034215135366134575i
0.8742037952826596-0.485558756465337i,0.06009142803829019-0.03304028023583042i
-0.036755532241679045+0.9993238579604475i,-0.002823285541925066+0.06874790056991394i
-0.8361715922462416-0.5484664806924647i,-0.05756282963411469-0.038109962942253765i
0.9019643538928427-0.4318101184754964i,0.06260116335761726-0.029641555249985775i
-0.09711412049043844+0.9952728437982394i,-0.007044010630187365+0.06913528429122807i
-0.8014775475154764-0.5980234288172847i,-0.0557018891522661-0.04193306905057631i
0.9264241104289899-0.37648123934454925i,0.06491469439432836-0.026058014774551146i
-0.15711731237993665+0.9875795596084626i,-0.01132117965818811+0.06925832128097434i
-0.7638504385801401-0.6453918664203174i,-0.05358492922582071-0.04566711152280212i
0.9474935526797799-0.31977459902415317i,0.06701872854966195-0.022301260767035785i
-0.21654552197993504+0.9762721595094603i,-0.015637937529655664+0.06911165639947879i
-0.7234279645101915-0.6903984453494485i,-0.051216128035765585-0.049294862767014135i
0.965095575529125-0.2618977194806127i,0.06890067749300714-0.01838383359063284i
-0.27518126754860456+0.9613920237327028i,-0.019976991852204154+0.06869102565082423i
-0.6803580542122717-0.7328784608416509i,-0.048600825573086065-0.052799288212610235i
0.9791657631278052-0.20306240525354818i,0.0705487224141909-0.014319168113284063i
-0.3328099674223618+0.9429936071888995i,-0.024320684442403148+0.06799328920609747i
-0.6347983250733942-0.7726764542717298i,-0.045745514723946175-0.056163624683874674i
0.9896526246278307-0.14348396834218177i,0.07195187647006895-0.010121545326257496i
-0.38922072529266455+0.9211442401863963i,-0.028651065205971136+0.06701645969700187i
-0.5869155061489533-0.8096467820641726i,-0.042657827073490154-0.059371458347216736i
0.9965177826168465-0.08338044025582811i,0.07310004412103355-0.0058060396654739535i
-0.44420710199598923+0.8959238820311454i,-0.0329499680781695+0.06575972561469243i
-0.5368848280059394-0.8436541486861266i,-0.03934651345065-0.06240680187688725i
0.9997361135629905-0.02297177411214466i,0.0739840770652486-0.001388462239337669i
-0.497567870992569+0.8674248284099609i,-0.03719908869827774+0.06422346966977445i
-0.48488938145426647-0.8745741017709843i,-0.03582141926020986-0.0652541704853224i
0.9992958397562383+0.037520960296880186i,0.0745958264919462+0.0031146998135211323i
-0.5491077547691683+0.835751373627917i,-0.04138006348223249+0.062409281991195366i
-0.4311194475129893-0.9022934875606323i,-0.03209345467205405-0.06789865646725825i
0.9951985724097665+0.09787638552548697i,0.07492819139002142+0.0076863475944300924i
-0.598638139470972+0.8010194289359518i,-0.04547454974922073+0.06031996806421739i
-0.375771801063436-0.9267108649996432i,-0.02817455976113006-0.07032600191129819i
0.9874593057636041+0.15787362662058652i,0.07497516266423916+0.012308838082850113i
-0.6459777651473446+0.7633560983454355i,-0.04946430655117852+0.057959551330674895i
-0.3190489907375949-0.9477368769660026i,-0.024077664714791114-0.0725226692387193i
0.9761063622121499+0.21729311942929405i,0.07473186282867461+0.016964054865946168i
-0.6909533890854588+0.72289921348204i,-0.05333127584887029+0.055333270398157525i
-0.26115859767705135-0.9652945772798254i,-0.019816645247050242-0.07447590923701677i
0.9611812886563635+0.2759174141094946i,0.07419458106544+0.021633481667442278i
-0.7334004198042685+0.6797968291811427i,-0.057057663674548925+0.05244757082859054i
-0.20231247587509776-0.9793197122933484i,-0.015406273381536025-0.0761738262648347i
0.9427387044599392+0.33353197090294273i,0.07336080345614002+0.026298278369326984i
-0.7731635193886938+0.63420668167067i,-0.0606260209189969+0.04931009150071118i
-0.14272597688204247-0.9897609560317087i,-0.010862163786603034-0.07760544031561431i
0.9208461015658764+0.3899259452587003i,0.07222923821393033+0.03093935920705381i
-0.8100971719597208+0.5862956113242017i,-0.06401932338032766+0.04592964556510628i
-0.08261716171095868-0.9965800980239798i,-0.006200715867022627-0.07876074563946082i
0.8955835975049338+0.444892959433703i,0.07079983576528172+0.03553747280719737i
-0.8440662162000672+0.5362389520968074i,-0.06722105071295732+0.042316196034742626i
-0.02220600282796492-0.999752183137099i,-0.0014390518367900418-0.07963076563615916i
0.8670436421998524+0.4982318577467286i,0.06907380355256917+0.04007328372634775i
-0.8749463399865949+0.4842198898780202i,-0.07021526391789118+0.038480826077990964i
0.03828642085259404-0.9992656029009435i,0.0034050489831524483-0.08020760374720287i
0.8353306796383149+0.5497474427218565i,0.06705361545132868+0.044527455141316015i
-0.9026245353193287+0.4304287921101002i,-0.0729866810197877+0.034435704105148165i
0.09863873302209208-0.995122137990347i,0.008313219380253247-0.08048449009080653i
0.800560765652777+0.5992511894274566i,0.06474301571924523+0.04888073233343324i
-0.9269995118822358+0.3750625111248987i,-0.07552075058216771+0.030194043763066163i
0.15863007011990043-0.9873369517085967i,0.013266576699572133-0.08045582360117806i
0.7628611432059278+0.6465619353965275i,0.06214701741775818+0.053114026604136166i
-0.9479820677223105+0.318323663748807i,-0.07780372271963137+0.02577005897582203i
0.21804088959922957-0.9759385344962501i,0.01824579823167344-0.0801172094518731i
0.7223697767360575+0.6915065436035746i,0.05927189527121823+0.05720849925488392i
-0.9654954156904385+0.26041988981213116i,-0.07982271727496865+0.021178914192052253i
0.2766537733586286-0.9609685996683488i,0.023231199229222194-0.0794654915625749i
0.6792348472664245+0.7339205360718175i,0.05612517295298039+0.06114564526198124i
-0.9794754644494086+0.20156309227642788i,-0.08156578883959041+0.016436670021771665i
0.3342542233989244-0.9424819307615901i,0.0282028132288569-0.07849878000913198i
0.633614210126305+0.7736486957919935i,0.05271560481234026+0.0649073762760485i
-0.989871053020698+0.1419686617606088i,-0.08302198830774471+0.011560224466937098i
0.39063144679384093-0.9205461810500926i,0.03314047434277183-0.07721647317816868i
0.5856748172682382+0.8105456347499966i,0.049053152080816585+0.06847610257658589i
-0.9966441380116985+0.08185468830371698i,-0.08418142066837753+0.006567249970648i
0.4455791271016422-0.8952416259634499i,0.038023901173788656-0.07561927452973435i
0.5355921062955306+0.8444763259846121i,0.04514895362088051+0.07183481361455873i
-0.9997699328382049+0.02144116324898284i,-0.08503529875334521+0.0014761265296502554i
0.4988961793947614-0.8666608693131088i,0.042832781998492116-0.07370920385444468i
0.4835493584359219+0.8753165977282419i,0.041015291304558776+0.07496715677990165i
-0.9992369984326765-0.0390508258300762i,-0.08557599267676458-0.0036941288664469204i
0.5503874861443353-0.8349085044021651i,0.047546860855291605-0.07148960293501279i
0.4297370278109525+0.9029535878222842i,0.03666555013349588+0.07785751403649953i
-0.9950472851063134-0.09939990421528835i,-0.0857970747176974-0.008923936188126145i
0.5998646112666197-0.8001007312587625i,0.05214602416819393-0.0689651355462003i
0.3743520444556179+0.9272861567441958i,0.032114173235781064+0.08049107607449178i
-0.9872161254117553-0.15938522018028753i,-0.08569335941679708-0.01419322941342556i
0.6471464897181827-0.76236493139386i,0.05661038753252155-0.06614178175159202i
0.31759709363895755+0.948225257734736i,0.027376611898109908+0.0828539136385177i
-0.9757721780325191-0.21878725321304643i,-0.08526093867728676-0.019481536356965017i
0.6920600901162546-0.7218392016395707i,0.06092038228589751-0.0630268264803384i
0.25967987412295834+0.9656942626708908i,0.022469270814498496+0.08493304570088671i
-0.9607573229045179-0.2773886173667376i,-0.08449721168115638-0.024768060953549182i
0.734441047959328-0.678671848774026i,0.0650568414865701-0.0596288423919406i
0.200812338074227+0.9796292424919139i,0.017409448754747717+0.0867165041605567i
-0.9422265079534675-0.33497485679900074i,-0.08340090945312183-0.03003176765675455i
0.7741342671306897-0.6330208467822157i,0.06900108492154165-0.05595766706218082i
0.1412099154100242+0.9899792011522535i,0.012215274877071056+0.08819339476206446i
-0.9202475480090625-0.3913352305882865i,-0.081972113927188-0.03525146760166607i
0.8109944874836481-0.5850532587390047i,0.07273500276894254-0.05202437454821072i
0.08109072541722567+0.9967062622451917i,0.006905640929555019+0.08935395394329466i
-0.8949008766318035-0.4462634839551836i,-0.08021227139385143-0.04040590617122731i
0.8448868164313226-0.5349446254299757i,0.076241137542903-0.04784124141572337i
0.02067477852934424+0.9997858076142383i,0.0015001296044830797+0.09018960133701004i
-0.8662792517606864-0.4995586030663921i,-0.07812420022972111-0.045473851597460174i
0.8756872225956224-0.48287832294749444i,0.0795027639543421-0.04342170733563632i
-0.03981682881723192+0.999206567445017i,-0.003981060672202838+0.09069298766841603i
-0.834487416258955-0.5510255506590809i,-0.07571209283563367-0.05043418422219432i
0.9032829897088559-0.4290448916129122i,0.08250396632821282-0.038780330382016524i
-0.10016272330130876+0.9949706615079497i,-0.009517194216882885+0.09085803780952366i
-0.7996417146001751-0.6004759797935653i,-0.07298151173408254-0.05526598603690332i
0.927573129106897-0.37364133868076516i,0.08522971322616457-0.033932737186707015i
-0.16014206484823168+0.9870935914008063i,-0.015087079514432283+0.09067998877078372i
-0.7618696670973933-0.6477289231222714i,-0.06993937980186993-0.059948630117905084i
0.9484687493043537-0.316870417376774i,0.08766592893379713-0.028895568129314403i
-0.21953535480977926+0.9756041838195102i,-0.020669153264687053+0.09015542243111642i
-0.7213095032335219-0.6926114551525608i,-0.06659396463912252-0.06446186957142651i
0.9658933812992528-0.2589398849080561i,0.08979956148328196-0.02368641776374505i
-0.2781252392350123+0.9605444850648037i,-0.02624156670611784+0.0892822928291723i
-0.6781096558007544-0.734959325079818i,-0.06295485710127512-0.06878592560296967i
0.9797832584167696-0.20006174216091083i,0.09161864689528407-0.01832377070425352i
-0.3356973042924498+0.9419696071708297i,-0.031782273861844276+0.0880599478611809i
-0.632428217700251-0.7746175578749026i,-0.05903294404596313-0.07290157432705605i
0.9900875496678899-0.1404514578685626i,0.09311236933866983-0.012826933214810028i
-0.3920408609326717+0.9199475262187441i,-0.03726912134278927+0.086489145253978i
-0.5844323633899711-0.8114410214262432i,-0.05484037537206871-0.07679023193670952i
0.9967685457690141-0.08032718008807266i,0.09427111692245604-0.007215960765533741i
-0.44694971591981403+0.8945588335734285i,-0.04267993933406932+0.08457206270593876i
-0.5342977370979044-0.8452949576610786i,-0.050390525453244676-0.08043403785696991i
0.9998017971417519-0.019908937872073398i,0.09508653285166357-0.0015115818388290931i
-0.5002229264103211+0.865896440953685i,-0.04799263338345101+0.08231230211291306i
-0.4822078100395786-0.8760554757021692i,-0.04569794909295448-0.08381593551336794i
0.999176203387885+0.0405821639431319i,0.09555156169728599+0.004264881714464175i
-0.5516655353175114+0.834065240415221i,-0.05318527660523438+0.0797148878214199i
-0.42835320899215357-0.9036100052552357i,-0.04077833215233647-0.08691975035450773i
0.9948940539120614+0.10092475388637652i,0.09566049055019123+0.01009159745205155i
-0.6010892847708432+0.7991817204907421i,-0.05823620190894519+0.07678625887666674i
-0.37293101868222855-0.9278577085679242i,-0.03564843702600393-0.08973026477772883i
0.9869710195435558+0.16089800397620735i,0.09540898484952583+0.015946307918237975i
-0.6483133050589259+0.7613735398919168i,-0.06312409385999482+0.07353425525863891i
-0.31614406054032856-0.9487098494527015i,-0.03032604316392151-0.09223328961823557i
0.975436095187762+0.22028243785652152i,0.09479411869793282+0.021806418677179317i
-0.6931647765350363+0.7207790603332809i,-0.06782807977892301+0.06996809812521756i
-0.25820015046151484-0.9660901180232194i,-0.024829882859885556-0.09441573187494359i
0.960331493717281+0.27886073398583655i,0.09381439949853834+0.02764908844300136i
-0.7354795620628568+0.6775468401877431i,-0.07232781968694536+0.06609836410719239i
-0.19931133828839814-0.979934909955746i,-0.019179572548605743-0.09626565836071727i
0.9417124914909255+0.33641852094086094i,0.09246978677208444+0.033451320937598776i
-0.7751028076879493+0.6318350908266995i,-0.07660359470839577+0.0619369537256478i
-0.1396931317997231-0.9901935592536945i,-0.01339553987390703-0.09777235498040847i
0.9196472260659695+0.3927451619239011i,0.0907617050367662+0.03919005809747747i
-0.8118895093367691+0.5838110976343134i,-0.08063639354514807+0.05749705402785311i
-0.07956370804438934-0.9968285236634258i,-0.007498946810100255-0.09892638135725924i
0.8942164468439319+0.447634525603139i,0.08869305065811858+0.04484227424329208i
-0.8457050434693408+0.5336506078148066i,-0.08440799664432654+0.052793095562905915i
-0.019143114907089143-0.9998155220627838i,-0.0015116091369176527-0.09971962054663816i
0.8655132195624228+0.5008857404648401i,0.08626819260154424+0.05038507081950572i
-0.8764256597436374+0.4815371872331172i,-0.08790105768844202+0.047840703843318295i
0.041347534172511746-0.9991436233195823i,0.004544087414425428-0.10014532359564787i
0.8336425857144873+0.5523039299168853i,0.08349296704575206+0.055795771307130815i
-0.9039389338887224+0.4276615486426179i,-0.0910991820465792+0.04265664546292536i
0.10168686938006477-0.9948152862948574i,0.010645274010643423-0.10019814872791218i
0.7987211781418185+0.6017009254534578i,0.08037466584142308+0.061052015909735066i
-0.9281441791293278+0.3722208537582864i,-0.09398700183637951+0.037258769065255666i
0.1616540746450521-0.9868463508444901i,0.01676868821331638-0.09987419495459382i
0.7608767942086172+0.6488959552710198i,0.07692201882537472+0.06613185561166852i
-0.9489528146562427+0.3154179917294484i,-0.09655024725907088+0.031665941379368075i
0.22102969573283582-0.9752659798521335i,0.022890765762361015-0.09917102993536782i
0.7202479281180854+0.6937163058155286i,0.07314517002694933+0.07101384520822658i
-0.966288689794057+0.2574608366525654i,-0.09877581388404373+0.02589797856234275i
0.27959644335297146-0.9601165525055739i,0.028987734273462094-0.09808771193667912i
0.6769832640830808+0.7359979538399197i,0.06905564782930375+0.07567713490964187i
-0.9800883626799498+0.19856148684125727i,-0.10065182557498514+0.019975573108725112i
0.3371399883447552-0.9414535092070926i,0.035035708466849176-0.09662480575890663i
0.6312411322057101+0.7755861666587955i,0.06466632917441391+0.08010156012494689i
-0.9903013324336812+0.13893548863750171i,-0.10216769276647754+0.013920216607410428i
0.39344974602996613-0.9193451486853853i,0.041010786536363926-0.09478439252899651i
0.5831889290571072+0.8123360684036471i,0.05999139792625535+0.08426772903737782i
-0.9968902239691385+0.07880104760453119i,-0.1033141658183516+0.007754118645476378i
0.44831964686241077-0.8938723780515301i,0.04688914726094765-0.09257007328062124i
0.5330025050778262+0.8461131702063533i,0.05504629753203462+0.08815710759051358i
-0.9998309247711127+0.018378229988120588i,-0.10408338319444185+0.0015001221763111623i
0.5015488905540211-0.8651284167136828i,0.052647147455576214-0.08998696626993014i
0.48086552104070046+0.8767938623707212i,0.049847678146164656+0.09175210151330801i
-0.9991126731367539-0.042111842631424916i,-0.10446891423320456-0.004818384314054041i
0.5529426809177296-0.8332184552340511i,0.05826141935519535-0.08704169800114327i
0.4269687759312353+0.9042658667309205i,0.04441333840595035+0.09503613502298144i
-0.9947380975587853-0.10244780254935326i,-0.10446579629926914-0.011177557493317839i
0.602312938737913-0.7982592703765832i,0.06370896752350327-0.0837423879627585i
0.3715095087052106+0.9284286475413848i,0.038762162071459993+0.09799372585690744i
-0.9867232071063492-0.16240884604725814i,-0.10407056612778223-0.017553192359116194i
0.6494789900595985-0.7603787977541283i,0.06896726487849812-0.08009862710176585i
0.3146906764787512+0.9491937793944925i,0.03291404976487776+0.1006105562985159i
-0.9750973328386829-0.22177554143992473i,-0.10328128519704594-0.023920817529900818i
0.6942682273776025-0.7197156636390026i,0.07401434742830172-0.0761214500897536i
0.2567202117923878+0.9664852708196083i,0.026889846066361918+0.10287353987751058i
-0.959903020466032-0.2803306321011221i,-0.10209755898927826-0.03025579226461536i
0.7365167413059166-0.6764186776503266i,0.07882890731450061-0.07182330146136616i
0.1978102616671989+0.980239842379252i,0.020711262244329634+0.10477088344139059i
-0.9411958746506082-0.33785983152961296i,-0.1005205500245285-0.036533404816128684i
0.7760699204157135-0.6306462881746854i,0.08339038376521848-0.06721799573166347i
0.13817641123776142+0.9904071582446808i,0.014400794917786158+0.10629214431335336i
-0.9190443555173933-0.3941526075457813i,-0.09855298457837226-0.042728971715914534i
0.8127830170468241-0.5825660025130377i,0.08767905156718364-0.06232067162490582i
0.07803689480308462+0.9969500104034204i,0.007981640966829824+0.10742828227100118i
-0.8935295281194593-0.449002952749054i,-0.0961991530203025-0.048817937581626246i
0.8465216770220483-0.5323537738758826i,0.09167610667466373-0.0571477405726396i
0.0176117971827347+0.9998444548246201i,0.0014776090247956887+0.10817170610081359i
-0.8647447657746692-0.5022101384165731i,-0.09346490373611337-0.054775975035131236i
0.8771624313257818-0.4801933574700253i,0.09536374858335414-0.051716829663797495i
-0.04287775169914709+0.9990798990839322i,-0.0050869720986690126+0.10851631450499875i
-0.8327954083594055-0.5535794490841729i,-0.0903576306245342-0.06057908431617644i
0.9045931479476251-0.42627563803338553i,0.09872525910917672-0.04604671925369392i
-0.10321038605446392+0.9946591411272365i,-0.011687347699704451+0.1084575311601027i
-0.7977983768098321-0.6029228951214105i,-0.08688625418521809-0.06620369217624515i
0.9287134422374141-0.3707979312787778i,0.10174507722546945-0.04015727546219643i
-0.16316531433494158+0.9865983590313605i,-0.018298433790684857+0.10799233375027681i
-0.7598817452414489-0.6500599006929333i,-0.08306119624214989-0.07162674963825993i
0.9494350442699583-0.3139632618030883i,0.1044088696268987-0.03406937781376797i
-0.22252312723443607+0.9749270517992608i,-0.024894915650658836+0.10711927682267158i
-0.719184272252795-0.6948179645885363i,-0.07889434837350257-0.0768258282107239i
0.966682121875084-0.2559796201043827i,0.10670359670492514-0.027804842293668346i
-0.2810666006328297+0.9596879314063341i,-0.03145134791756842+0.10583850833756549i
-0.6758548931285313-0.7370332915035582i,-0.07439903414557228-0.0817792141494757i
0.9803915581508303-0.19705920142594943i,0.10861757363745478-0.021386340114942518i
-0.3385814905430805+0.9409367664929162i,-0.037942255815843415+0.10415177981173591i
-0.6300521748002168-0.7765513914593976i,-0.06958996527487023-0.08646600036664458i
0.9905131824442224-0.13741762921277775i,0.11014052631440485-0.014837312510155036i
-0.3948573171522685+0.9187421782749945i,-0.04434223710633553+0.10206244997984949i
-0.5819437355593937-0.8132276451705336i,-0.06448319186831294-0.09086617559440274i
0.9970099539543295-0.07727316602229059i,0.11126364184132112-0.0081818818797664i
-0.4496881350873756+0.893185389420007i,-0.05062606434084626+0.09957548192552747i
-0.5317056316465776-0.8469278332890405i,-0.059096046916944624-0.0949607104210111i
0.9998580972856993-0.016845914777057755i,0.11197961338472778-0.0014447596457578585i
-0.502873287086965+0.8643599268067412i,-0.05676878700031005+0.09669743366072067i
-0.47952171296097906-0.8775286275897993i,-0.05344708524330516-0.09873163982789615i
0.9990471894560999+0.04364298671743683i,0.11228267914548849+0.00534884882565265i
-0.5542181383206384+0.8323712792570939i,-0.06274583309447296+0.09343644215938889i
-0.4255829502487737-0.9049180422988705i,-0.04755601712666178-0.10216214186966346i
0.9945801980401646+0.10397217504225592i,0.11216865527001948+0.012173341854563978i
-0.6035347886689846+0.7973365114922586i,-0.06853310980125957+0.08980220087869657i
-0.3700867362321342-0.9289958439133652i,-0.04144363685333762-0.1052366121534318i
0.9864734703093384+0.16392087126011812i,0.1116349625337712+0.019002821241347133i
-0.6506427603573716+0.7593838357260876i,-0.07410710272636357+0.08580593082832551i
-0.3132361632365822-0.9496739180130477i,-0.03513174646169497-0.10794073378997626i
0.9747566734078832+0.22326968887155418i,0.11068064665650126+0.025811193823493294i
-0.6953696584271459+0.7186521424634147i,-0.07944497336748281+0.08146034527558679i
-0.25523927996024104-0.9668765917212969i,-0.02864307497235222-0.11026154250665068i
0.9594726857838624+0.2818014366753395i,0.10930639213494427+0.03257227438582768i
-0.7375518016271929+0.6752904922204165i,-0.08452465437346979+0.07677960820087859i
-0.19630833010488968-0.9805409106353578i,-0.022001193414283114-0.1121874866309546i
0.9406774402724215+0.3393019135950771i,0.1075145295049039+0.03925988950727433i
-0.7770348214170674+0.6294575700270967i,-0.08932494219611431+0.07177928664449881i
-0.1366589756551057-0.990616869212436i,-0.015230425976126834-0.11370848167369865i
0.9184397194056182+0.395560692563206i,0.10530903597175724+0.04584798192176592i
-0.8136742268895992+0.5813211047081803i,-0.09382558674151564+0.06647629711178975i
-0.07650950764795789-0.9970675937685232i,-0.008355757629531476-0.11481595926214233i
0.892840903697874+0.4503718905937575i,0.10269552937571885+0.05231071496705575i
-0.8473359335456019+0.5310572550676018i,-0.0980073776388785+0.06088884622894032i
-0.016080047321497093-0.9998694774202561i,-0.0014027385873242022-0.11550291019588056i
0.8639746738282205+0.5035349222257254i,0.09968125548569161+0.05862257669311461i
-0.8778967539855935+0.4788499652228845i,-0.10185222675708772+0.05503636586641332i
0.04440825943450327-0.9990122664759782i,0.005602614026078465-0.1157639214218162i
0.8319466678092161+0.5548552335797635i,0.09627506864327968+0.06475848320159505i
-0.9052448487228094+0.42489029144861656i,-0.10534324661358506+0.048939442970732244i
0.10473405137759406-0.994499097959848i,0.012633916901587133-0.11559520674895825i
0.7968740943971608+0.6041450143418876i,0.09248740580607125+0.0706938807892525i
-0.9292801354677231+0.3693757029924829i,-0.10846482433565219+0.04261974436827109i
0.16467656199979347-0.9863464881316806i,0.01966452326782929-0.11499463114898946i
0.7588853041583494+0.6512238850686196i,0.08833025406697186+0.07640484647163552i
-0.9499146553862764+0.31250935942256813i,-0.11120269085136253+0.03609993682651361i
0.22401642743825712-0.9745842720445227i,0.026667627197331446-0.11396172851463222i
0.7181193197610873+0.6959195572983367i,0.08381711175356381+0.08186818646838082i
-0.9670728949914581+0.25449936715052923i,-0.1135439850060402+0.029403602678964687i
0.28253648925287167-0.9592554943611633i,0.033616369076686727-0.11249771277434928i
0.6747253272123859+0.7380684640530969i,0.07896294323856283+0.08706153223836524i
-0.9806920624902601+0.19555801785144367i,-0.11547731231981219+0.022555151339408424i
0.34002258913294525-0.940416251829143i,0.04048394181458225-0.11060548228905463i
0.6288621299012067+0.7775163584235802i,0.0737841276187689+0.0919634336615091i
-0.9907223175746896+0.13590101156738887i,-0.11699279812305649+0.0155797270494122i
0.3962643526247113-0.9181354879907315i,0.04724369735687737-0.10828961748402717i
0.5806975674462143+0.8141188780465767i,0.06829840144596809+0.09655344897438849i
-0.997126953815907+0.0757466673378642i,-0.11808213482873588+0.008503113219773149i
0.4510559590115428-0.8924947408791546i,0.05386925307508743-0.10555637169694711i
0.5304079014748008+0.8477420734092787i,0.06252479571847502+0.10081223107876866i
-0.9998825329940012+0.015315124245801061i,-0.11873862312401522+0.0013516337420576446i
0.5041968945294402-0.8635878446243839i,0.06033459759363512-0.10241365525100937i
0.47817717058118125+0.878262898047009i,0.05648356736631584+0.10472160985580119i
-0.9989789708718161-0.04517246419699908i,-0.11895720688782063-0.005847948339898805i
0.5554926861613524-0.8315205860604955i,0.0666141956219409-0.0988710127899197i
0.4241965168241225+0.905569658840474i,0.05019612548676771+0.10826467013374912i
-0.9944195740989286-0.10549473937680474i,-0.11873450166625749-0.013068534396253927i
0.6047556133249543-0.7964103175912571i,0.07268309136004933-0.0949395939396498i
0.36866348622904205+0.9295624247646428i,0.04368495260940554+0.11142582497388263i
-0.9862210281107331-0.16543094765547822i,-0.11806881656367998-0.02028279560237501i
0.651805394849414-0.7583855277306957i,0.0785170100508202-0.09063211738944976i
0.3117813058543381+0.9501533925934105i,0.036973521291279496+0.1141908839572227i
-0.974413336066907-0.22476174823404826i,-0.11696016943398992-0.027463279733218094i
0.6964698487271036-0.71758537089028i,0.08409245725793921-0.08596282851207769i
0.2537581400675768+0.9672672082217237i,0.030086206363132115+0.11654711617437484i
-0.9590397090527238-0.28327001584589795i,-0.11541029528377318-0.034582518931872426i
0.7385855222258523-0.6741591581334989i,0.08938681545687739-0.08094745067021i
0.19480632875324527+0.9808412424292638i,0.023048193166533962+0.11848330764149884i
-0.9401564079450268-0.3407416353420552i,-0.11342264782663314-0.0416131380178218i
0.7779982900557935-0.6282658107614479i,0.0943784375356699-0.07560313038249233i
0.13514161023990728+0.9908258200765135i,0.015885382139405924+0.11998981288740669i
-0.9178325375215638-0.39696628526074473i,-0.11100239415602889-0.048527962896815297i
0.8145639184017803-0.5800732787290726i,0.0990467368136792-0.06994837654845354i
0.07498233179051056+0.9971844018944502i,0.008624290123652801+0.12105860047995921i
-0.8921497935671604-0.4517382075136716i,-0.1081564025320448-0.05530012863239729i
0.8481485927572456-0.5297579260204157i,0.1033722731996452-0.06400299395661253i
0.014548650545114283+0.9998937182025858i,0.0012919487832565037+0.12168329228409899i
-0.8632021639022096-0.5048569603723188i,-0.10489322330586184-0.061903186739077715i
0.8786294076278671-0.47750388523212595i,0.10733683512483036-0.05778801132432168i
-0.04593827215975688+0.998943854066013i,-0.006084199465684411+0.121859196268849i
-0.8310955844275871-0.5561281519986474i,-0.10122306303393926-0.06831121125898017i
0.9058948163129271-0.4235023837271805i,0.11092351690342178-0.05132560414109271i
-0.10625708014668661+0.9943382855798106i,-0.013476407600013672+0.12158333270661176i
-0.7959475514447178-0.6053641518357957i,-0.09715775186200927-0.0744989031873595i
0.929845039118364-0.3679510438248072i,0.11411679118986022-0.04463901260934467i
-0.16618703246597516+0.9860938671480272i,-0.020856731786911536+0.12085445363465966i
-0.7578866916695406-0.652384777255389i,-0.09271070428683331-0.0804416928178528i
0.9503924285076286-0.31105315958761093i,0.11690257622198315-0.03775245499752359i
-0.22550881121277727+0.9742407698037964i,-0.028197140402802096+0.11967305547593443i
-0.7170522915139322-0.6970179529486309i,-0.08789687343116187-0.08611583958548305i
0.9674617898540538-0.25301695285255427i,0.11926829755919484-0.030691036740294973i
-0.2840053241365083+0.9588223707963044i,-0.03546962383661928+0.11804138474403737i
-0.673593787357218-0.7391003406480811i,-0.082732698994358-0.09149852899452433i
0.9809906566209128-0.19405481122839843i,0.12120294404667573-0.023480655638940855i
-0.3414624991053103+0.9398950948486733i,-0.042646304635787544+0.11596343678535047i
-0.627670218673158-0.7784779368756128i,-0.07723604906743749-0.0965679662289133i
0.9909295189621379-0.134382510848208i,0.12269711775931628-0.01614790353210515i
-0.3976700675181784+0.9175282076676936i,-0.04969954755056574+0.11344494753958527i
-0.5794496460137298-0.8150066365290496i,-0.07142615602704276-0.10130346605540415i
0.9972420049071047-0.07421842672130874i,0.12374307770320629-0.008719964822564296i
-0.4524223337977985+0.8918035624610613i,-0.05660206903151053+0.1104933783286678i
-0.5291085359796369-0.8485527602449903i,-0.06532354674761719-0.10568553864365474i
0.9999050134664383-0.013782733574476992i,0.1243347770771399-0.0012245122596141048i
-0.5055189281480799+0.8628153003897697i,-0.06332704573581316+0.10711789371223691i
-0.4768311154282848-0.8789935436079075i,-0.05894996739504964-0.10969597094307677i
0.998908799171717+0.04670339989306617i,0.1244678939226575+0.00631039961091872i
-0.5567655398216135+0.8306695060518622i,-0.06984822160105332+0.10332933247664342i
-0.4228086972825487-0.9062175864152207i,-0.0523283030878597-0.11331790327342194i
0.9942570077397055+0.1070186203921745i,0.12413985501741565+0.013856442906394647i
-0.6059746282136163+0.7954838192583338i,-0.07614001304952372+0.09914017185247535i
-0.3672389804075857-0.9301252603542283i,-0.04548249273375253-0.1165359008046842i
0.985966662730597+0.1669422001018138i,0.1233498528940569+0.021385126345229804i
-0.6529661091800528+0.7573870045219099i,-0.08217761189281621+0.09456448508359615i
-0.3103253261178324-0.9506290735989712i,-0.03843743937001128-0.1193360196219646i
0.9740681032490872+0.2262548444381556i,0.12209885589444869+0.028867906224095435i
-0.6975680140683171+0.716518479834195i,-0.08793708551443404+0.08961789249808672i
-0.2522760139618763-0.967653990992769i,-0.03121891635520845-0.1217058670920536i
0.9586048729162734+0.28473949457863745i,0.12038961119728013+0.036276297990259464i
-0.7396171190486943+0.6730278064556554i,-0.09339547391838558+0.08431750625850787i
-0.19330347950869436-0.9811377086446875i,-0.02385346977778152-0.12363465627121424i
0.9396335605186884+0.34218212180409635i,0.11822664078558123+0.04358198796128708i
-0.7789595424435262+0.6270741415855978i,-0.09853088324324417+0.0786818689949328i
-0.13362353692464446-0.9910308819350422i,-0.016368317463201405-0.12511325411707613i
0.9172235929176288+0.39837251075202484i,0.11561623034938358+0.05075694474257228i
-0.8154513078681068+0.5788256559151232i,-0.10332257535470336+0.07273088654989912i
-0.07345458918623926-0.9972973060955261i,-0.008791244976382265-0.12613422329235366i
0.8914569809766393+0.4531050287145769i,0.1125664111475086+0.05777352989328885i
-0.848958871122462+0.528458918194576i,-0.10775105314452334+0.06648575508873623i
-0.013016828818986137-0.9999140487031273i,-0.0011504990291775444-0.1266918573735271i
0.8624280194369498+0.5061793781660268i,0.10908693488124512+0.06460460739327213i
-0.8793596089058049+0.47615824906769494i,-0.1117981411804721+0.059968882852500696i
0.04746856791275539-0.99887153360295i,0.006525321285623102-0.12678220930421105i
0.8302429418391908+0.5574013297657491i,0.10518924166119233+0.07122365146716926i
-0.9065422675651891+0.4221150465371646i,-0.11544706136983121+0.05320380685308116i
0.10778025041597517-0.9941735759528371i,0.014207375002558066-0.126403112959808i
0.7950195317542288+0.6065834331542463i,0.10088642117688693+0.0776048523278146i
-0.9304073702361335+0.3665270855300692i,-0.11868250331854237+0.04621510483139851i
0.16769750381718568-0.9858373682615256i,0.02186669109460892-0.12555419771798798i
0.756886691745846+0.6535457029410152i,0.09619316720673841+0.08372321940822135i
-0.9508675808852489+0.30959779412654i,-0.12149068908899985+0.039028302819603164i
0.227001056684132-0.9738934174714444i,0.02947428114153821-0.12423689595756945i
0.7159839716426799+0.6981162773738299i,0.09112572563312331+0.08955468166079791i
-0.9678480239226418+0.25153550910028916i,-0.12385943208137769+0.03166977866681428i
0.28547388346512825-0.9583854333164i,0.0370012524052507-0.12245444343695942i
0.6724610578457433+0.7401320472789963i,0.08570183615433534+0.09507618451340205i
-0.9812865582144356+0.19255271349543146i,-0.12577818978691818+0.02416666190516628i
0.3429019987094323-0.9393701683627067i,0.04441892085939584-0.12021187253226433i
0.6264772255404356+0.7794392529709246i,0.07994066791108273+0.10026578308448333i
-0.991134004492651+0.13286525902973617i,-0.12723811018570197+0.016546730348596217i
0.39907524016215973-0.9169172103191532i,0.051698923719549365-0.11751599834392307i
0.5782007558177245+0.8158940469465878i,0.07386274927033569+0.10510273127392221i
-0.9973543253302216+0.07269157616997869i,-0.1282320715868685+0.008838303830923622i
0.4537880378679377-0.8911087273758533i,0.05881333102148311-0.11437539770986074i
0.5278083198375755+0.8493630203056461i,0.0674898920336641+0.10956756636209093i
-0.99992475702251+0.012251874770178178i,-0.12875471573540395+0.0010701355022193159i
0.5068401664687168-0.8620391675039349i,0.06573475579783619-0.11080038119193411i
0.47548433228832837+0.8797236909697683i,0.06084511036031427+0.11364218876709413i
-0.9988358928926957-0.04823266180195913i,-0.12880247403659204-0.00672869888675123i
0.5580374779426479-0.8298149128165011i,0.0724364624083667-0.1068029581310753i
0.42142027650808517+0.9068649519144683i,0.053952534717277886+0.1173099366291894i
-0.9940917177161773-0.10854068610123876i,-0.12837358677674582-0.01452891327322889i
0.6071926121025192-0.7945538902557518i,0.07889247258548805-0.10239679489487959i
0.3658140037378749+0.9306874777731333i,0.04683732118941027+0.12055565491150376i
-0.9857095931380025-0.1684514966416295i,-0.12746811524713075-0.022301124698277816i
0.6541256822536298-0.7563851400309887i,0.08507766876525442-0.09759716646913642i
0.3088690090710223+0.9511040883252346i,0.03952555650213034+0.1233657587279974i
-0.973720194136701-0.22774584556898197i,-0.1260879467063919-0.03001596739826134i
0.6986649335018883-0.7154483433868295i,0.09096789428410812-0.09242090157213602i
0.25079368674844427+0.9680400675385212i,0.03204415912717481+0.12572829063227992i
-0.958167396767025-0.2862067410140785i,-0.12423679214584397-0.03764420711694161i
0.7406473713030133-0.6718933114298011i,0.09654005003359306-0.08688632149708256i
0.19180056752516444+0.9814334369976296i,0.024420776858533614+0.1276329716249741i
-0.9391081175924233-0.3436202411897463i,-0.12192017685090843-0.04515685518145015i
0.7799193579526092-0.6258794368839855i,0.10177218717891617-0.08101317291373593i
0.13210554089896542+0.991235182718485i,0.016683681260569763+0.12907124566223319i
-0.9166121053948423-0.3997762373259792i,-0.11914542378125545-0.05252528188550248i
0.8163371748342295-0.577575110782057i,0.1066435955623307-0.0748225548852386i
0.07192706504747931+0.9974094345184465i,0.008861659403790596+0.13003631747393782i
-0.8907616859241216-0.4544692225778617i,-0.11592162982115467-0.059721328725245285i
0.8497675483678292-0.5271571062263731i,0.1111348874292802-0.0683368403799369i
0.011485367365019039+0.9999335972857828i,0.0009839033152938168+0.1305231835268698i
-0.8616514606210817-0.5074990440924221i,-0.11225963498059982-0.0667174190369961i
0.8800881377338708-0.4748099314752873i,0.11522807613339334-0.0615795925807247i
-0.048998361475172114+0.9987984336680814i,-0.006920102418969539+0.13052865599554636i
-0.8293879604168499-0.5586716354821742i,-0.10817198465630058-0.07348666659182686i
0.9071879825882188-0.4207251547221086i,0.11890664949624244-0.05457547631598368i
-0.10930277698385182+0.9940080978769954i,-0.014820694454994204+0.1300513796314638i
-0.7940892558753753-0.6077997270248039i,-0.10367288508987146-0.08000298170954782i
0.9309679091293743-0.36510070303773373i,0.12215563751883668-0.0473501649563405i
-0.16920719088161357+0.9855801204856112i,-0.022688145442920277+0.12909184144999347i
-0.7558845251058366-0.6547035309899836i,-0.09877815218828048-0.08624117446385951i
0.9513408930320301-0.30814013804251184i,0.12496167416411583-0.03993024314044718i
-0.22849237872327455+0.9735453442740751i,-0.030492779274530667+0.12765237318307515i
-0.714913581026203-0.6992113995853022i,-0.0935051538986337-0.09217705456169685i
0.968232377918747-0.25005191095807866i,0.12731305295334383-0.03234310571022966i
-0.2869413821652594+0.9579478113582549i,-0.03820508636722856+0.12573714647497253i
-0.6713263597079598-0.7411604531135192i,-0.08787274635565936-0.09778752749245435i
0.9815805482043012-0.19104859976534783i,0.129199776143716-0.024616853252000102i
-0.34434030294002266+0.9388446020144974i,-0.0457958385249012+0.12335216082758917i
-0.6252823716744363-0.7803971760423504i,-0.08190120404575352-0.10305068655735257i
0.9913365553141946-0.13134613126033595i,0.1306135972802382-0.01678018465402534i
-0.4004790856319081+0.9163056257903149i,-0.053236202917084724+0.12050522433111086i
-0.5769501181607477-0.8167779788054321i,-0.07561214425586489-0.10794590040521133i
0.9974646964494728-0.07116299085475825i,0.1315480569412537-0.00886228710380656i
-0.4551522863898194+0.8904133656654455i,-0.06049785472082924+0.11720592724491016i
-0.5265064744715928-0.8501697232785076i,-0.0690284460989079-0.11245389571857607i
0.9999425452436462-0.010719423013192817i,0.13199851152425487-0.000892723959110897i
-0.5081598247635417+0.861262576199546i,-0.0675530879744436+0.11346560852249626i
-0.4741360426935492-0.8804502100078229i,-0.062174164429674716-0.11655683471317649i
0.9987610338335691+0.04976337474713675i,0.13196215494640526+0.007098679063971864i
-0.5593077159123201+0.8289599367711715i,-0.07437492419890536+0.10929731540291121i
-0.4200304761306643-0.9075086254076807i,-0.055074438986128856-0.12023838713421504i
0.9939244860439218+0.11006406134434096i,0.13143803316274652+0.01508194893542663i
-0.6084087805061225+0.7936236611770329i,-0.08093721835121404+0.10471575621900911i
-0.36438777793561494-0.9312459472906065i,-0.047755399110679796-0.12348379645473888i
0.9854506015638724+0.1699619621452289i,0.13042705143359287+0.023027081132106553i
-0.6552833297216538+0.7553830650202367i,-0.08721476168416228+0.09973724660055248i
-0.30741157650314826-0.9515753072460551i,-0.04024406442416467-0.12627994000436205i
0.9733703911738095+0.2292378765397574i,0.12893197430205966+0.03090415577520824i
-0.699759822826332+0.7143780924706775i,-0.09318338109899102+0.09437964927688906i
-0.2493103802775497-0.9684223085415132i,-0.03256824184204374-0.12861538278072618i
0.9577280632591949+0.287674880121187i,0.1269574182717136+0.03868345362295847i
-0.7416754949437456+0.6707588041294363i,-0.09882003459107108+0.08866230770992965i
-0.19029681470122373-0.9817252983826087i,-0.02475641933742243-0.13048042472128707i
0.9385808620268463+0.3450591185363124i,0.12450983720384433+0.04633557145710411i
-0.7808769527032482+0.6246848278713836i,-0.10410290240398848+0.08260597381317897i
-0.1305868440968298-0.9914355935358806i,-0.016837656869000465-0.13186714123899007i
0.9159988580157078+0.40118059010061224i,0.12159750048308392+0.05383153640380428i
-0.817220735593861+0.5763247746756666i,-0.10901147352438427+0.07623273003667723i
-0.07039898133054734-0.9975176584885164i,-0.00884147490391259-0.13276941685245305i
0.8900646916687506+0.45583391431428677i,0.11823046402925727+0.061142918733322664i
-0.8505738409681718+0.5258556215818888i,-0.11352662716822141+0.0695659061206064i
-0.009953488148767398-0.9999492354930811i,-0.0007977409754358923-0.13318297176867708i
0.8608732709044197+0.5088190834667432i,0.11442053426217944+0.06824194268862606i
-0.8808142107749449+0.47346206403010094i,-0.11763070892893139+0.06262999084197028i
0.05052843088536707-0.9987214260213182i,0.007263445276118352-0.13310538130471092i
0.828531423794384+0.5599421945789758i,0.11018122515452933+0.07510159490055388i
-0.9078311782392026+0.4193358399547571i,-0.12130760127916232+0.055450539099248276i
0.11082543790572746-0.9938387233289454i,0.01531186812453569-0.13253608806319897i
0.7931575076186427+0.6090161590052516i,0.10552770853578848+0.08169572995646646i
-0.931525872855126+0.36367502810616426i,-0.12454278814017589+0.04805407469887216i
0.1707168717447951-0.9853189960122657i,0.02331731238147701-0.13147640680589728i
0.7548809757286764+0.6558613870972576i,0.10047675783749738+0.08799917270047913i
-0.9518115822096727+0.30668332316726776i,-0.12732341325660657+0.04046798922492358i
0.22998355545883087-0.9731934226167749i,0.03124968016069341-0.12992952199843244i
0.7138419038037398+0.7003064454251395i,0.09504668549654201+0.09398781685605863i
-0.9686140693127943+0.2485692903185322i,-0.12963833213890752+0.03272043738949587i
0.28840859842142563-0.957506377537066i,0.03907910731958501-0.1279004780290584i
0.6701904772339932+0.7421886841502787i,0.08925727425879172+0.0996387195763787i
-0.9818718442729587+0.18954560197889359i,-0.13147815736155544+0.02484022927550125i
0.3457781900501045-0.9383152686255887i,0.04677607911606798-0.12539616213350668i
0.6240864415064306+0.7813548322538948i,0.08312970265006997+0.10493019154381503i
-0.9915363893237631+0.1298282595159807i,-0.13283529703150848+0.016856719896499724i
0.4018823822612994-0.915690327104549i,0.054311544621410295-0.12242528008732642i
0.575698517604956+0.8176615584431952i,0.07668646490496182+0.10984188225756496i
-0.9975723363781356+0.06963580277381098i,-0.13370398626875632+0.008799696509125213i
0.45651585779022685-0.8897143505497764i,0.06165702943460765-0.1189983247561828i
0.5252037845639955+0.8509759956823915i,0.0699512856663787+0.11435486016757519i
-0.999957596460356+0.00918851031075642i,-0.13408031156872252+0.0006992641228890312i
0.5094786815639609-0.8604823998871323i,0.0687847462502738-0.11512753762323312i
0.4727870314352276+0.8811762274290265i,0.06294902978996189+0.11845168733333107i
-0.9986834405422251-0.051292406725443704i,-0.1339622279447372-0.007414270340292866i
0.5605770323779926-0.8281014515103189i,0.07566770284048133-0.11082686344091151i
0.41864008103896283+0.908151733796196i,0.05570560760711203+0.12211648830790654i
-0.9937545314875634-0.1115856141355426i,-0.13334956877768872-0.015510514779011754i
0.609623912198653-0.7926900057931902i,0.08227980702116931-0.10611189818212974i
0.3629610879749482+0.9318037960079024i,0.04824787601886552+0.12533501297067146i
-0.9851889069881297-0.17147046465696453i,-0.1322440483291754-0.023559109075983808i
0.6564398304956626-0.7543776534292417i,0.08859596818553866-0.10099983049271878i
0.30595381346157363+0.9520458576674058i,0.04060353580965833+0.12809469305618992i
-0.9730179135534097-0.23072780543808805i,-0.13064925690381843-0.03152984222883699i
0.7008534611004369-0.7133046011852895i,0.0945921950005885-0.09550937687315303i
0.24782687965726463+0.9688038415164889i,0.032801025585257555+0.13038469215196696i
-0.9572860917958471-0.28914078004362753i,-0.1285706486758209-0.039392768984433904i
0.7427022691863351-0.6696211588048779i,0.1002456888780535-0.08966071084268876i
0.18879300619291817+0.9820164205264299i,0.02486941275285337+0.1321959489638517i
-0.9380510134313158-0.3464956220561165i,-0.12601552222431497-0.04711832551499341i
0.7818331060763701-0.6234871889391272i,0.10553493284787897-0.08347538636326914i
0.1290682317093479+0.9916352423286063i,0.016838281973203768+0.13352121367471137i
-0.9153830705913487-0.40258243736925126i,-0.1229929938510995-0.054677443677972636i
0.8181027697016359-0.5750715221180406i,0.11043977548071099-0.07697625582355491i
0.06887112324857725+0.9976251061634134i,0.00873762152495926+0.13435507724967372i
-0.8893652182181475-0.4571959723102379i,-0.11951396378338236-0.06204166340724641i
0.8513785286594213-0.5245513389032228i,0.11494150952551052-0.0701873829052767i
0.008421976392271546+0.9999640916999359i,0.0005977080296860408+0.13469399356935247i
-0.8600926704850972-0.5101363647801445i,-0.11559107539256314-0.06918324279052467i
0.8815386079531796-0.4721115214830661i,0.11902294494958388-0.06313395067462674i
-0.05205799092554636+0.9986436392549525i,-0.007551010007190974+0.13453629430121852i
-0.8276725523537531-0.5612098756634061i,-0.11123866758806751-0.07607526539714832i
0.9084726346367517-0.41794397708328895i,0.12266847609067982-0.05584216526052411i
-0.11234744798119095+0.993668581117702i,-0.015678029379638667+0.1338821964482328i
-0.7922235075424614-0.6102295978298404i,-0.10647272057248244-0.0826917444313537i
0.9320820417319795-0.3622469356688523i,0.12586414265423576-0.04833915549926103i
-0.17222576123677458+0.985057123865779i,-0.023752909625543547+0.13273380254320127i
-0.7538752643412648-0.6570161401345267i,-0.10131079517093074-0.08900772329880909i
0.9522804289415433-0.305224224507363i,0.12859768431357005-0.04065286894119769i
-0.23147380176426313+0.972840781736874i,-0.03174539026867164+0.1310950934866388i
-0.7127681608620402-0.7013982839124049i,-0.09577196597309433-0.09499937218851828i
0.9689938788369679-0.24708452224875369i,0.13085858869627606-0.03281196462962141i
-0.28987474716330786+0.9570642613001877i,-0.03962550739493697+0.12897191405538136i
-0.6690526314612391-0.7432136095651074i,-0.08987674855118888-0.10064408028815239i
0.982161227364689-0.18804059525098393i,0.13263813256658888-0.024845703074855903i
-0.34721487503817516+0.937785297849576i,-0.047363709102616176+0.12637195113840724i
-0.622888656214705-0.782309090946982i,-0.08364702104073084-0.10592054326834752i
0.9917342876802371-0.12830851894648473i,0.13392941604068404-0.01678383385777399i
-0.4032843451299902+0.9150744441171528i,-0.05493096937069337+0.12330470478542752i
-0.5744451754592578-0.8185416553751086i,-0.07710594039342333-0.11080884569047644i
0.9976780264914084-0.06810688709881105i,0.1347273896996606-0.00865648130631201i
-0.4578779672420246+0.8890148120805694i,-0.062298899895901545+0.11978145218245047i
-0.523899471543564-0.8517787072139166i,-0.07027785363274841-0.11529053801267163i
0.9999706922650785-0.007656011843282091i,0.1350288744934108-0.0004940286961828794i
-0.5107959521477543+0.8597017688088477i,-0.06943985945723506+0.11581520469671518i
-0.47143652005082837-0.8818986131183013i,-0.06318820446263453-0.11934870789060595i
0.998603894828479+0.052822882560879116i,0.1348325743573434+0.0076729985672690185i
-0.561844642733683+0.8272425874598357i,-0.07632706037670033+0.1114206581610871i
-0.4172483128675472-0.908791147159468i,-0.055863435598110765-0.12296804549226205i
0.9935826360736276+0.11310846931639128i,0.13413908149302453+0.01581405032512413i
-0.6108372227012637+0.7917560547064899i,-0.0829346716567863+0.10661413659485361i
-0.3615331555756002-0.9323578942045214i,-0.04833088720378791-0.12613490257007445i
0.9849252916525508+0.17298012904900376i,0.13295087429311475+0.023898669135916126i
-0.6575944002343745+0.7533720360286327i,-0.08923791838852277+0.10141352958401965i
-0.30449494173893116-0.952512610073617i,-0.04061869184131006-0.1288373450586069i
0.9726635437302846+0.23221875717972118i,0.13127230792027628+0.03189660737843168i
-0.7019450641304175+0.7122310004610314i,-0.095213177039045+0.09583822356939867i
-0.24634240674061042-0.9691815371566432i,-0.032755666340813186-0.13106519899203342i
0.9568422650417461+0.29060756575352725i,0.12910959757908427+0.03977794352476879i
-0.7437269099938814+0.6684835065370178i,-0.10083806624419082+0.08990902731494568i
-0.18728836390091758-0.9823036743344202i,-0.0247712010234036-0.13281008956229037i
0.937519354676784+0.34793287679025997i,0.12647079454901458+0.047513197125642635i
-0.7827870342007737+0.6222896513088723i,-0.1060915327497102+0.08364809185192137i
-0.12754892567192333-0.991831000216616i,-0.016695146712083726-0.13406547316626788i
0.914765526194357+0.40398490425431294i,0.1233657550754796+0.05507344205531961i
-0.8189824934602609+0.573818484461323i,-0.1109539321642445+0.07707882521624637i
-0.06734271275866638-0.9977286488794245i,-0.008557699977067987-0.13482666231839974i
0.8886640488412584+0.4585585217814896i,0.11980610224419427+0.06243041757072359i
-0.8521808279257637+0.5232473896622514i,-0.11540710420807854+0.0702258023170748i
-0.006890054061200579-0.9999750374598835i,-0.0003892870682764376-0.13509084333352586i
0.8593104428224086+0.5114540133534606i,0.11580518099215935+0.06955663674823319i
-0.8822605459411484+0.470761435414599i,-0.11943444216373741+0.06311467029369781i
0.053587819634619005-0.9985619451398902i,0.007779553007296809-0.13485708671375154i
0.8268121297379023+0.5624778041726777i,0.11137800643566162+0.07642549187241253i
-0.9091115686480449+0.4165526977850717i,-0.12302095625790563+0.05577204973577139i
0.11386958526686608-0.9934945432308669i,0.015918285802521272-0.13412635020212998i
0.7912880394660525+0.6114431690630536i,0.10654120572230782+0.08301135636336629i
-0.9326356328272266+0.36081955748817174i,-0.12615333072833065+0.04822543215789741i
0.17373463744496104-0.9847913762489813i,0.023996498679356666-0.13290147449524267i
0.7528681749310813+0.6581709158039692i,0.10131295363962245+0.08928968284345058i
-0.952746650499819+0.3037659738979232i,-0.1288199743548987+0.04050307413438335i
0.23296389577072202-0.9724842940501752i,0.03198401752888806-0.13118717163596041i
0.7116931363482082+0.7024900408968939i,0.09571290223755355+0.09523709695979601i
-0.9693710239723556+0.24560073864409818i,-0.13101106426007206+0.03263388851286506i
0.2913406065785978-0.9566183352733617i,0.03985102250322947-0.12899000613679715i
0.6679136066872076+0.7442383553648011i,0.08976210474570226+0.10083148659623428i
-0.9824479151727494+0.18653671152446039i,-0.13271858281094606+0.024647333136824278i
0.3486511361610573-0.9372515625183366i,0.04756816230464998-0.12631836891315543i
0.6216898002374083+0.7832630782942149i,0.08348293408868337+0.10605208612696759i
-0.9919294682915273+0.12679004152926038i,-0.13393634748272976+0.016573297516542455i
0.404685752576273-0.9144548498615821i,0.0551066665834005-0.12318244413430114i
0.5731908762921549+0.8194213959477833i,0.07689899632416307+0.11087955538427621i
-0.9977809849135523+0.0665793758286975i,-0.13466003357161527+0.008441987895803381i
0.4592393931770147-0.8883116234875634i,0.062438456003693216-0.11959416912799854i
0.5225943200983949+0.8525809844012652i,0.07003503934804566+0.11529605303392523i
-0.9999810509993325+0.006125059618116039i,-0.13488718967348995+0.00028381116761432376i
0.5121124150519301-0.8589175563847007i,0.06953624954695037-0.11556718750216953i
0.4700852933368457+0.8826204937923012i,0.06291685722978063+0.11928530407450899i
-0.9985216152512159-0.05435167025084276i,-0.13461724587385843-0.007870741903656676i
0.563111325632919-0.8263802182232909i,0.07637366863286865-0.11111679567384578i
0.4158559565097122+0.9094299924088307i,0.05557119055770565+0.12283266120054581i
-0.9934080185776814-0.1146294949021675i,-0.13385151462338754-0.015991213694056143i
0.6120494907948875-0.7908186816966796i,0.08292533765197431-0.10625988302162015i
0.36010476571571925+0.9329113689919755i,0.048025623189875466+0.12592515979389393i
-0.9846589745479088-0.17448782336757723i,-0.13259318430247571-0.024047296505619896i
0.6587478178565491-0.7523630867663101i,0.08916698051797517-0.10101486590290491i
0.30303574638596337+0.952978691781142i,0.040308475819627015+0.12855156633357537i
-0.9723065009081462-0.23370759985479306i,-0.13084730550748275-0.03200894866704555i
0.7030354109827726-0.7111541644053145i,0.09507551286458552-0.0954016158015105i
0.2448577466383985+0.9695585229873847i,0.0324486967773155+0.1307024200405335i
-0.9563958024104993-0.2920721053977236i,-0.12862077011996573-0.039846509494035454i
0.7447501965899972-0.6673427215835535i,0.10062912952911837-0.08944138189392246i
0.18578367298335707+0.9825901875441945i,0.024475750500175007+0.13237006760096506i
-0.9369851053829411-0.3493677509548693i,-0.12592228324900104-0.047530812658951774i
0.7837395164659873-0.6210890893788267i,0.10580738698446128-0.0831567083446315i
0.12602971117709777+0.9920259951522032i,0.016419504110933507+0.13354869083947637i
-0.9141454446459389-0.40538485905354676i,-0.12276232816478469-0.055033297526295044i
0.819860686433372-0.5725625362339425i,0.1105912804013904-0.07657134666125212i
0.0658145350747188+0.9978314148052108i,0.008310112552810623+0.1342343272415817i
-0.887960403555501-0.45991843111945063i,-0.11915312436939673-0.06232611801919008i
0.8529815185124984-0.5219406485068598i,0.11496331504501317-0.06971016345954066i
0.005358506377699301+0.9999852011588479i,0.0001779027336158677+0.13442488325351765i
-0.8585258081239627-0.5127688976834535i,-0.11510857897775922-0.06938224859246525i
0.8829808046727041-0.46940868058083707i,0.11890757173200378-0.06259904400595687i
-0.05511713179535449+0.9984794722794192i,-0.007946742864963639+0.13412014031616004i
-0.8259493763379097-0.5637428487202119i,-0.11064423160798016-0.07617558689992696i
0.90974876040169-0.4151588769128949i,0.12240976609925876-0.05526479192188443i
-0.11539106456356873+0.9933197384883972i,-0.016033502655380484+0.13332175361870902i
-0.7903503239565759-0.6126537414458524i,-0.10577719300591878-0.08268105275719233i
0.9331874264697175-0.35938976850161175i,0.12545730145949593-0.04773502544812799i
-0.17524271520128515+0.9845248821970101i,-0.024052232032308076+0.1320332435867676i
-0.7518589282333321-0.6593225829845002i,-0.10052607765321718-0.0888746830167141i
0.953211027418348-0.3023054463488738i,0.12803931504515367-0.040038070681490755i
-0.23445305235420788+0.9721270888047218i,-0.0319730786258654+0.13025998014816892i
-0.7106160511568471-0.7035785854053844i,-0.09491093063166346-0.09473372198842087i
0.9697462854618072-0.24411481457439926i,0.13014671746841566-0.03220285220654965i
-0.2928053916001578+0.9561717289144827i,-0.039766596268937256+0.12800915984860328i
-0.6667726239566678-0.7452597907333676i,-0.08895314903896757-0.10023670705764055i
0.9827326886522326-0.18503082591631786i,0.13177222525244273-0.02425878155544967i
-0.3500861884210608+0.936717192295794i,-0.04740385723345726+0.1252897759172615i
-0.6204890947596919-0.7842136636456234i,-0.08267539827235065-0.10536354917161171i
0.9921227123274317-0.12526970241554353i,0.13291038631656457-0.01623564393646296i
-0.406085819684236+0.9138346742032128i,-0.054856562298056036+0.12211258141053359i
-0.5719348414188883-0.8202976496854563i,-0.07610152351599292-0.11009560788669057i
0.9978819930307484-0.06505014413590328i,0.13355759832631584-0.008163483678164779i
-0.4605993507730948+0.8876079148322739i,-0.062097148218827405+0.1184900455890824i
-0.5212875516630444-0.8533796969504289i,-0.06925645678705346-0.1144157606905815i
0.9999894542665684-0.00459252881576434i,0.13371211984767112-0.00007248884046903004i
-0.5134272855598842+0.8581328928663154i,-0.0690988921859771+0.11443630371008334i
-0.4687325728359421-0.8833387393456535i,-0.062166119911751465-0.11830846633695999i
0.9984373836312451+0.055881894619907405i,0.13337407427347228+0.008007124553765533i
-0.5643762964758955+0.8255174742356884i,-0.07583601286180408+0.10996710044234535i
-0.4144622336046244-0.9100651396337388i,-0.054857323818678215-0.12175982195418684i
0.9932314610371887+0.11615181573565618i,0.13254544651869468+0.016045228212134076i
-0.6132599320073939+0.7898810173747468i,-0.08228376760975142+0.10509972713677632i
-0.3586751401190179-0.9334610906600254i,-0.0473576645502687-0.12475761371481713i
0.9843907379268241+0.1759966724867494i,0.1312300725099363+0.024011896737751195i
-0.6598992990281366+0.7513539364212021i,-0.0884185455400521+0.09985295320871787i
-0.30157544919866225-0.9534409732847947i,-0.039695416405685406-0.12729136087859294i
0.9719475675524868+0.2351974583816007i,0.12943362152298063+0.03187752181564107i
-0.7041237174714388+0.7100772239563518i,-0.09421795601477831+0.09424695191143422i
-0.24337212120636897-0.9699316697125753i,-0.03189942263897125-0.12935235304816914i
0.9559474865774067+0.29353752395153604i,0.12716357145050172+0.039612924974803385i
-0.7457713449459645+0.6662019350327417i,-0.09966091227380704+0.08830322080178905i
-0.18427815534297626-0.9828728310718925i,-0.023998984145121506-0.13093368050404905i
0.9364490484310628+0.35080336959486824i,0.12442917710988541+0.04718946848682637i
-0.784689769009422+0.6198886343775043i,-0.10472770986313089+0.08204449721952177i
-0.12450981016168755-0.9922170982662395i,-0.01602374657394129-0.1320302575128677i
0.9135236090287607+0.4067854268938094i,0.12124143172843509+0.054579163970176064i
-0.8207365649326874+0.5713068087943671i,-0.1094000995682854+0.07549466912069899i
-0.06428581215458101-0.9979302752880422i,-0.008003586316799503-0.13263883853123792i
0.8872550656396092+0.46127882554493765i,0.11761302176997603+0.06175477827925047i
-0.853779816913189+0.520634246914692i,-0.1136613545779073+0.06867868162357998i
-0.003826555307520685-0.9999914543613745i,0.000031504184988513726-0.13275802725557345i
0.8577395498585194+0.5140841430965819i,0.113558275292964+0.06868993626889446i
-0.8836986008301303+0.46805638856738724i,-0.11749633162590835+0.061622439641365476i
0.05664670544724315-0.9983930924554403i,0.008051531359719017-0.13238827849690046i
0.8250850758058277+0.5650081347494078i,0.10909310405529642+0.07535922003833122i
-0.9103834267748719+0.41376564614872047i,-0.12089152588518878+0.054352706991037836i
0.11691266392916771-0.9931410388888331i,0.01602661520241124-0.1315318928878998i
0.7894111448419695+0.6138644405494447i,0.10423493960544572+0.0817382642732532i
-0.9337366397370086+0.35796070047552764i,-0.12383511941089376+0.046897002380535756i
0.17675077259506-0.984254513923539i,0.023927103300933724-0.13019300445797422i
0.7508483082437907+0.6604742673855383i,0.09900266362267544+0.0878038473210419i
-0.9536727769797944+0.3008457736986929i,-0.12631702295734143+0.039283492688037464i
0.2359420496484287-0.9717660384270256i,0.03172368374631451-0.1283775611401905i
0.7095376894429025+0.7046670432954015i,0.09341653279139688+0.09353397765189324i
-0.9701188807970809+0.2426298819377236i,-0.12832891101926314+0.031540883956875716i
0.2942698804188797-0.9557213148598258i,0.039387496487732036-0.1260932983017233i
0.6656304675744891+0.7462810416857911i,0.08749809851561284+0.09890797537756552i
-0.9830147655072103+0.18352607037145935i,-0.1298642499752033+0.02369831053766575i
0.35152081007884-0.9361790600241462i,0.04689024269998902-0.12334970541694885i
0.6192873242265554+0.7851639731824295i,0.08127012179914504+0.10390654851985855i
-0.9923132377067797+0.12375063358415053i,-0.13091831923848454+0.01578522281559969i
0.4074853247966197-0.9132107901855706i,0.05420429173996937-0.12015798602904784i
0.5706778554142766+0.8211735429437549i,0.07475648363565598+0.10851186374238266i
-0.9979802689782419+0.06352232402010952i,-0.1314882253490235+0.007831273965348447i
0.4619586184671147-0.8869005593542217i,0.061302785279326096-0.11653101117227146i
0.5199799509313692+0.8541779713989718i,0.06798209126945351+0.11270761128179115i
-0.9999951204193113+0.003061551443648793i,-0.13157290896735677-0.00013379382116519292i
0.5147413422142548-0.8573446516831587i,0.06815973821264291-0.11248326645240742i
0.46737914334979386+0.8840564765047241i,0.0609727807034695+0.1164790638382094i
-0.9983504185384445-0.05741042366606229i,-0.13117314476042516-0.008080263187871289i
0.5656403339223329-0.8246512291096992i,0.0747501359541825-0.10803079300761434i
0.4130679290501655+0.910699715755535i,0.05375521584477749+0.11981312920912815i
-0.993052182238655-0.11767229983339067i,-0.1302915341967692-0.01597855510311189i
0.6144693251264475-0.7889399355291494i,0.08105002775150946-0.1031911225954034i
0.3572450637676178+0.9340101863304497i,0.04635678469018466+0.12269839647623174i
-0.9841198007909105-0.1775035444546622i,-0.1289324912967894-0.023799341540781564i
0.6610496226751419-0.7503414589494968i,0.08703661566100514-0.0979832070741194i
0.30011483523111493+0.9539025819115164i,0.03880549296524863+0.12512517558065142i
-0.971585962877725-0.2366852008528434i,-0.12710222141142682-0.03151365691550591i
0.7052107626706476-0.708997053229389i,0.09268833884835756-0.09242734256879832i
0.24188631555803786+0.9703041048682959i,0.031129855638989977+0.1270855301487378i
-0.9554965369666076-0.29500068956500874i,-0.12480869313006193-0.0390930078394054i
0.7467911342935909-0.6650580211496334i,0.09798495289646315-0.08654508863145782i
0.18277259613996433+0.9831547326659462i,0.023358786743817077+0.12857330345740126i
-0.9359104034511578-0.3522366009302221i,-0.12206160344518903-0.04650948077579756i
0.7856385712292308-0.6186851607099568i,0.1029076038237919-0.08035918272483984i
0.12299000781962993+0.99240743752194i,0.015521487935766005+0.1295841374555181i
-0.912899239174096-0.408183476077306i,-0.11887233632782089-0.05373584717458657i
0.8216109085308649-0.570048176677336i,0.10743889653791526-0.07389345037624144i
0.0627573292128899+0.9980283585075664i,0.007647336233912472+0.13011548478557608i
-0.8865472551207803-0.46263657345441533i,-0.11525391489316682-0.06074566568525264i
0.8545765028825217-0.5193250595393852i,0.11156295747168951-0.06717271136415975i
0.0022949860728763705+0.999996925464396i,-0.000234228620095158+0.13016661377753627i
-0.8569508882431428-0.5153966180952458i,-0.11122094736089624-0.06751338105598954i
0.8844147143569967-0.46670143413556087i,0.11526549117329317-0.060222682315192864i
-0.05817575537365238+0.9983059342822331i,-0.008093816741323456+0.12973860641470597i
-0.8242184485418322-0.5662705308798857i,-0.10678956703833337-0.07401441934174613i
0.9110163479062106-0.4123698803499151i,0.11853383064576864-0.05306987610168765i
-0.11843359816574084+0.9929615732630679i,-0.01590220017991938+0.1288343492991729i
-0.7884697226980986-0.6150721351215298i,-0.10197736657771993-0.0802252790595583i
0.9342840529682206-0.35652922835137185i,0.1213569812570852-0.04574149844217108i
-0.17825802446013694+0.9839834004745458i,-0.023630424062209814+0.12745851767196387i
-0.7498355357059466-0.6616228378932508i,-0.09680332678077752-0.08612361794668238i
0.9541326797284974-0.29938383096064136i,0.12372565806756637-0.03826534211644698i
-0.23743010253195795+0.9714042721758342i,-0.031249916363099265+0.12561755257030036i
-0.7084572721088079-0.7057522836014624i,-0.09128774024428024-0.0916883349953598i
0.9704895907317013-0.24114281580660069i,0.12563231644805314-0.030669679215445007i
-0.2957332879708412+0.9552702225778161i,-0.038732595885072704+0.12331963123117562i
-0.6644863585927887-0.7472989774142791i,-0.08545213016005063-0.09689964745768193i
0.983294926703594-0.1820193200089254i,0.1270711758889856-0.022983151852394787i
-0.3529542161405511+0.9356402953776337i,-0.04605097802740936+0.12057463087686306i
-0.6180837098299894-0.7861108762632918i,-0.07931916460081644-0.10173916253483432i
0.9925018256102924-0.12222971018770498i,0.12803823692777114-0.015234661766688471i
-0.40888348300197536+0.9125863276840978i,-0.0531782779392849+0.11739408604359831i
-0.5694191395998649-0.822045945255943i,-0.0729125666402536-0.10618994348684638i
0.9980765941532015-0.061992790654473426i,0.12853129114921036-0.007453259254799985i
-0.4633164114420368+0.8861926871247012i,-0.06008851066196467+0.11379113963969865i
-0.5186707393436734-0.8549726774622778i,-0.06625702067082737-0.11023656992176947i
0.9999988310720237-0.0015290026823346896i,0.12854992424126369+0.00033196813604120784i
-0.5160538003040851+0.8565559630963095i,-0.06675658787845351+0.10978048794358095i
-0.46602422642623303-0.8847705751738635i,-0.059378075296974295-0.11386519204707525i
0.9982615018046193+0.058940382214487406i,0.1280955121157777+0.008092006716208978i
-0.5669026533786345+0.8237846132894238i,-0.07315841090357603+0.10537831977525952i
-0.41167226449007255-0.9113305908736917i,-0.05230204319339366-0.11706357869035151i
0.9928709642304825+0.11919407203942745i,0.1271712101313029+0.015798027130990076i
-0.6156768856866651+0.7879985667795799i,-0.07927095956339936+0.10060225009730013i
-0.35581375838918855-0.9345555263032874i,-0.0450558983289555-0.11982115892185133i
0.9838469454036319+0.17901156414731081i,0.12578193548204536+0.023421493777725195i
-0.662198004470778+0.7493287851384038i,-0.08507237663043032+0.0954712483221941i
-0.29865312628264273-0.9543603881666196i,-0.037667170965867705-0.12212905713702295i
0.9712224693600604+0.23817395218940135i,0.12393434284387898+0.030934272739189667i
-0.7062957624020856+0.707916783170466i,-0.09054204749946765+0.09000556162318511i
-0.24039955155183396-0.9706726991690888i,-0.030163840851032436-0.12398012148351775i
0.9550437362639336+0.2964647272166865i,0.1216367933945768+0.038308737816955526i
-0.7478087806123654+0.6639141110298301i,-0.09566067480898247+0.08422663356425351i
-0.18126621727909842-0.9834327632533177i,-0.022574229022381063-0.12536894554381653i
0.9353699533348198+0.35367057000971047i,0.11889931735111235+0.0455178742573122i
-0.7865851392714609+0.6174817996115325i,-0.10041034773368865+0.07815701838232621i
-0.1214695260891217-0.992593884061103i,-0.014926888656915153-0.12629188321143675i
0.9122731181746762+0.40958213173536584i,0.11573357019206501+0.0525353797728638i
-0.8224829335486579+0.5687897712476173i,-0.10477460569605507+0.07182029127083822i
-0.06122830820820857-0.998122535822044i,-0.007250495389510269-0.12674705672584566i
0.885837755287525+0.46399480007377353i,0.11215278275739006+0.05933576247494413i
-0.8553707929234604+0.5180162178643268i,-0.10873849626730579+0.06524095502828323i
-0.0007630206395703998-0.9999984860434727i,0.0004262624678402551-0.12673435785820622i
0.8561606067560454+0.5167094480115595i,0.10817170544131634+0.06589443534548438i
-0.8851283619453171+0.4653469488761294i,-0.11228862705215581+0.05844434344844145i
0.059705059614689304-0.998214869552697i,0.008074793377853398-0.12625544226711585i
0.8233502782070701+0.5675331625612621i,0.10380654671666184+0.07218780689198473i
-0.9116467406829155+0.410974711203007i,-0.115413211376055+0.051456521840515634i
0.11995464533243694-0.9927782136205829i,0.01566671127510453-0.12531371707046796i
0.7875268413616022+0.6162799507400722i,0.09907490625031531+0.07819336764550007i
-0.9348288832511924+0.35509848389945065i,-0.11810210761873649+0.04430418507729568i
0.17976524888776907-0.9837084140745471i,0.0231739430873414-0.12391432170594974i
0.7488213946238496+0.6627714202243262i,0.09399570289005034+0.08388977217921305i
-0.9545899529576238+0.297922749976519i,-0.12034685206346692+0.037014553577753684i
0.23891798914109474-0.9710386624883648i,0.030568834665918396-0.12206410217906802i
0.7073755833173292+0.7068374321888486i,0.08858909782200544+0.08925691634396796i
-0.9708576327681099+0.23965674808177756i,-0.12214068515746572+0.02961526763716309i
0.29719639245016827-0.954815324715258i,0.03782425471812429-0.1197715788231029i
0.6633410813237732+0.7483167239420314i,0.08287641321608824+0.09427600943714322i
-0.9835723899562813+0.18051370677564862i,-0.12347857110529367+0.022134280522772564i
0.3543871848707126-0.9350977712087685i,0.04491369634359635-0.11704690772069269i
0.6168790360218195+0.7870574990780758i,0.07688004669311856+0.0989296410422193i
-0.992687693967729+0.12071006420639444i,-0.1243572107435586+0.014599750756369939i
0.41028107264752434-0.9119581597523817i,0.05181137578788622-0.11390183596093682i
0.568159478556765+0.8229179829866899i,0.07062338196281022+0.1032018422984328i
-0.9981701867018634+0.06046467603938396i,-0.12477504767197453+0.007039934006696362i
0.46467350813979214-0.8854811713930055i,0.05849232803876475-0.11034965092973785i
0.5173607015995474+0.8557669416873147i,0.06413069599535272+0.10707814138276142i
-0.9999998045882451-0.000001985460713653346i,-0.1247322676424649-0.0005169249854514216i
0.517365438377675-0.8557637005446821i,0.0649324989046496-0.10640512385370621i
0.4646686068720905+0.8854841620891709i,0.057427063101638885+0.11054561301007515i
-0.9981698520106425-0.06046863826379582i,-0.12423079123454435-0.008042700028327436i
0.568164033510743-0.8229145003966185i,0.0711088332298485-0.10208444783975502i
0.41027602482678477+0.9119608919195784i,0.0505382563079406+0.11359292178169332i
-0.9926870258101134-0.12071400037158722i,-0.12327425987153699-0.01550949022889962i
0.6168833924824715-0.7870537849231882i,0.07699935891787361-0.09740517067331478i
0.3543820089697931+0.9351002377105995i,0.043490646419861397+0.11621035923739194i
-0.9835713907774407-0.18051759961478414i,-0.12186801525823661-0.022889725458499377i
0.6633452233483224-0.748312788952378i,0.08258326645188478-0.0923861226575825i
0.2971911074106442+0.9548175193875474i,0.03631109917808259+0.11838987449134834i
-0.9708563062246106-0.23966058048657246i,-0.12001907234612834-0.03015627012858845i
0.7073794957477437-0.7068332879026402i,0.0878409836202919-0.08704733979471294i
0.23891261430394328+0.9710405801617175i,0.029026870914115575+0.12012509835821707i
-0.9545883039040464-0.29792650505985424i,-0.11773608595743958-0.03728252487907589i
0.7488250631423132-0.6627670789457094i,0.09275424517564443-0.08140998262689302i
0.17975980392258745+0.9837100505932634i,0.02166550311873384+0.12141136090155849i
-0.934826917722364-0.3551021450571694i,-0.11502931122363902-0.04424252579144734i
0.7875302525429113-0.6162754254941005i,0.09730615717592814-0.07549625107113431i
0.1199491501654611+0.9927795658578695i,0.01425471633815504+0.12224570236299773i
-0.9116444658718286-0.41097826217468086i,-0.11191055801771918-0.0510110407502822i
0.823353419567765-0.5675284670462313i,0.10148125577943481-0.06932929559588459i
0.05969953435587205+0.9982159354221083i,0.006822303814099995+0.1226268774567385i
-0.8851257861768039-0.4653503738045632i,-0.10839313958259358-0.05756366258961002i
0.856163466800094-0.5167045965488768i,0.10526556028711002-0.06293312510063882i
-0.00076855577015289+0.9999992645065467i,-0.0006039747169268464+0.12255535304026174i
-0.8553679256237283-0.5180195013535893i,-0.10449181557979614-0.063876898674617i
0.8858403235483937-0.463989807555548i,0.10864662024978879-0.05633251187107631i
-0.061233832954353695+0.9981230268921026i,-0.007996498652166064+0.1220332991979668i
-0.8224797852107938-0.5687928984193846i,-0.1002227298037738-0.06992825658481681i
0.9122753852536323-0.40957701356990883i,0.11161355648190634-0.04955289399225941i
-0.12147502023262974+0.9925940888032039i,-0.01532789116999293+0.12106457380041674i
-0.7865817214170303-0.6174847561595351i,-0.09560334282699953-0.0756963255815497i
0.9353719109353271-0.3536653420651486i,0.11415709584787198-0.04262027561073057i
-0.18127166071376166+0.9834326837803546i,-0.02257112249280271+0.11965470062714073i
-0.7478051057492481-0.6639168832722084i,-0.09065235985987752-0.08116085356056092i
0.9550453772220145-0.2964594057628904i,0.11626959971243143-0.035561125443178854i
-0.24040492435701766+0.9706723386340614i,-0.029699611369270115+0.11781084116594098i
-0.706291843978704-0.7079193580998402i,-0.08538965412709647-0.08630281920961638i
0.9712237876705131-0.23816855383844587i,0.11794508597171534-0.028402273934453107i
-0.2986584087961858+0.9543597507510944i,-0.03668732438856817+0.11554176022606909i
-0.6621938568268804-0.7493311504694746i,-0.07983618607833919-0.09110449911105703i
0.9838479362420058-0.17900610579268106i,0.11917924460731098-0.021170809471283514i
-0.3558189312793585+0.934554617202094i,-0.04350887274939796+0.11285778552627285i
-0.6156725240008476-0.788000710994088i,-0.07401391876622368-0.09554952955033985i
0.9928716239707334-0.11918857079419584i,0.11996944673141019-0.013893974059949282i
-0.41167730882631154+0.9113294162759131i,-0.05013960611834578+0.10977076144181153i
-0.5668980936127955-0.8237865256783018i,-0.06794572973801795-0.09962296281346941i
0.9982618280323816-0.05893485534868816i,0.12031474711686091-0.006599058876431492i
-0.46602912374843497+0.884769142240186i,-0.056555703225209815+0.10629399711660578i
-0.5160490591450104-0.8565576337988723i,-0.061655319799731385-0.10331131777886718i
0.999998822593444+0.0015345378049072297i,0.12021588023160842+0.0006866999037673949i
-0.5186754717297407+0.8549709942987864i,-0.06273425885735727+0.10244220916795135i
-0.4633115062403348-0.8861941071647315i,-0.055167119021935516-0.10660262463260801i
0.9980762509993074+0.06199831663980852i,0.11967524982243097+0.007936224591906932i
-0.5694236897312954+0.8220440208844569i,-0.06865336693085312+0.09823145923145588i
-0.4088784317085786-0.9125874890026955i,-0.04850619036574112-0.10948646355976153i
0.9925011490368805+0.12223520967523029i,0.11869691211806777+0.01512269838873383i
-0.6180880610552542+0.7861087205883468i,-0.07429219933310116+0.09367908661299153i
-0.3529490372410261-0.9356411908627082i,-0.04169813131503859-0.11195399728903908i
0.9832939191866313+0.1820247757350393i,0.11728655274663748+0.022219666310062034i
-0.6644904949882711+0.7472966011868832i,-0.07963108024966556+0.0888036363324705i
-0.29572800041773734-0.9552708460901144i,-0.0347689739071171-0.11399799739264498i
0.9704882559582688+0.24114821066784986i,0.11545145748641786+0.029201134249328964i
-0.7084611785370757+0.7057496983797509i,-0.08465155570718198+0.08362478286101455i
-0.23742472567545025-0.9714046185714058i,-0.027745083558195438-0.11561286426825362i
0.9541310225832924+0.29938914807631156i,0.11320047699291115+0.03604166580034619i
-0.749839197871149+0.6616200560001884i,-0.0893364580842236+0.078163249868643i
-0.1782525779772129-0.9839834656235689i,-0.020653057083337215-0.11679464075520267i
0.9342820795156834+0.35653445112526433i,0.11054398566788005+0.04271647647407904i
-0.7884731271982823+0.6150691695998138i,-0.09366996536305652+0.07244072631370849i
-0.11842810198819054-0.9929613540649627i,-0.013519620311396986-0.11754101936232104i
0.911014065368331+0.41237499253108134i,0.10749383485856433+0.049201524955304415i
-0.8242215829179881+0.5662673954442157i,-0.09763765491689806+0.06647977921815512i
-0.05817022961512697-0.9983054286770081i,-0.006371525695352147-0.11785134310994103i
0.8844121310868835+0.4667064198777742i,0.10406330059643201+0.05547360105833369i
-0.8569537410247987+0.5153933270821331i,-0.10122655164986134+0.06030376348401556i
0.0023005211904720824-0.999996132440186i,0.0007645496835852256-0.11772660001380479i
0.8545736283338349+0.5193299034591315i,0.10026702610536097+0.06151041005562224i
-0.8865498158679797+0.46263314176971865i,-0.10442517032977738+0.05393672911642613i
0.06276285343340082-0.9980272781043371i,0.007862105323135407-0.11716941126338838i
0.8216077532232189+0.5700528639101099i,0.09612095932861053+0.06729065306896058i
-0.912901498515603+0.40817991914168117i,-0.10722355197775921+0.04740332622691936i
0.12299550092677974-0.992406070831341i,0.014894917328565125-0.11618401317173317i
0.7856351467096971+0.6186896769646608i,0.09164228574220568+0.07279410322992438i
-0.9359123531187519+0.35223293462268945i,-0.10961329420239162+0.04072870819750294i
0.18277803803133807-0.9831530818273158i,0.02183713687943912-0.1147762329979464i
0.7467874530944419+0.6650623527608763i,0.08684935673960527+0.07800167733442569i
-0.9554981698253424+0.2949969301648435i,-0.1115875753907502+0.033938433391453096i
0.24189168631864877-0.9703021730608328i,0.028663386759323072-0.11295345876708328i
0.7052068382634928+0.7090011872074949i,0.08176161388847546+0.08289550273519303i
-0.9715872729520386+0.23668136497999975i,-0.11314117269314088+0.027058365800490525i
0.3001201152062838-0.9539003733426441i,0.035348855582662174-0.11072460323515848i
0.6610454694216268+0.7503453830280429i,0.07639950937510209+0.08745897923611001i
-0.9841207832864928+0.17749964900895082i,-0.1142704737630209+0.02011457502017729i
0.3572502336349014-0.9340077062204195i,0.041869389364077775-0.10810006216917682i
0.6144649582256976+0.7889436382098545i,0.07078442296530578+0.09167683577316366i
-0.9930528335599932+0.117668361932634i,-0.11497348223842985+0.013133235946037476i
0.4130729698900681-0.9106969703183225i,0.04820158008754144-0.10509166713367392i
0.5656357693553312+0.8246546997045039i,0.06493857582277658+0.09553518168831453i
-0.9983507363019827+0.057406460583449795i,-0.11524981697582791+0.006140528581971285i
0.46738403671500506-0.8840534729252891i,0.054322850946424875-0.10171263299572664i
0.5147365966853574+0.8573478803533379i,0.05888494153628958+0.09902155242490986i
-0.9999951034621709-0.0030655223427728407i,-0.11510070507180786-0.0008374616499535959i
0.5199846789142722-0.8541747178069634i,0.06021153794025885-0.09797750038011983i
0.4619537093429206+0.8869035371463904i,0.052647154716380526+0.10212494949599887i
-0.9979799173624787-0.06352628534179565i,-0.11452896873227389-0.007774842713247485i
0.5706824007124824-0.8211700483837603i,0.06584696752997152-0.09390207332496436i
0.40748027004241694+0.9132135090644502i,0.04624941752975978+0.10483587460028218i
-0.992312552719157-0.12375456796949866i,-0.11353900607263986-0.014646013494715528i
0.6192916702062238-0.7851602475808764i,0.07120953007046285-0.08950335240555993i
0.3515156281928598+0.9361815129019696i,0.039716404545847864+0.1071463577840008i
-0.9830137496544885-0.18352996056014498i,-0.1121367659559359-0.021425759703572102i
0.6656345983311994-0.7462770958146197i,0.07628074875742115-0.08479946361072449i
0.29426459036460073+0.9557234956222753i,0.03307316627445978+0.10904997957104184i
-0.9701175377968452-0.24263371083116284i,-0.11032971699853057-0.028089347767792174i
0.7095415898598582-0.7046628887326443i,0.08104334384434687-0.07980958327092391i
0.23593667078517977+0.9717679419556093i,0.026345031776787844+0.11054188700764779i
-0.9536711117468489-0.30084952442261614i,-0.10812681089551816-0.03461261637339492i
0.7508519640471389-0.6604699164729493i,0.08548129190565298-0.07455385935146833i
0.17674532460717185+0.9842561361143221i,0.019557510733377314+0.11161880359232221i
-0.9337346583653916-0.35796435644173263i,-0.1055384402391229-0.040972065303523125i
0.7894145426530391-0.6138599063473342i,0.08957987994235192-0.06905332943657931i
0.11690716675393842+0.9931423766674558i,0.012736195352846584+0.11227903308565901i
-0.9103811365155532-0.41376919111577687i,-0.10257639102432627-0.04714494124665976i
0.8250882031900886-0.565003430988847i,0.09332575414826995-0.06332983574137552i
0.05664117920197426+0.9983941437883694i,0.0059066625036113245+0.11252245721892012i
-0.8836960100644764-0.4680598067000744i,-0.09925379005560146-0.05310932025704683i
0.8577423953710878-0.5140792841291535i,0.09670696317662997-0.05740593749860343i
-0.0038320903991423405+0.999992218263346i,-0.0009056235521243259+0.11235052734407668i
-0.8537769351222905-0.5206375228419486i,-0.09558504748754915-0.05884418656529885i
0.8872576188671296-0.46127382629021435i,0.0997129957693947-0.0513048210753587i
-0.06429133583649577+0.9979307518256657i,-0.007675407447269484+0.11176625009151084i
-0.8207334026626618-0.5713099276655424i,-0.09158579474997931-0.06432950745318465i
0.9135258606275162-0.4067803027847554i,0.1023348126346569-0.045050208181958734i
-0.12451530221959001+0.9922172885577536i,-0.014377737652849493+0.11077416712476819i
-0.7846863378328209-0.6198915819167057i,-0.08727281812477519-0.06954630392364046i
0.9364509901611681-0.35079813652136116i,0.10456487248055046-0.03866626254054311i
-0.18428359567829156+0.9828727372830752i,-0.020988059713560537+0.10938032910448434i
-0.7457676574194215-0.6662046975910783i,-0.08266398825737406-0.07447671691511527i
0.9559491113329637-0.29353219820221643i,0.10639715213770692-0.03217749538501715i
-0.24337748990980457+0.9699312950488156i,-0.027482307423181+0.10759226399560513i
-0.7041197870897183-0.7100797885618824i,-0.07777818590006846-0.07910406882825297i
0.9719488693875862-0.23519205658426268i,0.10782716072580992-0.02560867016635315i
-0.3015807266230673+0.9534403219793637i,-0.033836991597191494+0.10541893987354718i
-0.6598951401747494-0.7513562908264083i,-0.07263522419747147-0.08341292015265535i
0.9843917120773085-0.17599121154749064i,0.10885194784342775-0.018984706838262005i
-0.35868030695128417+0.9334601679585846i,-0.040029286111395376+0.10287072240560349i
-0.6132555599019585-0.7898831501013537i,-0.06725576783617244-0.08738912100195322i
0.9932321039380863-0.11614631277700815i,0.10947010578402107-0.012330586097745436i
-0.41446727093636304+0.910063951775142i,-0.04603711088798645+0.09995932720384781i
-0.5643717271184415-0.8255193746166691i,-0.06166124939118148-0.09101985738652085i
0.9984376929298134-0.055876366918174575i,0.10968176580429431-0.0056712539529934864i
-0.46873746223268054+0.8833372935391162i,-0.0518392115243257+0.09669776726464868i
-0.5134225356722988-0.8581345510849281i,-0.05587378321069998-0.09429369207476122i
0.9999894288309079+0.004598063893728402i,0.10948858849431593+0.0009684730123365328i
-0.5212922752316889+0.8533780013491449i,-0.057415235274679205+0.0931002957281141i
-0.4605944377379281-0.8876093219579877i,-0.04991607718850246-0.09720059991612631i
0.9978816329539425+0.06505566919625169i,0.10889374832181196+0.0075640013143557245i
-0.5719393818732049+0.8202957133567614i,-0.06274580311121723+0.08918234420760487i
-0.40608076148108874-0.9138358222243885i,-0.043811342779366845-0.09973199752142581i
0.9921220189272068+0.12527520010108878i,0.10790191244525572+0.014091052825911918i
-0.6204934354835664+0.7842114965378124i,-0.06781257760756094+0.08496045695550582i
-0.35008100356078564-0.9367180741490047i,-0.03758320361784334-0.10188076721880046i
0.9827316644661367+0.18503627897005276i,0.10651921391253474+0.020525755265191677i
-0.6667767490649135+0.7452574036392877i,-0.07259832640608792+0.08045222114606493i
-0.29280009905711785-0.9561723385103611i,-0.0312556031038966-0.10364127522671476i
0.9697449342379212+0.24412020590265027i,0.10475321938315556+0.026844730574942223i
-0.7106199455533383+0.7035759899229386i,-0.0770869810490716+0.07567619356979303i
-0.23444767149683943-0.9721274210502461i,-0.024852711320870878-0.10500938400831393i
0.9532093541015716+0.3023107590838559i,0.10261289153267462+0.033025180861608i
-0.751862577666249+0.6593197914742024i,-0.08126369097311549+0.07065182404609462i
-0.1752372657212174-0.9845249330141416i,-0.018398831651618503-0.1059824587946185i
0.9331854371836721+0.3593949860631573i,0.10010854631797907+0.039044971575280536i
-0.7903537150705601+0.6126507669855954i,-0.085114872486708+0.0653993758718946i
-0.11538556640355979-0.9933195048290038i,-0.011918307457580515-0.10655936828696519i
0.909746462426309+0.41516398306913027i,0.09725180530104086+0.04488271162413685i
-0.825952496722939+0.5637397050574063i,-0.08862825257137581+0.05993984363370079i
-0.0551116050763103-0.9984789521364321i,-0.005435429183079551-0.10674047957184495i
0.882978206417591+0.4694136595075845i,0.09405554324702999+0.050517830130989025i
-0.8585286463607674+0.5127655991847189i,-0.09179290736835288+0.05429486871881613i
0.005364041430358291-0.9999843935736041i,0.0010256577567410669-0.10652764730391641i
0.8529786294861518+0.521945484845547i,0.09053383122981311+0.05593064955451173i
-0.8879629492573525+0.4599149927180394i,-0.09459929523427414+0.04848665286843457i
0.06582005820507597-0.997830319870963i,0.007441043951279875-0.10592419723495511i
0.8198575172083883+0.5725672151478078i,0.0867018754941094+0.06110245491375996i
-0.914147688496661+0.405381296194695i,-0.09703928427155614+0.04253787012084003i
0.126035202172866-0.9920246140137787i,0.013787145486741648-0.10493490418838407i
0.7837360786403704+0.6210935966072164i,0.0825759523385944+0.0660155588714807i
-0.9369870391710026+0.34936407953927423i,-0.09910617426130947+0.036471577497093635i
0.1857891117498484-0.9825885223938045i,0.020040791616864416-0.10356596460005545i
0.7447465027447137+0.6673470434941082i,0.07817333929828786+0.07065336244957343i
-0.9563974190590665+0.2920683417233534i,-0.10079471294913271+0.030311124784293045i
0.24486311327206145-0.9695565770566024i,0.026179310283033785-0.10182496376661396i
0.7030314746357107+0.7111582880438596i,0.07351224291718608+0.07500041116855805i
-0.9723077945009787+0.23370376055724346i,-0.1021011066565718+0.024080063772738972i
0.30304102124722215-0.9529764693290763i,0.0321806111651842-0.09972083796257636i
0.6587436534130493+0.7523669999042604i,0.06861172341377827+0.0790424464222825i
-0.9846599403510122+0.17448392535919202i,-0.10302302521346728+0.017802057303283172i
0.3601099295008451-0.9329088752896841i,0.03802326595666045-0.0972638316064251i
0.6120451134950264+0.7908223728757923i,0.0634916165522005+0.082766451918942i
-0.9934086530566305+0.11462555531014718i,-0.10355960122878322+0.011500788479501072i
0.41586099032146795-0.9094272337200313i,0.04368658556904558-0.09446544967423176i
0.5631067514957352+0.8263836767975967i,0.05817245304082866+0.08616069503998505i
-0.9985219160840904+0.054347706354566205i,-0.10371142373953528+0.005199870396443782i
0.47009017875364023-0.8826174773504486i,0.04915069398697908-0.0913384055767227i
0.5121076608168031+0.8589207725594652i,0.05267537578765156+0.08921476298936046i
-0.999981017085213-0.0061290304503268675i,-0.1034805262993358-0.001077243266609274i
0.5225990392416994-0.8525777183830787i,0.054396598507871256-0.08789656473208846i
0.4592344762424039+0.8883145883551289i,0.047022055348086886+0.09191959362685835i
-0.9977806163765494-0.06658333620313812i,-0.10287036958938924-0.007307346447637836i
0.5731954118919304-0.8194178894433255i,0.05940625611744382-0.08415488408218634i
0.4046806909360495+0.9144575554339686i,0.04123460390571651+0.094267500900828i
-0.9919287664803283-0.1267939740904972i,-0.1018858186558254-0.01346756736283728i
0.6216941356953051-0.7832593412736244i,0.06416263576876173-0.08012934781411013i
0.34864594833865215+0.9372540017564734i,0.0353354881300356+0.09625219481736477i
-0.9824468826556829-0.1865405990188443i,-0.10053311489756696-0.019535453300522154i
0.6679177261373112-0.7442343986418074i,0.06864977635004384-0.07583689956221558i
0.2913353115592145+0.9566205021128465i,0.02934744125729677+0.09786879590484503i
-0.9693696645279903-0.24560456398290542i,-0.09881984294878376-0.02548905323096321i
0.7116970247150987-0.7024858760892422i,0.07285284014497323-0.07129537137770978i
0.2329585129318596+0.9724861834234677i,0.023293374741380823+0.09911384415462447i
-0.9527449691031381-0.30376972021989235i,-0.09675489261897448-0.03130699792584418i
0.7528718179850047-0.6581665552909057i,0.07675816160808022-0.06652340976361067i
0.1737291864854995+0.9847929841039492i,0.017196289820926507+0.09998530244048186i
-0.9326336356314203-0.3608232082212098i,-0.09434841607209309-0.03696857729282575i
0.7912914238749954-0.6114386259400222i,0.08035329129751834-0.06154039908248194i
0.11386408613497762+0.9934958665456137i,0.011079189346941206+0.10048255444108885i
-0.9091092629619931-0.41655623670689984i,-0.09161178044353953-0.04245381464369204i
0.8268152431163796-0.5624730922033961i,0.08362703482751052-0.05636638265246836i
0.053582292454766145+0.9985629819338138i,0.004964990211780533+0.10060639711111502i
-0.8822579402026718-0.4707648467121194i,-0.08855751611041857-0.047743537628415635i
0.8593132737767919-0.5114491469195516i,0.08656948672325858-0.051021981854184745i
-0.006895589061911511+0.9999757868009261i,-0.0011235632843219873+0.10035902776773088i
-0.8521779316707474-0.5232506579894161i,-0.08519926084600092-0.052819445582472695i
0.8886665870114687-0.45855351582985016i,0.08917205908195562-0.04552831357650459i
-0.06734823532450768+0.9977291108874821i,-0.007163984798970907+0.09974402587993629i
-0.818979317287755-0.5738215949952943i,-0.08155170010398194-0.05766417305049252i
0.9147677622917813-0.4039797742424154i,0.09142750496450637-0.03990690633365174i
-0.12755441559267422+0.9918311760631002i,-0.013134129722636632+0.09876632966825741i
-0.7827835897342073-0.6222925898042686i,-0.0776305036915077-0.062261349266025896i
0.9375212805182647-0.34792763862958376i,0.09332993646385782-0.0341796153888218i
-0.18729380108582422+0.9823035662379709i,-0.01901227704852379+0.09743220764208055i
-0.7437232098385231-0.6684862593780442i,-0.07345225910241658-0.06659565338455468i
0.9568438735795306-0.2906022357513297i,0.09487483741701672-0.028368537221198475i
-0.24634777129190955+0.9691811483750099i,-0.024777209032482168+0.09574922522076595i
-0.7019411218272489-0.7122335547113086i,-0.06903440179324366-0.07065286528499264i
0.9726648290778145-0.23221335197936044i,0.09605907074916568-0.02249592367338927i
-0.3045002140246669+0.9525119448917365i,-0.030408288348991168+0.0937262066030461i
-0.6575902302105332-0.7533743794785382i,-0.06439514269468673-0.07441991177360491i
0.9849262491060063-0.17297466556903082i,0.09688088045934477-0.016584096115237784i
-0.3615383163014695+0.9323569579188364i,-0.03588553246111817+0.09137319206662212i
-0.6108328402172467-0.79175817591784i,-0.059553393259862204-0.07788490804349203i
0.9935832621291394-0.1131029646886352i,0.09733988827824455-0.01065535995748952i
-0.4172533431475084+0.9087899460585446i,-0.041189684935306274+0.08870139089656603i
-0.561840063827501-0.8272444758077442i,-0.05452868835833136-0.0810371942624106i
0.9986041871949525-0.05281735406775261i,0.09743708504920572-0.004731919845070267i
-0.4714414014762154+0.8818971544598162i,-0.046302283445748924+0.0857231301568731i
-0.5107911935762388-0.859703414520609i,-0.04934110733106941-0.0838673671817983i
0.9999706498725779+0.007661546832029261i,0.09717481690401004+0.0011642041452897584i
-0.5239041862504543+0.8517769991980962i,-0.05120572422790334+0.0824517995342614i
-0.4578730464195055-0.8890162062714222i,-0.04401119352650983-0.08636730668012094i
0.9976776494950719+0.06811241118965794i,0.09655676632485594+0.007011258984645485i
-0.574449706193848+0.8185397071147209i,-0.05588332275640784+0.07890179249711336i
-0.40327928006456615-0.915075578822794i,-0.03855987264147058-0.08853019717417238i
0.9917335774597095+0.1283140147857925i,0.09558792820336835+0.012787839537667685i
-0.6228929863964507+0.7823069124339862i,-0.060319370439069965+0.07508844402513332i
-0.34720968426581217-0.9377861660553073i,-0.033008370193092225-0.09035054385261876i
0.982160186519073+0.1880460455885014i,0.09427458102630118+0.018472967472419288i
-0.6690567452435334+0.7432112116340894i,-0.06449918713573348+0.07102796517691945i
-0.2898694496800051-0.9570648569665862i,-0.02737812844897324-0.09182418370667542i
0.9689925111753118+0.24708991000074731i,0.09262425333581441+0.02404616794157964i
-0.7127720431902054+0.7013956782009256i,-0.06840916932869529+0.06673737477310705i
-0.23146841695653592-0.9728410998218937i,-0.021690723142418884-0.09294829135348161i
0.9522787394689018+0.3052295328191353i,0.09064568562961396+0.02948754375352783i
-0.7538789010076463+0.657013339040535i,-0.07203683378954766+0.06223442848198045i
-0.17222030881070866-0.985057160343203i,-0.015967780298134965-0.09372137966811998i
0.9320800366310978+0.3622521479764229i,0.08834878788296169+0.03477784676358643i
-0.7922268852384203+0.6102266144663007i,-0.0753708566063018+0.05753754560261799i
-0.11234194789032553-0.9936683329918754i,-0.010230893490914801-0.09414329526057176i
0.9084703212454384+0.417949077174012i,0.08574459289040003+0.03989854622866938i
-0.8276756587183726+0.5612067238103109i,-0.07840110745368767+0.052665733847372824i
-0.05205246329785346-0.9986431045717468i,-0.004501541855700733-0.09421520885380184i
0.8815359947374538+0.4721164935549607i,0.08284520563994376+0.044831893882380465i
-0.8600954941504146+0.5101330588340861i,-0.08111867900928516+0.04763851243121061i
0.008427511328046533-0.9999632695538996i,0.0011989908378503885-0.09393960063879633i
0.851375625182531+0.5245561676228022i,0.07966374894651788+0.04956098550231567i
-0.8893677488507606+0.4571925272317231i,-0.08351591143768002+0.04247583377967648i
0.06887664523694481-0.9976239967010851i,0.0068496957397467285-0.09332024070152525i
0.8180995865890605+0.5750761926764261i,0.07621430558435871+0.05406981875678633i
-0.9153852989302276+0.40257886862795156i,-0.08558641188501906+0.03719800417040466i
0.1290737205422004-0.9916338467479797i,0.012429916804089653-0.09236216463538949i
0.7818296549769358+0.6234916871062419i,0.07251185717007141+0.0583433471344124i
-0.9380529313216966+0.34649194557425633i,-0.08732506894616647+0.03182560362485564i
0.1887984417834832-0.9820147410725684i,0.017919426713507505-0.09107164447082404i
0.7426985627295845+0.6696254709815236i,0.06857222005884349+0.062367529776881966i
-0.9572876922190744+0.28913701213771503i,-0.08872806208683343+0.02637940536752809i
0.2478322421136132-0.9688018814733103i,0.02329850056341465-0.0894561550710409i
0.700849512850411+0.7133087144529124i,0.0644119785260802+0.06612937705264967i
-0.9730191906526212+0.2307239627592047i,-0.08979286602288877+0.020880295169139283i
0.3059590831594165-0.9520436213456638i,0.028547987036878504-0.08752433615960042i
0.6564356549012624+0.7543815555972104i,0.06004841551527812+0.06961699172725574i
-0.9851898560896898+0.17146656412982875i,-0.09051825007890452+0.015349190888350631i
0.362966245629453-0.9318012887294127i,0.03364937681277636-0.08528595016136147i
0.6096195245407621+0.7926936854434072i,0.055499441240339925+0.07281960560443505i
-0.9937551491181681+0.11158167289657252i,-0.09090427256749034+0.009806962523348204i
0.41864510777532754-0.9081489618743593i,0.03858486796279255-0.08275183605340258i
0.5605724487135557+0.828104898039006i,0.050783519936765276+0.0757276115308442i
-0.998683724441611+0.051288442060045195i,-0.0909522702502436+0.004274353080232199i
0.47279190885775396-0.8811731981457241i,0.043337428106495095-0.07993385943664759i
0.5094739186672227+0.8604856035436361i,0.045919595061111707+0.07833259067632457i
-0.9999575455895736-0.009192481031446646i,-0.09066484295993175-0.001228099440452646i
0.5252084948234105-0.8509727172613379i,0.047890853108285225-0.07684485905211652i
0.45651093309134544+0.8897173024722519i,0.040927013241871556+0.08062733502086175i
-0.99757195092335-0.06963976215649675i,-0.0900458334819459-0.006680138644447784i
0.5757030434637314-0.8176580400198417i,0.0522298221152622-0.07349858997797235i
0.40187731378255953+0.9156930193523891i,0.03582544728747318+0.08260586499872992i
-0.9915356706955734-0.12983219020885767i,-0.0891003028108613-0.01206186464503451i
0.6240907664018659-0.7813510838419988i,0.0563399487509871-0.06990966375463624i
0.3457729963399633+0.938317694208485i,0.030634818558365907+0.08426344226972389i
-0.9818707951012362-0.1895494867351502i,-0.08783450091525584-0.017353806987004512i
0.6701945853388269-0.7421847166052561i,0.060207828296745466-0.06609348569547947i
0.28840329848663293+0.9575085304405883i,0.0253752190102643+0.08559657760680661i
-0.9686126934370568-0.2485731120594647i,-0.08625583316046763-0.022536995325502417i
0.7138457800840714-0.70030227040434i,0.06382108070887416-0.0620661896494405i
0.22997816869487392+0.973195297824383i,0.020066833214449888+0.0866030339086596i
-0.9518098846650349-0.30668706504478205i,-0.08437282255484703-0.02759302760285069i
0.7548846059989833-0.6558570170173028i,0.06716838933844632-0.057844570489991795i
0.17071141786491795+0.9853205895236672i,0.01472986065869683+0.08728182436482951i
-0.9315238598538732-0.3636786735644319i,-0.08219506800016363-0.03250413547834073i
0.7931608785936937-0.6090116069965958i,0.07023953523739714-0.05344601461146239i
0.11081993686878983+0.9938400321747345i,0.00938443862884726+0.08763320581987993i
-0.9078288571480551-0.4193393727908025i,-0.07973319874106544-0.03725324677872236i
0.8285345231378569-0.5599374744378547i,0.07302542695355409-0.048888428719373545i
0.05052290282280353+0.9987224482738442i,0.004050565966348862+0.08765866740147568i
-0.8808115900880998-0.47346546845309745i,-0.07699882522180221-0.0418240447507172i
0.8608760872740471-0.508814209604685i,0.07551812573548108-0.04419016720581044i
-0.009959023006620382+0.9999499702735006i,-0.0012519720086984348+0.08736091449545204i
-0.8505709302762184-0.5258588822709465i,-0.0740044865709377-0.0462010239111831i
0.8900672147578284-0.4558289017053723i,0.07771086608674213-0.03936995840406758i
-0.07040450272848497+0.9975181059700111i,-0.006503677126461395+0.08674384816843413i
-0.8172175455486828-0.5763278768359003i,-0.07076359494615728-0.05036954230562565i
0.9160010785908126-0.40117545422667605i,0.07959807162795018-0.0344468300187574i
-0.1305923318289054+0.991435754943023i,-0.011685410273640699+0.0858125401557198i
-0.7808734949790421-0.6246877572880555i,-0.06729037698173895-0.054315870001374326i
0.9385827719616264-0.34505387533028703i,0.0811753662437335-0.029440034028478286i
-0.19030224868469287+0.9817251759868812i,-0.016778461311538012+0.08457320354855709i
-0.741671782194298-0.6707615472199755i,-0.06359981259066881-0.058027233657962286i
0.9577296555641089-0.2876695459087937i,0.08243958051047866-0.024368971357702756i
-0.24931574062636436+0.9684219056529937i,-0.021764616750343746+0.08303315933075986i
-0.6997558686387125-0.7143806363343874i,-0.05970757138166952-0.06149185703398475i
0.9733716600217044-0.2292324679797616i,0.08338875341927122-0.019253116613014258i
-0.3074168436007324+0.9515746282013053i,-0.026626224935005795+0.08120079892964661i
-0.6552791485664922-0.755385397485505i,-0.05562994695866808-0.0646989973068264i
0.9854515423113094-0.16995649616847652i,0.0840221294268433-0.014111943176165431i
-0.36439293250665167+0.9312449974368016i,-0.03134625850985464+0.07908554296062785i
-0.6084043876846521-0.7936257708458752i,-0.051383789376274296-0.06763897709910739i
0.9939250952481692-0.11005855509179832i,0.08434015088539946-0.008964848942537275i
-0.42003549931163636+0.9075074110830408i,-0.03590837394176459+0.07669779635820309i
-0.5593031275003824-0.8289618130609426i,-0.046986436029879224-0.0703032121235047i
0.9987613092652009-0.0497578455071625i,0.08434444591996604-0.0038310829886811343i
-0.47414091610177+0.8804487385184174i,-0.0402969678950834+0.07404890009870894i
-0.5081550575527556-0.861264209381668i,-0.042455641262720216-0.07268423437552818i
0.9999424858947012+0.010724957868116i,0.08403781183917258+0.001270326553435324i
-0.5265111802724795+0.8501680028715193i,-0.04449723026560952+0.07115107973185893i
-0.45514735782613025-0.8904147469010099i,-0.03780950497500476-0.07477571082192849i
0.9974643025371417+0.07116851393159909i,0.08342419418227699+0.006320643144932997i
-0.5769546391330881+0.8167760186389744i,-0.048495193695726274+0.06801739094882202i
-0.4004740137517441-0.9163067471624297i,-0.03306640052162453-0.07657245755059393i
0.9913358282800281+0.1313516252091659i,0.08250866152145543+0.011301490748821516i
-0.6252866912734122+0.7803949861519546i,-0.052277779408073564+0.06466166242426916i
-0.344335106304288-0.9388454565572587i,-0.02824490218543117-0.07807044936586996i
0.9815794907089322+0.19105404734283482i,0.08129737615412934+0.01619492074571854i
-0.6713304621256925+0.7411580443754067i,-0.05583283921107646+0.06109843617859708i
-0.286936079791411-0.9579483930822408i,-0.02336371251219937-0.0792668248313328i
0.9682309938321549+0.2500572950905895i,0.07979756083503495+0.020983476613099836i
-0.7149174512496044+0.6992087836765837i,-0.05914919354584044+0.05734290571407351i
-0.2284869900157257-0.9735456481882631i,-0.018441589791557442-0.08015988677990696i
0.9513391874193777+0.30814544188859483i,0.07801746171211245+0.025650256135585626i
-0.7558881489715497+0.6547007203459247i,-0.062216665460752336+0.05341085218534553i
-0.16920173556072088-0.9855801426156425i,-0.013497275965117288-0.0807490983288701i
0.9309658882324724+0.365105910049751i,0.0759663076437277+0.030178970925447798i
-0.7940926201216072+0.6077967347933186i,-0.06502611041697152+0.049318578870141676i
-0.10929727501374892-0.9940078352797213i,-0.00854942523891609-0.08103507445462632i
0.9071856538026815+0.42073024870679304i,0.07365426608750857+0.034554003045057666i
-0.8293910527319025+0.5586684754757082i,-0.06756944184536384+0.045082844210428435i
-0.048992832990708-0.9987978844423321i,-0.0036165336721683686-0.08101956919917984i
0.8800855095820551+0.4748148966530039i,0.07109239576285134+0.03876045853614354i
-0.8616542696884093+0.5074957307374057i,-0.06983965239272066+0.040720793697568515i
0.011490902131963798-0.9999327605793267i,0.0012831299919508956-0.08070545859670519i
0.849764630467642+0.5271619272888655i,0.06829259630015119+0.042784217674642376i
-0.8907642014637434+0.4544657708619146i,-0.07183083081269982+0.03624989087714989i
0.07193258584203288-0.9974083105311069i,0.006131591994911453-0.08009671942477203i
0.8163339778639337+0.5775797729484672i,0.06526755509971215+0.046611981784358776i
-0.9166143182009624+0.39977266274306367i,-0.07353817447435876+0.031687847750250256i
0.13211102751738818-0.9912337727014107i,0.010911239480462537-0.0791984039001888i
0.7799158936117443+0.6258839259549477i,0.06203069163242135+0.05023131645766445i
-0.9391100195671211+0.34361655968346444i,-0.07495799747871239+0.02705255484780955i
0.1918059998887881-0.9814317432487156i,0.015604884419999411-0.07801661045445271i
0.7406436522695796+0.6718976138394049i,0.05859609942219741+0.05363069104695456i
-0.9581689809498897+0.2862029689193261i,-0.07608773439106062+0.022362011253634618i
0.2507990449771493-0.9680380933939989i,0.020195825314352402-0.07655845073790017i
0.6986609733859527+0.7154524462522648i,0.05497848595726803+0.05679951430644655i
-0.9737214547303024+0.22774199955216973i,-0.0769259396140422+0.017634254849339386i
0.308874273555991-0.951101838147463i,0.024667906451492035-0.07483201301526995i
0.6541214955475168+0.7563890311996915i,0.05119311078329577+0.05972816608011777i
-0.9857105255291098+0.16844759363969117i,-0.07747228244328963+0.012887293051193743i
0.3658191552133515-0.9306849569346349i,0.029005574511199762-0.07284632212809096i
0.6071882141277767+0.7945575583498773i,0.04725572203624428+0.06240802494810349i
-0.9940923184926386+0.10853674325964899i,-0.07772753786420086+0.00813903430452553i
0.4214252961218803-0.9068621667782676i,0.03319393232012478-0.07061129621128147i
0.5580328847939761+0.8298183472745614i,0.043182491676719004+0.06483149176053277i
-0.9988361598559273+0.04822869641198879i,-0.077693573164555+0.0034072205959409887i
0.4754892016708093-0.8797206488661058i,0.037218789573561555-0.06813770036239836i
0.5068353949550684+0.8620423586194504i,0.03898994969028793+0.06699200900463347i
-0.9999246891955411-0.01225584533474107i,-0.07737333045353958-0.0012906387627005524i
0.5278130211688926-0.8493597295051531i,0.04106671035393667-0.06543709747226199i
0.4537831054510052+0.8911116663328728i,0.0346949175199487+0.06888407596784193i
-0.9973539229612698-0.07269553451640876i,-0.07677080519301999-0.005937331831955883i
0.5782052718930228-0.815890516630019i,0.04472505729011475-0.06252179643487658i
0.3990701648924723+0.9169198892245182i,0.030314440997549104+0.07050325967649344i
-0.9911332690542135-0.13286918781002172i,-0.0758910208616367-0.010516006985683318i
0.626481539832817-0.7794354931955614i,0.04818203221628942-0.0594047979629932i
0.342896799160299+0.9393725802749358i,0.025865723040493067+0.07184620160658446i
-0.9812854923979019-0.19255659546976i,-0.07473999988647406-0.015010233865859736i
0.6724651545667496-0.7401280689418401i,0.051426713204289-0.056099738242966296i
0.2854685786646671+0.9583875722710923i,0.021366056378555605+0.07291062017966567i
-0.9678466316284435-0.2515393272001381i,-0.07332473099047827-0.01940406213190482i
0.7159878358000707-0.6981120921717244i,0.05444908785859979-0.05262083066896725i
0.22699566604563648+0.9738952785031065i,0.0168327565731054+0.07369530907352786i
-0.9508658672085845-0.30960153151713976i,-0.07165313311658124-0.023682077795847398i
0.756890309198463-0.6535413233278417i,0.05724008277910417-0.04898280590195219i
0.1676920470680789+0.9858389474217426i,0.012283095587449772+0.07420013139346651i
-0.9304053414483241-0.3665307256720115i,-0.06973401610148279-0.027829456946058397i
0.7950228892637481-0.6065788722953469i,0.05979158911254054-0.04520085050314777i
0.10777474752561744+0.9941748703247234i,0.0077342361624562015+0.07442600976585417i
-0.9065399310907284-0.42211857324692903i,-0.06757703828327946-0.03183201667442164i
0.8302460271185685-0.5573966014897476i,0.06209648412983152-0.04129054439508734i
0.04746303901936416+0.998872541311822i,0.0032031672460878418+0.07437491243122109i
-0.8793569732951856-0.4761616465768743i,-0.06519266123746907-0.03567626303452494i
0.862430821195387-0.5061744969142213i,0.0641486487826663-0.037267797405534916i
-0.01302236348203406+0.9999147689233656i,-0.0012933592809883418+0.07404983542910255i
-0.8489559460208884-0.5284621712075825i,-0.06259210184536751-0.03934943587179717i
0.8914594889609028-0.45310000948809154i,0.06594298120901255-0.03314878515084001i
-0.07346010936445257+0.9972977390535972i,-0.0057388903489446925+0.07345478098147232i
-0.8154481039801954-0.578828749665163i,-0.05978728190762654-0.04283955038031201i
0.9172257979495725-0.39836736905691195i,0.06747540617348712-0.028949884515481736i
-0.13362902241653962+0.9910310289086671i,-0.010117331684905657+0.07259473219552366i
-0.7789560714941314-0.6270770618887102i,-0.05679077552317061-0.04613543525524838i
0.9396354545288417-0.3421768735945909i,0.06874288044468557-0.024687608983747052i
-0.19330891023972524+0.9811375719581692i,-0.01441300582416662+0.07147562421998882i
-0.739613393740002-0.673030539762622i,-0.053615754460623985-0.04922676732466606i
0.958606448973372-0.2847341561987713i,0.06974339412754535-0.020378544077627323i
-0.25228137005789797+0.967653574008484i,-0.018610707938858783+0.07010431200186797i
-0.697564048033358-0.7165210132801221i,-0.050275931755097474-0.05210410255925322i
0.9740693555854383-0.22624943256194546i,0.07047596798464563-0.016039283152229314i
-0.310330587977832+0.9506283807050656i,-0.022695759286992353+0.06848853480248737i
-0.6529619169328128-0.7573893259733102i,-0.04678550376794945-0.05475890337392454i
0.9859675867631873-0.16693673167224143i,0.07094064679579616-0.011686363796167849i
-0.36724412877541357+0.9301242969485588i,-0.02665405809607093+0.06663687764303508i
-0.605970225095921-0.7954859173575286i,-0.04315909095096387-0.05718356215061109i
0.9942576000869716-0.10701311255918278i,0.07113848882049438-0.007336205079678188i
-0.4228137133173882+0.9062163588856016i,-0.030472127707373772+0.06455872986027002i
-0.5567609419469846-0.8306713702585464i,-0.03941167755918563-0.05937142092718822i
0.9989090576659222-0.046697869950797624i,0.07107155144248398-0.0030050458875066238i
-0.4768359807736005+0.8789920593087326i,-0.03413716181945931+0.06226424096271813i
-0.5055141523427644-0.8628169210195837i,-0.03555855055846166-0.061316787213110006i
0.9999049371616049+0.013788268250969592i,0.07074287309010202+0.001291115432914608i
-0.5291132328303534+0.8485510274703207i,-0.03763706668248276+0.05976427398653048i
-0.4524173975391957-0.8918049307210334i,-0.031615237974519546-0.06301494590801436i
0.9972415940824759+0.07422394873964694i,0.07015645153974695+0.00553657988492742i
-0.5794541571813888+0.8150046644822597i,-0.04096050010834798+0.05707035655810757i
-0.39766498887087576-0.9175293156884163i,-0.027597446930295377-0.0644621673151863i
0.9909287751211555+0.13438800286233743i,0.0693172187231617+0.00971600488287821i
-0.627674527648822+0.7784757356357102i,-0.04409690717562653+0.054194629877640545i
-0.34145729665497715-0.9398959357131039i,-0.02352100161696448-0.06565571125721631i
0.980989582485716+0.1940602560020671i,0.06823101217178103+0.013814459353286382i
-0.6735978783718855+0.7390979211328216i,-0.0470365525223989+0.05114979584386567i
-0.2840000169218805-0.9588229385650769i,-0.019401781442097504-0.06659382731658109i
0.9674603893555154+0.2530223333223893i,0.06690454324341355+0.017817476680842007i
-0.717056149596245+0.6970153268745651i,-0.04977054913467338+0.04794906254549097i
-0.2255034186559824-0.974241059536959i,-0.015255659595230677-0.06727575123889594i
0.950390706770973+0.3110584589255649i,0.06534536228780664+0.021711105313568655i
-0.7578903027005733+0.6523819570949834i,-0.05229088355281896+0.04460608834902326i
-0.1661815743014574-0.9860938749231175i,-0.011098442267127223-0.06770169755142447i
0.9298430024444082+0.3679562454997397i,0.0635618209182066+0.025481956852563006i
-0.7959509022096461+0.60536115077179i,-0.05459043743334455+0.041134924815988606i
-0.10625157634898569-0.9943380085062126i,-0.0069458087541476475-0.06787284846382637i
0.9058924721550238+0.4235074715653562i,0.061563031565803186+0.029117251463358612i
-0.8310986626640499+0.5561249838758107i,-0.056663005418368224+0.037549958684908506i
-0.04593274287041049-0.9989432902955345i,-0.0028132526732943257-0.06779133913221097i
0.8786267645646282+0.4775088434764032i,0.05935882450293287+0.03260486045819619i
-0.8632049583451817+0.5048536396467831i,-0.05850330928022679+0.033865853154685155i
0.014554185091280314-0.9998928669362218i,0.0012839754930563867-0.06746023938107025i
0.8481456604611484+0.5297627393879109i,0.056959702529114524+0.03593334591113231i
-0.8921522939901799+0.4517347492000304i,-0.06010700832365993+0.030097488706539055i
0.07498785133943253-0.9971832633853077i,0.005330924311231677-0.06688353199078245i
0.8145607076037696+0.5800779324670892i,0.054376793521255185+0.03909199718103352i
-0.9178347347741558+0.39696270487710444i,-0.06147070604306612+0.026259903701065925i
0.13514709459240465-0.9908243956288855i,0.00931299556578996-0.06606608767085377i
0.7779948125060128+0.6282702907014647i,0.051621801055804994+0.04207086423099465i
-0.9401582939861902+0.3407379488532462i,-0.06259195304706144+0.022368234985480788i
0.1948117578389416-0.9808395343938537i,0.013215996490111565-0.06501363685099118i
0.7385817906506411+0.6741634507430205i,0.04870695331622024+0.04486078764648554i
-0.9590412769803569+0.2832662396050498i,-0.0634692462773072+0.018437658743761264i
0.25376349401834786-0.9672652199870458i,0.017026189873292265-0.0637327384333278i
0.6964658767824256+0.7175894633223601i,0.04564495050367937+0.04745342526859153i
-0.974414580143067+0.22475789892274461i,-0.06410202456288532+0.014483331819066617i
0.31178656507702246-0.9501511285733877i,0.02073034186880811-0.062230745659739455i
0.6518011970708825+0.7583894078709519i,0.04244891097274189+0.04984127537295411i
-0.9862219437826355+0.16542704222270938i,-0.06449066056566949+0.010520333733625483i
0.36866863147714096-0.929559890382454i,0.024315767341358704-0.06051576925803614i
0.6047512050746371+0.796413974102204i,0.03913231631647256+0.05201769633938565i
-0.9944201580156075+0.10549079497694117i,-0.06463644918576546+0.006563609626249274i
0.4242015292682363-0.9055668605087082i,0.0277703725995908-0.05859663803989312i
0.5554880835715537+0.8315240084230346i,0.03570895562733456+0.05397692277156905i
-0.9989792208963868+0.045168498127014144i,-0.06454159250949303+0.002627914321735818i
0.4781820318779159-0.8782598431441968i,0.031082695374431816-0.05648285713176314i
0.5041921144436641+0.8635910231763i,0.032192869161232034+0.05571407804077205i
-0.9998824482114815-0.015319094609630386i,-0.06420918139516915-0.001272242260222915i
0.5304125938338959-0.8477387702528905i,0.03424194191501485-0.05418456402749277i
0.4510510189228513+0.8924976668504743i,0.02859829163202529+0.0572251832418873i
-0.9971265345365644-0.07575062460354745i,-0.06364317380433432-0.0051226481564636585i
0.5807020736956499-0.8141153358625852i,0.037238021086929425-0.05171248265806259i
0.3962592706117095+0.9181381535358184i,0.02493959536299298+0.05850716256445993i
-0.9907215653329065-0.13590493839086937i,-0.06284836999783076-0.008909440680098224i
0.6288664335500431-0.777512587312696i,0.04006157537065205-0.04907787567975251i
0.3400173837936196+0.9404186500554081i,0.021231233519987763+0.05955784509554706i
-0.9806909800389185-0.1955618970000697i,-0.06183038472731939-0.012619155825409688i
0.6747294125111154-0.7380644749538046i,0.042704008671233515-0.04629249518694407i
0.2825311796365299+0.9592576193542908i,0.017487683648316953+0.06037596308521808i
-0.9670714862918655-0.2545031815661193i,-0.06059561656341748-0.01623877558422807i
0.71812317175927-0.6959153619468648i,0.045157510864041836-0.04336853205994963i
0.22401103297581643+0.9745861188901122i,0.013723391731919908+0.060961146719206515i
-0.9499129255936687-0.31251309228383545i,-0.05915121451148965-0.019755773010180805i
0.7588889087593251-0.6512194959559918i,0.04741507901490667-0.04031856416143126i
0.16467110243267147+0.9863480529332327i,0.009952716989062298+0.061313915456609844i
-0.9292780909123992-0.3693793377765946i,-0.057505042075314844-0.02315815487786938i
0.7968774384096365-0.6041404446682099i,0.04947053522699897-0.037155503597342224i
0.10472854668546377+0.994500377853023i,0.006189877613570097+0.06143566600355178i
-0.9052424968869632-0.4248938119916597i,-0.05566563893731747-0.02643450179515372i
0.831949738995542-0.5548504972059176i,0.05131854108056314-0.03389254325974825i
0.04440272976217513+0.9990132596390787i,0.002448897664729031+0.06132865700632983i
-0.8778941034759364-0.47885335577901994i,-0.05364218043168372-0.029574005638308292i
0.8639774609491724-0.5035300336226446i,0.05295460864552903-0.030543102869452995i
-0.01608558173779573+0.9998701830808946i,-0.0012564446977474236+0.060995990559699786i
-0.8473329940618609-0.5310605003666866i,-0.05144443499368744-0.03256650419184824i
0.8928433965537852-0.4503668647894681i,0.05437510806083843-0.02712077473607792i
-0.07651502655463782+0.9970680122064466i,-0.004912667444684638+0.06044159063759689i
-0.8136710091890236-0.5813241900116495i,-0.049082719774501626-0.03540251288711826i
0.9184419088737051-0.39555554508783225i,0.05557727168802314-0.023639269451994946i
-0.1366644588553374+0.9906170017585039i,-0.008506633193430414+0.05967017856465456i
-0.7770313372750601-0.6294604811819008i,-0.04656785461620087-0.03807325354641021i
0.9406793183401712-0.3392966604240075i,0.05655919486008425-0.020112361734558333i
-0.19631375753251296+0.9805407596666715i,-0.012025595836706744+0.05868724565738881i
-0.7375480637942189-0.6752932157108158i,-0.04391111458597563-0.04057068005227193i
0.9594742455783529-0.281796094170763i,0.057319833260023774-0.016553836628128878i
-0.25524463175320006+0.9668761606524997i,-0.0154572451214553+0.057499023173792393i
-0.6953656805820695-0.7186546654604407i,-0.041124181272275795-0.04288750087470199i
0.9747579092209363-0.22326427372258206i,0.05785899697641293-0.012977436273761416i
-0.3132414198096117+0.9496732112838286i,-0.01878974902476033+0.05611244971927219i
-0.6506385570573987-0.7593861461344908i,-0.03821909304826868-0.045017198402173025i
0.986474377618408-0.16391540042170938i,0.058177341296065006-0.009396807449899644i
-0.37009187834843266+0.9289948669722127i,-0.022011793784261387+0.05453513626540301i
-0.6035303752963891-0.7973385979947735i,-0.035208194509963195-0.04695404503567922i
0.994580773524889-0.10396666567316828i,0.05827635430621069-0.005825450082189781i
-0.4255879590904023+0.9049168015831328i,-0.02511262145137789+0.052775328945775676i
-0.5542135310264704-0.8323731313558538i,-0.03210408529734632-0.04869311601835073i
0.9990474310104526-0.04363745611743433i,0.05815834139049911-0.002276666914517257i
-0.4795265701977269+0.8775271305021262i,-0.02808206484691801+0.050841869800278584i
-0.5028685027319436-0.864361534861697i,-0.02891956850712423-0.05023029898640821i
0.9998580040256946+0.016851449230515236i,0.057826406714552955+0.0012364854732952988i
-0.5317103195030427+0.8469260881702929i,-0.030910579810286238+0.048744155645444355i
-0.44968319118018707-0.893186744684205i,-0.025667598904974786-0.05156230024048258i
0.9970095262212592+0.07727868693764112i,0.05728443180777658+0.004701244123111222i
-0.5819482368800328+0.8132256612692598i,-0.03358927464546122+0.04649209525405088i
-0.39485223178549156-0.9187432729265863i,-0.022361231143788584-0.052686647749341196i
0.9905124218034055+0.1374231192480032i,0.05653705135848382+0.008105185461368816i
-0.6300564731121286+0.7765491788979875i,-0.03610993667912297+0.04409606503186299i
-0.3385762823269748-0.9409375936637843i,-0.019013568192098672-0.05360169091097385i
0.9803904673858856+0.19706464335203952i,0.055589626349258944+0.011436269205813912i
-0.6758589727017389+0.7370308612411995i,-0.038465055858734824+0.04156686338334311i
-0.2810612886272312-0.9596884852072254i,-0.01563771017377776-0.05430659710859746i
0.9666807049777435+0.2559849968683859i,0.05444821466862836+0.014682880263807053i
-0.7191881181578108+0.6948153283811096i,-0.040647845330972446+0.038915663961285055i
-0.22251773087900584-0.9749273273413388i,-0.012246703816309332-0.054801345111524444i
0.9494333064254583+0.31396855659051814i,0.053119539343707334+0.01783386847961116i
-0.7598853434039107+0.6500570710499889i,-0.04265225895356588+0.036153967997603786i
-0.16315985337802463-0.9865983524440967i,-0.00885349270026357-0.055086715382831344i
0.9287113898055195+0.3708031275751474i,0.051610954546345886+0.020878586098214087i
-0.7978017140620097+0.6029198852603896i,-0.044473005706378896+0.03329355591401156i
-0.10320488048081933-0.9946588495725751i,-0.005470868497343294-0.05516427736743395i
0.9045907884393559+0.4262807196846428i,0.04993040953250012+0.023806922823808i
-0.8327984724883885+0.5535762728820381i,-0.04610556098027152+0.030346438411968095i
-0.04287222165681154-0.9990793207666757i,-0.0021114233783035624-0.055036373845369566i
0.8771597733759261+0.48019830874167i,0.04808641068100949+0.02660933836199124i
-0.8647475455670602+0.5022068103590243i,-0.04754617473499334+0.027324807241170097i
0.017617331456180052-0.9998435889989988i,0.0012124962346071954-0.054706102445873046i
0.8465187303575615+0.5323585795105481i,0.04608798180371136+0.029276892346025936i
-0.8935320134024115+0.44899948787751587i,-0.0487918765299308+0.024240985844880398i
0.07804241305457343-0.9969488573758214i,0.004488834403372772-0.05417729442807971i
0.8127797924512341+0.5825706477863263i,0.04394462290376673+0.031801271559061144i
-0.9190465371958374+0.3941490214023594i,-0.04984047744399488+0.02110738007868367i
0.13818189327286196-0.9904057193725284i,0.007705868738665998-0.05345449084390734i
0.7760664296896558+0.6306507589490531i,0.04166626756330818+0.034174814375961975i
-0.9411977447405372+0.3378561401002157i,-0.050690568913121556+0.0179364291967611i
0.19781568742401473-0.9802381200660375i,0.010852251642118563-0.052542916207843446i
0.7365129972239504+0.6764229604268197i,0.03926323914494567+0.03639053236041162i
-0.9599045721237194+0.28032685175696004i,-0.05134151852589238+0.014740557296502664i
0.2567255614149775-0.9664832685060963i,0.013917049584397075-0.05144844980687987i
0.6942642436414619+0.7197197456066603i,0.03674620599432437+0.038442128964969874i
-0.9750985603857277+0.22177168887759766i,-0.051793462829472045+0.011532125408321735i
0.3146959303897918-0.9491915015461285i,0.016889780286587292-0.0501775947917948i
0.6494747812480477+0.7603826668368636i,0.034126135832801094+0.040324015294009995i
-0.9867241060504561+0.16240493822765342i,-0.05204729720935907+0.008323384412793343i
0.37151464767764264-0.9284260996319538i,0.019760447682245486-0.0487374451982165i
0.6023085202533955+0.798262915277376i,0.03141424953038304+0.042031322901588446i
-0.9947386646102044+0.10244385663557629i,-0.05210466291751123+0.005126428961912532i
0.42697378115862533-0.9042630552225153i,0.02251957454774013-0.04713565105251311i
0.5529380689300034+0.8332218654762917i,0.028621974449407526+0.04355991360851365i
-0.9991129062203202+0.042107875925989344i,-0.051967931333866825+0.0019531525751991822i
0.4808703742060641-0.8767907946900932i,0.02515823269913054-0.04538038172342749i
0.5015441019409815+0.8651315826795106i,0.02576089754896488+0.044906386334971744i
-0.9998308230338406-0.018382200106612588i,-0.05164018555646463-0.001184795925258633i
0.5330071884206613-0.8461098547177341i,0.027668070664717426-0.04348028768555762i
0.4483146991483265+0.8938752910170316i,0.022842718438855648+0.046068080957051075i
-0.9968897877833425-0.0788050037449869i,-0.051125199424887996-0.004276054483974876i
0.5831934254383881-0.8123325143781395i,0.030041338753552378-0.04144446086522983i
0.3934446573213475+0.9193478008525193i,0.019879202569888493+0.047043079207312474i
-0.9903005633956143-0.13893941345998226i,-0.050427414090879176-0.007309588236396948i
0.6312454251706111-0.7755823842404451i,0.03227091145153709-0.03928239374303961i
0.33713477726409186+0.941455893732228i,0.016882134744655573+0.047830202651184414i
-0.9800872636039615-0.19856536312043402i,-0.04955191225846203-0.010274728147654366i
0.6769873379211933-0.7359939540085918i,0.03435030708823574-0.03700393739025565i
0.2795911289705823+0.9601186635245356i,0.013863273129470662+0.04842900778226917i
-0.9662872647022933-0.2574646473407576i,-0.04850439022381856-0.013161207733756777i
0.72025176792091-0.6937121003467267i,0.03627370472912818-0.03461925861856673i
0.22102429749707952+0.9752678125016598i,0.010834303944080633+0.04883977829074303i
-0.9489510687639284-0.3154217200190097i,-0.0472911278524921-0.01595919774250545i
0.7608803859241233-0.6488915566927924i,0.03803595825965198-0.03213879642404672i
0.16164861231115496+0.9868479012800333i,0.007806797000972241+0.049063514569668856i
-0.9281421188256791-0.37222448314311446i,-0.04591895663815412-0.018659338680976932i
0.7987245086258684-0.6016963470005507i,0.03963260763908179-0.02957321790700296i
0.10168136293782498+0.9948165517046514i,0.004792162260689049+0.049101920534436946i
-0.9039365667135668-0.4276650629785587i,-0.044395225993156616-0.02125277108641376i
0.8336456427789388-0.5522991854823089i,0.04105988731385376-0.02693337384928883i
0.04134200377314495+0.9991446019349332i,0.0018016075635439585+0.04895738784037963i
-0.8764229943598203-0.4815405707970474i,-0.04272776792646166-0.023731163447600605i
0.8655159920197324-0.5008808445490263i,0.0423147317915047-0.024230254129952986i
-0.019148649024695097+0.9998162131645412i,-0.0011539023084889309+0.04863297759310084i
-0.8457020896310223-0.5336538453621711i,-0.040924860269158654-0.026086737694362483i
0.894218924548095-0.44762949326087537i,0.04339477838775991-0.021474943158584735i
-0.07956922562773894+0.9968289275846169i,-0.004063685093080323+0.04813239965498246i
-0.8118862778537301-0.5838141744549156i,-0.03899518861173744-0.028312292183516316i
0.9196493999496522-0.3927400087092384i,0.044298367170521706-0.01867857550355413i
-0.13969861265682876+0.9901936773783035i,-0.006917378893073417+0.04745998965979291i
-0.7750993103860309-0.6318379927985334i,-0.03694780712050806-0.03040122212055013i
0.9417143535986467-0.3364132628501909i,0.04502453813547593-0.0158522918894357i
-0.19931676236167534+0.9799347447136506i,-0.009704978275425892+0.046620683855168314i
-0.7354758117406834-0.6775495538286752i,-0.0347920984030877-0.032347537367313696i
0.9603330372345256-0.2788553873993517i,0.045573025658785626-0.013007195734377423i
-0.2582054979011828+0.9660896728812973i,-0.012416868501318047+0.04561999190010156i
-0.6931607869171774-0.7207815728503866i,-0.032537732594680104-0.0341458775971217i
0.9754373144659193-0.22027701947827136i,0.04594425028270509-0.010154310393950296i
-0.3161493117770535+0.9487091289021439i,-0.01504385777414167+0.04446396775122126i
-0.6483090907456707-0.7613758392282994i,-0.030194625837926547-0.035791524769767234i
0.9869719101205908-0.1608925307729679i,0.04613930790005428-0.007304537273196001i
-0.37293615449873735+0.9278567181077995i,-0.017577207401464387+0.0431591787777871i
-0.6010848611847701-0.7991837953696546i,-0.02777289832953519-0.037280412910123795i
0.9948946125288445-0.10091924302556082i,0.046159956413139254-0.004468614963141505i
-0.4283582105935612+0.9036087513723656i,-0.020008659776644375+0.04171267325075684i
-0.5516609186470465-0.8340670803813341i,-0.025282832106512682-0.038609135184997895i
0.9991764280001184-0.04057663272996254i,0.04600859995200057-0.0016570795520726097i
-0.4822126591221711+0.8760539658473897i,-0.022330464095730366+0.04013194635606825i
-0.5002181335504974-0.8658980364113502i,-0.022734828743798466-0.0397749482838866i
0.9998016869274516+0.019914472057892388i,0.0456882707456459+0.00111977374472937i
-0.5343024159161202+0.8452932002219729i,-0.02453539973543506+0.038424904886456696i
-0.4469447644104415-0.8945601758217925i,-0.020139367133414382-0.04077577412009326i
0.9967681011315171+0.080332699855959i,0.04520260874829486+0.003851927500086021i
-0.584436854821344+0.811439025696447i,-0.026616797228243432+0.036599830769534485i
-0.39203576889415-0.9199486074835916i,-0.017506961512807347-0.04161019887921852i
0.9900867722343787+0.14045694588069726i,0.04455583913042716+0.006529677405723346i
-0.6324325053080693+0.774615334020093i,-0.028568556781252356+0.03466534359268771i
-0.3356920903594546-0.9419704206330326i,-0.014848119907063594-0.04227746945248058i
0.9797821510323173+0.20006718119568712i,0.0437527477517648+0.009143665897576541i
-0.6781137238942136+0.7349568841005121i,-0.03038516429584726+0.032630362287402945i
-0.2781199224883-0.9605450248852763i,-0.012173303145954762-0.042777487302354235i
0.9658919480164105+0.25894525792310397i,0.04279865473998844+0.011684913962781323i
-0.721313336925146+0.6926088088438572i,-0.03206170485597494+0.03050406613707339i
-0.2195299547063616-0.9756044451605788i,-0.009492884612526321-0.04311079981786034i
0.9484669953683216+0.31687570757132644i,0.04169938630514455+0.014144851024249594i
-0.7618732523575155+0.6477260840306872i,-0.03359387366336206+0.028295855273026447i
-0.1601366011501697-0.9870935704439115i,-0.006817110875037368-0.04327858922623054i
0.9275710609363286+0.37364652955714295i,0.04046124492524686+0.016515342807768806i
-0.799645038308282+0.6004729611711201i,-0.03497798440863041+0.026015310823601975i
-0.10015721600339283-0.9949703554676227i,-0.004156063348626638-0.04328265913677182i
0.9032806148723675+0.42904996703689824i,0.039090978043467124+0.01878871710590935i
-0.8344904662517015+0.5510223664148005i,-0.036210975077768576+0.023672154880435614i
-0.039811298073809065-0.9992059745790713i,-0.0015196211271220389-0.04312541880136531i
0.875684549784097+0.4828832672073775i,0.03759574542161182+0.02095778736256205i
-0.8662820168764084+0.4995552677154067i,-0.0372904112037722+0.02127621044485612i
0.020680312478127127-0.9997849272301464i,0.0010825748810687312-0.042809865184239064i
0.8448838554261034+0.5349494232940494i,0.035983085298238376+0.023015874011712595i
-0.8949033467513636+0.44626001256560893i,-0.03821448658353453+0.01883736151533469i
0.08109624231949031-0.996705094702619i,0.0036411563859955155-0.0423395629413842i
0.8109912491207434+0.5850578955113082i,0.034260879502740274+0.024956823513975924i
-0.9202497140928834+0.39133163872608134i,-0.038982021490024873+0.01636551347437394i
0.14121539507627634-0.9899777478617414i,0.006147060598490763-0.041718622417191965i
0.774130763261118+0.6330253083563149i,0.03243731767910159+0.026775025044420298i
-0.9422283620746118+0.3349711604710016i,-0.03959245841963032+0.013870553930040004i
0.20081776045124-0.9796275059097198i,0.008591561449956809-0.04095167577257782i
0.7344372914057473+0.6786761216846366i,0.030520860774689202+0.028465424795346386i
-0.9607588582776982+0.27738483296208166i,-0.040045855423973854+0.011362314163527005i
0.2596852193671591-0.9656922462899975i,0.01096629904589638-0.04004385136503637i
0.6920560946260399+0.7218432731118369i,0.028520203950503913+0.030023537867789645i
-0.9757733890389285+0.2187833974431933i,-0.04034287708474719+0.008850531329839388i
0.3176023421890462-0.9482229660720699i,0.013263307257947322-0.03900074650660334i
0.6471422699131131+0.7623687893901028i,0.026444239069688125+0.03144545773563471i
-0.9872170076196296+0.15938131001786254i,-0.04048478319889505+0.006344811553721157i
0.3743571771041538-0.9272835953240954i,0.015475039367948182-0.037828398730756926i
0.5998601825893708+0.8001043645225342i,0.02430201692082207+0.03272786327629168i
-0.9950478352871506+0.09939595683197064i,-0.04047341524996213+0.0038545940575676657i
0.4297420257746445-0.9029507631562856i,0.01759439168653867-0.036533255703637565i
0.5503828648019651+0.834911902499442i,0.022102709331651142+0.03386802337184802i
-0.9992372145730507+0.03904685853375756i,-0.040311180749429+0.0013891164521224494i
0.48355420342436717-0.8753135172912475i,0.019614725078039373-0.03512214391881989i
0.4988913822993996+0.8666640226704755i,0.019855571327353543+0.03486379909442913i
-0.9997698141471352-0.021445133077537752i,-0.04000103553948-0.0010426186856214426i
0.5355967805781514-0.844472998187537i,0.02152988433270622-0.03360223631799795i
0.4455741718085995+0.8952445259031345i,0.0175699034853235+0.03571364349915366i
-0.9966436849235429-0.08185864327447659i,-0.03954646415576543-0.0034318758297203185i
0.5856793037391662-0.8105420689089876i,0.02333421533699858-0.03198101898254177i
0.3906263514373634+0.9205488198217235i,0.01525501463570974+0.036416599057516166i
-0.9898702671935653-0.1419725845379148i,-0.038951458355361984-0.005770217007385537i
0.6336184923669814-0.7736449020943352i,0.025022580002050324-0.030266257042798225i
0.3342490066258298+0.9424843015705576i,0.012920185053634356+0.036972292773208786i
-0.9794743487590885-0.20156696564243598i,-0.03822049392126676-0.00804953068310284i
0.6792389096056862-0.7339165255386526i,0.02659036892021075-0.02846595995331859i
0.276648454260068+0.9609706967006723i,0.010574630285143742+0.037380929031295244i
-0.9654939742198789-0.26042369672982135i,-0.037358505860352-0.010262058929867413i
0.7223736043074862-0.6915023280495709i,0.028033511729160857-0.026588346282886404i
0.21803548764082076+0.9759403529398535i,0.008227465744545904+0.03764328024025552i
-0.9479803057466747-0.3183273874243316i,-0.036370862116765906-0.012400422800850273i
0.7628647220022549-0.6465575273866409i,0.029348485172702936-0.024641808168277598i
0.15862460507049292+0.9873384877709199i,0.005887672215847835+0.0377606753346361i
-0.9269974358495985-0.37506613506904074i,-0.035263335927235226-0.014457645823271099i
0.8005640825771436-0.599246602230949i,0.030532318856898392-0.022634875580131747i
0.09863322488142162+0.9951233889122237i,0.0035640623856316445+0.03773498621391262i
-0.9026221528270788-0.4304323001986168i,-0.0340420769486466-0.016427175544923123i
0.8353337225522013-0.5497426902637357i,0.031582598709619006-0.020576180548173915i
0.03828088977809119+0.9992665669666991i,0.0012652485288201533+0.037568612200617045i
-0.8749436597536313-0.4842232664106499i,-0.03271358129161282-0.01830290307266178i
0.8670463999674993-0.4982269545567891i,0.032497468160885404-0.018474421491264333i
-0.022211536594941184+0.9997528596808295i,-0.00100038853749451+0.03726446260779543i
-0.8440632480348924-0.5362421818547274i,-0.03128466059644441-0.020079180551157524i
0.8955860600340958-0.44488792059335336i,0.03327562707044749-0.016338327795456006i
-0.08262267791919536+0.9965804874319877i,-0.0032247291236636036+0.036825937512432044i
-0.8100939267245457-0.5862986796257212i,-0.029762410290119185-0.021750836539320948i
0.920848259844753-0.38992078634577093i,0.03391632843793694-0.014176624780335434i
-0.14273145534458498+0.9897610597410903i,-0.005399942859103482+0.03625690683754874i
-0.7731600089596862-0.6342095744249593i,-0.02815417716435462-0.023313189250963786i
0.9427405505901564-0.33352670793467876i,0.03441937293952658-0.011997999190512061i
-0.20231789654312432+0.9793195327867352i,-0.007518515311873933+0.035561687851266476i
-0.7333966570280928-0.6797995329398001i,-0.026467526415841467-0.024762057635443705i
0.9611828158818772-0.2759120634839386i,0.03478510134338597-0.009811065345169637i
-0.2611639407132431+0.9652941180762971i,-0.009573272949818126+0.03474502119619559i
-0.6909493877322604-0.7229017154883066i,-0.02471020829007198-0.026093770283227024i
0.9761075649439697-0.21728769786527663i,0.03501438486420688-0.007624332074151685i
-0.3190542365887326+0.9477361426082103i,-0.011557406364831407+0.033812045567039116i
-0.6459735398603597-0.7633583865808795i,-0.022890124469907763-0.027305172150399043i
0.9874601796002479-0.15786815109654279i,0.03510861352473497-0.005446170564128168i
-0.3757769305319554+0.9267098610371831i,-0.013464491689973148+0.032768271158297585i
-0.5986337057129367-0.8010214921644505i,-0.02101529434927641-0.028393629105208353i
0.9951991141533669-0.09787087321732205i,0.035069682599547514-0.00328478323302171i
-0.4311244418272374+0.9022922205297387i,-0.015288510147485132+0.03161955200739466i
-0.5491031287657344-0.8357532014367771i,-0.019093821330951027-0.029357030308609915i
0.9992960474242463-0.0375154285151139i,0.034899977223175345-0.0011481737450888814i
-0.4848942223371963+0.8745725791706096i,-0.017023865674298633+0.030372057361421078i
-0.49756306967292396-0.8674264112480234i,-0.01713385928544611-0.030193788449544255i
0.9997359863954303+0.02297730798572773i,0.03460235525113182+0.0009558817271424673i
-0.5368894977419967+0.843652378950497i,-0.01866540058020036+0.02903224219801196i
-0.44420214293090254-0.8959252112437398i,-0.01514357930557687-0.030902837864205564i
0.9965173210790967+0.08338595883178801i,0.03418012846842658+0.0030198618944170213i
-0.5869199876489087+0.8096447745319241i,-0.02020840920254974+0.027606817032587657i
-0.38921562663018655-0.921145308047012i,-0.013131136888201672-0.03148363057690206i
0.9896518304089212+0.14348945428706122i,0.033637042245662545+0.005036526302984745i
-0.63480260193688+0.7726742191517312i,-0.021648649530156584+0.026102717145401473i
-0.3328047478214085-0.9429944069274624i,-0.01110463967116539-0.031936130308139014i
0.9791646391342363+0.20306784135330624i,0.03297725374789253+0.006998939761913917i
-0.6803621107878037+0.7328760091756445i,-0.022982352777655347+0.02452707136238927i
-0.27517594611067536-0.9613925495603504i,-0.009072115849437599-0.032260804503349165i
0.9650941258742312+0.2619030887036199i,0.0322053088059465+0.008900495167306557i
-0.7234317859524441+0.6903957889716431i,-0.024206230900453964+0.022887170523899523i
-0.21654011817920948-0.9762724066397263i,-0.007041483389987488-0.03245861444311942i
0.947491782668676+0.3197798845835199i,0.03132611756399722+0.010734934652899781i
-0.7638540109042745+0.6453890179140782i,-0.025317482048910378+0.02119043577483619i
-0.15711184599200606-0.9875795242747936i,-0.0050205201600187314-0.0325310035028807i
0.9264220265391566+0.3764864247595593i,0.03034492902063669+0.01249636900441031i
-0.8014808576483197+0.5980204014690846i,-0.02631379396897132+0.01944438680868784i
-0.097108611519937-0.9952725232677788i,-0.003016835077855483-0.03247988363673477i
0.9019619637504229+0.43181518763191845i,0.029267304583732567+0.014179295282996763i
-0.8361746280741275+0.5484632884432623i,-0.02719334536487547+0.01765661019631918i
-0.03675000084907476-0.9993232505440368i,-0.0010378403900831083-0.032307620166438525i
0.8742011076345488+0.48556369367439717i,0.028099090761775306+0.015778612611356827i
-0.8678083578717584+0.4968990366014403i,-0.02795480524773309+0.015834727928267095i
0.023743099410139967-0.9997168821802219i,0.0009092748275443518-0.032017014962465035i
0.8432410510105577+0.53753524642258i,0.02684639111632227+0.017289636084224624i
-0.896266281166667+0.4435163489750946i,-0.028597330301831255+0.013986366296637562i
0.08414931047309238-0.9964519776534836i,0.0028175698542971506-0.031611288109549864i
0.8091950943983046+0.5875396522984788i,0.025515537601527177+0.018708108773308998i
-0.9214442541731224+0.38851058329023863i,-0.02912056030826536+0.01211912523959986i
0.14424757153233697-0.9895404851131628i,0.004680376109327287-0.03109405815412663i
0.7721878313871996+0.6353939166374013i,0.02411306141754577+0.020030211805037557i
-0.9432501363157637+0.33208303704199005i,-0.02952461167304186+0.01024054826783637i
0.20381794874527415-0.9790076976556941i,0.00649131945973603-0.030469321035627644i
0.7323546926771436+0.6809229133698856i,0.022645663504886195+0.021252572497752236i
-0.9616041274245637+0.274440210832131i,-0.029810069113982984+0.00835809308828801i
0.2626424400976272-0.964892160762726i,0.008244340981544885-0.02974142780767497i
0.6898414504602908+0.7239600259079548i,0.021120184806530388+0.02237227055324687i
-0.9764390597692018+0.21579305266553067i,-0.02997797556768937+0.0064791030360285785i
0.32050577319725004-0.9472455312412027i,0.00993371611071388-0.028915061258754867i
0.6448036849573877+0.764347756890321i,0.0195435764238587+0.02338684230569115i
-0.9877006438641289+0.1563561859709826i,-0.030029820384364116+0.004610779420227405i
0.37719619307869334-0.9261323881816197i,0.011554072128864721-0.027995211545042795i
0.5974062150609368+0.8019383045551316i,0.017922869791118918+0.02429428303903075i
-0.9953476671447876+0.0963471241715671i,-0.029967525884473305+0.0027601548848886596i
0.4325062371354975-0.9016299966262697i,0.0131004039360892-0.026987150950582715i
0.5478224951687869+0.8365941036309871i,0.01626514699137276+0.025093047391820694i
-0.9993521447879081+0.035985474678874134i,-0.029793432357043494+0.0009340678794383246i
0.48623349434429286-0.8738280248123467i,0.014568088071011993-0.025896407892083834i
0.4962339804154787+0.8681883287667913i,0.014577511334561217+0.025782047876183226i
-0.9996994221239514-0.024507864775872027i,-0.029510281584752517-0.0008608616717215494i
0.5381813460022765-0.8428282160246825i,0.015952894946124344-0.024728740287088533i
0.44282946262433176+0.8966053586581076i,0.012867058315551582+0.02636065154504129i
-0.9963882282669126-0.08491151453270437i,-0.0291211989859421-0.0026182554178065913i
0.5881596852672784-0.8087440162589906i,0.017250999274321756-0.023490108405296153i
0.3878043794103929+0.9217411991715105i,0.011140847066819167+0.026828674849056853i
-0.9894306807652146-0.1450044231574576i,-0.028629674468212622-0.004331998272017418i
0.6359856128672141-0.7717001590582089i,0.01845898867043912-0.022186647323292348i
0.33136009896264584+0.9435038639184825i,0.009405872416715462+0.027186376731668314i
-0.978852241256685-0.20456667639514597i,-0.02803954209227817-0.005996258674050696i
0.6814841064329258-0.7318322090412678i,0.019573870419451998-0.02082463910291351i
0.273703183122861+0.9618137108861158i,0.007669037660226088+0.027434450017326407i
-0.9646916222898861-0.2633803019617549i,-0.02735495864840872-0.007605507362067147i
0.724488661004935-0.6892860657947641i,0.020593076410797096-0.019410484812956763i
0.21504463145790614+0.9766037338927003i,0.005937128144612013+0.027574011154374i
-0.9470006456528042-0.32123006722925107i,-0.0265803812508394-0.00915453459855572i
0.7648418983701367-0.644217429943093i,0.02151446624593137-0.017950676512892814i
0.155599109091889+0.9878198078015916i,0.004216785767481447+0.027606588380062577i
-0.9258440527273449-0.37790426688462764i,-0.025720544058212624-0.010638465801790469i
0.8023961429985137-0.5967912333509837i,0.0223363285338416-0.01645176931575835i
0.0955841611239322+0.9954208865959795i,0.002514484479645443+0.02753410838085682i
-0.901299267563662-0.4331954976804908i,-0.024780434230216555-0.012052775541941164i
0.8370139624721981-0.5471810355436626i,0.023057380396567642-0.014920353645383433i
0.035219416506477086+0.9993791535896964i,0.0008365068795765152+0.027358881526439817i
-0.873456113541362-0.4869014174419322i,-0.023765267232253605-0.013393299868349761i
0.8685686704291389-0.49556838855347696i,0.023676765214037675-0.013363027800692486i
-0.025274215702424663+0.9996801232243484i,-0.0008110780195106473+0.027083585760743635i
-0.8424164846544846-0.5388254855520485i,-0.02268046160112244-0.014656246941965935i
0.8969447901808137-0.44214217251737464i,0.0241940486444888-0.011786370936908392i
-0.0856753547714511+0.9963226940802418i,-0.002422435775041999+0.026711249237764356i
-0.8082939726232166-0.5887776822062472i,-0.021531613285344958-0.0158382059544358i
0.9220384773073504-0.3870979044566679i,0.024609212963472522-0.010196916570172911i
-0.14576295845447645+0.9893191529071077i,-0.003991986184300341+0.026245231793962646i
-0.7712134511969451-0.63657520380318i,-0.020324469673962633-0.016936154322806266i
0.9437578996835357-0.33063702276864554i,0.024922649770929964-0.008601126708392063i
-0.20531713191032536+0.9786951296598712i,-0.005514421575395255+0.025689205352649694i
-0.73131061916993-0.682043131927468i,-0.01906490342729358-0.017947463156244375i
0.9620235735449806-0.2729661500484921i,0.02513515112198545-0.007005366706982955i
-0.26411993242351683+0.9644895037040155i,-0.006984723664594465+0.025047133358889254i
-0.6887315037819551-0.7250150734760317i,-0.017758886222370984-0.018869900998497276i
0.9767686543645857-0.214296336939268i,0.025247899142956946-0.005415880943744004i
-0.3219561669810672+0.9467542615337903i,-0.00839817893146611+0.02432324934612827i
-0.6436319263213015-0.7653337695854339i,-0.016412462524513026-0.01970163585705605i
0.987939181474822-0.1548422897771336i,0.025262454199605204-0.0038387694022523704i
-0.3786141797865611+0.9255543065239553i,-0.009750392470249454+0.023522034737979612i
-0.5961769318857086-0.8028516711318292i,-0.015031723494771864-0.020441235537062567i
0.9954942755406158-0.09482158485830697i,0.025180741689794645-0.0022799652480657894i
-0.43388662682952855+0.9009672214112824i,-0.011037300282906146+0.022648195990343963i
-0.5465401853881501-0.8374314786974336i,-0.01362278114084868-0.021087666304908607i
0.9994062881601696-0.03445387220319799i,0.025005037537524366-0.0007452134765929026i
-0.48757123467553476+0.8730829843750372i,-0.012255179986406881+0.021706641180304603i
-0.49490333601778524-0.8689466450274639i,-0.012191742816484389-0.021640289913212624i
0.9996609030462476+0.02603992826839665i,0.0247379524696762+0.0007599492941875899i
-0.5394715407001401+0.8420036397554587i,-0.013400659913914809+0.020702456149067225i
-0.44145535248188655-0.897281838138783i,-0.010744686171331867-0.022098859025303615i
0.9962571884176418+0.08643843520938613i,0.024382415160810564+0.002230213818887336i
-0.5893976120577875+0.8078429246152701i,-0.014470726596650735+0.019640880306530696i
-0.3863918314614734-0.9223333633854571i,-0.009287634649929113-0.0224635110836369i
0.9892076004090916+0.14652061600610383i,0.023941654334914592+0.0036605159466023486i
-0.6371667407545009+0.7707258525108411i,-0.015462730620280338+0.01852728220496732i
-0.3299142818114039-0.9440095429366582i,-0.007826533634635919-0.022734760672482954i
0.9785379374871775+0.2060665956628104i,0.023419179916140096+0.00504605301469276i
-0.682604112280731+0.7307882559962275i,-0.016374390856665994+0.017367134988694542i
-0.2722293871244505-0.9622310512781782i,-0.006367227323260611-0.022913490430935213i
0.9642872460390043+0.26485846144981373i,0.022818763323285435+0.006382298866047004i
-0.7255434453574325+0.6881762895343169i,-0.017203797078739893+0.016165991825612968i
-0.21354824935805383-0.9769312055097654i,-0.00491543642767066-0.023000940577624307i
0.9465076774791829+0.3226810603705349i,0.02214441700503076+0.007665017448005483i
-0.7658276004541815+0.6430458946342221i,-0.017949410973014217+0.014929461424991778i
-0.15408561629175943-0.9880562093759221i,-0.0034767367749090968-0.02299869711354259i
0.9252642973980342+0.379322786529137i,0.021400373314761793+0.008890274957767185i
-0.8033091548524139+0.5955622291722849i,-0.018610065570880956+0.013663183744007937i
-0.09405909564250942-0.9955653501371095i,-0.0020565388873015357-0.022908678774068176i
0.9006348474494541+0.4345763555172877i,0.02059106282518517+0.010054450505830112i
-0.8378509421493078+0.5458990629851301i,-0.01918496312628165+0.01237280598322895i
-0.033688358713791666-0.9994311475609029i,-0.000660068612731056-0.02273312280555916i
0.8727094608498265+0.4882395629861308i,0.019721092183864218+0.011154245275765627i
-0.8693265542279468+0.4942381419466425i,-0.019673671473581945+0.011063958968525167i
0.02680566350705421-0.9996394544878484i,0.0007076511292725872-0.02247456964582318i
0.8415903325291312+0.5401160246274228i,0.018795221611290294+0.012186690165373286i
-0.8976208038567784+0.4407685228560695i,-0.02007611890547756+0.00974223401380948i
0.08720158886143009-0.9961895086039947i,0.002041817425737752-0.022135846591287776i
0.8073913451413635+0.5900158948558157i,0.017818342143116013+0.013149151900998817i
-0.9226301462254425+0.3856858815712739i,-0.020392587616524745+0.008413160355553475i
0.1472783941831684-0.989093935230634i,0.003337863218765182-0.021720050536821366i
0.7702376523028933+0.637756561562222i,0.016795452717806688+0.014039337623452159i
-0.9442630578743405+0.32919179691907596i,-0.0206237057633528+0.007082183246226719i
0.2068162241484614-0.9783787011210452i,0.004591471876454616-0.02123052987685976i
0.7302652205839462+0.6831633143957618i,0.015731637210103438+0.014855297950557666i
-0.9624403716312163+0.2714930130032591i,-0.020770438197825966+0.005754642789701042i
0.2655971958519898-0.9640830194333223i,0.005798590444536787-0.020670865658791126i
0.6876203319293068+0.7260699841286633i,0.014632041509465905+0.015595428527841002i
-0.9770955663290315+0.2128006826098813i,-0.0208340759342671+0.004435753597226145i
0.3234061961648442-0.9462592062270436i,0.006955441543303022-0.02004485208142718i
0.6424590483291845+0.7663195507643228i,0.013501850740973003+0.01625847008518299i
-0.9881750102448862+0.15332959447869876i,-0.020816224416427165+0.003130585337897891i
0.38003166895625656-0.9249724890089479i,0.008058533880774236-0.019356476432808068i
0.594946640699306+0.8037647181630994i,0.012346266724120234+0.016843507023462885i
-0.995638157369106+0.09329738726856268i,-0.02071879065406307+0.0018440442525735757i
0.43526638929824324-0.9003007680282533i,0.009104671359464567-0.018609898562636784i
0.5452569840602959+0.8382684530829729i,0.011170485762491035+0.017349964561168642i
-0.9994576957862389+0.03292375309333268i,-0.02054396930282029+0.0005808556950174306i
0.4889082218199036-0.8723343311951782i,0.01009096076049237-0.01780942998520014i
0.4935719212297227+0.8697044866623956i,0.00997967685447663+0.017777604476758017i
-0.9996196476249416-0.02757036645697248i,-0.02029422776461435-0.0006544522413396177i
0.5407608604361267-0.8411755236659397i,0.011014817995185803-0.01695951270882094i
0.44008059735543165+0.8979577765101348i,0.008778960412041034+0.018126519488062997i
-0.9961234202109903-0.08796358886757075i,-0.019972290388751035-0.0018575639582053673i
0.5906345467436118-0.8069383733034061i,0.01187397292068075-0.01606469788762318i
0.3849787677254797+0.9229249277110507i,0.007573387571039915+0.018397126315333384i
-0.9889818082362147-0.14803490086390853i,-0.019581121856748915-0.0030243904016970928i
0.6383467644551851-0.7697481733840574i,0.012666472722280197-0.015129624390736028i
0.3284680813877944+0.9445145712071117i,0.006367920172781319+0.018590157479519576i
-0.978220946935417-0.2075644672253916i,-0.019123909836113763-0.004151081884827338i
0.6837229073310769-0.7297410240783666i,0.013390683871526409-0.01415899738299287i
0.2707553432012033+0.9626476981689311i,0.005167411492404177+0.018706651892107896i
-0.9638802164426284-0.266334435287944i,-0.01860404699021774-0.005234039647898548i
0.7265969181628253-0.6870633343825858i,0.014045292674978635-0.013157567009722336i
0.21205175701840645+0.9772579491341767i,0.0039765877852820705+0.01874794429723087i
-0.9460120976767196-0.32412973219125996i,-0.01802511243291842-0.0062699261275201285i
0.7668118964713865-0.6418712863246578i,0.014629304434619017-0.012130107276378551i
0.15257215277051855+0.9882918568547201i,0.0028000307180194766+0.018715653630863117i
-0.9246819802837629-0.3807388519531694i,-0.017390852717641847-0.007255673911018941i
0.8042206726955529-0.5943302634050209i,0.01514204124650603-0.011081395211558128i
0.09253420028172304+0.995709041963819i,0.0016421607457524853+0.018611670365646024i
-0.8999679233389891-0.43595462949075703i,-0.016705162451343954-0.00818849335910666i
0.8386863467693842-0.544614245363979i,0.015583138469871126-0.010016190399361493i
0.032157612691133985+0.9994823607472707i,0.0005072214924137486+0.01843814291328668i
-0.8719603696840764-0.48957499875565735i,-0.015972064624011056-0.009065878885720758i
0.8700827891176954-0.4929051714905191i,0.01595253990414615-0.008939214964167982i
-0.028336657602997695+0.9995980044777548i,-0.0006007348146228771+0.01819746315950719i
-0.8407618149451631-0.5414037322090679i,-0.015195690744274454-0.00988561389001685i
0.8982951022361683-0.43939227480259774i,0.016250491716512196-0.007855134087647589i
-0.08872722753423207+0.9960555499488492i,-0.0016778608094908222+0.01789225120918218i
-0.8064864324428461-0.5912511589303238i,-0.014380260871154682-0.01064577434144325i
0.9232200411669045-0.3842713895355112i,0.01647753516737885-0.006768537134297596i
-0.1487930935349514+0.9888679610237847i,-0.0027205263118563255+0.017525339421583484i
-0.7692596553668293-0.6389348587310668i,-0.013530063631073072-0.011344731024728414i
0.9447663913306655-0.327744234472641i,0.016634498185751644-0.00568391945797636i
-0.20831444031456842+0.9780615411932688i,-0.0037253294751295983+0.017099755817569617i
-0.7292177177442796-0.684280329734842i,-0.012649436307975197-0.011981150457395362i
0.9628553023330804-0.2700176747412808i,0.016722485850732247-0.004605664957809122i
-0.2670734452891488+0.963675837315999i,-0.0046891067296642285+0.016618706942060545i
-0.6865071558817597-0.7271216269790746i,-0.0117427450927456-0.012553994498045408i
0.9774205765232511-0.2113029647750524i,0.016742869839319493-0.0035380294475166147i
-0.32485507571858385+0.9457634948941318i,-0.005608941497486013+0.01608556026628343i
-0.6412842721052336-0.767301969702412i,-0.010814365576109927-0.013062518669155504i
0.9884089112487429-0.1518149752133438i,0.01669727690434633-0.0024851248976594594i
-0.38144787563413224+0.9243900654133398i,-0.006482171660864625+0.015503826215009366i
-0.5937145627606366-0.8046743150950239i,-0.009868663566842583-0.013506269223425727i
0.9957800939204179-0.09177140656698829i,0.01658757644967607-0.0014509046055385174i
-0.43664473967651324+0.8996337664525079i,-0.007306395772806096+0.014877139904370092i
-0.5439721125682759-0.8391018964121784i,-0.00890997631443702-0.013885078987822999i
0.9995071491732499-0.031391992527826026i,0.016415867272764346-0.0004391493425672545i
-0.49024367101263566+0.8715851954409624i,-0.008079478003286242+0.01420924267581774i
-0.4922389575474681-0.8704587234818306i,-0.007942594212397382-0.014199062024353233i
0.9995764375845853+0.029102304162303028i,0.016184463547285977+0.0005465454761531524i
-0.5420485205573154+0.8403469981107642i,-0.008799551820723787+0.013503963511381705i
-0.43870441884283434-0.8986300437745798i,-0.0069707430550220405-0.014448607151228726i
0.9959877055885761+0.08949010034036078i,0.015895880120806515+0.0015027815605312958i
-0.5918697047947439+0.8060334928573799i,-0.009465022413815782+0.012765200414627356i
-0.3835644098901632-0.9235127623486776i,-0.005998566916992136-0.014634370372493462i
0.9887540864041205+0.14955040258947613i,0.015552817204363412+0.0024263684182374854i
-0.6395248995727905+0.7687702523834208i,-0.010074567864356378+0.011996901840556703i
-0.3270207194573188-0.9450158191332704i,-0.005030111721249456-0.014757266268273317i
0.9779020519729209+0.20906341598000466i,0.015158144532345479+0.0033143329026881193i
-0.6848397073311501+0.7286936441564418i,-0.01062713908705773+0.011203048256238891i
-0.2692802731839514-0.963060522169174i,-0.004069309556600012-0.014818458401654687i
0.9634713160835366+0.2678113484246395i,0.01471488507223266+0.004163927612877335i
-0.7276482953215653+0.685950331362537i,-0.011121958557627517+0.01038763391210015i
-0.21055437632246726-0.9775808355876754i,-0.0031199638021902135-0.01481934880170125i
0.9455146890359607+0.32557920770397974i,0.014226198364542633+0.004972638127142888i
-0.7677940024845153+0.6406967361820234i,-0.011558517855434101+0.0095546489016604i
-0.15105794045148974-0.9885236212734676i,-0.002185735111549929-0.014761566585350338i
0.9240978843785909+0.38215558824578266i,0.013695363573743645+0.0057381890584305715i
-0.8051299127614551+0.5930984673513944i,-0.01193657405198863+0.008708061585024317i
-0.09100869699171887-0.9958488333273487i,-0.001270128304236888-0.014646955783799607i
0.8992992784248416+0.4373334447786289i,0.013125762330977033+0.006458548924072299i
-0.8395193927445396+0.5433297141064187i,-0.012256144981136656+0.00785180144866054i
-0.030626400402376408-0.9995296646170249i,-0.0003764802083377395-0.01447756244156295i
0.8712096234294773+0.4909108500287547i,0.012520861449100591+0.007131933828511757i
-0.870836591696254+0.49157260872429753i,-0.01251750343133185+0.006989742470934853i
0.029867976025800547-0.9995526448797092i,0.0004920515078470431-0.014255621058585213i
0.8399317154743056+0.5426917336872117i,0.011884195589928719+0.0077568099627442905i
-0.8989669021091019+0.4380165599976946i,-0.012721170304562457+0.006125687059546995i
0.09025304883796748-0.9959176900175026i,0.0013324984816252127-0.01398354044767571i
0.8055800182786396+0.5924865999430498i,0.011219349962521689+0.008331894929499093i
-0.9238073791198953+0.382857560079848i,-0.012867906790471081+0.005263350623425771i
0.1503078345836037-0.988638102405157i,0.0021420907510392388-0.013663889081046007i
0.7682802443112066+0.6401132209566553i,0.010529943130052446+0.008856157908333235i
-0.9452671172437718+0.32629746723740294i,-0.012958705607893282+0.0044063468378451945i
0.20981255852109948-0.9777405222090914i,0.0029182647762502597-0.01329938000091105i
0.7281688947364682+0.6853973037354377i,0.009819610001079854+0.009328818679802155i
-0.9632675830492545+0.26854326713579013i,-0.012994781369438314+0.003558173657488351i
0.2685494588989888-0.9632648298958163i,0.0036586703693237584-0.01289285536992458i
0.6853927598789424+0.7281731279713796i,0.009091985079092941+0.00974934553273692i
-0.9777429025569088+0.209806315360524i,-0.012977560127848897+0.0027222001279874554i
0.32630358387049974-0.9452640002865438i,0.004361176519765499-0.012447270737695844i
0.6401083820336114+0.7682841525062382i,0.008350686041882757+0.010117452083328867i
-0.9886401023098303+0.15030156394646774i,-0.012908668165677921+0.0019016540420819727i
0.38286357812506294-0.9238039086920757i,0.005023876108334001-0.01196567909975094i
0.5924814825883107+0.8055835882050038i,0.007599297719708956+0.010433093039201537i
-0.9959193032337672+0.09024677474564019i,-0.012789920092290002+0.0010996104820100295i
0.43802245635803655-0.8989630898374383i,0.00564508950681412-0.011451214825073542i
0.5426863555545722+0.8399349351411326i,0.006841356538384038+0.010696458945934247i
-0.9995538665774141+0.029861722512295727i,-0.012623306314381745+0.00031898128510048226i
0.49157836074808925-0.8708324504584963i,0.006223367066512572-0.010907077527797415i
0.4909052297263428+0.8712124821276956i,0.006080335490269715+0.010907969957537842i
-0.9995304913988097-0.030632609378354644i,-0.012410979948030147-0.00043749453522599305i
0.5433352996701939-0.8395149366223127i,0.006757490503250638-0.010336515957723504i
0.437327601800812+0.8993017667663717i,0.005319629692813105+0.011068268676188632i
-0.9958492632410747-0.09101483763445462i,-0.012155243241789621-0.00116725938567553i
0.5931038649408581-0.8051251569887254i,0.007246473191531533-0.009742811983110082i
0.3821495429018233+0.9240999943306984i,0.004562542590688904+0.011178212110078477i
-0.9885236538193639-0.15106398921533765i,-0.011858533581522154-0.001867944684037487i
0.6407019249707862-0.7677889633918413i,0.007689559385330082-0.009129264737640619i
0.32557298104371385+0.9455164139506552i,0.0038122728537978838+0.011238862801505718i
-0.9775804717201657-0.2105603099980191i,-0.011523409148485894-0.0025373774273279946i
0.6859552912883298-0.7276429902763358i,0.008086222387594731-0.008499175001639199i
0.2678049621614434+0.9634726507218985i,0.003071902019422168+0.011251479180339282i
-0.9630597642933864-0.269286068982973i,-0.011152534302685247-0.003173585724509563i
0.7286983559945373-0.6848341546740251i,0.008436161695017713-0.007855829885459171i
0.20905689241133263+0.9779029925242757i,0.0023443829226832734+0.011217505200683212i
-0.9450146710962328-0.3270263550961442i,-0.010748664763673582-0.0037748032861086482i
0.7687746978169854-0.6395191185505844i,0.008739299148923971-0.007202487880555338i
0.14954376451526158+0.9887546304999817i,0.0016325289551756927+0.01113855932098431i
-0.9235112294252418-0.3835698636712448i,-0.010314632660806962-0.004339472867947777i
0.8060376545445057-0.5918637154899884i,0.008995774127209836-0.006542364341074588i
0.08948337097957804+0.9959878523113141i,0.0009390041872372503+0.01101642288991647i
-0.8986281326481155-0.4387096697341452i,-0.009853331524473923-0.004866248671058991i
0.8403508597479343-0.5420423438147675i,0.009205937816148936-0.0058786174558596i
0.029095507067996518+0.9995761874707871i,0.0002663143848126332+0.010853028002167269i
-0.8704564422197693-0.4922439852594714i,-0.00936770128900395-0.005353997704611382i
0.8715887418227137-0.4902373283629935i,0.009370346604529152-0.005214334767608279i
-0.031398833554736716+0.9995065042117526i,-0.0003832010527213287+0.01065044488972418i
-0.8390992544364883-0.543976897628175i,-0.00886071337683656-0.005801800123361307i
0.8996369835270764-0.4366382532576243i,0.009489754645976678-0.00455252029253797i
-0.09177826756480878+0.9957790575450323i,-0.0010073762120507222+0.010410868915401512i
-0.8046713231477306-0.5937190865836375i,-0.008335355932106941-0.00620894855569311i
0.9243929403340851-0.3814412681099777i,0.009565105638490352-0.003896082290337704i
-0.15182183214729505+0.9884074883256864i,-0.0016042248256966866+0.010136607236188876i
-0.7672986398062871-0.6412885170625573i,-0.007794619270086815-0.0065749464427410755i
0.9457660160665496-0.32484837019633783i,0.009597523873073104-0.0032478217304234528i
-0.21130979362522706+0.9774187733333394i,-0.0021719454597311466+0.009830065204504109i
-0.7271179723936372-0.6865111053651556i,-0.007241481606915244-0.0068995054133554i
0.9636779944401516-0.2670666652346168i,0.009588304605966623-0.002610421496598684i
-0.2700244515905463+0.9628531265487432i,-0.0027089257217829906+0.00949373257563041i
-0.6842763649078347-0.7292213562268048i,-0.00667889513178915-0.007182541723772402i
0.9780633253014795-0.208307609466312i,0.00953890381130311-0.0019864363681609053i
-0.32775093559416557+0.9447638519878684i,-0.0032137454863529658+0.009130169589485978i
-0.6389305992455832-0.769262968459671i,-0.006109772481257888-0.007424171794763644i
0.9888693645134546-0.14878623581741532i,0.009450927373032087-0.0013782838113155199i
-0.3842779914795941+0.9232171486320806i,-0.003685179139069774+0.008741992994446824i
-0.5912466214477814-0.8064894069479782i,-0.005536973672501584-0.007624706882748866i
0.9960565666102797-0.08872036697019112i,0.009326119776691849-0.0007882356104785525i
-0.43939875448248555+0.8982918681682817i,-0.0041221968460625055+0.00833186208018964i
-0.5413989344082337-0.8407644389036448i,-0.004963293549485585-0.007784646924845321i
0.9995986295168738-0.028329818225644066i,0.009166352363039846-0.00021841036469088135i
-0.49291150626689223+0.8700792264255759i,-0.004523964859088024+0.007902464785491222i
-0.48956995926795216-0.8719626324198172i,-0.004391449792680916-0.00790467360109467i
0.9994825908031748+0.03216440692614286i,0.008973611206672283+0.00032923313005174965i
-0.5446204131278031+0.8386824695644834i,-0.00488984487139587+0.007456503945582076i
-0.4359493678320711-0.8999698154978193i,-0.0038240715396554354-0.007985642660117902i
0.9957088751210736+0.09254092558393158i,0.008749984683578271+0.0008529015962037476i
-0.5943362426584556+0.8042164962403052i,-0.005219392443539747+0.006996683742040785i
-0.38073338845244376-0.9246834938676642i,-0.0032636886602736954-0.008028575557226263i
0.9882912926503699+0.1525787856017349i,0.00849765079208965+0.0013509720759315807i
-0.6418770562597298+0.7668074371233544i,-0.00551235452242153+0.006525696416337715i
-0.32412408791609154-0.946013226073097i,-0.00271272172652422-0.008034650456502567i
0.9772569885594391+0.21205827417884326i,0.0082188642918928+0.0018219958108246432i
-0.6870688749573377+0.7265921933148374i,-0.005768666080768683+0.006046209305986406i
-0.2663286319674852-0.9638809544485065i,-0.0021734727131393684-0.00800519265061296i
0.9626463436655693+0.27076172191437864i,0.007915943725663878+0.002264701197090117i
-0.7297463160902004+0.6837179353475775i,-0.005988445907989518+0.0055608522598845755i
-0.20755852717083356-0.9782212907764825i,-0.001648116461194665-0.007941664454047053i
0.9445128266584977+0.3284742993838836i,0.007591258387504618+0.002677995817665865i
-0.7697531985400098+0.6383415646050277i,-0.006171991586891241+0.005072205486800284i
-0.14802884688682966-0.9889817555806286i,-0.0011386929328114255-0.007845654627160688i
0.922922798427956+0.38498480332281404i,0.007247215301657086+0.0030609675570233558i
-0.8069431142870906+0.5906291391295452i,-0.006319773694093449+0.004582787888129868i
-0.08795744419645785-0.9961229701779211i,-0.0006471002809271285-0.00771886738977151i
0.897955269211293+0.4400864295398438i,0.006886246274007822+0.0034128848086825854i
-0.8411799642009192+0.5407552659212258i,-0.006432429265081439+0.004095045923013306i
-0.027564154652212958-0.9996188007877889i,-0.00017508875390179752-0.007563111084141102i
0.8697016094499163+0.4935775297314486i,0.0065107950776308+0.003733195789613646i
-0.8723384561045291+0.48890246195122067i,-0.006510754567741727+0.0036113430506746307i
0.03293000822567055-0.9994564541705346i,0.0002757445495261675-0.007380286547975608i
0.8382652154126905+0.5452623494281543i,0.00612330483210231+0.004021526979729835i
-0.9003045632901057+0.43526048622795405i,-0.006555697230863962+0.003133949791464812i
0.09330366176385096-0.9956365244451029i,0.0007039600636740137-0.007172375258574908i
0.8037611308099699+0.5949517443718821i,0.005726205634530044+0.004277680708571251i
-0.924975941807801+0.38002564536059347i,-0.006568347776489664+0.00266503444454305i
0.15333586430144902-0.9881729909148566i,0.0011082792707482639-0.006941427309471422i
0.7663156257829903+0.642463872702755i,0.005321902498215213+0.004501631915021096i
-0.9462623050006631+0.32340007516111025i,-0.006549930607130666+0.002206654496463997i
0.2128069237417048-0.9770931669093288i,0.0014875873443181936-0.006689549280810423i
0.7260657348093472+0.687624860422263i,0.004912763652588187+0.004693524109464201i
-0.9640857539150551+0.26559100091396026i,-0.006501794500740664+0.0017607487511490168i
0.27149920153076335-0.962437599829158i,0.001840934922873956-0.006418892064366186i
0.6831587552156184+0.7302694376974757i,0.004501109255580788+0.004853664571192616i
-0.9783810623773902+0.2068099790204796i,-0.006425402667933362+0.0013291302078409588i
0.32919790912137725-0.9442599227600041i,0.0021675390190477846-0.006131638703430079i
0.6377517081323658+0.7702415436776988i,0.004089200566886878+0.0049825188170504455i
-0.9890959156939345+0.14727212279325058i,-0.006322322427252826+0.0009134797096842365i
0.38569189400680715-0.9226266581984734i,0.002466783074139273-0.005829992306887134i
0.5900107638641887+0.8073948976102113i,0.0036792296276771165+0.005080704380294462i
-0.9961911021001341+0.08719531523370053i,-0.006194214555351261+0.0005153403815578444i
0.4407744124483725-0.8976169746083298i,0.0027382161715493393-0.005516164095606673i
0.5401106337777242+0.8415935341650389i,0.003273309489261042+0.005148983941409668i
-0.9996406562588429+0.026799411673826337i,-0.006042822369690203+0.0001361128717393043i
0.4942438860688068-0.8693223966978968i,0.0029815514265736733-0.005192361637816613i
0.48823393093302875+0.8727123010097086i,0.002873465029953171+0.005188257855147826i
-0.999431954282314-0.03369456479996267i,-0.0058699606018596095-0.0002229485920943983i
0.545904639542605-0.8378464704789028i,0.0031966635737312884-0.004860777328438816i
0.4345705017981508+0.9006373168130729i,0.002481624396025257+0.005199556120348164i
-0.9955657599302117-0.09406523219648356i,-0.005677504119814252-0.0005607393260888614i
0.5955676166837347-0.8033043843325205i,0.00338358577637445-0.004523577165415577i
0.37931673149253725+0.9252663880021063i,0.0020996110991169663+0.005184029841142376i
-0.9880562218145768-0.15409165978285405i,-0.005467376557247862-0.0008763064902689758i
0.6430510723101389-0.7658225474693269i,0.003542505686738589-0.004182889873899725i
0.322674825101779+0.946509382746523i,0.00172913679886367+0.005142942229930904i
-0.9769308216219812-0.21355417659615672i,-0.005241538907971712-0.001168850567050053i
0.6881812373531004-0.725538127325845i,0.0036737607878305667-0.0038407964267945056i
0.2648520676937814+0.9642885608025945i,0.0013717947957882159+0.005077659204045277i
-0.9622302735423476-0.27223517534488584i,-0.005001978142547291-0.0014377260237791146i
0.7307929547774562-0.6825985475905947i,0.003777833051600909-0.0034993200075532755i
0.20606006574437613+0.9785388580090757i,0.0010290542557252634+0.0049896396292738255i
-0.9440083752724894-0.3299199087582406i,-0.004750695903530581-0.0016824411687613348i
0.7707302839854642-0.6371609486966652i,0.003855342950695343-0.003160416458376858i
0.1465139727484382+0.9892081243941109i,0.0007022551832044453+0.004880425264419703i
-0.9223318111396277-0.3863972754689724i,-0.004489697334549966-0.0019026572140134772i
0.8078470714924634-0.5893916127551704i,0.003907042863718992-0.0028259652540122407i
0.08643170185043353+0.99625731502175i,0.00039260415734892616+0.004751630461785877i
-0.8972799080653753-0.44146059255378833i,-0.004220980097040548-0.002098186561666838i
0.842007485785903-0.5394653550340865i,0.003933809916360477-0.0024977610382574886i
0.026033128375832548+0.9996606328796568i,0.00010117083995096326+0.00460493167893778i
-0.868944345263247-0.4949083519041471i,-0.003946523626833458-0.0022689903344971295i
0.8730865144103839-0.4875648842093992i,0.003936638302910262-0.0021775057570434264i
-0.03446071481821361+0.9994056232851021i,-0.0001711147385068188+0.004442056857277227i
-0.8374288187320854-0.5465449576594525i,-0.0036682786809326294-0.0024151751744736867i
0.9009704214595882-0.433880133729763i,0.003916631134656077-0.00186680141860576i
-0.09482844622826803+0.9954932194637567i,-0.00042346411298691726+0.00426477472288173i
-0.8028486617732099-0.5961814420039581i,-0.0033881572227346937-0.0025369893364813687i
0.9255571638008885-0.3786075667415961i,0.0038749918633349365-0.0015671435077946733i
-0.15484914586589882+0.9879377391344878i,-0.0006552315401313882+0.004074884064716168i
-0.7653304229200325-0.6436361567078723i,-0.0031080226916632768-0.002634818107462015i
0.9467567645094151-0.3219494571182807i,0.0038130153292820924-0.0012799150780182266i
-0.21430316373002328+0.9767668321126511i,-0.000865914382319884+0.0038742030447217286i
-0.7250114028247358-0.6887354378819197i,-0.0028296807007095913-0.002709178584135732i
0.9644916421449871-0.26411314922459866i,0.003732078485107735-0.0010063815406886239i
-0.27297292363164166+0.9620213791236344i,-0.0010551527289889976+0.0036645585934251706i
-0.6820391517968147-0.7313142415126427i,-0.0025548702027118875-0.0027607138451806686i
0.978696894666885-0.2053102991253441i,0.003633630846677853-0.0007476861683650515i
-0.33064371942931015+0.9437553421969465i,-0.0012227282682736396+0.0034477759436087347i
-0.636570929832267-0.7712167474526574i,-0.0022852551633874515-0.0027901865562690257i
0.9893205369474668-0.1457561000149645i,0.003519184723855241-0.0005048463240723519i
-0.38710450076147185+0.92203556718835i,-0.0013685624255524282+0.0032256683532340892i
-0.5887731311095031-0.8082969296555189i,-0.002022416776151609-0.0027984720486596833i
0.9963236910154245-0.08566849470282567i,0.003390305283879765-0.00027875042554385886i
-0.4421486454002014+0.8969415391527171i,-0.001492713788880084+0.003000027067239178i
-0.5388206750580625-0.8424190905683797i,-0.001767846250656891-0.0027865509141317226i
0.9996807283324716-0.02526737803606447i,0.003248600500431611-0.00007015564940659814i
-0.49557471539988146+0.868565091462842i,-0.0015953748445555703+0.002772611566031163i
-0.486896366228576-0.8734583577267945i,-0.001522938203752791-0.0027555011608966966i
0.9993793635827957+0.03522620782117601i,0.003095711041325617+0.0001203136233878537i
-0.547187194273631+0.8370100697387101i,-0.0016768680491935015+0.002545140146490858i
-0.43319022530656587-0.901301140734348i,-0.001288984678242722-0.0027064899767449326i
0.9954206996320416+0.09559088230720127i,0.002933300147440709+0.0002921666232594166i
-0.5967972024997353+0.8023919518170963i,-0.0017376412676230425+0.0023192808791025242i
-0.3778987937182882-0.9258455469547554i,-0.0010671698113986301-0.0026407651470600263i
0.9878192234912956+0.15560573662060967i,0.0027630435548899788+0.00044504627482332625i
-0.6442231887396335+0.7648374251522443i,-0.0017782626087207226+0.0020966429824292566i
-0.3212244143734656-0.9470017543951794i,-0.0008585651717109872-0.002559646176468204i
0.9766027533008438+0.21505114215169618i,0.0025866195115965248+0.000578728556399214i
-0.6892915942378983+0.7244839231941536i,-0.00179941469388262+0.0018787686535944265i
-0.2633744911770781-0.9646923404161766i,-0.0006641257788196448-0.0024645151637735464i
0.9618123365277149+0.2737095542289033i,0.002405698938362612+0.0006931211492360928i
-0.7318374879727939+0.6814791224411374i,-0.0018018883952417495+0.0016671253907049263i
-0.20456073002008401-0.9788525650653284i,-0.00048468681800252223-0.002356807480468409i
0.9435020997495712+0.3313663082389552i,0.0022219357832086455+0.0007882613928559513i
-0.7717051702330318+0.6359804020072184i,-0.0017865760829341574+0.001463098840287729i
-0.14499836402671973-0.9894306079976816i,-0.0003209610570141616-0.00223800230349176i
0.9217390505746614+0.3878104052072108i,0.002036957616230376+0.000864313566177102i
-0.8087487424118889+0.5881542676821148i,-0.0017544644227016357+0.0012679861998144248i
-0.08490536589363751-0.9963877581159727i,-0.00017353696948364334-0.002109613053047248i
0.8966028324227345+0.44283528396335603i,0.0018523565104772944+0.0009215655172046641i
-0.8428326409334941+0.5381757425915108i,-0.001706626766879431+0.0010829902022789018i
-0.02450165020338463-0.9996985552366278i,-0.00004287756551270416-0.0019731777861813813i
0.8681854330643035+0.49623957706663535i,0.0016696802524110903+0.0009604246670608966i
-0.873832133357332+0.48622772668753167i,-0.0016442151833553922+0.0009092137065857867i
0.03599173136858541-0.9993508832631066i,0.00007068007341671751-0.001830249596466925i
0.8365908479848848+0.5478278477242623i,0.0014904239233663008+0.0009814134169567113i
-0.901633774845446+0.4325003274134175i,-0.0015684521683886187+0.0007476549142164347i
0.09635339900817486-0.9953460145256204i,0.00016692456159872078-0.0016823870695407998i
0.8019346998061542+0.5974113050062043i,0.0013160218911204618+0.0009851639893658241i
-0.9261358233218548+0.3771901639918699i,-0.0014806220902453873+0.0005992032292859361i
0.15636245491774908-0.987698605124944i,0.00024576928811245117-0.0015311448434174842i
0.7643438151567739+0.6448084947389596i,0.0011478402481997533+0.0009724127371456716i
-0.9472486118048848+0.3204996478830815i,-0.0013820624114369167+0.0004646357756981117i
0.2157992917072727-0.9764366412973811i,0.0003072508208062856-0.001378064321434312i
0.7239557605413631+0.6898459635499594i,0.0009871697309114598+0.0009439939566406185i
-0.9648948765498435+0.2626362420456631i,-0.0012741547379324944+0.00034461458167031936i
0.274446396063105-0.9616013369971483i,0.00035152665161597717-0.0012246645844075236i
0.680918338906132+0.7323588936324655i,0.0008352191503221341+0.000900833242899733i
-0.9790100398011599+0.2038117017112533i,-0.001158315744070188+0.00023968443844710462i
0.33208914475337703-0.9432469830709921i,0.0003788723026997639-0.0010724335470792953i
0.6353890487435319+0.7721917059080101i,0.0006931093635024142+0.0008439404270275234i
-0.989542446119258+0.14424129945125097i,-0.0010359880219906208+0.0001502714365704771i
0.3885165900569074-0.9214407485769887i,0.0003896778158728979-0.00092281940223672i
0.5875345077153683+0.8091986293790485i,0.0005618678103525594+0.0007744021373632071i
-0.9964535514172955+0.08414303737159536i,-0.0009086309042905393+0.00007668217964022512i
0.4435222317413287-0.8962624349746204i,0.0003844436506835838-0.0007772223939880122i
0.5375298429036653+0.8432442345882506i,0.0004424236382219246+0.0006933740276381016i
-0.9997180640159793+0.023736849318618976i,-0.0007777113082228398+0.000019103672097807787i
0.4969047727653115-0.8678041840856822i,0.0003637760191823933-0.0006369869596025622i
0.48555804992071083+0.874203929232191i,0.00033560343335540567+0.0006020727164933705i
-0.9993240372002555-0.03675620398443813i,-0.0006446946491701471-0.000022396125784415615i
0.5484688559393442-0.8361701408947597i,0.0003283816879829554-0.0005033942770694758i
0.4318093232236485+0.9019644141157062i,0.00024212757495896997+0.0005017674837432245i
-0.9952729129391633-0.09711474392480134i,-0.0005110358702914356-0.00004786708581242534i
0.598025778849203-0.8014760724232828i,0.00027906228058566647-0.00037765525311836515i
0.3764803600843947+0.9264240977783245i,0.00016260722438589815+0.0003937717695406529i
-0.9875795166088426-0.1571178841508732i,-0.0003781706341932495-0.00005747505598833533i
0.6453941844258009-0.7638489440719103i,0.00021670811512592103-0.0002609039838871174i
0.319773640762041+0.9474934682754095i,0.00009754195862765178+0.00027943452314350454i
-0.9762720027380223-0.21654603892148075i,-0.00024750672121371146-0.00005149937725806819i
0.6904007246342257-0.7234264549816556i,0.00014229161470676773-0.0001541917177293458i
0.26189668751200557+0.9650954207534621i,0.00004731805395863764+0.0001601314482844761i
-0.9613917519745285-0.27518172669544666i,-0.00012041567743888276-0.000030329792312909597i
0.7328806948531523-0.6803565341141283i,0.00005686032927442927-0.00005848134684263454i
0.20306130514364218+0.9791655396207903i,0.000012207422252766945+0.000037256192223864996i
-0.9429932196498726-0.3328103660206916i,0.0000017752460951961313+0.000005537231250557444i
0.7726786366230669-0.6347967988950218i,-0.000038470390413197196+0.000025357548518395457i
0.14348280590554163+0.9896523342809324i,-0.000007632800824955466-0.0000877884745936492i
-0.9211437364961091-0.38922106081025465i,0.00011779082341631668+0.00005550273836200945i
0.8096489065575095-0.5869139784019817i,-0.00014252502479573443+0.00009655308248708243i
0.08337922153510757+0.9965174275661378i,-0.000012160019829323864-0.00021359944174085952i
-0.8959232622442546-0.4442073721314608i,0.00022641521527822886+0.00011887005685136368i
0.8436562093353643-0.536883303207738i,-0.0002540757804057024+0.00015443485501298316i
0.02297050535597267+0.9997356961813333i,-0.0000014453030584197843-0.0003387819589407337i
-0.8674240930059862-0.49756807368381395i,0.00032649892710201293+0.00019485007067528802i
0.874576092823665-0.4848878641114146i,-0.00037185070361790993+0.00019843713774050613i
-0.03752227265676639+0.9992953626445985i,0.000024328123931792476-0.0004619582080308254i
-0.8357505235094864-0.5491078882008955i,0.00041696533017895047+0.0002825669636338035i
0.9022954035189922-0.4311179421047817i,-0.0004945419685030698+0.00022810144299103278i
-0.09787773489777934+0.9951980383876963i,0.00006486700125312251-0.0005817757027024019i
-0.8010184654254997-0.5986382020813501i,0.0004968167156111688+0.0003810643991199955i
0.9267127006407313-0.37577031202549227i,-0.0006208142935442944+0.00024307846771645907i
-0.15787500627852724+0.9874587178589231i,0.00011977075748466898-0.0006969154732072001i
-0.7633550231803626-0.6459777556337185i,0.0005651398530887101+0.000489312099537463i
0.9477386273607945-0.31904752244562673i,-0.0007493134417084783+0.0002431294075196883i
-0.21729452253529263+0.9761057236498656i,0.00018853481288841548-0.0008060999946730293i
-0.7228980288083546-0.6909533064091156i,0.0006211110293385584+0.0006062127873060983i
0.9652962378112613-0.2611571544308485i,-0.0008786747583240721+0.00022812663906264342i
-0.2759188337401511+0.9611806028468676i,0.00027055444081098103-0.0009081008193098397i
-0.6797955375456075-0.7334002631942393i,0.0006640005439194465+0.0007306094478632432i
0.9793212786732305-0.20231106188279388i,-0.0010075317013991017+0.00019805377238911334i
-0.3335334000743838+0.9427379749865288i,0.0003651291624004903-0.0010017458746077908i
-0.6342052860114824-0.7731632883445763i,0.0006931766429614317+0.0008612928737600178i
0.989762424316393-0.1427245962447139i,-0.0011345243194169786+0.00015300507786384154i
-0.38992737695213775+0.9208453321716396i,0.000471467647270126-0.0010859263916225077i
-0.5862941149602414-0.8100968662535089i,0.0007081088744447791+0.0009970094478567873i
0.9965814646288091-0.08261581840761759i,-0.0012583076322688813+0.0000931842955540878i
-0.44489438662111896+0.8955827920790516i,0.0005886930903960259-0.0011596034295942163i
-0.5362373587154903-0.8440658358769861i,0.0007083708516673877+0.001136469122739824i
0.9997534448495209-0.022204700700996685i,-0.001377559871814597+0.000018902837943249005i
-0.4982332734165952+0.8670428047633663i,0.0007158490333572645-0.0012218139654495749i
-0.48421820352180334-0.8749458853649357i,0.0006936424146442208+0.001278353552817055i
0.9992667568922657+0.03828767811149231i,-0.001490990539604821-0.00006942260014921941i
-0.5497488399047954+0.8353298143294117i,0.0008519055960196315-0.0012716765191729906i
-0.4304270171616896-0.902624006989283i,0.0006637111823045283+0.001421324335105204i
0.9951231818260912+0.0986399418854206i,-0.0015973482405385203-0.0001712730076718685i
-0.5992525612217439+0.8005598767116439i,0.0009957660829392474-0.0013083962885961282i
-0.3750606522912092-0.9269989107037363i,0.0006184734914864056+0.0015640313144938093i
0.9873378833574064+0.15863122723726633i,-0.0016954282526633019-0.00028603057990913243i
-0.64656327499335+0.7628602349592363i,0.0011462739271266092-0.0013312697698269107i
-0.3183217260437379-0.9479813948218845i,0.0005579347218572521+0.0017051209092641124i
0.9759393523373244+0.21804199180960854i,-0.0017840797949452006-0.0004129827752787983i
-0.6915078443119489+0.722368853581129i,0.0013022199323698314-0.001339688842309196i
-0.26041787853821713-0.9654946724570843i,0.00048220900900054693+0.0018432444128501611i
0.960969302497375+0.276654817701932i,-0.001862212956628456-0.0005513268815791419i
-0.7339217913430747+0.6792339136551377i,0.0014623497740776407-0.0013331443003567717i
-0.20156101300543383-0.9794746525295127i,0.00039151835098654304+0.0019770662282519243i
0.9424825177951499+0.3342552071268322i,-0.0019288052537658818-0.0007001750645000618i
-0.7736498992437457+0.6336132705488058i,0.001625371717565885-0.001311228815926679i
-0.14196652031314022-0.9898701743120109i,0.0002861911167743936+0.002105271992146698i
0.9205466519285295+0.3906323673798595i,-0.0019829077806150595-0.0008585598689572813i
-0.8105467801894927+0.5856738762365049i,0.001789964511887584-0.0012736393203732254i
-0.08185249072791795-0.9966431946563885i,0.0001666599677612677+0.0022265765465842953i
0.8952419807521848+0.44557998225035045i,-0.0020236509258541495-0.001025440141713378i
-0.8444774074314003+0.5355911683268636i,0.0019547854166901304-0.0012201787959374487i
-0.021438915798403402-0.9997689272150194i,0.00003345920668444591+0.002339731717193484i
0.8666611085024019+0.49889696705021025i,-0.0020502496259620587-0.0011997073418239458i
-0.8753176094360571+0.4835484280364125i,0.002118478319183488-0.00115075747076914i
0.03905311671936568-0.9992359331482361i,-0.00011277842911356637+0.0024435338580640104i
0.8349086289053202+0.5503882044975723i,-0.002062008130617244-0.0013801922036966651i
-0.9029545243000755+0.4297361094589919i,0.0022796818981125227-0.001065393414326403i
0.09940223194825065-0.9950461629855734i,-0.00027132551034837597+0.002536831124890779i
0.8001007424087861+0.5998652587623088i,-0.002058324257586522-0.0015656717159885107i
-0.927287012776222+0.3743511425855086i,0.00243703779165244-0.0009642125330439542i
0.15938757802705356-0.9872149494876679i,-0.00044136417208982375+0.0026185304395694104i
0.7623648309385818+0.6471470650602955i,-0.0020386931172854785-0.0017548763781905078i
-0.9482260283996533+0.3175962126246852i,0.002589198726380748-0.0008474479691878427i
0.21878963433354304-0.9757709515349333i,-0.0006219908589365197+0.0026876041112047972i
0.7218389917352482+0.6920605922728144i,-0.0020027102899808492-0.0019464976955716503i
-0.9656949433597619+0.25967901826218565i,0.0027348365649224405-0.000715438908805239i
0.2773910148357199-0.9607560492483602i,-0.0008122215319904861+0.0027430960804265435i
0.6786715319774531+0.7344414761661853i,-0.001950074441462554-0.002139195872176409i
-0.9796298289250753+0.20081151157256527i,0.0028726502305148056-0.0005686288076238219i
0.33497726363139574-0.9422251907262447i,-0.0010109973083794294+0.002784127755989257i
0.6330204260413667+0.7741346208943205i,-0.001880589365918898-0.0023316076607946446i
-0.9899796893949775+0.1412091223656429i,0.0030013734675864543-0.0004075630466376875i
0.3913376397647546-0.920246190957732i,-0.001217190502054416+0.002809903414856227i
0.5850527373822443+0.8109947665829568i,-0.001794165447693744-0.0025223543282550044i
-0.996706648722085+0.08108996980585556i,0.003119782398490804-0.00023288603192437454i
0.4462658884478072-0.8948994836490629i,-0.0014296110327369025+0.0028197151393155443i
0.5349440071538805+0.8448870209184539i,-0.0016908205365722022-0.0027100496940314386i
-0.9997860891223267+0.02067406418972737i,0.0032267028377664384-0.0000453377559583851i
0.4995609958643939-0.866277826870726i,-0.0016470131682104453+0.0028129472671440782i
0.4828776118033239+0.875687352795769i,-0.0015706802342175161-0.0028933081999998026i
-0.9992067411654676-0.039817498197391075i,0.0033210173267125462+0.00015425015969572955i
0.5510279247944818-0.8344859636027322i,-0.001868102563650677+0.00278908033339961i
0.429044091991783+0.9032830462190699i,-0.001433977592352596-0.003070752969234962i
-0.9949707250163855-0.10016334419883777i,0.0034016718526577528+0.00036495891791873107i
0.6004783283666831-0.7996402384202599i,-0.0020915435603745345+0.002747694485083663i
0.3736404552975818+0.9275731127939042i,-0.001281052226230054-0.00324102381199826i
-0.9870935426761799-0.1601426339173836i,0.0034676822190521394+0.0005857874710272627i
0.6477312393269705-0.7618681717224426i,-0.002315966705266521+0.0026884723526493567i
0.3168694552529739+0.9484686613013802i,-0.0011123488498521797-0.003402785137529029i
-0.975604021251499-0.21953586889447715i,0.003518140034425754+0.0008156578901961705i
0.6926137323011607-0.7213079930624376i,-0.0025399764512132497+0.002611201365127695i
0.25893884935323397+0.9658932230018806i,-0.0009284152422699798-0.0035547337309144067i
-0.9605442074597015-0.2781256953803984i,0.003552218290310349+0.00105342115018637i
0.7349615566275668-0.6781081352865861i,-0.0027621589981507823+0.002515775498493685i
0.20006063875338692+0.9797830314778273i,-0.0007298996571008474-0.003695606355173171i
-0.9419692137559188-0.3356976997556995i,0.003569176500411129+0.0012978632983000444i
0.774619737443927-0.6324266913339i,-0.0029810902338006846+0.0024021964497749253i
0.14045029243496931+0.9900872559914053i,-0.0005175476901341773-0.003824187139732009i
-0.9199470166451195-0.39204119319303055i,0.0035683653756337667+0.001547711974697499i
0.8114431428288905-0.5844308356837549i,-0.0031953437328473048+0.0022705742323109158i
0.08032595868203118+0.9967681875032455i,-0.00029219862254521197-0.0039393147177106255i
-0.8945582079172768-0.4469499826878237i,0.0035492310119921216+0.0018016432495906749i
0.8452970149225599-0.5342962125690436i,-0.003403498773189469+0.0021211271904817714i
0.019907666752040032+0.9998013766713263i,-0.000054781259782560667-0.004039889075835034i
-0.8658956997160048-0.5002231256361966i,0.0035113185709530963+0.0020582887413858587i
0.8760574630824245-0.48220629319366615i,-0.0036041483279768906+0.0019541814351300545i
-0.040583478336769174+0.999175723325072i,0.00019369071136804303-0.00412487808238178i
-0.8340643845199895-0.5516656651986431i,0.0034542754343848733+0.0023162429785884148i
0.9036119172699405-0.42835170430666614i,-0.003795906992427451+0.00177016970378417i
-0.10092610495486665+0.9948935170872131i,0.0004521238227252428-0.004193323660290849i
-0.7991807512815347-0.601089343758394i,0.0033778538189622852+0.002574070967209523i
0.9278595400085594-0.37292953059014095i,-0.003977418804899542+0.001569629652641811i
-0.16089938498658557+0.9869704289947496i,0.0007193503546571937-0.004244347574477382i
-0.7613724591269888-0.6483132918634978i,0.003281912837631575+0.002830315924534398i
0.9487115954056154-0.316142593413891i,-0.004147364922369105+0.0013532015900737096i
-0.22028384196624812+0.9754354541496809i,0.000994134266989368-0.0042771568044044535i
-0.7207778701791338-0.693164690131391i,0.0031664199985284866+0.0030835071394233163i
0.9660917738876075-0.25819870859625166i,-0.004304471111327351+0.0011216256641510723i
-0.2788621542678383+0.9603308056093778i,0.00127517749993988-0.00429104847513977i
-0.677545543211196-0.7354794016936659i,0.003031452134575641+0.0033321679188296795i
0.9799364714604895-0.19930992588738922i,-0.004447515016165498+0.0008757385193668925i
-0.3364199504088811+0.9417117599049083i,0.0015611266124212887-0.00428541432240731i
-0.6318336899854958-0.7751025728665671i,0.002877195759829476+0.003574823579924019i
0.9901950224729908-0.139691752958222i,-0.004575333168344448+0.0006164694403049287i
-0.39274659355806524+0.9196464547526576i,0.0018505797234779052-0.004259744669531125i
-0.5838095962662966-0.8118891998490128i,0.0027039468515058346+0.0038100094471254023i
0.9968298850311544-0.0795623667348358i,-0.004686827701050365+0.00034483600249385273i
-0.4476359523756469+0.8942156396995293i,0.0021420937212386455-0.004213631896661739i
-0.5336490096257045-0.8457046593742743i,0.00251211005945405+0.004036278813439498i
0.9998167783855577-0.01914181496457159i,-0.00478097273560473+0.00006193925305980073i
-0.5008871553656825+0.8655123806142602i,0.0024341917025539526-0.004146773385244282i
-0.4815354962829818-0.8764252013733557i,0.002302197347681971+0.0042522108258104445i
0.9991447717884331+0.04134878906428978i,-0.004856820407624122-0.0002310415539538233i
-0.5523053259794974+0.8336417191062822i,0.002725370605451428-0.004058973923335631i
-0.42765976933096633-0.903938401847135i,0.0020748260753211895+0.00445641825468402i
0.9948163244955167+0.10168807570226618i,-0.0049135065027951005-0.0005328546406046613i
-0.601702295780216+0.7987202881185143i,0.003014108995709149-0.003950147560076447i
-0.372218990808002-0.9281435742899508i,0.0018307165271675113+0.004647555108668434i
0.986847276766223+0.1616552290565837i,-0.004950255674145208-0.0008421817774280193i
-0.6488972930584819+0.7608758851008455i,0.003298874968190876-0.0038203189003758378i
-0.31541605016949487-0.9489521381590003i,0.0015706889066156755+0.004824324056048696i
0.9752667918950981+0.22103079508257542i,-0.0049663862148216185-0.0011576447143530765i
-0.6937176043793319+0.7202470043263183i,0.00357813412313106-0.0036696238336423655i
-0.25745882179958507-0.9662879430411098i,0.001295659806415875+0.004985483615965876i
0.960117249486676+0.279597484691299i,-0.004961314362653993-0.0014778119376600146i
-0.7359992066392438+0.6769823300615282i,0.0038503575772938043-0.0034983096931977984i
-0.1985594042801126-0.9800875473305652i,0.001006638175210699+0.005129855083300307i
0.9414540903643144+0.33714096893434775i,-0.004934558115131351-0.0018012057189597287i
-0.7755873673202985+0.6312401924460183i,0.004114029969861307-0.0033067348458117843i
-0.13893334420083842-0.9903004503981594i,0.000704720800233302+0.005256329152696431i
0.9193456136805753+0.3934506633558148i,-0.0048857405358817985-0.0021263094208320696i
-0.8123372107447884+0.5831879880719218i,0.00436765742303129-0.0030953677135908777i
-0.07879884735143322-0.996889277401823i,0.00039108732887627927+0.005363872208723166i
0.8938727269716398+0.44832049864102486i,-0.004814592536279891-0.002451575022584106i
-0.846114248258021+0.5330015673842776i,0.004609775417619236-0.0028647852332319423i
-0.018375980181935425-0.9998299160625048i,0.00006699485404039895+0.005451532250879664i
0.8651286500704487+0.5015496747417851i,-0.004720955118411773-0.00277543082859972i
-0.8767948703990741+0.4808645911438726i,0.004838956544471501-0.0026156707603877576i
0.04211413554600657-0.9991116049047661i,-0.0002662279097516788+0.005518444424007826i
0.833218573962122+0.5529433957183814i,-0.004604781068292391-0.0030962893209439363i
-0.904266799258373+0.42696785830768036i,0.005053818093184583-0.0023488114295868966i
0.10245013196988212-0.99473697263916i,-0.0006071868305512441+0.005563836126669143i
0.798259275830099+0.6023135826091164i,-0.004466136090933598-0.003412555117262852i
-0.9284294993666525+0.3715086077865649i,0.005253029440505509-0.0020650949827820254i
0.1624112052376892-0.986722028542281i,-0.000954428912772975+0.005587031672152677i
0.7603786917017665+0.6494795617185907i,-0.004305199381601217-0.0037226329945922107i
-0.9491945456116266+0.3146897966355189i,0.005435319201840778-0.00176550608216064i
0.22177792355526782-0.9750961038696822i,-0.00130644916822319+0.005587456479017526i
0.7197154482575033+0.6942687258058848i,-0.004122263630353286-0.004024935939444813i
-0.9664859468359487+0.25671935731794604i,0.0055994821105274225-0.0014511221253317168i
0.2803330302124917-0.9599017445160695i,-0.0016616977705329686+0.0055646407704006235i
0.6764183555165284+0.7365171657529834i,-0.003917734459709021-0.004317893184496712i
-0.9802404239322345+0.19780943676208587i,0.0057443855909086105-0.0011231085833798237i
0.3378622386495847-0.9411945553155853i,-0.0020185874578532562+0.005518222763748517i
0.6306458622560941+0.7760702704017995i,-0.0036921292980530308-0.004599958192334947i
-0.9904076414174372+0.13817561999430422i,0.005868975992808257-0.0007827138845567457i
0.39415501665396385-0.9190429965519811i,-0.00237550114752876+0.0054479513351334795i
0.5825654761569666+0.812783292364659i,-0.003446075694102227-0.004869616547054936i
-0.9969503916391107+0.07803614119042251i,0.005972284456694253-0.00043126386853662395i
0.4490053568177797-0.8935281334233596i,-0.0027307997255096674+0.005353688144887883i
0.5323531507972026+0.8465218777376147i,-0.003180309080464956-0.005125393715015759i
-0.9998447309394517+0.017611085032295058i,0.006053432380661175-0.0000701558381967005i
0.5022125304366163-0.8647433393783428i,-0.0030828299724761287+0.005235409213914972i
0.4801926417375722+0.8771625577780757i,-0.0028956699969609613-0.005365862636754648i
-0.9990800672788084-0.042878418707670986i,0.006111636462336321+0.00029914776221921834i
0.5535818220904012-0.8327939544093226i,-0.003429932588058616+0.005093205942707316i
0.42627483405506666+0.9045932007474136i,-0.0025931007869685863-0.005589651112944595i
-0.9946591989980023-0.10321100440657882i,0.006146213290902351+0.0006751260119425383i
0.6029252422182738-0.7977968995532975i,-0.0037704502741248954+0.0049272855677970715i
0.3707970437854432+0.9287134222650008i,-0.0022736417825724156-0.005795448948327796i
-0.9865983045775992-0.16316588069421542i,0.006156583466641799+0.0010562064893124981i
0.6500622150796987-0.7598802490110592i,-0.0041027358378818+0.004737971053082428i
0.31396229583121726+0.9494349526719623i,-0.0019384269967276802-0.0059820148187777695i
-0.974926883431616-0.22252363845470885i,0.006142275227707341+0.0014407725245394588i
0.6948202395841758-0.7191827614505835i,-0.004425160275505164+0.004525700416191623i
0.2559785809776519+0.9666819600602429i,-0.0015886793429928795-0.006148182828027187i
-0.9596876479523245-0.2810670537697259i,0.006102927566223787+0.0018271706946611634i
0.7370355205711983-0.6758533722098569i,-0.004736120797162909+0.004291025492757573i
0.19705809473575103+0.9803913277848453i,-0.001225705405617587-0.006292868722134148i
-0.9409363672012273-0.3385818828647857i,0.0060382928182977505+0.002213718524641465i
0.7765535682302422-0.6300506482574606i,-0.005034048754632115+0.004034610144162688i
0.13741646079775693+0.9905128854436624i,-0.0008508897848966094-0.006415075731444046i
-0.9187416628182282-0.3948576461495252i,0.0059482387150510355+0.0025987123576266427i
0.8132297634671691-0.5819422079055185i,-0.005317417433231931+0.0037572279169704064i
0.07727194194697923+0.9970095924796176i,-0.0004656890446933472-0.006513900011626066i
-0.8931847578958807-0.44968839848266684i,0.005832749884388837+0.0029804353566155405i
0.8469298871480455-0.5317041073986133i,-0.005584749670492098+0.0034597591648670343i
0.016844641309680553+0.9998576737332061i,-0.00007162529090333982-0.00658853565731813i
-0.8643591797377269-0.5028734828428483i,0.005691928795846325+0.0033571655992235185i
0.8775306112835652-0.4795201966234903i,-0.0058346252648568365+0.0031431876464852286i
-0.04364430312790152+0.999046706449374i,0.00032972058865340454-0.006638279263982367i
-0.8323704175885089-0.5542182646472034i,0.005525996143520132+0.0037271842268249158i
0.9049199503565638-0.4255814462973764i,-0.006065688138763764+0.0028085966149629183i
-0.10397352778967683+0.9945796584203317i,0.000736715990846249-0.006662534015755733i
-0.7973355365888066-0.6035348440304016i,0.005335290664774069+0.004088783609150427i
0.9289976711409481-0.37008524909711665i,-0.006276653221656599+0.002457164417483367i
-0.16392225360538565+0.9864728771247038i,0.0011476839368747545-0.006660813279364391i
-0.7593827493668623-0.6506427434775133i,0.005120268395089067+0.004440275485386925i
0.9496756595122856-0.31323469728669207i,-0.0064663130198581555+0.002090159625353464i
-0.2232710939672436+0.9747560299027767i,0.0015609106501980748-0.006632743686530189i
-0.7186509468353901-0.6953695682942571i,0.004881501362100317+0.004779999042988696i
0.9668782429076849-0.25523783948669754i,-0.0066335438417535215+0.0017089357173711989i
-0.2818028575907697+0.959471995386765i,0.0019746533369304664-0.006578067689750509i
-0.6752891899104443-0.7375516374975936i,0.0046196757245200405+0.005106328895746604i
0.9805424672548965-0.19630691930567945i,-0.006777311648404995+0.0013149253413279874i
-0.33930334334167284+0.9406767065834184i,0.002387148131960833-0.0064966455788385375i
-0.6294561640124376-0.7770345828178725i,0.004335589364262514+0.005417682923183515i
0.9906183273571998-0.1366575986196199i,-0.006896677501519971+0.0009096341804530981i
-0.395562124120074+0.9184389461832247i,0.0027966181733118578-0.006388456948168753i
-0.5813195983456109-0.8136739136204507i,0.004030148942656742+0.00571252993403938i
0.9970689498909624-0.0765081683420272i,-0.006990802582628109+0.0004946344534455758i
-0.4503733169333802+0.892840094845281i,0.0032012817666938814-0.006253601607183306i
-0.5310556520811278-0.8473355456794025i,0.003704366434154674+0.005989397117482224i
0.9998707283461792-0.016078749572878033i,-0.007058952759371219+0.00007155807843204242i
-0.503536336339677+0.8639738333790086i,0.003599360601821264-0.006092299929337469i
-0.4788482696901138-0.8778962918682385i,0.003359355153380604+0.006246877246719139i
0.9990134094161669+0.0444095119501364i,-0.007100502676968549-0.0003579104672607609i
-0.5548566285043597+0.8319457999125972i,0.003989087981858704-0.005904892637312778i
-0.4248885077858376-0.9052443129719212i,0.0029963252937369542+0.006483635600879559i
0.9945001305202663+0.10473525515009985i,-0.007114939355170952-0.0007920415582338471i
-0.604146383183669+0.7968732033027925i,0.004368717027343324-0.005691840024976375i
-0.3693738359385013-0.9292795269703926i,0.0026165789980566205+0.006698416572405661i
0.9863474083222349+0.1646777136974092i,-0.0071018652733600895-0.001229068068523663i
-0.6512252210295786+0.7588843942007835i,0.004736528816087292-0.005453720619204752i
-0.312507414021366-0.9499139752958139i,0.002221504983958524+0.006890049928690485i
0.9745850782863448+0.22401752391979263i,-0.007061000928866337-0.0016671932198966545i
-0.6959208537007948+0.7181183953439059i,0.005090840420904426-0.005191229287308077i
-0.2544973487328058-0.9670721447231747i,0.0018125727486315156+0.007057456698352443i
0.9592561854923882+0.2825375275792034i,-0.006992186856053877-0.002104598594434519i
-0.7380697143641435+0.6747243927920871i,0.005430012807522577-0.004905174798384532i
-0.19555593201510696-0.9806912437162867i,0.0013913263797069129+0.007199654654323196i
0.9404168271091612+0.34002356657777255i,-0.006895385096256263-0.002539452274182193i
-0.7775175562789789+0.6288611899708969i,0.005752458555731414-0.004596476849464375i
-0.1358988641570708-0.9907214322178594i,0.0009593780006942761+0.007315763367830396i
0.9181359471028996+0.3962652666845339i,-0.0067706801112176395-0.0029699170700772477i
-0.8141200172740569+0.5806966265191629i,0.006056649367677531-0.004266162569800746i
-0.07574446442353061-0.9971260040427178i,0.0005184008811288483+0.007405008809387185i
0.8924950839319531+0.45105680741482257i,-0.006618279135290692-0.0033941588019979086i
-0.8477431480511217+0.5304069640679252i,0.006341123328246451-0.003915362519069377i
-0.0153128721005385-0.9998815212066869i,0.00007012224311077072+0.007466727475026295i
0.8635880721510215+0.5041976752449134i,-0.006438511964260738-0.003810354591570245i
-0.8782639023818536+0.4781762411985171i,0.006604491883652708-0.003545306197581916i
0.045174759119939734-0.9989778996995555i,-0.00038368420270811296+0.007500370018249054i
0.8315206990169564+0.5554933974054639i,-0.006231830181281458-0.004216701129348948i
-0.9055705874042507+0.4241955999403392i,0.0068454465057112245-0.0031573170888667033i
0.10549707046762502-0.9944184463882242i,-0.0008412059574046696+0.007505504370468141i
0.7964103173528034+0.6047562535683841i,-0.005998805823019519-0.0046114228781488405i
-0.9295632723705723+0.3686625862730697i,0.007062765010737596-0.0027528072571115737i
0.16543330817201995-0.9862198469149939i,-0.0013005996349932179+0.007481818335112137i
0.7583854160868343+0.6518059628226742i,-0.005740129491694724-0.004992780174630776i
-0.9501541543509852+0.3117804271931579i,0.007255317503669483-0.002333271524011449i
0.2247641313264681-0.9744121046352741i,-0.0017599990283222453+0.007429121643010186i
0.7175851500382147+0.6964703434251847i,-0.005456607921256279-0.005359077191759098i
-0.967267879554603+0.2537572869902396i,0.007422071919749869-0.0019002812514725639i
0.2832724145817351-0.9590384308181805i,-0.002217523302699604+0.00734734745917277i
0.6741588306700869+0.7385859429118993i,-0.00514916100845288-0.005708669725423878i
-0.9808418190920235+0.19480550545517628i,0.007562099138005731-0.0014554777584273018i
0.3407440427316006-0.940155086511834i,-0.0026712852797301564+0.007236553333630549i
0.628265379673699+0.7779986362638048i,-0.004818818322006972-0.006039972769370121i
-0.990826298170181+0.1351408208075523i,0.0076745776427540055-0.0010005654016667681i
0.39696869428261966-0.9178311766520713i,-0.003119399773472718+0.00709692159155701i
0.5800727473832175+0.8145641899383115i,-0.004466715105497849-0.00635146784358683i
-0.9971847778807735+0.07498158018638171i,0.007758797711465327-0.0005373043521159408i
0.4517406111405247-0.8921483971680388i,-0.0035599919408207136+0.006928759160489064i
0.5297572981495862+0.848148789702118i,-0.004094087791866299-0.006641710042477054i
-0.9998939889169822+0.014547940593288278i,0.007814165109526011-0.00006750309934563034i
0.5048593515965412-0.8632007360101521i,-0.003991205607986725+0.006732496835046643i
0.4775031649226945+0.878629530333875i,-0.0037022690496810082-0.0069093347704526605i
-0.9989440167291499-0.0459389367876324i,0.007840204274709953+0.0004069892816740287i
0.5561305238580191-0.8310941291945373i,-0.004411211535114599+0.006508687982131141i
0.42350157540380495+0.9058948654045477i,-0.0032926823834341546-0.007153064134062555i
-0.9943383378077761-0.10625769594483063i,0.007836560976539625+0.00088429106651437i
0.6053664974389635-0.7959460731226755i,-0.0048182155813727085+0.00625800669214768i
0.3679501522342382+0.9298450154894715i,-0.0028668363121493942-0.007371712961372588i
-0.9860938069610554-0.16618759610730227i,0.007803004438126885+0.0013624959839737124i
0.6523870898070867-0.757885194595002i,-0.005210466733371474+0.005981245384319871i
0.31105218978132165+0.9503923333182229i,-0.002426318152491331-0.007564194421045608i
-0.9742405956335108-0.22550931956107384i,0.007739428910562421+0.001839681448828774i
0.6970202257745456-0.717050780092019i,-0.005586264960414979+0.005679311876656165i
0.2530159101682536+0.9674616245260153i,-0.0019727874343437486-0.007729525215431318i
-0.9588220814914595-0.28400577425790974i,0.007645854692423349+0.002313916887422315i
0.7391025672192797-0.6735922660455572i,-0.005943968860927331+0.005353225933556034i
0.19405370127049798+0.9809904228327999i,-0.001507968978467669-0.007866830323950032i
-0.9398946896793666-0.34146288827903704i,0.007522428589519932+0.002783272118474558i
0.7784801108324353-0.6276686919655692i,-0.006282003065383923+0.005004115306411315i
0.13438133946731118+0.990929218643043i,-0.0010336456673597195-0.007975347275122802i
-0.9175276863280366-0.3976703932464932i,0.007369423812540553+0.0032458257512952746i
0.8150087517043809-0.5794481184237794i,-0.006598865362226542+0.00463321128484866i
0.07421719999280152+0.9972416402295953i,-0.0005516509417888968-0.008054429927775228i
-0.8918029250702993-0.45242259381514716i,0.0071872393128301505+0.003699673563538731i
0.8485548106868307-0.5291070120241202i,-0.0068931335145371074+0.004241843778463246i
0.013781457776293804+0.9999045868386054i,-0.00006386105670176774-0.00810355174419105i
-0.8628145474918446-0.5055191204293815i,0.006976398559074199+0.004142936820779858i
0.878995523601154-0.4768295996106966i,-0.007163471736689009+0.0038314359510021427i
-0.046704718303417436+0.9989083132283643i,0.00042781286876391336-0.00812230854031982i
-0.8306686386134235-0.5567656625896734i,0.006737547760201907+0.004573770500498029i
0.9062194905025828-0.4228071940766029i,-0.007408636801770144+0.0034034984309590614i
-0.10701997480124331+0.9942564653327055i,0.0009214329715239466-0.008110420700532115i
-0.7954828386651989-0.6059746799456274i,0.006471453542325083+0.004990371383535523i
0.930127083356197-0.3672374942408417i,-0.0076274837522839305+0.0029596231244310993i
-0.16694358376441037+0.9859660669184547i,0.001415042898690915-0.008067734846848617i
-0.7573859125739952-0.6529660886131703i,0.006179000089980581+0.005390985976738384i
0.9506308106327763-0.31032386135549445i,-0.007818971188456016+0.002501476657855128i
-0.2262562505020344+0.9740674572857475i,0.0019066761586979068-0.00799422495505711i
-0.7165172787389265-0.6975679202042784i,0.005861185764366851+0.005773918231301181i
0.9676556374902463-0.2522745748908176i,-0.007982166110422862+0.0020307934798782404i
-0.2847409161095737+0.9586041802392131i,0.0023943645320894194-0.007889992912630404i
-0.6730264988198922-0.7396169511574728i,0.005519119213593607+0.006137537022299386i
0.9811392603689971-0.19330207032176905i,-0.008116248292616004+0.0015493686531181093i
-0.34218355181126253+0.9396328247363362i,0.002876146504450677-0.0077552685158888334i
-0.6270727304060907-0.7789593000660032i,0.005154014992247224+0.006480283356020051i
0.9910323349961732-0.1336221617053437i,-0.008220514170793626+0.0010590503679219934i
-0.3983739422135741+0.9172228177961613i,0.0033500756838937993-0.007590408906373655i
-0.5788241445675497-0.8154509908177521i,0.004767188709751246+0.006800677272968525i
0.9972986569645332-0.07345325189374724i,-0.008294380224393596+0.000561732211446004i
-0.45310645460334+0.891456170426197i,0.003814229165641081-0.007395897448928619i
-0.5284573104211854-0.8489584794860154i,0.004360051729100161+0.00709732441584177i
0.9999152942250434-0.013015533273690889i,-0.00833738583917093+0.00005934522642669028i
-0.5061807914752288+0.8624271774973276i,0.004266715806533463-0.007172342056482851i
-0.4761565489636137-0.8793591430429595i,0.003934105439528739+0.007368922233307904i
0.998872671008335+0.04746981804324221i,-0.008349195637439728-0.0004461502050861697i
-0.5574027235346504+0.8302420726650548i,0.004705684372753806-0.006920472969012808i
-0.4221132585354096-0.9065417281072745i,0.003490935128561516+0.007614265792108088i
0.9941746028679092+0.10778145163024103i,-0.008329601265646107-0.000952772617032662i
-0.6065848004936165+0.7950186395999115i,0.0051293315246702595-0.00664113999659216i
-0.36652521438532515-0.9304067580838058i,0.0030322034806412306+0.00783225317178733i
0.9858382827168501+0.1676986527928302i,-0.008278522631440842-0.001458527817108689i
-0.6535470370583447+0.7568857809497773i,0.0055359096034940025-0.006335309238825287i
-0.3095958448977593-0.9508668972051947i,0.002559643731168874+0.008021890418277161i
0.9738942179091422+0.227002150289926i,-0.008196008584901071-0.001961417310019568i
-0.6981175715981879+0.715983046611512i,0.005923734185381543-0.006004059295280984i
-0.25153348713217855-0.9678472701433086i,0.0020750525062819295+0.008182296034549433i
0.9583861185958468+0.285474918772472i,-0.008082237041038446-0.0024594467490099024i
-0.740133295085443+0.6724601230382206i,0.006291191369706532-0.005648576983800549i
-0.19255062439889176-0.9812857360208034i,0.0015802823800548885+0.008312704988674575i
0.9393707377647077+0.3429029730030737i,-0.00793751454323278-0.0029506343783910626i
-0.7794404480043892+0.6264762854510809i,0.006636744769464885-0.005270152585712542i
-0.1328631086613299-0.9911331158200674i,0.0010772341820138487+0.008412472221791655i
0.9169176635485763+0.3990761509501304i,-0.007762275269718737-0.003433019429887367i
-0.8158951830451262+0.5781998149603902i,0.006958942173155608-0.00487017463907712i
-0.0726893706104973-0.9973533723573187i,0.0005678490889187321+0.008481075640761506i
0.8911090645627076+0.45378888289067293i,-0.007557079487740545-0.003904670435891678i
-0.8493640915229913+0.5278073827289238i,0.007256421848996553-0.00445012430305009i
-0.012249620302388242-0.999923742163231i,0.00005410053566707032+0.008518118582591694i
0.8620393892028956+0.5068409437073244i,-0.007322611462426597-0.004363693423149667i
-0.87972469159709+0.4754834034313027i,0.007527918463971549-0.004011569318330643i
0.04823495871630712-0.9988348187874618i,-0.0004620140190828828+0.008523331740089906i
0.8298150200048788+0.5580381856262964i,-0.007059676829858466-0.00480823995099073i
-0.9068658765012663+0.4214193603754327i,0.007772268591968258-0.0035561575904044444i
0.10854301884505857-0.9940905872222241i,-0.000978481436384558+0.008496574540618572i
0.7945538843299178+0.607193248714919i,-0.006769199446162591-0.005236514958972495i
-0.9306883211471817+0.3658131047557757i,0.007988415787132061-0.0030856104239241865i
0.16845385846671418-0.9857084093189248i,-0.001493281312974507+0.008437835972261392i
0.7563850228012631+0.6541262465385805i,-0.006452217726763023-0.005646784389721933i
-0.9511048456115125+0.3088681316028937i,0.00817541520053416-0.002601715438059045i
0.22774822962069963-0.97371896025124i,-0.0020043944328844397+0.00834723485417362i
0.7154481170708573+0.698665424467878i,-0.006109880492157606-0.006037382553805376i
-0.9680407341770518+0.25079283507897115i,0.008332437720319235-0.0021063191940083833i
0.2862091403564575-0.958166116257144i,-0.002509811217752674+0.00822501955035351i
0.671892978644436+0.7406477882268452i,-0.00574344233874231-0.006406719204675957i
-0.9814340087601675+0.19179974584462012i,0.008458773617636703-0.001601319567082754i
0.3436226488308575-0.9391067940707101i,-0.003007540138968426+0.00807156712853631i
0.6258790006357131+0.7799197003820497i,-0.005354258555264498-0.006753286293080787i
-0.9912356557239899+0.132104753287876i,0.008553835682885232-0.0010886578968260603i
0.3997786462435238-0.9166107426312899i,-0.0034956160550226986+0.007887381968362287i
0.5775745744559933+0.8163374425896619i,-0.004943779607457709-0.007075664371792989i
-0.9974098052472875+0.07192631546169212i,0.008617161839077918-0.0005703109495625642i
0.4544716257448696-0.8907602878323316i,-0.003972108437845783+0.007673093825388971i
0.5271564735738756+0.8497677415429121i,-0.004513545215267557-0.0073725286231330015i
-0.9999338625926174+0.011484659621224212i,0.008648417221471904-0.000048282728511143314i
0.5075014345029683-0.8616500312439419i,-0.004435129452472054+0.007429455359906622i
0.4748092066002264+0.8800882566951949i,-0.0040651780488244705-0.007642654483464246i
-0.9987985907933657-0.0489990237134077i,0.00864739571497774+0.00047540383279113174i
0.5586740061770153-0.8293865039117385i,-0.004882841855097567+0.0071573391418570794i
0.4207243420658509+0.9071880279739646i,-0.0036003770709422565-0.00788492284067599i
-0.9940081444570843-0.10930339021949195i,0.008614020943269038+0.0009987152575795465i
0.6078020711168495-0.7940877764989479i,-0.005313466675465025+0.00685773414542918i
0.3650998073628862+0.9309678818469784i,-0.0031209105554193886-0.008098324782600759i
-0.9855800545614072-0.16920775179695055i,0.008548346705943167+0.0015196159570108315i
0.6547058416894966-0.7558830271984471i,-0.005725290650540599+0.006531741749130673i
0.3081391644154946+0.951340794254862i,-0.0026286088117739113-0.008281965876330477i
-0.973545164298198-0.22849288419207064i,0.008450556862509102+0.0020360766688050595i
0.6992136702247485-0.7149120689960216i,-0.006116673377605086+0.006180571259260483i
0.25005086473058236+0.9682322090818171i,-0.002125356648273336-0.008435069960506653i
-0.9579475162007047-0.2869418292641874i,0.008320964664416028+0.0025460828668632386i
0.7411626771719666-0.6713248380148394i,-0.006486054156193659+0.005805534976767067i
0.19104748655475107+0.9815803109990087i,-0.0016130856061826284-0.008556982434831967i
-0.9388441909667898-0.344340688959364i,0.008160011538751762+0.0030476431055568936i
0.7803993471693343-0.6252808448135923i,-0.006831958489749227+0.005408042829425084i
0.13134495692914555+0.9913362516821371i,-0.0010937659990940187-0.00864717303329869i
-0.916305098568074-0.40047940808546967i,0.007968265329634103+0.0035387972627551278i
0.816780090844194-0.5769485906463072i,-0.007153004219417135+0.004989596593121986i
0.07116176148915704+0.9974643285753422i,-0.0005693987919593716-0.008705238069911893i
-0.8904127224094439-0.45515254302403096i,0.00774641800567941+0.004017624646188386i
0.8501717702885265-0.5265049508200746i,-0.0074479072640821825+0.0045517837277813875i
0.010718144900765225+0.9999421155472324i,-0.00004200735507667728-0.008730902148035093i
-0.8612618174751906-0.5081600135657038i,0.007495282844245268+0.004482251928429149i
0.8804521862865547-0.4741345274073357i,-0.007715486942540242+0.004096270855074316i
-0.04976469514041332+0.998760544960904i,0.00048637087127054206-0.008724019326837222i
-0.8289590635664331-0.5593078351179697i,0.007215791105406778+0.004930860876609223i
0.9075105255114279-0.42002897368152425i,-0.00795467085557831+0.003624796906566177i
-0.11006541739775977+0.9939239408575986i,0.0010136927655127331-0.008684573740722012i
-0.793622674898832-0.6084088286054894i,0.0069089882108173085+0.005361695843974007i
0.9312477660544387-0.364386292748339i,-0.00816449930771816+0.003139165972311309i
-0.16996334710758199+0.9854500031325673i,0.0015379179306948955-0.008612679670009317i
-0.755381967489294-0.655283305465187i,0.006576029444729504+0.005773070991499542i
0.9515770398027121-0.3074101129393564i,-0.008344129250438564+0.0026412398811342347i
-0.22923928355404194+0.9733697427610526i,0.002057017081451149-0.008508581063536224i
-0.7143768859148512-0.6997597252292712i,0.006218175196483603+0.006163377209059866i
0.968423950339215-0.24930894261972902i,-0.008492837730825042+0.0021329305449241543i
-0.28767630224970103+0.9577273683114271i,0.0025689803761128273-0.008372650516237808i
-0.6707574911755682-0.7416753232897257i,0.005836785765722619+0.0065310887070238926i
0.9817268452017153-0.19029540713705673i,-0.008610024831792915+0.0016161921002067288i
-0.34506054878604103+0.9385801241608064i,0.003071825658347468-0.008205387707123658i
-0.6246834115356876-0.7808767065469213i,0.0054333157534278+0.006874769250672008i
0.9914370415043317-0.1305854707038685i,-0.008695216092281584+0.001093012881047134i
-0.40118202144882137+0.9159980810051972i,0.003563606573210405-0.008007417305403247i
-0.5763232583526888-0.8172204147625246i,0.005009308063616154+0.007193078011460969i
0.9975190040960034-0.07039764606129216i,-0.00874806439810929+0.00056540725797619i
-0.4558353397342223+0.8900638794308229i,0.004042420523149321-0.007779486354800004i
-0.5258540090320861-0.850573445562403i,0.004566387542149104+0.007484775010894402i
0.9999504756038924-0.00995219481620246i,-0.008768351336504276+0.000035407378112259434i
-0.5088204959533453+0.860872427485045i,0.004506416430285731-0.007522461148332549i
-0.47346035936607944-0.8808137411682307i,0.004106254280610554+0.007748726134605815i
0.9987225578858145+0.05052967862172801i,-0.008755988009678597-0.0004949451580230008i
-0.5599435871745153+0.8285305533536438i,0.004953802272244635-0.0072373236080137075i
-0.41933404762622145-0.9078306350765739i,0.0036306766145766446+0.007983907696185294i
0.9938397445936226+0.11082663655323338i,-0.008711015305165434-0.0010236076473266536i
-0.6090175248247922+0.7931566144155044i,0.0053828523598795424-0.006925167186024865i
-0.3636731528836326-0.931525257050796i,0.003141483846836812+0.008189410532296939i
0.9853199047283676+0.1707180179904387i,-0.008633603623009942-0.0015485446268987406i
-0.6558627193538519+0.7548800641054088i,0.0057919143264596835-0.0065871923059397895i
-0.30668137012461555-0.9518108949436929i,0.002640558727220199+0.008364443612719642i
0.9731942172474256+0.2299846461813741i,-0.008524052062245192-0.0020677361732524034i
-0.7003077374546665+0.7138409781700208i,0.006179415799223054-0.006224701364512737i
-0.24856726481442304-0.9686133120267351i,0.0021298297216445694+0.008508337151098054i
0.957507056962892+0.2884096307028198i,-0.00838278707142835-0.0025791861227207006i
-0.7421899294358295+0.6701895420507735i,0.006543870725674376-0.005839093316373287i
-0.18954350963716943-0.9818710186646333i,0.0016112631037996147+0.008620545204390633i
0.9383158321488174+0.34577916118617125i,-0.00821036057029957-0.003080930178278515i
-0.7813560244496246+0.6240855012696079i,0.006883885328577518-0.005431857865709926i
-0.12982610620507995-0.9915354973410153i,0.0010868549035462564+0.00870064775125161i
0.9156907744515616+0.40188328977162535i,-0.00800744755190528-0.0035710438686070178i
-0.8176626913975448+0.5756975768289221i,0.007198163665293618-0.0050045692906360685i
-0.06963359458529306-0.9975713802117111i,0.0005586227466129435+0.008748352241869088i
0.8897146818721093+0.4565166994272421i,-0.0077748431767241544-0.004047650325975692i
-0.8509770634606002+0.5252028477651152i,0.00748551276889297-0.004558879927434343i
-0.009186253537009192-0.9999565785358855i,0.000028597620525090137+0.008763494614082828i
0.860482615760922+0.5094794553211639i,-0.0075134593724973525-0.00450892785041377i
-0.8811772243348501+0.47278610311531083i,0.0077448473503596675-0.004096513343253429i
0.05129470561423133-0.9986823635113469i,-0.0005011843980941537+0.008746039772929409i
0.8281015529341943+0.5605777364972923i,-0.007224320955541491-0.004953117228673773i
-0.9081526543927526+0.41863916566879067i,0.007975194043161804-0.0036192572270690913i
0.11158794851505838-0.9937533982182196i,-0.0010286904196750678+0.008696081533077264i
0.7926899941846179+0.6096245451768034i,-0.006908561291337034-0.005378528777657726i
-0.931804635137569+0.3629601899779106i,0.0081756951735042-0.0031289560298377052i
0.1714728277730156-0.9851877205540713i,-0.0015518989862294457+0.008613842025939305i
0.7543775306193381+0.6564403910897633i,-0.006567417514098156-0.005783549083268652i
-0.9520466104706944+0.30595293719748295i,0.008345612041676833-0.002627503385734615i
0.2307301904313182-0.9730166772229487i,-0.0020688082494485682+0.008499670575538652i
0.7133043694121208+0.7008539483324828i,-0.0062022253268603144-0.006166647407065345i
-0.9688045034498286+0.24782602940639997i,0.008484327702073228-0.0021168343471995913i
0.2891431799746197-0.9572848090198935i,-0.0025774440479712597+0.008354042049479496i
0.6696208207052688+0.7427026823467948i,-0.005814413405349129-0.00652638173462913i
-0.9820169873787937+0.18879218614036092i,0.008591349231644795-0.0015989174671897904i
0.3464980299307871-0.9380496878307506i,-0.003075867849985268+0.008177554693601811i
0.6234867475390112+0.7818334447267814i,-0.005405497430505366-0.006861404441184314i
-0.991635710236924+0.12906744592966657i,0.008666309478802585-0.001075746762574172i
0.40258484616444695-0.9153817059437728i,-0.003562184528027867+0.007970927461091366i
0.575070980821387+0.8181030336762117i,-0.004977073776044481-0.007170467551752039i
-0.9976254716267067+0.06887037569091675i,0.008708968287034435-0.0005493335929848107i
0.4571983749994365-0.889363818444057i,-0.00403454993370268+0.007734996848939409i
0.5245507014795792+0.8513787180656569i,-0.004530812878811211-0.007452427574945397i
-0.9999643515921318+0.008421270865900332i,0.008719213189779716-0.000021698489670461478i
0.5101387543591687-0.8600912396335356i,-0.004491178241005471+0.007470713256711527i
0.4721107920537639+0.8815387231714575i,-0.004068452320937145-0.007706249891418726i
-0.9986437908363228-0.052058650765175796i,0.008697059575387687+0.0005051370310206443i
0.5612122451760565-0.8276710945874959i,-0.004930349028072053+0.00717913688457714i
0.4179431601063606+0.908472676318951i,-0.0035917896539353375-0.00793101267997242i
-0.9936686220448897-0.11234805864582084i,0.008642650323259404+0.0010291586349743483i
0.6102319403933522-0.7922220271227782i,-0.005350414068399752+0.006861433189454619i
0.36224603592271737+0.9320820107990895i,-0.0031026749958468934-0.008125910366360456i
-0.9850570522003738-0.17222631941810596i,0.008556254914533703+0.0015483672841267906i
0.6570184489647569-0.753873765612328i,-0.005749803803956542+0.00651886791994372i
0.3052232470733401+0.9522803265802932i,-0.0026030034334052973-0.008290256581952387i
-0.9728405959525062-0.23147430434606342i,0.008438268022913607+0.0020607872627973977i
0.7014005523486597-0.7127666482350264i,-0.006127033474062387+0.0061528017524368735i
0.24708347249246632+0.9689937064954842i,-0.002094707261878685-0.008423486621550737i
-0.9570639602881141-0.28987519123281513i,0.00828920759343041+0.002564474083088393i
0.7432158310945185-0.6690511093981854i,-0.006480708875510707+0.005764684552411965i
0.18803947880272387+0.9821609867471963i,-0.0015797480958197158-0.008525159391852857i
-0.9377848809227374-0.3472152578967573i,0.008109712419096943+0.003057522236557263i
0.7823112592283393-0.6228871292121808i,-0.006809531731079496+0.005356049286409402i
0.12830734168060748+0.9917339807408203i,-0.001060108884352605-0.008594958844258212i
-0.9150739110126879-0.4032846643030207i,0.007900539227509435+0.0035380727601646298i
0.8185437642620677-0.5744436480319084i,-0.007112304645346149+0.004928505611583887i
0.06810565511223887+0.9976776554268625i,-0.0005377858648972252-0.008632694887948718i
-0.8890141629607778-0.4578782204879388i,0.0076625592914928205+0.004004320585431275i
0.8517807507774903-0.52389794820759i,-0.007387935628578742+0.004483733170976481i
0.007654731433191564+0.9999702595068691i,-0.000014780489345645352-0.00863830378141306i
-0.8597010042605949-0.5107961374662527i,0.007396754579859696+0.0044545216407982195i
0.8819005856685581-0.47143500530745736i,-0.007635442171402663+0.004023474623789503i
-0.05282420492010231+0.9986034030338433i,0.0005069086433311073-0.008611848002811734i
-0.827241708492406-0.5618447583730508i,0.007104213466237785+0.004886999678370872i
0.908793043266355-0.41724681118656104i,-0.007853954854930156+0.0035495284409428085i
-0.1131098269968458+0.9935820881158517i,0.0010252938142398314-0.008553515601804635i
-0.7917550627478925-0.6108372671647827i,0.00678612601573084+0.005300152797529606i
0.9323597087177358-0.36153167137897846i,-0.008042720483100455+0.003063741497059057i
-0.17298151529352762+0.9849246906104533i,0.0015384061380105155-0.008463619037661498i
-0.7533709329203758-0.6575943722857986i,0.006443778870883576+0.0056924596393119024i
0.9525143381414528-0.3044934793846683i,-0.008201104726058792+0.002568001490745466i
-0.23222016512661986+0.9726628928769494i,0.00204430340951801-0.008342593510637859i
-0.7122297884513837-0.7019449627984975i,0.006078549760027841+0.006062485226983405i
0.969183174243748-0.24634097050676745i,-0.00832859426555044+0.0020642292256280274i
-0.290608988461685+0.9568415678325458i,0.0025410778114776265-0.008190994795729519i
-0.6684821882727798-0.7437267345759205i,0.005691901652592206+0.006408886429848181i
0.9823052162383922-0.18728695796996508i,-0.008424798435460798+0.0015543707850327034i
-0.34793430726454116+0.9375186147367329i,0.003026863451256251-0.008009496589990646i
-0.6222882298256911-0.7827867842651982i,0.005285376587336983+0.006730417029050655i
0.9918324430833826-0.12754755411543683i,-0.00848945035281415+0.0010403896335035368i
-0.40398633547116136+0.9147647473048468i,0.0034998436961177887-0.007798887386615394i
-0.5738169631725828-0.8189821688481993i,0.004860589200749858+0.007025932365920437i
0.9977299892173473-0.06734137952242601i,-0.008522407536733178+0.0005242586785027613i
-0.45855994671463157+0.8886632349262189i,0.003958258277127088-0.00756006689093417i
-0.5232457723465821-0.852180428751629i,0.004419219983974884+0.007294393555278506i
0.999976272152535-0.006888762950750407i,-0.008523652015050868+0.000007952325642289516i
-0.5114554249996184+0.8593095979339481i,0.004400410133064483-0.00729404199534688i
-0.47075972620204737-0.8822600725922176i,0.003963008297664352+0.007534871248059143i
0.9985630714574595+0.05358906496789759i,-0.008493289920440603-0.000506561439340754i
-0.5624791955771977+0.8268112580414778i,0.0048246719669503176-0.007001922332004146i
-0.41655090114198756-0.9091110217830443i,0.0034937451750259537+0.007746548929590318i
0.9934955588401498+0.11387078133911599i,-0.008431550580095617-0.001017328908928632i
-0.6114445333453583+0.7912871452252277i,0.005229492489134088-0.006684915423746682i
-0.36081767820086375-0.9326350133739191i,0.003013265944082345+0.007928725741922119i
0.9847922792219178+0.17373578095259945i,-0.008338785105111192-0.0015224184199736372i
-0.6581722461827364+0.7528672624919217i,0.00561340232236756-0.006344321455416553i
-0.3037640170551419-0.9527459596516088i,0.0025234427007730887+0.008080818820662325i
0.9724850828709058+0.23296498360252993i,-0.008215464487817414-0.0020199279956961357i
-0.702491330714874+0.7116922101233778i,0.00597501954583824-0.005981527689146224i
-0.24559870961841407-0.9693702631839224i,0.002026176664993985+0.008202365138891795i
0.9566190088437756+0.29134163582710604i,-0.008062177217354033-0.002507992832263584i
-0.7442395981131795+0.66791267113982i,0.006313054856790566-0.005598002548621298i
-0.18653461595260223-0.9824470861547243i,0.0015233904520038943+0.00829302285286167i
0.9372521201620896+0.34865210413318654i,-0.007879626425768588-0.0029847925995072004i
-0.7832642676364319+0.6216888598646945i,0.006626316330097338-0.005195289398586403i
-0.1267878852914875-0.9919285730042321i,0.001017020291811836+0.008352572146310355i
0.9144552913265714+0.40468665680318905i,-0.007668626578840069-0.003448558526278761i
-0.8194225257427225+0.5731899356090036i,0.0069137137579480725-0.004775000047012834i
-0.0665771650272809-0.9977800255598259i,0.00050900822920709+0.008380915572379502i
0.8883119489468513+0.45924023142316306i,-0.007430099727684687-0.00389758024202312i
-0.8525820487257273+0.522593383620831i,0.007174262553695572-0.004338807998371435i
-0.006122800555005359-0.9999800300164697i,0.0000012943370003801626+0.008378077894242256i
0.85891776643588+0.5121131853232186i,-0.007165071338973545-0.0043302123473241165i
-0.8826214869626816+0.47008436556550326i,0.007407087205835894-0.0038884414873619744i
0.05435397109708018-0.9985205353020468i,-0.000504191025192089+0.008344205427672266i
0.8263803138862988+0.5631120261840129i,-0.006874665723276537-0.004744880687483249i
-0.909430909001917+0.41585504191336475i,0.007611424270075176-0.003425676323206834i
0.11463183090005608-0.9934068825408284i,-0.0010055348746544888+0.008279564890871316i
0.7908186644100648+0.6120501201355992i,-0.006560101082640185-0.005140088304581225i
-0.9329122038647966+0.36010386871492506i,0.007786624889456803-0.002952328575262192i
0.1744901877570021-0.9846577855072511i,-0.0015008491603125337+0.008184541768926277i
0.752362958381968+0.6587483747572899i,-0.006222684199995568-0.00551442104497994i
-0.9529794400897876+0.30303487133688856i,0.007932156834576943-0.002470247131187748i
0.23370998577173763-0.9723052621415331i,-0.0019882781776900515+0.008059638202279984i
0.7111539271817113+0.7030358944790536i,-0.005863804794385618-0.005866552800800404i
-0.9695591802047314+0.24485689781687558i,0.008047606057987768-0.0019813061592860114i
0.29207450589938994-0.9563945173777573i,-0.0024660058140246856+0.007905470410552258i
0.66734237817746+0.7447506059859572i,-0.005484929567269331-0.006195250365586096i
-0.982590749476475+0.18578285456923724i,0.008132677758972496-0.0014873975068408858i
0.34937015904508595-0.9369837777132102i,-0.0029322625943832893+0.007722765664955378i
0.6210886428355964+0.7837398513369414i,-0.0050875959663236-0.006499377886103443i
-0.992026457954352+0.1260289272389534i,0.008187196956973761-0.0009904230663728i
0.40538726770837136-0.9141440781243922i,-0.0033853325006218174+0.007512358824366215i
0.5725619899763656+0.8198609466273645i,-0.004673405694198159-0.0067779008940440115i
-0.9978317749949365+0.06581378955495557i,0.008211108574030337-0.0004922871416747174i
0.45992083331287464-0.8879590021094925i,-0.003823559536160865+0.007275188451877213i
0.5219400063226398+0.8529817041508594i,-0.004244017990599343-0.007029889903257269i
-0.9999854556293765+0.005357803078127907i,0.008204477028657314+0.0000051111546913481995i
0.5127712864131138-0.8585243758086547i,-0.004245354010783222+0.007012292530319427i
0.4694079466087266+0.8829809161496052i,-0.0038011427168620263-0.007254523560068063i
-0.9984796183108634-0.05511778922743049i,0.008167485345645332+0.0004998854410834517i
0.5637452170330177-0.8259479173214332i,-0.004649198520991239+0.006724803796826618i
0.4151580556275513+0.909748798382702i,-0.0033465332728234544-0.007451091336186621i
-0.9933197737577104-0.11539167264870245i,0.008100433788272451+0.0009901695127521i
0.6126560824634295-0.7903488425047771i,-0.005033653602900101+0.0064139447180009395i
0.35938886469722103+0.9331873918893743i,-0.0028819793763471143-0.007618995755717585i
-0.9845248047864871-0.1752432706406175i,0.008003738021394974+0.0014741246637802836i
0.6593248899283635-0.7518574286941598i,-0.005397363036157611+0.006081022128617108i
0.3023044651216064+0.9532109214767275i,-0.0024092997362291386-0.007757754149785475i
-0.9721268972090182-0.23445355204154084i,0.007877926815806536+0.001949946855381409i
0.7035808516217436-0.7106145379444435i,-0.005739058778992023+0.005727421558083356i
0.24411376130376033+0.9697461096201383i,-0.0019303346494826076-0.007866999934329212i
-0.9561714220461218-0.2928058326333218i,0.007723639306130735+0.00241587370178053i
0.7452620097174776-0.6667711015352122i,-0.006057565516161367+0.00535460127003993i
0.18502970624545978+0.9827324446275487i,-0.0014469385541181754-0.007946483408650293i
-0.9367167694891484-0.3500865681125356i,0.007541621816303395+0.002870191245852909i
0.7842158290655891-0.6204875676270651i,-0.006351804803330027+0.004964086041522219i
0.1252685222306159+0.9921224020862869i,-0.0009609725685281501-0.007996072074339257i
-0.9138341352169386-0.40608613557098516i,0.007332724268446028+0.0033112404977545446i
0.8202997554054043-0.5719333140902119i,-0.006620798793194691+0.00455746070904566i
0.06504890954451076+0.9978816187820208i,-0.00047429704844418485-0.00801575047622141i
-0.8876072598501954-0.46059960062558003i,0.007097896192574055+0.003737423710950647i
0.8533817370529623-0.5212860286541577i,-0.006863673530546305+0.004136363509777138i
0.004591246124615533+0.9999890184533757i,0.00001123580784306518-0.008005619568964421i
-0.858132122496752-0.5134274673902246i,0.006838182356156357+0.004147210371317938i
0.8833407081535072-0.4687310586468757i,-0.007079661805340591+0.003702479246629607i
-0.05588321892807885+0.9984368889220054i,0.0004937892757107383-0.007965895614967522i
-0.8255165895092279-0.5643764085451419i,0.006554718034015477+0.004539142876363373i
0.9100670317305551-0.414460732703132i,-0.007268105554795362+0.00325753230667749i
-0.11615317502581668+0.9932309103158539i,0.0009715493121172204-0.007896908621081536i
-0.7898800197404736-0.6132599728318924i,0.0062487239404358085+0.004911841883056735i
0.933462900910176-0.35867365692422654i,-0.007428457807472206+0.0028032795627047423i
-0.1759980599958459+0.9843901342823257i,0.0014427316260973992-0.007799100323600327i
-0.7513528277413956-0.6598992673849584i,0.005921500846621757+0.005264011304311631i
0.9534426968521758-0.30157398806489977i,-0.007560284164288765+0.002341503187995256i
-0.2351988672433113+0.9719469142674332i,0.001905588583503941-0.007673021732801134i
-0.7100760064996694-0.704123612402856i,0.005574423907817141+0.0055944429357602295i
0.9699333020783034-0.24337068640722936i,-0.007663263813379369+0.0018740034146338502i
-0.2935389472213969+0.9559467871160687i,0.0023584159185524385-0.007519330250085812i
-0.6662006114659182-0.7457711657629553i,0.005208936725448396+0.005902020696147414i
0.9828743680508447-0.18427675105568037i,-0.007737190077702521+0.001402591265618075i
-0.3508048002756885+0.9364483064266973i,0.002799559225721026-0.007338786372480503i
-0.6198872077555918-0.7846895152941902i,0.004826545170598328+0.006185724466404934i
0.9922185360223664-0.12450844045179596i,-0.007781970496271471+0.0009290812909845869i
-0.40678685796127684+0.9135228282703137i,0.0032274202066683265-0.00713225000088807i
-0.5713052825495555-0.8207362365401938i,0.004428810995934854+0.006444633514257354i
0.9979316103484083-0.06428448096111557i,-0.007797626441826349+0.00045528433792431573i
-0.4612802499733255+0.88725425005785i,0.003640462648029869-0.006900676370029455i
-0.5206326248437477-0.8537794139716808i,0.004017345263920716+0.006677929493046072i
0.999992683628865-0.0038252664285497364i,-0.007784292279704711-0.00001699961548833803i
-0.5140855538844591+0.8577387035116553i,0.004037218107260731-0.006645111619484409i
-0.46805467481775975-0.8836981237406722i,0.0035938016197030382+0.006884899005318948i
0.9983942132200984+0.0566479483685038i,-0.007742214074551147-0.0004859885338055951i
-0.5650095249452617+0.8250842028646531i,0.004416291285072652-0.006366688026599754i
-0.4137638452033634-0.9103828762098782i,0.0031598694375366354+0.007064935723636056i
0.9931420488377759+0.1169138574176883i,-0.0076717478533635496-0.0009499252764040329i
-0.613865803277121+0.7894102495746032i,0.004776365064489936-0.006066618923315562i
-0.3579588171364939-0.9337360166377824i,0.002717266869913645+0.007217542062946107i
0.9842554111494207+0.1767519133567129i,-0.0075733574351731755-0.0014070844005349794i
-0.6604755958694041+0.7508473950000552i,0.005116205198083204-0.0057461933201170936i
-0.30084381306956065-0.9536720825530831i,0.0022677338287748604+0.007342330400817982i
0.9717668214350194+0.23594313458204447i,-0.0074476118393957845-0.0018557787882173354i
-0.7046683308851418+0.7095367626384066i,0.005434664626557681-0.005406770261389203i
-0.2426278494049201-0.97011811651066i,0.0018130249282451501+0.007439023843731474i
0.9557219825730928+0.2942709066275948i,-0.007295182286578523-0.002294366070900929i
-0.7462822818807459+0.6656295316744677i,0.005730687413538663-0.005049772937393948i
-0.18352397158454803-0.9830139330845125i,0.0013549024182826204+0.007507456539549625i
0.9361796117877763+0.3515217748806997i,-0.00711683880686798-0.0027212548268685686i
-0.7851651596553832+0.6192863837295292i,0.006003312283118821-0.004676682578927335i
-0.12374847443515591-0.9923123391205855i,0.0008951291384509772+0.007547573538200057i
0.9132112257689802+0.40748622573439164i,-0.006913446473060107-0.0031349105274829374i
-0.8211746695640916+0.5706769148355892i,0.00625167574849874-0.004289032161428983i
-0.06352011062195628-0.9979793064434631i,0.00043546152072023185+0.007559430204466761i
0.8869008789519968+0.46195945331728167i,-0.00668596127654298-0.003533861209619141i
-0.8541790322551104+0.519979014786664i,0.00647501482185522-0.003888399945917429i
-0.003059290107790047-0.9999940963848839i,-0.000022357330217944456+0.007543191188649206i
0.8573448559143431+0.5147421089951517i,-0.006435425665794115-0.003916702852938787i
-0.8840574659257519+0.4673782161384863i,0.006672669297399065-0.0034764028845977557i
0.0574127264527422-0.9983493356783667i,-0.0004766044511811017+0.007499128962649756i
0.8246513190155282+0.5656410309013991i,-0.006162963768369225-0.0042821044420668485i
-0.9107006283319611+0.4130670152389794i,0.006844083601438907-0.0030546899193442233i
0.11767463743231532-0.9930510434422013i,-0.0009255837019864737+0.007427621930815417i
0.7889399125692411+0.614469950826567i,-0.005869776318474606-0.004628812695201164i
-0.9340110169340023+0.35724416777423873i,0.006988808205125767-0.0026249352014925255i
0.17750591009985683-0.9841186091520593i,-0.001367632287682179+0.0073291521265711895i
0.7503413249965087+0.6610501758800492i,-0.005557135313287057-0.004955656442228227i
-0.9539033257139085+0.3001139614080225i,0.00710650059742133-0.002188831261484824i
0.23668758767569636-0.9715847216838346i,-0.001801127095872842+0.007204302507530442i
0.7089968105621656+0.7052112424293786i,-0.005226378422132872-0.005261550637018037i
-0.9703047573588953+0.2418854681765774i,0.007196925817693313-0.0017480821568970847i
0.29500309061940655-0.9554952496863859i,-0.002224490824472606+0.007053753863351595i
0.6650576724448669+0.7467915399239626i,-0.0048789031734905765-0.0055454999902256035i
-0.9831552896682829+0.1827717793747169i,0.0072599565491934335-0.0013043966272438025i
0.3522390092179708-0.93590907372197i,-0.002636197876287405+0.006878281352116666i
0.6186847090323913+0.7856389023203385i,-0.004516160945507958-0.005806602210622627i
-0.9924078952089909+0.1229892257331344i,0.007295572776497306-0.0008594812837023848i
0.40818588457374044-0.9128978707886517i,-0.0030347799979969677+0.0066787506824430515i
0.5700476254685519+0.8216111649445861i,-0.004139650786346068-0.0060440508447190235i
-0.9980287134157586+0.06275658574077488i,0.007303861011794314-0.00041503386152473267i
0.46263897513410673-0.8865458520132551i,-0.003418831642352856+0.0064561139598772336i
0.5193244126052043+0.8545766847540205i,-0.00375091309116142-0.00625713770619936i
-0.9999971745062839+0.0022942850094592316i,0.007285013096673535+0.000027263437579865456i
0.5153990059577112-0.8569494544747791i,-0.0037870150337455865+0.006211405217382698i
0.4667006956321192+0.8844148220942296i,-0.00335152316291969-0.006445254888484268i
-0.9983060747577955-0.05817641038925184i,0.007239324587781586+0.00046575048640863154i
0.5662728979752074-0.824216988286079i,-0.0041380649186912285+0.005945735650887911i
0.41236905476845254+0.9110163821884336i,-0.0029430846845008157-0.006607896355527259i
-0.9929616028695903-0.11843420366291818i,0.007167192736396783+0.0008987956305973469i
0.6150744745757896-0.7884682402253366i,-0.0044707929842638635+0.00566028858192914i
0.3565283205017958+0.9342840147435039i,-0.0025272231296961664-0.00674465910776324i
-0.9839833173150466-0.17825857714950444i,0.00706911407358527+0.001324801919157827i
0.6616251429336839-0.7498340353678613i,-0.0047840919290274425+0.005356314170376799i
0.29938284595392656+0.9541325702102557i,-0.002105579140728081-0.006855243921929801i
-0.9714040747660075-0.23743059931738095i,0.006945681614153142+0.001742213142967328i
0.7057545475812447-0.7084557583224647i,-0.005076939172605166+0.005035123901091182i
0.24114175903608337+0.9704894113942526i,-0.0016798018998318773-0.00693945566527454i
-0.9552699098514629-0.2957337259607701i,0.0067975816940976505+0.0021495196579633604i
0.7473011938368506-0.6644848358244677i,-0.005348400191654556+0.0046980848691002735i
0.18201819713056622+0.9832946792767647i,-0.001251542522227313-0.006997203186440149i
-0.9356398666905642-0.3529545926586023i,0.0066255904576682425+0.0025452639708977262i
0.7861130388061314-0.6180821825788408i,-0.005597631471679885+0.004346613888521883i
0.12222852709939142+0.9925015120730873i,-0.0008224474974913855-0.007028498787069142i
-0.9125857828164883-0.40888379559672605i,0.006430570011475899+0.0029280460666818845i
0.8220480477937068-0.5694176123814445i,-0.005823883065815632+0.003982171450979491i
0.06199155347443486+0.9980762167265603i,-0.00039415220590822476-0.007033457279892606i
-0.8861920262818989-0.46331665789599624i,0.00621346426433416+0.003296528457619837i
0.8549747140892137-0.5186692166734166i,-0.006026500753432132+0.003606255559668086i
0.0015277177267534747+0.9999983922106945i,0.00003172546417380611-0.007012294640745025i
-0.8565551869080813-0.516053978641809i,0.0059752944726693315+0.003649440936156768i
0.8847725402254254-0.4660227128029305i,-0.006204927793151792+0.003220395465517849i
-0.058941708454591235+0.9982610041881739i,0.0004535913725908147-0.006965326263581423i
-0.8237837228076504-0.5669027618739555i,0.005717154512394365+0.003985585014173495i
0.9113324789472685-0.4116707643794082i,-0.006358706266607223+0.002826145332084726i
-0.11919543292194973+0.9928704107535125i,0.0008698812325864893-0.006892964829155944i
-0.7879975634744085-0.615676922869008i,0.00544020589910116+0.00430383803331364i
0.9345573322779744-0.35581227620739464i,-0.006487478011019461+0.002425077855861136i
-0.1790129529033715+0.9838463391651535i,0.0012790665412241843-0.006795717799544915i
-0.7493276708928666-0.6621979691305433i,0.005145672579291522+0.00460315693234799i
0.9543621072219587-0.29865166638034035i,-0.006590985140407819+0.0020187778686472143i
-0.23817536194811495+0.9712218136521744i,0.0016796603121459345-0.006674184552145714i
-0.7079155602735889-0.7062956535950744i,0.004834835516114082+0.004882581659135774i
0.9706743268027093-0.24039811819811072i,-0.006669070156966439+0.0016088359484644436i
-0.2964661510303066+0.9550430345597776i,0.0020702225888669093-0.006529053168182804i
-0.6639127821682568-0.7478085976632368i,0.004509027093731908+0.005141238216341489i
0.9834342952974139-0.18126481464588573i,-0.0067216756558451+0.001196842065217715i
-0.35367200087905626+0.9353692092758585i,0.00244936571790644-0.0063610968920467205i
-0.6174803678596918-0.7865848817762022i,0.004169625364979816+0.0053783413316955304i
0.992595316697685-0.12146815823592666i,-0.006748843628239419+0.0007843792869306496i
-0.4095835626354348+0.9122723355573743i,0.0028157593622524443-0.0061711702790338266i
-0.5687882400564719-0.822482601376062i,0.003818048167407654+0.005593196745242475i
0.9981238655969106-0.061226979067258304i,-0.006750714369333352+0.000373017571889045i
-0.46399622397945156+0.8858369380494545i,0.0031681352369144094-0.005960205050187457i
-0.5180145910487451-0.8553703862156085i,0.003455747133121376+0.005785203107686301i
0.9999997098788539-0.0007617340014222571i,-0.0067275249992277035-0.00003569232856089219i
-0.5167108579233288+0.8561597589614752i,0.0035052915496561806-0.00572920567400132i
-0.46534523060092386-0.8851278811170573i,0.0030842016180490507+0.0059538534856303236i
0.9982159847585144+0.059706300115020566i,-0.006679607606534561-0.0004402248325075855i
-0.5675345515308164+0.8233494040320928i,0.003826097131383108-0.005479244695700454i
-0.4109729059676931-0.9116461864203443i,0.002704912576353326+0.00609873647118519i
0.9927792179042965+0.11995583622878056i,-0.006607387025800882-0.0008390853319951056i
-0.6162813118957449+0.7875259450788518i,0.0041294952421042684-0.005211457835680742i
-0.35509659652178055-0.934828256509145i,0.002319396405706079+0.006219536895099785i
0.9837093055495433+0.17976638689548394i,-0.006511378261356609-0.0012308158171807073i
-0.6627727467962372+0.7488204805868643i,0.00441450703987823-0.004927038879450126i
-0.29792078557485074-0.9545892549561782i,0.0019291787890170112+0.006316036144237093i
0.9710394396808623+0.23891907116908953i,-0.006392183571538204-0.0016140002987069552i
-0.7068387175336796+0.7073746559446201i,0.004680234701677717-0.004627234382074565i
-0.23965471205634387-0.970856864988124i,0.0015357885579837672+0.00638811208585783i
0.9548159865696997+0.29719741561221313i,-0.006250489228529077-0.0019872700079097234i
-0.7483179615673374+0.663340145082655i,0.004925864186671186-0.00431333821069147i
-0.18051160478879436-0.9835715541339712i,0.001140751603497102+0.00643573860280624i
0.9350983170916858+0.35438814649600214i,-0.006087061970269061-0.00234930835561038i
-0.7870586826660455+0.6168780954120614i,0.005150667634003287-0.003986685949102432i
-0.12070790216185506-0.9926867920883178i,0.0007455848574979217+0.006458984745264529i
0.9119585894547114+0.4102819702904507i,-0.005902745162012472-0.0026988556314320013i
-0.8229191064172647+0.5681585380941232i,0.0053540053887629144-0.0036486491888050123i
-0.06046246006068029-0.9981692209923141i,0.0003517903703502925+0.00645801350630916i
0.8854814851308561+0.4646743395888959i,-0.005698454686163381-0.0030347134268410296i
-0.855767999060587+0.5173597657992399i,0.005535327651441866-0.003300629731060645i
0.000004249052684868193-0.9999987775091121i,-0.00003915049284316941+0.0064330802299901214i
0.855763898958542+0.5173662016637377i,-0.005475174579966128-0.0033557487664337493i
-0.8854851477469741+0.4646676802322731i,0.00569417574780827-0.00294405372472793i
0.060470942973893715-0.9981687662470662i,-0.00042578271427951844+0.006384530662114768i
0.8229145845490127+0.5681647269139939i,-0.005233952441495582-0.003660897933358303i
-0.9119618004661934+0.4102751118120901i,0.005830183017736818-0.0025803657646195463i
0.12071633955419597-0.9926858842619943i,-0.0008066831219610037+0.006312798655307969i
0.7870537562947894+0.6168840145388803i,-0.0049758946251589505-0.0039491699761824i
-0.9351010640325013+0.35438111399499117i,0.005943075323144444-0.0022110229750559236i
0.180519966498134-0.983570196548827i,-0.001180465703680776+0.006218403541253925i
0.7483126494365876+0.663345772854958i,-0.0047021612485889114-0.004219649885973168i
-0.9548182586721183+0.2971902348244876i,0.006032671176773776-0.0018374891031121084i
0.2396629681975203-0.9708550626123377i,-0.0015457867164848863+0.006101947184286077i
0.7068330397986606+0.7073799717671754i,-0.004413961033379834-0.004471501433848735i
-0.9710412279148585+0.23891176837325073i,0.0060988814951326905-0.001461228645762978i
0.2979289066490369-0.9545870143856725i,-0.0019013495726583538+0.005964110731684529i
0.6627667249501288+0.748825465006043i,-0.004112546002588844-0.004703969660778346i
-0.9837106026558418+0.17975898881663058i,0.006141708980439425-0.0010837010347506883i
0.35510455352443565-0.9348255859434456i,-0.0022459094844137083+0.005805651077153029i
0.6162749686910255+0.787530579853819i,-0.003799206058289053-0.004916383012945127i
-0.9927800184209395+0.11994836994070629i,0.006161247137922429-0.0007063549025132467i
0.41098067049470877-0.9116430956325761i,-0.0025782778506462448+0.005627397054980352i
0.5675279108959992+0.8233536722015615i,-0.003475263462729633-0.0051081551175372i
-0.9982162850408487+0.05969879294113521i,0.006157678936289579-0.00033062245193728483i
0.46535277495256905-0.8851243814181766i,-0.002897326370373844+0.0054302453833384055i
0.5167039448753928+0.8561636449057765i,-0.003142067246817261-0.005278786195388129i
-0.9999995081128685-0.0007692545880836938i,0.006131275120587415+0.000042086047970431186i
0.5180218883310365-0.8553664904130116i,-0.0032019908687740484+0.005215156376030423i
0.46398906453229194+0.8858404275476999i,-0.0028009875696947692-0.005427864108444945i
-0.998123161805877-0.061234485544576125i,0.006082392188036066+0.0004103876191515028i
0.5687952642795937-0.8224783237267143i,-0.0034912748230872034+0.0049831494427710005i
0.40957618370466137+0.9122754158394976i,-0.0024534100531531005-0.005555065041592097i
-0.9925941127420701-0.12147562313341542i,0.006011470038725067+0.0007729317638025382i
0.6174870940331085-0.7865802379344646i,-0.003764252577035016+0.004735298398755278i
0.353664430183494+0.9353718690693493i,-0.002100730114465327-0.005660153819889934i
-0.9834325948680726-0.18127221064522447i,0.00591902931428635+0.0011284054663329005i
0.6639191863921661-0.7478036046235773i,-0.0040200722338326516+0.004472726604857221i
0.2964584169905592+0.955045264130933i,-0.0017443473209958606-0.005742983863807422i
-0.9706721354073771-0.24040541823311573i,0.005805668438836474+0.001475537989376946i
0.7079216198263854-0.706290329629875i,-0.004257958219315232+0.004196601960278385i
0.2381674935825545+0.9712236048417205i,-0.0013856597896007843-0.00580349678650978i
-0.9543594321650963-0.29865884373601626i,0.005672060377568883+0.001813105446320296i
0.7493333643142932-0.6621923337232322i,-0.004477213508176355+0.003908131769858119i
0.17900497972194535+0.983847685418106i,-0.0010260586533977541-0.005841721638722593i
-0.934554182634036-0.35581930461769967i,0.005518949129400182+0.00213993513392662i
0.7880028706440925-0.6156709966427574i,-0.00467722150779727+0.003608557508542836i
0.1191873848181858+0.9928713071431629i,-0.0006669226179682583-0.005857773808107246i
-0.9113288655274936-0.4116776181233774i,0.005347145971007064+0.002454909609824431i
0.8237886250187345-0.56689656651621i,-0.004857447595638823+0.0032991495057002607i
0.05893361559620147+0.9982614474341212i,-0.00030961262843935-0.005851853581454216i
-0.884768475538273-0.466029366798802i,0.005157525470450297+0.002756970500851773i
0.8565596669356822-0.5160475368249193i,-0.005017440307661618+0.0029812015720584203i
-0.001535825008274927+0.9999983806908481i,0.00004453333180189048-0.005824244379323612i
-0.8549702122945886-0.518675646570421i,0.004951021289345667+0.003045122029529042i
0.8861960684461448-0.4633099931942479i,-0.005156832176728798+0.002656025592040724i
-0.06199964479481046+0.9980757504830785i,0.0003942052907866767-0.005775310674030596i
-0.8220431246511402-0.5694237946489187i,0.004728621793225044+0.0033184342472549625i
0.9125893730398986-0.40887693240006706i,-0.005275340221424466+0.0023249461041650976i
-0.12223657213275496+0.9925005928122216i,0.0007381261669093173-0.005705495603077796i
-0.7861077116171056-0.6180880945923388i,0.004491365490315134+0.003576045964168727i
0.935642992549568-0.3529475560833869i,-0.005372766087177039+0.001989294891977917i
-0.182026165720443+0.9832933103626146i,0.001075056458943914-0.005615318291281254i
-0.7472954813814853-0.6644904559485574i,0.0042403363194590035+0.0038171673670052055i
0.9552725606218637-0.2957265417578437i,-0.0054489958430147265+0.0016504056076998641i
-0.2411496213057479+0.9704875978364563i,0.0014037987299261186-0.005505370895909265i
-0.7057484700495688-0.7084610659899038i,0.003976658808310979+0.004041082317672845i
0.9714062414622289-0.23742329377784305i,-0.005503999438685892+0.001309608450379918i
-0.29939057241574035+0.9541303186456567i,0.0017232018687478932-0.0053763153901571215i
-0.6616187218517495-0.7498390111548647i,0.003701493123238481+0.0042471503267016795i
0.9839849927230164-0.17825117700849458i,-0.00553782982824617+0.0009682249198804676i
-0.35653588216511833+0.934281333411862i,0.0020321651144283906-0.0052288801012026435i
-0.6150677327268947-0.7884728659226589i,0.0034160300325832135+0.004434808197137294i
0.9929627815731401-0.1184267360017769i,-0.005550621767545334+0.0006275626674607143i
-0.4123764232457347+0.9110132809022722i,0.0023296418291836388-0.0050638560199352i
-0.5662658593165201-0.8242212469656534i,0.0031214858050497957+0.004603571335887707i
0.9983067531584825-0.058168902536413894i,-0.005542590294326598+0.0002889104630860599i
-0.4667078432427912+0.8844113122029249i,0.002614643007631028-0.004882092900217059i
-0.5153916955325948-0.8569533305516661i,0.0028190970650183475+0.00475303473095697i
0.999997350836558+0.0023018055784744815i,-0.005514028900887936-0.00004646670112618788i
-0.5193313124769726+0.8545727791022686i,0.0028862405107112606-0.0046844951662088925i
-0.4626314189804746-0.8865493313026767i,0.002510115626507378+0.004882873594420178i
0.9980283877454335+0.06276409150391218i,-0.005465307410423613-0.0003773323527064567i
-0.5700542516357405+0.8216068778253963i,0.003143570014196979-0.004472017646892432i
-0.4081781096287664-0.912900940557902i,0.002195803327358378+0.004992843672393735i
0.9924070694449856+0.12299668922252191i,-0.005396869569286794-0.0007024831081220068i
-0.618691036530966+0.7856342494227272i,0.0033858336629706497-0.004245661157422077i
-0.35223104321951015-0.9359117227370107i,0.0018774268849583238+0.005082781224641574i
0.9831539675476454+0.18277917327718662i,-0.0053092303684578205-0.0010207530527278823i
-0.665063677403793+0.7467865382755382i,0.003612302423588915-0.004006467947355351i
-0.29499496200448905-0.9554974682529587i,0.0015562527944845488+0.005152602677809438i
0.9703029444351257+0.2418927654336196i,-0.005202973108488651-0.0013310179155416975i
-0.7090024702907642+0.7052059103340276i,0.003822318129005188-0.003755517036137993i
-0.23667932547645815-0.9715865016829381i,0.001233542290232294+0.005202303957603888i
0.9539010293366359+0.30012113531480755i,-0.005078746223103312-0.0016321990240483332i
-0.7503466180674965+0.6610445328509527i,0.0040152952106822385-0.003493919456453766i
-0.17749754383729516-0.984119944069661i,0.0009105463900798634+0.005231959506519044i
0.934008246222088+0.3572511920773473i,-0.00493725987746753-0.0019232670253382627i
-0.7889448188971437+0.6144640175147893i,0.004190722114698427-0.0032228134261954016i
-0.11766619700825537-0.9930519283930755i,0.0005885010425599989+0.005241720994950904i
0.9106973941401273+0.41307386423247605i,-0.00477928235789977-0.0022032453610262436i
-0.8246558199301851+0.5656348290203153i,0.004348162399815048-0.0029433594698645934i
-0.05740424204040773-0.9983497674239729i,0.0002686223953502317+0.005231815734742158i
0.8840537808048587+0.46738486475799423i,-0.004605636270472009-0.002471213484575361i
-0.8573489342292322+0.514735661240985i,0.004487255516831143-0.002656735510178862i
0.003067788174197339-0.9999940733452186i,-0.000047897796745624194+0.00520254480533242i
0.8541749104062247+0.5199854387010894i,-0.00441719456654376-0.002726309810874267i
-0.8869045190271301+0.4619527832860449i,0.004607717269902761-0.0023641319505371405i
0.06352859195826649-0.9979788287028415i,-0.0003598966070470144+0.005154280903783924i
0.8211701267865175+0.570683090536162i,-0.004214876413782813-0.0029677343891566653i
-0.9132144135681386+0.4074793578355367i,0.004709339961825033-0.002066746768787429i
0.12375690871842354-0.9923114084273332i,-0.0006662441990710177+0.005087465930968758i
0.7851602132888433+0.6192922886158354i,-0.003999642931654018-0.003194751291623176i
-0.9361823349298773+0.35151473424778934i,0.004791992226584614-0.001765780642447509i
0.18353232866402175-0.983012552844567i,-0.0009658478999473873+0.005002608327170662i
0.7462769507419245+0.6656351441371575i,-0.003772492810695045-0.0034066907114142565i
-0.9557242303774989+0.29426371902632376i,0.004855618553761395-0.0014624321251516263i
0.24263609941238212-0.970116291775108i,-0.0012576560706733485+0.004900280171241658i
0.7046626351988253+0.7095420621382755i,-0.0035344578351530574-0.003602950764878099i
-0.9717685849606252+0.23593582631594873i,0.004900238510598128-0.0011578928936409913i
0.30085192652862996-0.9536698199996732i,-0.0015406617597360978+0.00478111405827942i
0.6604695571944655+0.7508523621432079i,-0.0032865983287247514-0.0037829989943864504i
-0.9842566832273736+0.1767445111709099i,0.004925945668757137-0.0008533430840826585i
0.3579667650704981-0.9337333245464887i,-0.0018139061277082195+0.0046457997715358655i
0.6138594444276252+0.7894148661834275i,-0.003029998543218531-0.0039463735692527304i
-0.99314282409771+0.11690638840100141i,0.004932906243939043-0.0005499467358948024i
0.41377159924138124-0.9103797644326002i,-0.0020764816315367463+0.004495080764940003i
0.5650028699069748+0.825088452044342i,-0.0027657620099593547-0.004092684183609795i
-0.9983944881097896+0.056640439854328664i,0.004921357457643124-0.00024884736057931165i
0.46806220729844505-0.8836946036651785i,-0.0023275349583976547+0.004329750473214936i
0.5140786277270714+0.8577425697120347i,-0.0024950068736617416-0.004221612651391194i
-0.9999924564272284-0.0038327869622735104i,0.004891605631406085+0.00004883634768106495i
0.5206399089165603-0.8537754984799377i,-0.0025662697001651584+0.004150648467076037i
0.4612730787587063+0.8872577191302853i,-0.002218861228328412-0.004332913199835102i
-0.9979308811717986-0.0642919859924618i,0.004844024024849361+0.0003420146437088663i
0.5713122922730207-0.8207319399612203i,-0.002791948760754115+0.003958656471440335i
0.4067794686481003+0.913525887519489i,-0.0019384584744762093-0.0044264124641795275i
-0.9922173068241519-0.12451590251557099i,0.004779050429803991+0.0006296306902145997i
0.619893918192236-0.7846848533516219i,-0.0030038964898092845+0.003754694264918547i
0.35079722062077523+0.9364509446570732i,-0.001654932716658897-0.004502009187443044i
-0.9828726426142569-0.18428414284393319i,0.0046971845336535025+0.0009106643297063275i
0.6662069987735291-0.7457661555175007i,-0.003201500537454727+0.003539715479137726i
0.2935312056781372+0.9559489946728545i,-0.0013694142198465047-0.004559673630377421i
-0.9699310860025937-0.24337798086918724i,0.004598985065839601+0.0011841356562238244i
0.7100820480185481-0.7041182721898636i,-0.0033842134260579845+0.003314703316624647i
0.23519099285753686+0.9719486830719182i,-0.0010830249427369394-0.004599446697835099i
-0.9534399975321239-0.30158115850596223i,0.004485066742213884+0.0014491083747068844i
0.7513585020772817-0.6598936167473162i,-0.0035515538362060352+0.003080666206086477i
0.17599008229953594+0.984391457861445i,-0.0007968741655197908-0.004621438788910504i
-0.9334597275090296-0.35868067710365664i,0.004356097022581128+0.0017046929368585526i
0.7898853068428395-0.6132540324485087i,-0.003703107605332298+0.002838633413946738i
0.11614512392902115+0.9932317838258755i,-0.0005120542289901366-0.004625828379282644i
-0.9100633951464945-0.41446757693008596i,0.004212792697369433+0.001950049443448781i
0.8255214707446541-0.5643702001552711i,-0.0038385284386656423+0.0025896506309350384i
0.05587512460946331+0.9984373091662584i,-0.00022963640122033524-0.0046128603452077555i
-0.8833366209797633-0.46873770187442027i,0.004055916319879347+0.002184390304120923i
0.858136580717117-0.5134210137139088i,-0.003957538333389134+0.0023347755523933904i
-0.004599353328213263+0.9999889838939457i,0.00004933311274635701-0.004582844039580136i
-0.8533772135317309-0.5212924465709309i,0.003886272500999011+0.002406982646900338i
0.8876112794554323-0.460592925280505i,-0.004059927718093611+0.0020750734707426373i
-0.06505699924909869+0.9978811295453808i,0.0003238370035275652-0.0045361511313829934i
-0.8202948113757258-0.5719394832093925i,0.0037047040836342333+0.0026171504707635227i
0.9138377022121229-0.40607926298604907i,-0.004145555310790646+0.0018116128982623323i
-0.1252765641162411+0.9921214599628331i,0.0005928905185574554-0.004473213220711799i
-0.7842104819053848-0.6204934653723247i,0.003512088214384008+0.0028142765357991257i
0.9367198715357143-0.35007952343845i,-0.0042143476998872395+0.0015454612379697268i
-0.18503767016716605+0.9827310530650486i,0.0008555449388750842-0.004394519242329618i
-0.7452562782799528-0.6667767063233339i,0.0033093323301930135+0.0029978039866700354i
0.9561740485070169-0.2927986416505706i,-0.004266298653642286+0.0012776805199457687i
-0.2441216174019059+0.969744273711113i,0.0011108908596006947-0.004300612671443016i
-0.7035747561663938-0.7106198292643084i,0.0030973700778390064+0.0031672377062709686i
0.9721290391876282-0.23444624106603454i,-0.0043014681646977755+0.0010093232199497142i
-0.30231218393113796+0.9532086479398163i,0.0013580612631449679-0.00419208854603772i
-0.6593184520468334-0.751862387181808i,0.002877157184157966+0.003322145397657154i
0.9845264551591958-0.17523586642738898i,-0.004319981237305658+0.00074142817659122i
-0.3593964172555022+0.933184689044747i,0.0015962343752170497-0.004069590320697701i
-0.6126493250004967-0.7903534500142715i,0.002649667294880089+0.0034621583934929694i
0.9933209271999671-0.11538420229399435i,-0.004322026425864112+0.00047501662269558556i
-0.4151654135803539+0.9097456761216092i,0.0018246362947507133-0.003933806567344745i
-0.5637381640029904-0.8259521569912662i,0.0024158877998402034+0.0035869721934344502i
0.998480271316671-0.055110280069535514i,-0.004307854134304771+0.00021108834580166045i
-0.4694150823139954+0.8829773858981829i,0.0020425433899420717-0.003785467538772473i
-0.5127639629119491-0.8585282321234546i,0.002176815662146733+0.0036963467310010124i
0.9999856065241197+0.00536532355891505i,-0.004277774686762949-0.000049382008011886804i
-0.52194689295165+0.8529777788283128i,0.0022492844536890736-0.0036253416112191537i
-0.459913265426338-0.8879624609568018i,0.0019334532686361339+0.0037901063726199593i
0.9978314239415111+0.06582129383690224i,-0.004232156180783536-0.00030544847358140824i
-0.5725686016119043+0.8198566405986895i,0.0024442426128321354-0.0034542316225100265i
-0.4053794824165737-0.9141471268463145i,0.0016868043186148642+0.003868139652620409i
0.9920256069525695+0.12603638785960825i,-0.004171422135085702-0.0005561971368436476i
-0.621094954566809+0.7837351803603549i,0.0026268569867135792-0.003272971122517766i
-0.3493621841237481-0.9369864051527311i,0.0014378697674950446+0.003930398749024072i
0.9825894023557422+0.1857902442259303i,-0.00409604894461497-0.000800749324095764i
-0.6673483661910129+0.7447455871552295i,0.0027966240917004044-0.0030824205528342196i
-0.2920663698181957-0.9563967139195768i,0.001187643841470906+0.003976898706007849i
0.9695573426100383+0.24486418946663518i,-0.004006563156250235-0.0010382645995970353i
-0.7111595688489395+0.7030305461609507i,0.002953098989431901-0.0028834633726090918i
-0.23370171759014668-0.9723070197472503i,0.0009371101388565526+0.004007716409910172i
0.952977119461048+0.3030420382954053i,-0.003903538579111781-0.0012679435617432844i
-0.752368232341684+0.6587427165243611i,0.0030958961776783992-0.002677002147507388i
-0.17448181701790466-0.9846590977447828i,0.0006872378331239416+0.0040229893265985315i
0.9329094094096217+0.3601108847542066i,-0.003787593243922617-0.0014890304290323193i
-0.7908235506467333+0.6120441726945489i,0.003224690223798068-0.0024639546186577543i
-0.11462338752165879-0.9934077446079488i,0.0004389779920368014+0.004022914008922574i
0.9094276516619194+0.4158618813577184i,-0.0036593862263132014-0.0017008154080560877i
-0.8263847938032847+0.5631058112999225i,0.003339216141876573-0.002245249768312831i
-0.05434548526341876-0.9985209440439602i,0.00019326002658310985+0.004007744383829148i
0.8826177793734338+0.470091003385498i,-0.0035196143493314257-0.0019026368367866737i
-0.8589218229235045+0.512106725739897i,0.0034392695157035294-0.002021823898720675i
0.006131298504527871-0.9999799839373562i,-0.00004901171733376668+0.003977789829517034i
0.8525779051705207+0.5225997955248941i,-0.0033690087807147612-0.0020938830974741008i
-0.8883155664450039+0.459233550779913i,0.003524706370791271-0.0017946167404204176i
0.06658564470892209-0.9977795248283151i,-0.00028696121227909775+0.003933413053754211i
0.8194179621002967+0.5731960981323184i,-0.0032083315407095843-0.0022739942945323374i
-0.914458455881656+0.4046797795482975i,0.0035954427996602225-0.0015645676058165811i
0.12679631638835792-0.9919276194527868i,-0.0005197438364046041+0.003875027785167454i
0.7832593013228659+0.62169475045507i,-0.0030383719363801945-0.0024424636938546965i
-0.9372548194780866+0.34864505543445534i,0.0036514543456074343-0.001332611603473111i
0.18654296832561112-0.9824456832729337i,-0.0007465492838323424+0.003803096289943075i
0.7442342480181557+0.667918268240224i,-0.0028599429384325273-0.0025988389210649366i
-0.9566212323272407+0.2913344414797474i,0.0036927751511224623-0.0010996759280849859i
0.2456069534165668-0.9693684161057314i,-0.0009666042887358419+0.003718126726938287i
0.7024856171325499+0.711697493250824i,-0.002673877516594249-0.002742722917272086i
-0.9724868216697379+0.2329576699347678i,0.003719496878032902-0.0008666762405514303i
0.3037721228247813-0.9527436751365308i,-0.0011791751544813578+0.00362067035470837i
0.6581661907374772+0.7528722123124313i,-0.0024810249495384644-0.0028737746519494683i
-0.9847935262577531+0.1737283747293189i,0.003731767407328628-0.000634513151981943i
0.3608256169934574-0.9326322997822989i,-0.001383570080145675+0.0035113186043858866i
0.6114381589126008+0.7912917436245821i,-0.002282247125214124-0.002991709593598692i
-0.9934963088342667+0.11386330966391582i,0.0037297893274370855-0.00040406882482375443i
0.416558644620068-0.909107889045463i,-0.0015791412777025695+0.003390700032721342i
0.5624725261997361+0.8268154881915085i,-0.0020784148472582416-0.0030962999398809654i
-0.9985633209500955+0.053581555183902736i,0.0037138182204975076-0.00017620370360823945i
0.4707672467429132-0.8822565321731504i,-0.0017652868741595865+0.003259477169893485i
0.511448485799618+0.8593134443541215i,-0.0018704041629097929-0.0031873746098992494i
-0.999976019515548-0.006896283360953635i,0.0036841607569025625+0.000048246612920385525i
0.5232530431433875-0.8521764936074896i,-0.0019414525939264302+0.003118343276936456i
0.45855276380169235+0.8886666835402881i,-0.0016590927275277618-0.0032648190022909634i
-0.9977292346601744-0.06734888303736367i,0.0036411726090431746+0.0002684743473085655i
0.573823958332438-0.818977853379927i,-0.0021071332177054905+0.0029680190277945966i
0.4039789358467678+0.9147677854923641i,-0.0014453562204372586-0.003328574523734572i
-0.991831188652273-0.1275550132754646i,0.0035852561958034197+0.0004837023563527775i
0.6222949244644186-0.7827821042655545i,-0.0022618738152014825+0.0028092491311193326i
0.3479267187232486+0.9375212313792355i,-0.0012300648263915378-0.0033786378933864346i
-0.9823034658089196-0.1872943454777582i,0.0035168582699035673+0.0006931867721856728i
0.668488558605981-0.7437217071716957i,-0.0024052707499531527+0.0026427989069535847i
0.2906012394894043+0.9568437533542452i,-0.001014079796444695-0.0034150602296404713i
-0.9691809335066269-0.2463482593272177i,0.0034364673606826564+0.0008962194630310047i
0.7122358118814788-0.7019396063878334i,-0.0025369724555923405+0.0024694508334185536i
0.2322122847963698+0.9726646392797743i,-0.0007982501014865018-0.0034379459264371956i
-0.9525116145817139-0.3045006428438215i,0.003344611085339138+0.001092130306067394i
0.7533765881193025-0.6575887064708595i,-0.002656679983817984+0.0022900010784182878i
0.17297353315904102+0.9849259915033188i,-0.0005834091910932578-0.003447451327140346i
-0.9323565115873325-0.36153868326164784i,0.003241853342019147+0.0012802892657578545i
0.7917603297351548-0.6108313126800198i,-0.0027641473253507444+0.0021052560312182843i
0.11310177298441526+0.9935829387380486i,-0.0003703718697118414-0.0034437832047462614i
-0.9087893835503069-0.4172536458322654i,0.0031287913984431744+0.0014601082719332603i
0.8272465687081973-0.5618385370093235i,-0.002859181506080306+0.0019160288485291208i
0.05281610921906271+0.9986038002724593i,-0.00015993130150730308-0.0034271970578870084i
-0.8818964760447497-0.47144163770432657i,0.0030060528900050327+0.0016310428928637028i
0.859705440633717-0.5107896719910814i,-0.0029416424615539513+0.0017231360294447241i
-0.007662838480942846+0.9999702019081809i,0.000047143845516845-0.0033979952327340746i
-0.851776205570274-0.5239043540838978i,0.0028742927414516827+0.0017925937995002792i
0.889018159971115-0.45787153456218826i,-0.0030114426938497156+0.001527394033240747i
-0.06811374312328011+0.9976771432016569i,0.00025011210627516427-0.0033565248815027805i
-0.8185387993898461-0.5744498039448964i,0.0027341900263644432+0.0019443080180245606i
0.9150774547480035-0.4032777823943099i,-0.0030685467157545677+0.0013296159536442128i
-0.12831538034118378+0.9917330157636217i,0.0004482617671731748-0.003303175768793785i
-0.7823058921453083-0.6228930126338499i,0.002586444778715513+0.0020857799687940717i
0.9377879591295869-0.3472082051899188i,-0.003112970288001817+0.0011306082627320323i
-0.188047437979681+0.982159572549407i,0.0006409132482540988-0.003238377937489243i
-0.7432100807267921-0.6690566987977367i,0.0024317747707550165+0.00221665229071957i
0.9570665624166876-0.2898679935377291i,-0.0031447794561235663+0.0009311676371163384i
-0.2470913223435266+0.9689918482524614i,0.0008274213115174951-0.0031625992463436437i
-0.7013944390250104-0.7127719231576561i,0.0022709122714113022+0.002336616451043381i
0.9728427131952357-0.23146698800320514i,-0.003164089394232503+0.000732077878525152i
-0.30523095815631124+0.9522780310924084i,0.0010071770888707631-0.003076342791773353i
-0.6570119943422192-0.7538787067540835i,0.002104600799252684+0.002445413141414511i
0.985058677524166-0.1722189112021501i,-0.00317106306376455+0.0005341069402941322i
-0.3622535793032393+0.9320792864668437i,0.0011796099240494876-0.002980144226651675i
-0.6102251673779691-0.7922266164012013i,0.0019335918838598747+0.0025428324620584307i
0.9936697502168622-0.1123405856676587i,-0.0031659096958847294+0.00033800407064877647i
-0.4179505074637922+0.908469533112231i,0.0013441890237333692-0.0028745689891608753i
-0.5612051778390517-0.8276753152077969i,0.0017586418492101432+0.0026287138967240344i
0.9986444184429569-0.0520511403727003i,-0.003148883106879672+0.00014449708298600543i
-0.47211791578482404+0.8815351725930509i,0.0015004249139774627-0.0027602094549341273i
-0.5101314178488561-0.8600950761500556i,0.0015805086323639006+0.002702946081949237i
0.9999644770517623+0.008428791187875786i,-0.003120279856437072-0.00004571023734497952i
-0.5245575747993634+0.8513747731091572i,0.0016478706989819362-0.002637682025844311i
-0.45719079544918984-0.8893672568167919i,0.0013999486503833603+0.0027654663750167397i
0.9976250951953114+0.06887787842124116i,-0.0030804372592285923-0.000231940580999232i
-0.5750775778613886+0.8180987087784666i,0.0017861231201183388-0.0025076241688583405i
-0.40257705059706156-0.915384733589754i,0.0012177137280023672+0.002816260225771088i
0.9916348340071862+0.12907490361156676i,-0.003029731260684815-0.00041354540933261454i
-0.6234930434417891+0.7818287557150603i,0.0019148234140281667-0.0023706914183773934i
-0.346490046159588-0.9380522936700934i,0.001034548098103806+0.0028553603582308546i
0.982015615272444+0.18879957148192178i,-0.0029685741882608274-0.0005899070886282154i
-0.6696267917154148+0.7426976463808685i,0.0020336579694937994-0.0022275543554304486i
-0.2891350365016766-0.9572869835163442i,0.0008511854865563911+0.0028828457686576625i
0.9688026412032932+0.24783331538044095i,-0.0028974123898504595-0.0007604408574514758i
-0.7133099929631949+0.7008485838418255i,0.0021423587836557987-0.002078895576972267i
-0.2307219163431416-0.9730184124187837i,0.0006683462924124572+0.0028988405474303456i
0.9520442656141034+0.3059600971404661i,-0.002816723771308086-0.0009245966215554965i
-0.7543827854164504+0.6564347177061085i,0.002240703719009851-0.0019254066683688624i
-0.17146445263411136-0.9851890100992186i,0.0004867348738805294+0.002903512532714882i
0.9318018169671962+0.36296719768751706i,-0.0027270152452799836-0.0010818605715936984i
-0.7926948602823598+0.6096185836623003i,0.0023285165634532273-0.0017677851919292804i
-0.11157950225973462-0.9937542373934967i,0.00030703694986063503+0.00289707180452117i
0.908149373936998+0.41864599549981085i,-0.0026288201037342725-0.0012317566197398299i
-0.8281060118096308+0.5605715086685255i,0.002405666896468374-0.0016067317040647832i
-0.051286218437051945-0.9986827492457322i,0.000129917126171463+0.0028797690282892034i
0.8811734943138794+0.47279273007349387i,-0.0025226953267111917-0.0013738476521636602i
-0.8604866503813763+0.509472983969314i,0.0024720697653200048-0.0014429468133293202i
0.009194751291724201-0.9999565094177568i,-0.000043983445088845746+0.0028518936576509713i
0.8509728982397959+0.5252092475986383i,-0.002409218839882836-0.0015077365951564048i
-0.8897182767574959+0.45651000823467935i,0.002527685175901635-0.0012771282912179289i
0.06964207253451432-0.9975708564940116i,-0.0002140492653229099+0.0028137720064671584i
0.8176581069349333+0.5757037261171414i,-0.002288986733534544-0.0016330672935463066i
-0.9156939157310373+0.40187640322524315i,0.0025725174035975806-0.0011099682471770412i
0.12983453403825745-0.9915345209403266i,-0.00037969254136506773+0.002765765200640299i
0.7813510382374773+0.6240913775087673i,-0.002162610455535248-0.0017495252008797048i
-0.9383185076115415+0.34577210448777396i,0.0026066141302185566-0.0009421503788149256i
0.18955185722715723-0.981869593154163i,-0.0005403550833323362+0.0027082670205559696i
0.7421845604366495+0.6701951237363597i,-0.0020307139907744403-0.0018568378816703297i
-0.9575092561027128+0.2884024296768952i,0.0026300654137246518-0.0007743473077912051i
0.2485755023277298-0.9686114426232397i,-0.000695510042934753+0.002641701645298782i
0.7003020060317924+0.7138462448754599i,-0.0018939310393947988-0.0019547753268309345i
-0.9731959313013294+0.22997732718058678i,0.0026430024980667096-0.0006072180113207939i
0.30668946813058345-0.9518085884883875i,-0.0008446634875692254+0.0025665213100344655i
0.655856647196938+0.7548849965568187i,-0.001752902205950014-0.00204315008419574i
-0.9853211267085474+0.17071060779919073i,0.002645596471050123-0.0004414053586451287i
0.36368108246214104-0.9315225219843166i,-0.0009873558063139755+0.0024832038881364743i
0.6090111348704323+0.7931611945622301i,-0.0016082722113696772-0.0021218172068150657i
-0.9938404693130483+0.11081916228964428i,0.0026380567786561-0.00027753376121221403i
0.41934178047352194-0.9078274814080901i,-0.0011231629447364343+0.002392250409771346i
0.5599369035223065+0.8285347644343137i,-0.0014606871393144174-0.0021906740224533353i
-0.9987227819772182+0.05052216763839502i,0.0026206296047389965-0.00011620694466407722i
0.4734678678983763-0.8808101804388158i,-0.0012516974662266475+0.0022941825287384433i
0.5088135437776916+0.8608762540889114i,-0.0013107917281608237-0.0022496597284434486i
-0.9999501975320899-0.009959715032304106i,0.002593596125457879+0.0000419941499356166i
0.5258612664864791-0.8505694908027985i,-0.001372609438362109+0.002189539949385669i
0.4558281451922096+0.8900673075541579i,-0.001159226719466999-0.0022987548167426436i
-0.9975182241635129-0.07040514798939843i,0.002557270648187487+0.00019651332889128077i
0.5763302388851151-0.8172160804454538i,-0.0014855871436002398+0.0020788778254006565i
0.4011746115844915+0.9160010981025405i,-0.0010066262733419186-0.002337980334695561i
-0.9914357618502647-0.13059292689014235i,0.002511998644995914+0.0003468209666469706i
0.6246900903155005-0.7808720085341241i,-0.0015903576143734754+0.00196276414219727i
0.34505295143142384+0.9385827191908764i,-0.0008536154606694725-0.0023673969876338726i
-0.981725069793951-0.19030279029505598i,0.002458154691064332+0.0004924156792288222i
0.6707638444764057-0.741670278773913i,-0.0016866869934297737+0.0018417770944925526i
0.28766854592295904+0.9577295317775274i,-0.0007008078416366562-0.002387104090031823i
-0.9684216849598773-0.2493162257302641i,0.0023961403186663357+0.0006328258457809266i
0.7143828912014643-0.6997543526712053i,-0.0017743807210105014+0.0017165024704915196i
0.22923139735510895+0.9733714667458255i,-0.0005488031394722982-0.0023972383724831735i
-0.9515742920270116-0.3074172693493683i,0.0023263817975094176+0.0007676109743625277i
0.7553876035000174-0.6552776245261256i,-0.0018532835511907183+0.001587531053873312i
0.16995536061166733+0.9854512813269686i,-0.0003981850177368246-0.0023979726522743486i
-0.9312445452229492-0.36439329626843814i,0.0022493278523830393+0.0008963629089213751i
0.7936279217233908-0.6084028600752311i,-0.00192327940041519+0.0014554560545026278i
0.11005736054711712+0.9939247685839854i,-0.00024951896890299994-0.0023895143757927018i
-0.9075068426959048-0.42003579868183266i,0.0021654473291399974+0.001018706875108615i
0.8289639027188079-0.5593016008387739i,-0.0019842910319474924+0.0013208705784748783i
0.04975659813476441+0.9987609191901532i,-0.00010335032134697689-0.0023721040414292154i
-0.8804480542494162-0.47414114891128156i,0.002075226820079276+0.0011343023633490603i
0.8612662319612657-0.508153536352357i,-0.0020362795806081503+0.0011843651477494118i
-0.010726251714748836+0.9999420349098255i,0.000039797628774198546-0.0023460135120113084i
-0.850167203436149-0.5265113445957951i,0.001979168259780791+0.001242843848322853i
0.8904166967892011-0.45514584658035423i,-0.002079243922800772+0.0010465252792273305i
-0.07116984772890911+0.9974637933663771i,0.00017942535494520394-0.002311544226129653i
-0.8167751051741915-0.5769547332953269i,0.0018777865023841358+0.0013440613447494216i
0.9163086190120948-0.40047251691757296i,-0.0021132198974232225+0.0009079291326987645i
-0.13135299228739328+0.9913352638602495i,0.000315058701878065-0.0022690253180050347i
-0.7803939602120139-0.6252867138564522i,0.0017716068911909778+0.0014377208000873193i
0.938847245306866-0.3443336282859646i,-0.0021382793838165223+0.0007691452366154856i
-0.19105544091042553+0.9815788741792024i,0.00044625034681184756-0.0022188116557761775i
-0.7411569079261737-0.6713304119733612i,0.001661162831315715+0.0015236243254721177i
0.957950093974368-0.28693462492431954i,-0.002154529243428977+0.0006307303001455337i
-0.25005870825904963+0.9682303285222362i,0.0005725811167745611-0.0021612818082759108i
-0.6992075390883407-0.714917327471909i,0.0015469933759057926+0.001601610266904248i
0.9735472567870096-0.22848556255052654i,-0.0021621101323560004+0.000493227119435998i
-0.30814686769770033+0.951338476837547i,0.0006936611587574422-0.0020968359505008833i
-0.6546993703846963-0.7558879509479356i,0.001429640836209579+0.0016715531193697904i
0.9855816548228616-0.16920033964779613i,-0.0021611951923618624+0.00035716258545518857i
-0.36510734149301793+0.9309651360526825i,0.0008091309604558641-0.0020258937180718172i
-0.6077952826107489-0.7940923475032272i,0.0013096484254809986+0.0017333632872236885i
0.9940092473500174-0.109295914688012i,-0.0021519886283895774+0.00022304580020478894i
-0.4207316787571194+0.9071848638511167i,0.0009186622199332831-0.0019488920210240304i
-0.5586669245975276-0.8293907054428947i,0.0011875579463837013+0.0017869866947861554i
0.9987991929967689-0.04899151215683945i,-0.0021347241809289443+0.00009136630749240535i
-0.4748163182883849+0.8800846858231267i,0.0010219585632637435-0.0018662828272640413i
-0.5074940850505292-0.8616538479261737i,0.0010639075311929386+0.0018324042516962705i
0.9999339626177906+0.011492179713807341i,-0.0021096635019271777-0.00003740755616236865i
-0.5271633335180909+0.8497637769894829i,0.0011187561098984482-0.0017785309259783016i
-0.4544640346002153-0.8907637056982209i,0.0009392294436935534+0.0018696311781303916i
0.9974094034432879+0.07193381656997877i,-0.002077094443199651-0.0001628301855489845i
-0.577581156836708+0.8163330988634363i,0.0012088238861823759-0.0016861116811852177i
-0.3997708404718797-0.9166137491729136i,0.0008140479512376802+0.0018987161955225983i
0.9912347542763529+0.1321122079610288i,-0.0020373292665267903-0.00028448010141783646i
-0.6258852806491326+0.7799149933792007i,0.001291964088114879-0.0015895087854824884i
-0.343614656282892-0.9391093782854166i,0.0006888772749638071+0.0019197405889209334i
0.9814326116829107+0.191807126801735i,-0.001990702784805236-0.00040196121211930714i
-0.6718989325933007+0.7406427351729836i,0.0013680121950967027-0.0014892120238582682i
-0.28620098956635986-0.9581682686878166i,0.0005642196256850949+0.0019328171475747223i
0.9680388472979846+0.2508001153089125i,-0.0019375704437599335-0.0005149039392446092i
-0.7154537224511633+0.6986600438550123i,0.0014368369370404512-0.0013857150572147143i
-0.22773994970175815-0.973720673020906i,0.0004405633324385579+0.0019380889907692107i
0.9511024765509087+0.3088752844631443i,-0.00187830635381508-0.000622966204941923i
-0.756390258384618+0.6541205580574447i,0.0014983401178291838-0.0012795132349856181i
-0.1684454790047724-0.985709676159582i,0.00031838107014648846+0.0019357282863101226i
0.9306854792898918+0.3658201040699366i,-0.0018133012817714007-0.0007258342792417428i
-0.7945587302412277+0.6071872731829125i,0.0015524562986969147-0.0011711014459329862i
-0.10853456979024523-0.9940914034977796i,0.00019812819228079895+0.0019259348694030066i
0.9068625729623742+0.4214261805290178i,-0.001742960611938778-0.0008232234863796365i
-0.8298194577950819+0.5580319449113023i,0.0015991523456635203-0.0010609720158685331i
-0.0482264702734308-0.9988351815106971i,0.00008024117384580325+0.0019089347699777332i
0.8797209391812366+0.475490019465477i,-0.0016677022863357369-0.0009148787697542364i
-0.8620434019164781+0.5068344606476808i,0.0016384268456890116-0.0009496126606775118i
0.012258117784375633-0.9999236500067346i,-0.0000348638305975367+0.0018849786567686128i
0.8493599046775141+0.5278137704318415i,-0.0015879547334819262-0.0010005751157966941i
-0.8911126367997544+0.4537821812115962i,0.0016703093967150428-0.000837504502620465i
0.07269784674956425-0.9973528256583442i,-0.00014679230974382559+0.001854340206682059i
0.8158905778071883+0.5782059509558001i,-0.0015041547951878571-0.001080117837655807i
-0.9169207815211265+0.3990692551768895i,0.0016948597772304245-0.0007251201574576812i
0.1328715331535512-0.9911321165792981i,-0.0002551725956806998+0.0018173144081605006i
0.7794354419422913+0.6264821472838732i,-0.0014167456605799662-0.0011533427202136885i
-0.9393733893472141+0.3428959083712395i,0.0017121670014340206-0.0006129218994843143i
0.19255896712934711-0.9812842878950319i,-0.00035965693845546706+0.001774215807386577i
0.7401279072343301+0.6724656892566026i,-0.001326174816396251-0.001220116028543058i
-0.9583882933695493+0.2854677111355651i,0.0017223482664704198-0.0005013599110827846i
0.25154171828516075-0.9678453784320535i,-0.0004599224527932371+0.0017253767062646067i
0.6981118223903888+0.7159882968455132i,-0.0012328920223464634-0.0012803343824903492i
-0.9738959072001966+0.2269948260248047i,0.001725547798577891-0.00039087062289565035i
0.3096039350658871-0.9508645688313078i,-0.0005556719353063533+0.001671145321166435i
0.6535409482485985+0.7568906959857946i,-0.0011373473200541645-0.0013339245006227692i
-0.9858394796280698+0.16769123870316127i,0.0017219356053156407-0.00028187515020088163i
0.36653313467716053-0.9304040015681356i,-0.0006466345511491005+0.0016118839114383483i
0.6065783950794598+0.795023201451022i,-0.001039989083787581-0.0013808428173042817i
-0.994175302304007+0.10777397484841104i,0.001711706141327987-0.0001747778305326381i
0.42212098068118975-0.9065385535374861i,-0.0007325663896803118+0.0015479668866329843i
0.5573960256722559+0.8302462646368416i,-0.0009412621208436603-0.0014210749771687802i
-0.998872869694569+0.04746230593106393i,0.00169507689535179-0.0000699648670399362i
0.47616404541870494-0.8793555620366151i,-0.0008132508892964279+0.0014797789013584494i
0.5061738263910045+0.8624309842489727i,-0.000841605829077607-0.001454635211730772i
-0.9999149907192019-0.01302305322511064i,0.0016722869063852262+0.00003219691848787732i
0.5284645544668857-0.8489545051480626i,-0.0008884991321850657+0.0014077129465245837i
0.4530992485016113+0.8914595780266237i,-0.0007414524186703799-0.0014815656033187374i
-0.9972978516622107-0.07346075216461397i,0.0016435952171072968+0.00013136121956929184i
0.5788311104088666-0.8154466376925614i,-0.0009581500103251385+0.0013321684456179864i
0.398366522180686+0.917225813775014i,-0.0006412252048018599-0.0015019352419286154i
-0.9910310301293247-0.1336296148478847i,0.001609279272767799+0.0002272032631695546i
0.6270793932661397-0.7789545840841445i,-0.0010220702646169294+0.0012535493644491747i
0.3421759457164573+0.9396353981296178i,-0.0005413369774486185-0.0015158392809726396i
-0.9811374599977694-0.19330944906068095i,0.0015696332738595392+0.000319420709824634i
0.673032835030571-0.7396118895774162i,-0.001080154399566027+0.0011722623425957908i
0.28473315250300035+0.9586063216294085i,-0.0004421884540579773-0.0015233978982465948i
-0.9676533474881192-0.2522818522230825i,0.0015249664909360128+0.0004077344341235436i
0.7165232658275296-0.6975625315492343i,-0.0011323244764646263+0.0010887148545088562i
0.2262483585102668+0.974069158836288i,-0.00034416682036255103-0.0015247551687471298i
-0.9506280386650693-0.31033101064919977i,0.0014756015499500037+0.000491889184496968i
0.7573915293454535-0.6529603926033037i,-0.001178529788509655+0.001003313407962351i
0.16693559298385774+0.9859673224023953i,-0.00024764436409743584-0.0015200778562452783i
-0.9301238388520158-0.3672444893326402i,0.0014218726964631183+0.000571654121830271i
0.7954880652796458-0.6059686974258901i,-0.001218746421769413+0.000916461787209319i
0.10701191518983882+0.9942572701555141i,-0.0001529772058686566-0.001509554130761122i
-0.9062157846203147-0.42281400936746094i,0.0013641240470112191+0.000646823236980334i
0.8306734566587983-0.5567594154535203i,-0.0012529767063569823+0.0008285593478618964i
0.04669662007098574+0.9989086644447345i,-0.000060504130894478384-0.0014933922192847582i
-0.8789913691876318-0.47683621015957456i,0.0013027078358113363+0.0007172156478280262i
0.8628189400512756-0.5055126315386496i,-0.001281248562584233+0.0007399993701412085i
-0.013789564278591349+0.9999044831632363i,0.000029454475189950217-0.001471818997251622i
-0.8485502222303188-0.5291133936392464i,0.0012379826648572791+0.0007826757770357982i
0.8918068767840097-0.4524158869163915i,-0.001303614747261051+0.0006511674767475125i
-0.07422528438353937+0.9972410820418938i,0.00011659758381354293-0.0014450785284076835i
-0.8150037452815552-0.5794542477511808i,0.0011703117652814565+0.0008430734122044453i
0.9175311834495565-0.3976634928840854i,-0.0013201520056596837+0.0005624401211841447i
-0.13438937144598323+0.9909282079857372i,0.00020064437212418353-0.001413430560786763i
-0.7784747040495488-0.6276745465745379i,0.0011000612776544073+0.0008983036506284995i
0.9398977201258379-0.3414558197053422i,-0.001330960134990628+0.0004741831519319131i
-0.19406165072840265+0.9809889634044617i,0.0002813349612475308-0.0013771489865750787i
-0.7390967791477318-0.673597824510737i,0.0010275985586585526+0.0009482867313378716i
0.958824634887854-0.283998563340874i,-0.0013361609655292556+0.0003867504574172659i
-0.25302374729868077+0.9674597216675258i,0.00035843104311636127-0.0013365202736510334i
-0.6970140768810879-0.717056022071813i,0.0009532905213054796+0.0009929677575784273i
0.9742426633506001-0.225501992689559i,-0.00133589726579075+0.0003004826962489511i
-0.3110598851886313+0.9503899939932274i,0.0004317163953719937-0.0012918418765681162i
-0.652380601878924-0.7578901009060134i,0.0008775020155714967+0.0010323163133275988i
0.9860953821469877-0.1661801800945134i,-0.0013303315783764428+0.00021570611671807444i
-0.3679576770414365+0.9298422482588955i,0.0005009972843632761-0.0012434206346897286i
-0.6053596935040231-0.7959506258099116i,0.0008005942560053382+0.0010663259778588867i
0.9943394154131536-0.10625021793019229i,-0.0013196449933035952+0.00013273146906524452i
-0.42350890135822106+0.9058916803952684i,0.0005661027567858905-0.0011915711650938557i
-0.5561234281006766-0.8310983115971169i,0.0007229233025158327+0.0010950137427614974i
0.9989445935255051-0.04593142413746852i,-0.0013040358657864103+0.00005185301352195818i
-0.47751026449937306+0.8786259392016589i,0.0006268848210084993-0.0011366142577390304i
-0.5048519892691175-0.8632045328222767i,0.0006448386001788636+0.0011184193361857516i
0.9998940635085938+0.014555460385902252i,-0.001283718485555335-0.00002665237337033816i
-0.5297641446520175+0.8481448055889675i,0.0006832185196220873-0.0010788752802246841i
-0.4517330084708725-0.8921517944950055i,0.0005666815835146018+0.0011366044594196426i
0.9971843507097743+0.07498907960223171i,-0.001258921704885802-0.00010252599216393751i
-0.5800793150410349+0.8145598274243715i,0.0007350018952237594-0.0010186825992899657i
-0.39696087837814126-0.9178341620611211i,0.0004887843502784602+0.001149651941208875i
0.9908253715149393+0.13514827240199476i,-0.0012298875325582107-0.00017552801213782722i
-0.6282716437369872+0.7779939113140039i,0.0007821558519011948-0.0009563660259748703i
-0.3407360414800463-0.9401576490776506i,0.00041146840938637957+0.0011576648155062355i
0.9808403970588054+0.19481288195857321i,-0.001196869700984474-0.0002454380601685103i
-0.6741647674999567+0.7385808728175259i,0.0008246239153204375-0.0008922552911203916i
-0.28326425654914594-0.9590405611628731i,0.0003350435071583522+0.0011607653285803752i
0.9672659680625466+0.2537645614077545i,-0.0011601322137185376-0.0003120557063460493i
-0.7175907371933106+0.6964649467406083i,0.000862371894734993-0.0008266785576098689i
-0.22475584565263618-0.9744137949626959i,0.0002598065356147282+0.0011590938816244262i
0.9501517611104358+0.3117875729035447i,-0.0011199478805151892-0.0003752008463336856i
-0.7583906324054609+0.6518002592974443i,0.0008953874506242945-0.000759960975454388i
-0.1654249244638492-0.9862210910392711i,0.0001860405261032863+0.0011528079151837177i
0.92956040685487+0.36866957712609494i,-0.0010765968470159554-0.0004347139809519974i
-0.7964151430303669+0.6047502640749552i,0.000923679572037289-0.0006924232855023718i
-0.10548861869078346-0.994419239756396i,0.00011401373106940574+0.0011420807418667442i
0.9055672608150589+0.42420241035248096i,-0.0010303651260253877-0.0004904563939395786i
-0.8315251156784418+0.5554871438628117i,0.0009472779680577023-0.0006243804772108478i
-0.04516626948919811-0.9989782394082349i,0.000043978796313029844+0.0011271003339170093i
0.8782601276081669+0.47818284624658924i,-0.0009815431371921624-0.0005423102293004355i
-0.8635920629182371+0.5041911805383206i,0.0009662323781212133-0.0005561405055520247i
0.015321369231881099-0.9998814060126864i,-0.00002382797439583336+0.0011080680723017302i
0.8477389396220989+0.5304133395802869i,-0.0009304242617337519-0.0005901784700910055i
-0.8924986334852983+0.4510500953121277i,0.0009806118062005856-0.00048800307174953186i
0.07575293867472616-0.9971254343675977i,-0.00008918726094289348+0.0010851974640206916i
0.8141153913058468+0.5807027491641745i,-0.0008773034186389332-0.000633984820925866i
-0.9181390417374261+0.3962583617491526i,0.0009905036841320765-0.0004202584721436186i
0.1359072852311033-0.9907204101463867i,-0.00015189727380629907+0.0010587128343524242i
0.777512530415747+0.6288670373423062i,-0.000822475668550038-0.0006736734968885164i
-0.9404194547847292+0.34001649407880474i,0.0009960129695827417-0.00035318651907631623i
0.19556426980956476-0.9806897729888039i,-0.00021177420583875332+0.0010288480007374049i
0.7380643077134978+0.6747299434910237i,-0.0007662348512723163-0.0007092089219206964i
-0.9592583358777265+0.2825303133989603i,0.0009972611843567353-0.00028705553726919624i
0.2545055734500455-0.9670702307219132i,-0.00026865258888859563+0.0009958449349482576i
0.6959150867638622+0.7181236290571935i,-0.0007088722625767103-0.0007405753401289308i
-0.97458674279686+0.22401019445907772i,0.0009943853989032218-0.00022212143873851498i
0.31251549627755826-0.9499116250251972i,-0.0003223855557038043+0.0009599524201179075i
0.6512191156259791+0.7588892917752783i,-0.0006506753756618625-0.0007677763437895379i
-0.9863485801514275+0.1646702957789032i,0.0009875371690259635-0.00015862687885901457i
0.36938174687116304-0.9292767490314023i,-0.0003728450080023291+0.0009214247090867412i
0.6041399623716659+0.7968777468154733i,-0.000591926612320477-0.0007908343221511723i
-0.9945008046646379+0.104727775920201i,0.0009768814308975643-0.00009680049574911832i
0.424896219159456-0.9052411175306219i,-0.0004199216920198879+0.0008805201903919584i
0.554849916496475+0.8319499727361572i,-0.0005329021685150849-0.0008097898354261844i
-0.9990135826935316+0.04440199877961638i,0.0009625953605556765-0.00003685623471027696i
0.47885575399947716-0.8778926906185736i,-0.0004635251832593132+0.0008375000680568901i
0.5035293584140852+0.8639776202427045i,-0.00047387089871416574-0.0008247009186288998i
-0.9998703994073115-0.01608626918903939i,0.000944867204101+0.000021007240987572424i
0.5310628826519814-0.8473315518004005i,-0.0005035837825629565+0.0007926270611460359i
0.45036609934140015+0.8928434818908169i,-0.00041509326297006565-0.0008356423201573568i
-0.9970681192245312-0.07651566688526182i,0.0009238950848296946+0.00007660705212035208i
0.5813265494322749-0.8136695417279951i,-0.0005400443260091573+0.0007461641288352833i
0.3955546939901009+0.9184419210154677i,-0.0003568203403386742-0.0008427046802264787i
-0.9906169972879815-0.13666504864847787i,0.000899885793513799+0.00012977651790430458i
0.6294628108920236-0.777029848911213i,-0.0005728719114946317+0.0006983732265064088i
0.3392957285798997+0.9406792583157593i,-0.0002992929118498592-0.0008459936544432796i
-0.9805406419352677-0.19631429355625207i,0.0008730535679978676+0.00018036548277882908i
0.6752955089733317-0.7375465589007975i,-0.0006020495452043991+0.0006495140981133137i
0.2817950867790624+0.9594741146809586i,-0.00024274061583825883-0.0008456289879689776i
-0.9668759283024267-0.2552451109723927i,0.0008436188682030732+0.000228240556005767i
0.7186569156716268-0.6953641635928091i,-0.0006275777114900834+0.0005998431097852901i
0.2232631962585443+0.9747577090031154i,-0.00018738117803848765-0.0008417435458377038i
-0.9496728633767536-0.31324183939699257i,0.0008118071525271631+0.0002732852649235837i
0.759388346848175-0.6506370324503008i,-0.000649473869971752+0.0005496121293317352i
0.16391425861702452+0.986474109886401i,-0.00013341971843998482-0.0008344823050972773i
-0.9289944029926925-0.37009223569496397i,0.0007778476614976623+0.00031540012309245953i
0.7973407429459219-0.6035288475773335i,-0.0006677718839515921+0.000499067455995871i
0.10396546549498609+0.9945804403320089i,-0.00008104813648519218-0.0008240013145051416i
-0.9049162214404988-0.4255882518148209i,0.0007419722143805347+0.00035450261495206727i
0.8323752144835004-0.5542120047127246i,-0.0006825213844731011+0.0004484488044719031i
0.043636203746525826+0.9990470346495701i,-0.000030444575784090788-0.0008104666275494479i
-0.8775264345308169-0.4795267961552584i,0.0007044140242648869+0.0003905270989826406i
0.8643635503311227-0.5028669823356322i,-0.0006937870745821149+0.00039798834685536095i
-0.016852747422375303+0.9998575470208486i,0.00001822703089099421-0.0007940532145757237i
-0.8469252771286309-0.5317104767932513i,0.0006654065369411637+0.00042342463171366753i
0.893188686908291-0.4496816811917802i,-0.0007016479785400278+0.0003479098158390025i
-0.0772800244109933+0.9970090113184198i,0.00006481733597118804-0.0007749438597803948i
-0.8132247363366747-0.5819483238537755i,0.0006251822986644124+0.00045316271525968287i
0.9187451365862599-0.39485073665736986i,-0.0007061966409089061+0.00029842767210141286i
-0.13742448931963536+0.9905118519604248i,0.00010919187085750112-0.0007533280487863214i
-0.7765481416707014-0.6300564883775903i,0.0005839718576475756+0.00047972497137825095i
0.940939373727486-0.33857480645713767i,-0.0007075382805689926+0.00024974633846134057i
-0.19706603921944282+0.9803898457616727i,0.00015123125951919532-0.0007294008524427347i
-0.7370297137263851-0.6758589151295264i,0.0005420027038655461+0.0005031107453409021i
0.9596901769493201-0.2810598363432003i,-0.0007057899048438851+0.00020205950299260995i
-0.2559864116346503+0.9666800349207043i,0.00019083135273674598-0.0007033618123924251i
-0.6948140729895441-0.7191879868850855i,0.000499498251467925+0.0005233346431815217i
0.9749289263594112-0.22251630642198916i,-0.0007010793889950724+0.0001555494929119131i
-0.3139699832895726+0.9494325914612423i,0.0002279032841734905-0.0006754138338255579i
-0.6500557105872322-0.759885137837546i,0.0004566768678007592+0.0005404260061378574i
0.9865998546750604-0.16315846088739477i,-0.0006935445264077172+0.0001103867206678895i
-0.37080455919725097+0.9287106336241171i,0.0002623734498172863-0.0006457620906907134i
-0.6029184229165176-0.7978014338807617i,0.00041375095272596057+0.0005544283263300613i
0.9946602513075443-0.10320352397896623i,-0.0006833320548215246+0.00006672920327636559i
-0.4262821492020387+0.9045899948815952i,0.0002941834126771132-0.0006146129484631556i
-0.5535747122199671-0.832798117644072i,0.00037092607160328346+0.0005653986079238646i
0.9990806186645359-0.042870905034421175i,-0.0006705966639671899+0.00002472215556522763i
-0.48019972913430425+0.877158946419416i,0.0003232897349478669-0.0005821729093771197i
-0.5022051553014729-0.8647471162847253i,0.0003284001449654003+0.0005734066782053595i
0.9998447800986354+0.017618604454362842i,-0.0006554999899473853-0.000015502342385378358i
-0.5323599837917586+0.8465178741021362i,0.00034966374016694044-0.000548647584816162i
-0.44899774269265064-0.8935315101795184i,0.0002863626975742161+0.0005785344531485555i
0.9969499391069553+0.07804363884345031i,-0.0006382096016558388-0.00005382560369312357i
-0.5825720290284123+0.8127789111039493i,0.0003732912081790322-0.000514240699323124i
-0.3941471906881734-0.9190459608004375i,0.00024499416919715635+0.0005808751621856443i
0.9904066895651223+0.13818306844009964i,-0.0006188979844560473-0.00009014251946407515i
-0.6306521103086269+0.7760655275493928i,0.0003941720059986333-0.00047915313044176526i
-0.33785422876770355-0.9411970962084628i,0.000204465289087641+0.0005805325369932741i
0.980238976958237+0.197816808742534i,-0.0005977415262458526-0.0001243616707291871i
-0.6764242751698514+0.7365120786656842i,0.0004123196579128451-0.00044358198833646916i
-0.28032486501214343-0.9599038527547903i,0.0001649365157971061+0.0005776199691855938i
0.9664840107506782+0.25672662585476214i,-0.0005749195109143721-0.0001564053686764418i
-0.7197210171331198+0.6942633131002494i,0.0004277608583983422-0.00040771973885631637i
-0.22176963220247609-0.9750977717389975i,0.0001265575435867789+0.0005722596418568175i
0.9491921282154303+0.31469693512897734i,-0.0005506131240569481-0.00018620962466080616i
-0.7603838887048757+0.6494738432027989i,0.00044053493163599065-0.00037175337341657544i
-0.16240281736014078-0.9867232499385048i,0.00008946687634992222+0.0005645816399427549i
0.9284266102212692+0.3715155901128435i,-0.0005250044756498582-0.00021372405179298273i
-0.7982640812267942+0.6023075792104814i,0.00045069324159392976-0.00033586362876741936i
-0.10244167754850275-0.9947377430925061i,0.000053791469598898145+0.0005547230443721738i
0.9042634496519406+0.42697465891446135i,-0.0004982756442040706-0.000238911700211549i
-0.8332229694516067+0.5529371294067658i,0.00045829855681279026-0.0003002242594050082i
-0.04210564480524431-0.9991119215957058i,0.000019646440719909875+0.0005428270149556432i
0.8767910733048202+0.48087118514385385i,-0.0004706077467147474-0.00026174882843068594i
-0.8651326188520123+0.5015431684492001i,0.0004634243741675961-0.00026500136506006866i
0.018384476884718615-0.9998297778320852i,-0.000012865152647955873+0.0005290418669124164i
0.8461100182867873+0.5330079306462485i,-0.00044218003850340643-0.00028222461342613056i
-0.8938762538061391+0.44831377617770973i,0.00046615420599669863-0.00023035277537060729i
0.07880731963705806-0.9968886847559082i,-0.00004365246659191634+0.0005135201458648237i
0.8123325640915606+0.5831940973090749i,-0.0004131690468140115-0.00030034080237373523i
-0.9193486849462038+0.3934437493230998i,0.0004665808350801666-0.00019642749351475735i
0.1389417617794812-0.9902994055055792i,-0.00007263695807556973+0.0004964177060364661i
0.7755823217049387+0.6312460253011672i,-0.0003837477417728869-0.0003161113091879237i
-0.9414566941064519+0.3371338886346255i,0.00046480554201835386-0.00016336520024472567i
0.19856773706215425-0.9800860540151781i,-0.00009975240639200134+0.0004778927962746915i
0.7359937812416448+0.6769878651889263i,-0.000354084748058461-0.00032956175921940796i
-0.9601193754616377+0.27959026403542797i,0.00046093730960508004-0.00013129581942828951i
0.2574670400057254-0.9662860067678092i,-0.00012494487036102456+0.00045810515838201106i
0.6937118197692267+0.7202522214697751i,-0.0003243436003510781-0.0003407289856638082i
-0.9752684316076224+0.22102346049505703i,0.0004550920088101899-0.0001003391458694659i
0.31542412443973217-0.9489497660137152i,-0.00014817258300600173+0.0004372151420843653i
0.6488911711201666+0.7608807651678546i,-0.0002946820453467221-0.00034966048140282495i
-0.9868484235005592+0.16164780737886075i,0.0004473915709830369-0.00007060453584835766i
0.37222689230907785-0.9281407749537149i,-0.00016940578572718839+0.00041538284078958943i
0.6016958596324637+0.798724813250125i,-0.0002652513928239749-0.0003564138101480496i
-0.9948169733400036+0.10168059409449401i,0.00043796315086147374-0.000042190660491995015i
0.4276674698618846-0.9039351855643178i,-0.0001886265042538949+0.0003927672520964953i
0.5522985998909533+0.8336458727424549i,-0.0002361959179516966-0.0003610559808837639i
-0.9991449196534727+0.0413412749059423i,0.0004269382849226396-0.000015185321765829917i
0.48154296837820953-0.8764215799141722i,-0.00020582826890662854+0.00036952546680619325i
0.5008801646660493+0.8655161475544688i,-0.0002076523167180733-0.00036366278970873303i
-0.9998164240149212-0.019149334174899748i,0.0004144520495401112+0.00001033466943973303i
0.5336562266556856-0.8457006459917107i,-0.00022101578193212796+0.0003458118899634416i
0.44762872336299125+0.8942190061583892i,-0.00017974921605050205-0.00036431813325804916i
-0.99682902900658-0.0795698634800618i,0.0004006422233203318+0.000034303553960124246i
0.5838165325349046-0.8118848092303268i,-0.00023420453488742817+0.0003217774972178413i
0.3927391534025769+0.9196494084103741i,-0.00015260673988330958-0.0003631132979442707i
-0.9901936672120553-0.13969919980347564i,0.00038564845787807594+0.00005666662487367514i
0.631840320824071-0.7750978210795391i,-0.0002454203792433857+0.0002975691295453805i
0.3364123270534421+0.9417142899523623i,-0.00012633613211640165-0.00036014622929322974i
-0.9799346212077604-0.19931729558041292i,0.0003696114611792957+0.00007738016929945039i
0.6775518450688205-0.735474306127797i,-0.00025469905355252715+0.0002733288291099361i
0.27885437632576393+0.9603329027876809i,-0.00010103943709598933-0.0003555207856630116i
-0.9660894346991097-0.25820597416713165i,0.0003526721974282776+0.00009641135316331562i
0.7207838207088191-0.693159269434265i,-0.00026208567068028345+0.0002491932187745454i
0.22027593861657435+0.9754371107840605i,-0.00007680923793827628-0.0003493459806260594i
-0.948708775126669-0.31614972827375587i,0.00033497110730859754+0.0001137380508788887i
0.7613780372674563-0.6483075658725403i,-0.00026763416873263067+0.0002252929274948004i
0.16089138586728624+0.9869716390226349i,-0.00005372845271182097-0.0003417352182642527i
-0.9278562482450692-0.37293650862846567i,0.0003166473522027531+0.00012934862213467068i
0.7991859373342898-0.6010833334282746i,-0.0002714067294251613+0.00020175206354276854i
0.10091804005439198+0.9948942760804214i,-0.000031870188193885156-0.00033280552557515976i
-0.903608165353242-0.42835849998682485i,0.00029783808581593284+0.00014324163820738747i
0.8340691602214109-0.5516593925245905i,-0.00027347316773041917+0.0001786877372214048i
0.04057537788429877+0.9991760285060136i,-0.000011297650623182157-0.00032267678611591324i
-0.8760532640278166-0.482212881646386i,0.00027867775641619716+0.00015542556043382887i
0.8659000483041802-0.5002166135735059i,-0.00027391029671021893+0.0001562096344376369i
-0.019915772397220033+0.9998012269231702i,0.000007935887413309551-0.0003114709789194024i
-0.8452923833816743-0.5343025696834147i,0.00025929744267746664+0.0001659183736682221i
0.8945621141933457-0.44694325506784943i,-0.0002728012714882433+0.00013441964220921453i
-0.0803340391416319+0.9967675833740055i,0.00002578706509659328-0.00029931142660680036i
-0.8114380950360737-0.5844369381954674i,0.00023982422587481188+0.00017474717772882314i
0.9199504670288945-0.3920342746359751i,-0.0002702349163458118+0.00011341152688670549i
-0.14045831742287046+0.9900861996919355i,0.00004222235789647735-0.00028632205649139147i
-0.7746142911568284-0.63243251691038i,0.0002203806009348132+0.0001819477399955021i
0.9419721963355819-0.3356906155805124i,-0.0002663050389301955+0.00009327066558027313i
-0.20006857818647095+0.9797815268737302i,0.00005721795015022873-0.0002726266783229559i
-0.7349557310621537-0.6781136626087239i,0.00020108392858857963+0.00018756401245870034i
0.9605467120353969-0.27811847151212016i,-0.00026110973555048883+0.00007407383099137306i
-0.2589466734614774+0.9658912755993616i,0.00007075955759132107-0.00025834828215941436i
-0.6926075480613962-0.7213132019026056i,0.0001820459306130553+0.00019164761663950826i
0.9756060393726604-0.21952853176936582i,-0.0002547506915017226+0.00005588902956478485i
-0.31687713468839207+0.9484662782270967i,0.00008284220194515494-0.00024360835967554169i
-0.6477247183294125-0.7618730430185214i,0.0001633722298786243+0.00019425729989981094i
0.987095067672456-0.1601352103861683i,-0.00024733248030356516+0.0000387753925969347i
-0.37364796124163036+0.9275703027688847i,0.00009346993991833888-0.0002285262520270525i
-0.6004714937602778-0.7996447543453964i,0.0001451619366496738+0.00019545836674088535i
0.99497175202205-0.10015586142845678i,-0.00023896186566646052+0.000022783119664152118i
-0.4290513962608227+0.9032798195268008i,0.00010265554910192848-0.00021321852718481015i
-0.55102080087585-0.8344901076305786i,0.00012750728231032904+0.0001953220887478462i
0.9992072671372266-0.03980998357157278i,-0.00022974710990633667+0.000007953473470444912i
-0.4828846869517587+0.8756837212445592i,0.00011042017348605789-0.00019779838943847312i
-0.4995536079889143-0.8662815838359187i,0.00011049330141266313+0.0001939250968765269i
0.9997861128504553+0.020681583170677417i,-0.00021979729241928815-0.000005681175040304603i
-0.5349508265745975+0.8448829977982217i,0.00011679293144336896-0.00018237512354337787i
-0.4462582629368275-0.8949028398027215i,0.00009419756266943423+0.00019134875979845293i
0.9967061708348545+0.08109746562569378i,-0.0002092216417011646-0.000018097252706792598i
-0.585059275403984+0.8109903666165961i,0.00012181048918081253-0.00016705357575022987i
-0.39132980380926646-0.9202491340177749i,0.0000786899492404298+0.00018767855201897414i
0.9899787123563557+0.14121656759288584i,-0.0001981288842548427-0.00002927984293881662i
-0.6330266580226698+0.7741298601838202i,0.00012551660278315162-0.00015193367371539723i
-0.33496924519252763-0.9422277099223347i,0.00006403248839102394+0.00018300341546355692i
0.979628357025711+0.20081887896087602i,-0.00018662661357033103-0.00003922249912290258i
-0.6786774343968365+0.7344363721337029i,0.000127961632077024-0.0001371099870415721i
-0.2773828425424108-0.9607581353613213i,0.00005027923033608434+0.00017741511818817945i
0.9656929827012807+0.25968628085008527i,-0.0001748206821920063-0.00004792701470200143i
-0.7218445422772843+0.6920551635969179i,0.00012920202963062998-0.0001226713299459576i
-0.21878133737777328-0.9757725969304869i,0.00003747617582210746+0.00017100761381231926i
0.9482235868723298+0.3176033438342186i,-0.00016281461970303244-0.00005540315217785748i
-0.7623700085755626+0.6471413316076091i,0.0001292998082720111-0.00010870040729708985i
-0.1593791860570145-0.9872161481443721i,0.00002566125174759053+0.00016387640519754793i
0.9272841000301036+0.3743581163195092i,-0.00015070907926160968-0.00006166833346081153i
-0.8001055274776763+0.5998592415148085i,0.00012832199055709954-0.00009527350500334916i
-0.09939377495984553-0.9950469105168598i,0.000014864333876572736+0.0001561179158021266i
0.9029511517096697+0.42974290019658634i,-0.00013860131511756924-0.00006674729415230853i
-0.8349130031797156+0.5503819254758019i,0.0001263400436485813-0.00008246022547749129i
-0.03904462494643618-0.9992362268184605i,0.000005107315464824585+0.00014782887203288524i
0.8753137900587028+0.48355501092641506i,-0.00012658469332273538-0.00007067170448926437i
-0.8666650552592288+0.49889044923269443i,0.0001234293030772418-0.00007032326864365529i
0.021447411994718335-0.9997687659494747i,-0.000003595779607142162+0.00013910569979090493i
0.8444731559594858+0.5355975192787221i,-0.00011474823762514896-0.00007347975980639306i
-0.8952454848329017+0.4455732494895043i,0.00011966838884973813-0.000058918258697349696i
0.08186096097029205-0.9966425790452376i,-0.0000112386408138306+0.00013004393826808352i
0.8105421128966867+0.5856799720084613i,-0.00010317621230765548-0.0000752157434822497i
-0.9205496997945984+0.3906254443146984i,0.00011513861734080794-0.0000482936165763805i
0.14197493431922747-0.9898691066081264i,-0.000017822473898476047+0.0001207376738983411i
0.7736448339254427+0.6336190888329507i,-0.0000919477434961052-0.00007592956542673656i
-0.9424850975775837+0.3342481190928034i,0.00010992341236401037-0.00003849047785271515i
0.20156934069868887-0.9794731366402329i,-0.00002335576473018669+0.00011127899720118098i
0.733916347251272+0.6792394331590481i,-0.00008113648022325013-0.00007567627924186676i
-0.9609714040401703+0.2766475906381984i,0.00010410771875411953-0.000029542655513195326i
0.26042609015796225-0.965492713929913i,-0.000027854006288407798+0.00010175748507759037i
0.6915020420847916+0.722374054105789i,-0.00007081029629253183-0.00007451558124382327i
-0.9759409672346308+0.21803465216412166i,0.00009777742171633958-0.000021476646861855898i
0.31832979225407515-0.9479790008241903i,-0.00003133939111837765+0.00009225971092986581i
0.6465571365796056+0.7628650974729578i,-0.00006103103374262782-0.00007251129457252146i
-0.9873390049842871+0.15862380186997893i,0.00009101877510380007-0.00001431168354960857i
0.37506854428837644-0.9269960899965242i,-0.00003384047174573798+0.00008286878477920503i
0.5992461098004783+0.8005643834197136i,-0.00005185428847014832-0.00006973084163514074i
-0.9951238053627672+0.09863245796999018i,0.00008391784167549128-0.000008059823519292462i
0.4304347067794696-0.9026207698951302i,-0.000035391791667188504+0.00007366392534878523i
0.549742099800548+0.8353339487392117i,-0.00004332923832558686-0.00006624470813271754i
-0.9992668793417541+0.038280163035837575i,0.00007655994826319737-0.0000027260834463832747i
0.4842256633346016-0.8749422437302177i,-0.00003603348964662847+0.00006472006586692937i
0.4982262700103602+0.8670465517447316i,-0.000035498513757703106-0.00006212590190395045i
-0.9997530650486036-0.0222122194349242i,0.0000690291586386785+0.0000016913899407797173i
0.5362445621386992-0.8440618030285231i,-0.00003581088014221051+0.00005610749512602723i
0.4448871462574639+0.8955861379196381i,-0.000028398110845265646-0.000057449409788377756i
-0.9965805832522887-0.08262331328447825i,0.0000614077667223623+0.000005201111461960325i
0.5863010363475296-0.8100924569497958i,-0.00003477401276886844+0.000047891535109276496i
0.38991992684279253+0.920848264627107i,-0.000022057346323615665-0.000052291655662324135i
-0.9897610438746227-0.14273203983647487i,0.00005377581261304613+0.000007818013979601599i
0.6342119007486486-0.7731585187217723i,-0.000032977213763142596+0.00004013225627045518i
0.33352576819865737+0.9427404833253483i,-0.00001649885398799194-0.00004672996273614219i
-0.9793194035029289-0.20231842694910362i,0.00004621062374573786+0.000009563171917741256i
0.679801822140658-0.733395150707117i,-0.00003047861246226606+0.00003288423132287292i
0.27591104874253897+0.9611826778895955i,-0.000011738621637150848-0.00004084202312072749i
-0.965293874059641-0.26116441401872514i,0.000038786383302727514+0.000010463494080082055i
0.722903960977475-0.6909478697671834i,-0.00002733965583761095+0.000026196328163851976i
0.21728661362065094+0.9761073578027355i,-0.000007786067510496904-0.000034705377575848226i
-0.9477357829630657-0.31905464998809396i,0.000031573727812413985+0.00001055138817152257i
0.7633605819294654-0.6459720147327532i,-0.000023624614133843046+0.00002011154233154253i
0.15786700310519564+0.9874599051416375i,-0.0000046441549706929994-0.00002839690824311957i
-0.9267093852910634-0.37577728143880385i,0.000024639375672481136+0.000009864399541779633i
0.8010236311270549-0.598632177930585i,-0.000019400080659591078+0.00001466686916299265i
0.0978696674690433+0.9951987744553098i,-0.0000023095439925703805-0.000021992347043361007i
-0.9022916286350362-0.4311247278838757i,0.000018045788129901477+0.000008444826768517501i
0.8357552779743491-0.5491016028461373i,-0.000014734468753493108+0.000009893215597228377i
0.037514171211059044+0.9992956448034196i,-0.0000007727778388662527-0.000015565802282367335i
-0.8745718715047703-0.4848944414232519i,0.00001185086404096856+0.000006339316780370707i
0.8674284195499615-0.49756155012676373i,-0.00000969750891139874+0.000005815351345880041i
-0.022978610455731185+0.9997355233987821i,-0.00000001850313475246973-0.000009189305861751385i
-0.8436515563146407-0.5368896479821802i,0.0000061076695215654045+0.000003598442287208538i
0.8959271457491546-0.44420063424553774i,-0.000004359749006779908+0.000002451898937683938i
-0.0833872999126245+0.9965168004745242i,-0.000000025721396976550373-0.000002932383333433213i
-0.8096438381479099-0.5869200674198769i,0.0000008642033820720671+0.00000027626433572903693i
0.9211471634650789-0.3892141332532297i,0.0000012079395324949639-0.00000018463806686270736i
-0.14349082728231632+0.9896512551751426i,-0.0000007680699303832272+0.0000031383511314970467i
-0.7726731706576887-0.6348026098731778i,-0.000003836800975887038-0.000003570117156913807i
0.9429961782567813-0.3328032741444499i,0.000006934846811309839-0.000002087809597364636i
-0.20306923944977223+0.9791640124498883i,-0.0000022141298751786525+0.000008959572965310224i
-0.7328748506199779-0.6803620457868588i,-0.000007958036741204721-0.000007881022020344674i
0.9613942321072508-0.2751744964532121i,0.000012750898136061667-0.000003257117433350894i
-0.2619045049962293+0.9650934511062378i,-0.000004327759073084396+0.000014471596907503073i
-0.6903945228055339-0.7234316471786039i,-0.000011467747710596823-0.000012594654725549494i
0.9762739960354426-0.21653869677283694i,0.000018587113693272445-0.0000036978786892436807i
-0.31978131210061544+0.9474910633599263i,-0.000007068447319842977+0.000019618696670605883i
-0.6453876469825168-0.7638537977918631i,-0.000014339815113152298-0.000017647572696695374i
0.987581016491454-0.1571104569649332i,0.000024376051789315676-0.000003421055887465654i
-0.37648785648840705+0.926421266395541i,-0.000010391691485804367+0.000024349393244657158i
-0.598018929000458-0.8014805699037091i,-0.000016553807425383446-0.000022975155209017618i
0.9952739146331449-0.09710725888187823i,0.000030052233337111317-0.000002443055247753871i
-0.4318166165443704+0.9019611666272684i,-0.000014249387915729732+0.000028616710717487353i
-0.5484617180375393-0.8361742656768107i,-0.00001809499356735221-0.000028512070085678594i
0.9993245377549436-0.036748688476576905i,0.0000355525454209306-0.0000007854949743592453i
-0.48556511275261305+0.8742002775225128i,-0.000018590239463689847+0.000032378398691510505i
-0.4968973722169973-0.8678079210744255i,-0.000018954320072512567-0.00003419273546527483i
0.9997180623146633+0.02374436778788505i,0.000040816621925591976+0.0000015250545357062372i
-0.5375366486847084+0.8432401920210224i,-0.000023360174479126893+0.0000355971205833337i
-0.44351459491423034-0.8962657704942814i,-0.000019128353019645228-0.0000399517739846651i
0.9964530481813081+0.08415053128789546i,0.00004578719938016484+0.00000445735651148764i
-0.5875410308242078+0.809194210748331i,-0.000028502775035716783+0.000038240607298983325i
-0.3885087441834288-0.9214436704209965i,-0.00001861918570381273-0.000045724456808354264i
0.9895414439053333+0.1442487413900675i,0.00005041044633809207+0.000007975817486566046i
-0.6353952645932837+0.7721869273840958i,-0.00003395971168563204+0.00004028177598379936i
-0.33208111783094185-0.943249480546652i,-0.000017434313203536843-0.00005144713503518672i
0.9790085429920763+0.2038190644382839i,0.00005463626479411298+0.000012040818568025901i
-0.6809242240343476+0.7323537727027014i,-0.000039671182027947565+0.00004169881375098206i
-0.2744382167516989-0.961603400964771i,-0.000015586475172727408-0.00005705765612492404i
0.9648928913383858+0.26264349861648645i,0.000058418562322589374+0.000016609065939006398i
-0.7239612926958924+0.6898405189547504i,-0.000045576350401044855+0.00004247522649524325i
-0.21579098922455875-0.9764382642037306i,-0.000013093468347321183-0.0000624957631104796i
0.9472461461711814+0.3205067717417625i,0.000061715493810791+0.00002163395816454414i
-0.7643489733771995+0.6448027464031878i,-0.00005161378604457866+0.00004259985309703286i
-0.15635405893214566-0.9876997810308796i,-0.00000997793040742043-0.00006770347449556255i
0.9261328870041718+0.37719712906814273i,0.00006448967185312813+0.000027065967811647127i
-0.8019394645004972+0.5974052739663115i,-0.000057721897126666356+0.00004206684551726138i
-0.09634493953028-0.9953467391278306i,-0.000006267096975345397-0.00007262544288117267i
0.9016303793045529+0.43250710821809246i,0.00006670834506728898+0.00003285303485038389i
-0.8365952010013027+0.5478215560512668i,-0.00006383935809571279+0.00004087561547140557i
-0.035983238641351833-0.9993511539098592i,-0.0000019925336576453718-0.00007720929051699615i
0.8738282917345572+0.4862342984057736i,0.00006834354378963083+0.00003894096927345711i
-0.8681893577575188+0.4962330477853597i,-0.00006990552789346287+0.00003903074855435447i
0.024510145815326123-0.9996983709374709i,0.000002810154845553503-0.00008140592013437654i
0.8428283680026339+0.5381820811736513i,0.00006937219280383206+0.000045273860357040045i
-0.8966063137149483+0.4428285409681677i,-0.00007586085665568252+0.00003654188686244444i
0.08491383401509939-0.9963871195453635i,0.000008101636438140954-0.00008516979958500647i
0.8087440545251431+0.5881603499316641i,0.00006977619095273011+0.000051794489985660043i
-0.9217420750107321+0.3878034731745784i,-0.00008164727862870323+0.00003342358132598795i
0.14500677438311738-0.9894295174925136i,0.000013839181917740162-0.00008845921898311109i
0.771700085261159+0.6359862056657526i,0.0000695424576774122+0.00005844474747829763i
-0.9435046555462544+0.3313592125371433i,-0.00008720858914337209+0.00002969511512339495i
0.20456905254822805-0.9788510266163823i,0.000019977011567238793-0.00009123651922728983i
0.7318320252397152+0.681484626269757i,0.00006866294671883729+0.00006516604338141118i
-0.9618144136167858+0.27370232082513546i,-0.0000924908036116925+0.000025380299696003766i
0.26338269613519316-0.9646903596535156i,0.000026466655696221908-0.00009346829096073603i
0.6892857744499784+0.7244891070512077i,0.00006713462740473638+0.00007189971973710394i
-0.9766043433659418+0.21504379751712566i,-0.00009744249664509935+0.000020507245020240264i
0.3212324724500326-0.9469993385675445i,0.000033257326732772196-0.00009512554321373449i
0.6442170339099047+0.7648422700670413i,0.00006495943412704975+0.00007858745439039669i
-0.9878203199983596+0.15559830763344712i,-0.00010201511953585045+0.000015108105920157648i
0.3779066761393107-0.9258427049030391i,0.00004029630043261718-0.00009618384115960293i
0.5967907358673388+0.8023964400593271i,0.00006214418479198853+0.0000851716569685287i
-0.9954212978532195+0.09558339615435153i,-0.00010616329449360692+0.000009218806318122941i
0.43319790394087176-0.9012978828592403i,0.00004752930375324-0.00009662341260312746i
0.5471804402187723+0.8370141848833341i,0.000058700469194943854+0.00009159585424640787i
-0.9993794606137495+0.03521869189874601i,-0.00010984508418703612+0.000002878743424044276i
0.4869038136907654-0.8734546959507198i,0.00005490090693530574-0.00009642922300828731i
0.49556769935460854+0.8685688184501962i,0.0000546445084350782+0.00009780506270556989i
-0.9996803231030033-0.025274896223024534i,-0.00011302223530422819-0.000003869526046498802i
0.5388278648087257-0.842415038291867i,0.00006235491734234613-0.00009559101905845548i
0.4421413937553348+0.8969448643436273i,0.00004999698663864783+0.00010374614619829585i
-0.9963227842933943-0.08567598764097784i,-0.00011566039501478564-0.000010980615457768737i
0.5887800375523442-0.8082925017081614i,0.00006983477263205684-0.00009410334092650085i
0.3870970407700261+0.9220384784140447i,0.00004478285640541822+0.00010936815674347211i
-0.9893191313359825-0.1457635402833709i,-0.00011772929938995334-0.000018406651411635346i
0.6365775284077757-0.7712119600388423i,0.00007728393086834708-0.00009196550361303194i
0.33063607910675813+0.9437578288035888i,0.00003903111952787731+0.00011462265660537603i
-0.9786949945947753-0.2053176594958151i,-0.00011920293301366579-0.000026097628195809378i
0.6820454190721413-0.7313091121522499i,0.00008464625523224047-0.00008918154788780083i
0.2729651316533912+0.9620234320113112i,0.0000327745846579667+0.00011946401994016087i
-0.9644892538505944-0.2641204027613372i,-0.00012005965919629682-0.00003400177120374151i
0.7250173165794488-0.688729985346207i,0.00009186639105123078-0.0000857601615407247i
0.2142952493264766+0.9767684437686747i,0.000026049603710193674+0.00012384971243662796i
-0.946753896017766-0.32195657727645527i,-0.0001202823203829066-0.00004206590698402886i
0.7653359622274332-0.64363040095078i,0.00009889013294063663-0.00008171457181461287i
0.15484113871548227+0.9879389036608883i,0.000018895788892402095+0.0001277405475267222i
-0.925553824894325-0.37861452746448354i,-0.00011985830852812414-0.000050235837567380146i
0.8028538070769169-0.596175404089087i,0.00010566477993582264-0.00007706241005021102i
0.09482037634882129+0.9954939325988674i,0.000011355712346249513+0.00013110091789670422i
-0.9009666236419698-0.4338869095441048i,-0.0001187796053892055-0.00005845671672285507i
0.8374335519176009-0.5465386596829798i,0.00011213947659082202-0.0000718255497252557i
0.034452612457138376+0.9994058824191543i,0.0000034745904576522376+0.00013389900119063875i
-0.8730822708649869-0.4875714503186226i,-0.00011704279286661493-0.00006667342581204994i
0.8689486497242492-0.49490181691396395i,0.00011826553812576462-0.00006602991921163955i
-0.026041232852265506+0.9996604370643316i,-0.000004700045036730373+0.00013610693896316944i
-0.8420028113271774-0.5394716874090497i,-0.0001146490336963853-0.00007483094693997354i
0.897283768764491-0.44145384446515457i,0.0001239967578222472-0.00005970529070832084i
-0.08643977806821329+0.9962566649736475i,-0.000013118686968028595+0.0001377009881073961i
-0.8078419825118152-0.5893976882220988i,-0.0001116040229699581-0.00008287473114418181i
0.9223352146634605-0.38639033897699615i,0.00012928969499146758-0.000052885046931161695i
-0.14652199043696773+0.9892070224921279i,-0.000021730201459932507+0.00013866164415502524i
-0.7707247983912732-0.6371667450219574i,-0.00010791791112382847-0.00009075105941896778i
0.9440113098807081-0.32991280924750577i,0.00013410394197368414-0.00004560592725420754i
-0.2060679948472498+0.9785373082857007i,-0.00003048218321395772+0.00013897373601895498i
-0.7307870919295368-0.6826040435621872i,-0.00010360519920274124-0.00009840739443858572i
0.9622327292106524-0.2722279387965547i,0.00013840236876893383-0.000037907755099321234i
-0.26485987847877984+0.9642865689291502i,-0.000039321315095915273+0.00013862649192210227i
-0.6881750179918539-0.7255433028308405i,-0.00009868460735511622-0.0001057927209222277i
0.9769327900787855-0.21354682949289083i,0.00014215134404656343-0.000029833148462161415i
-0.3226824882696752+0.9465069560124109i,-0.00004819372976350365+0.00013761357642944888i
-0.6430445184806522-0.7658273835675984i,-0.0000931789176673851-0.00011285787267306485i
0.9880576965712794-0.15408422901189806i,0.00014532093143449304-0.00002142721554185478i
-0.37932421828431945+0.9252635352881319i,-0.000057045371087238805+0.00013593309867231546i
-0.5955607516551054-0.8033088633260237i,-0.00008711479258390802-0.00011955584442362589i
0.9955667363049419-0.0940577449512701i,0.0001478850601473032-0.000012737237508955395i
-0.4345777841002684+0.9006340485589457i,-0.00006582235314196024+0.00013358759202352879i
-0.5458974877227856-0.8378505759764436i,-0.00008052257029080393-0.0001258420867294554i
0.9994324294170653-0.03368704848059627i,0.00014982166917403442-0.0000038123405013028327i
-0.4882409813802752+0.8727086291758354i,-0.00007447131458354267+0.00013058396564866144i
-0.4942364729152825-0.8693261136751163i,-0.00007343603856428233-0.00013167478227156976i
0.9996406291299321+0.02680692956084289i,0.00015111282441137956+0.000005296841020134083i
-0.5401174258533826+0.841589472188756i,-0.00008293976627511855+0.00012693342852100655i
-0.44076676437499784-0.8976202894626868i,-0.00006589218869669907-0.000137015102055149i
0.9961905735219474+0.08720280717612686i,0.00015174480829468665+0.000014538507393579995i
-0.5900172719970708+0.8073904603566089i,-0.00009117643008846432+0.00012265138664555302i
-0.38568403828714243-0.922629558799023i,-0.00005793095121579079-0.00014182744012617536i
0.9890948883159473+0.14727956137379275i,0.00015170818164676855+0.00002386004117782267i
-0.6377579077903924+0.7702367473852205i,-0.00009913156687891189+0.00011775731438888533i
-0.3291898737888796-0.9442623984917933i,-0.00004959491520395582-0.00014607962556869967i
0.9783795406744705+0.20681733701712493i,0.0001509978176323166+0.0000332083566891012i
-0.6831646229955953+0.7302642999184935i,-0.00010675729171562183+0.00011227460095722465i
-0.27149101527619446-0.9624396416320704i,-0.00004092903310476969-0.00014974311069223487i
0.9640837441710886+0.2655982513995989i,0.0001496129078724972+0.00004253024947801254i
-0.7260712485226128+0.6876193999588436i,-0.00011400787454285097+0.00010623037320278678i
-0.21279861580813791-0.9770947673112427i,-0.0000319803129724634-0.00015279313447039112i
0.9462598152855564+0.32340719160207637i,0.00014755694093931683+0.00005177274359144355i
-0.7663207645366141+0.6424581095378507i,-0.00012084002455124129+0.00009965529606845471i
-0.15332746437724948-0.9881741440589877i,-0.000022797500177115395-0.00015520886044774707i
0.9249729819479482+0.3800326017137672i,0.00014483765361168+0.00006088343449723803i
-0.803765875083213+0.5949456995962034i,-0.00012721315665049148+0.00009258335210205672i
-0.09329519987403051-0.9956372261114383i,-0.000013430750622830175-0.00015697348849066649i
0.9003011448324306+0.43526725703606794i,0.00014146695543367155+0.0000698108255939281i
-0.8382695471284427+0.5452560451629861i,-0.00013308963855553215+0.0000850516015835304i
-0.032921514622008374-0.999456701791277i,-0.0000039312975689937395-0.0001580743399191085i
0.8723345922742252+0.4889090224360231i,0.00013746082726999752+0.00007850465628403384i
-0.8697055120408509+0.49357098904769553i,-0.0001384350171264489+0.00007709992491035589i
0.027572649601878663-0.9996185934567523i,0.000005648885835310281-0.00015850291571877284i
0.8411756698530533+0.5407615920741576i,0.00013283919470226366+0.00008691621965684484i
-0.8979587276804961+0.4400796763736016i,-0.00014321822273747085+0.00006877074897851158i
0.0879659101193625-0.996122308653848i,0.000015257426185461034-0.0001582549276958776i
0.8069384058522389+0.5906352077996018i,0.00012762577725288006+0.00009499866790454268i
-0.9229257994038093+0.38497786238777315i,-0.00014741175059118812+0.00006010875937731455i
0.14803725351643537-0.9889806422844138i,0.00002484188951026768-0.00015733030259905282i
0.7697480939641286+0.6383473535834809i,0.00012184791455933487+0.00010270730368392225i
-0.9445153584436109+0.32846719608088726i,-0.00015099181804035326+0.000051160600286464137i
0.20756684445758905-0.9782197297823119i,0.00003435011891836042-0.00015573315939405036i
0.7297408347689532+0.6837234234492511i,0.00011553637075014508+0.00010999985573367575i
-0.9626483962795895+0.27075448223846743i,-0.00015393849712982304+0.00004197456402218428i
0.2663368301887967-0.963878951468949i,0.000043730568132998244-0.00015347176003519385i
0.6870630376651137+0.7265973604556341i,0.00010872511839420109+0.0001168367371641719i
-0.9772585537755739+0.212050924624124i,-0.00015623582172514662+0.00003260027222625832i
0.3241321377850929-0.9460107884381979i,0.000052932628886552345-0.00015055843423334624i
0.6418708850736194+0.7668122643937563i,0.00010145110350672914+0.00012318128495173743i
-0.9882923640254937+0.1525713530644237i,-0.00015787186875035032+0.000023088350726814185i
0.3807412612251757-0.9246806304981214i,0.00006190695019730606-0.00014700947887125838i
0.594329760877457+0.8042209659745743i,0.00009375399319732416+0.00012899997929238498i
-0.9957094480193082+0.09253343726392527i,-0.00015883881321558028+0.000013490100122793702i
0.43595703541267-0.8999665368723364i,0.0000706057476139121-0.00014284503286404084i
0.5446136451875595+0.838686565405311i,0.00008567590763777708+0.0001342626415994949i
-0.9994826624128519+0.03215689022747905i,-0.00015913295687375526+0.000003857164155209241i
0.48957739431146935-0.8719589505367564i,0.00007898310058596931-0.00013808892840326794i
0.4929044776502662+0.8700829333839415i,0.00007726113810954816+0.00013894261006591608i
-0.9995981988608268-0.028337335795074005i,-0.0001587547305038864-0.000005758802072695698i
0.5414061104207066-0.8407603672371178i,0.00008699523620249325-0.00013276851965791207i
0.4393914916263038+0.8982951726783092i,0.00006855585296185235+0.00014301689185191829i
-0.9960556345494193-0.0887278578993094i,-0.00015770866997619342-0.000015306461976888705i
0.5912535128831901-0.8064849603985376i,0.00009460079763301877-0.0001269144901328244i
0.3842705216778994+0.9232200386006815i,0.000059607793371777495+0.00014646629110625408i
-0.9888679337436171-0.14879367269263605i,-0.0001560033664095999-0.00002473512345078095i
0.6389371815993377-0.7692581632997793i,0.00010176109570793443-0.00012056064000518185i
0.3277432868983318+0.9447663168389977i,0.000050465960846632794+0.00014927551217664765i
-0.9780614003435628-0.20831496507186353i,-0.00015365139088496864-0.00003399505891135561i
0.6842826148064509-0.7292162100412849i,0.00010844034218499757-0.00011374365487075625i
0.2700166527066238+0.9628551572621037i,0.000041180298446328484+0.00015143323751822796i
-0.9636755816235699-0.26707391265213953i,-0.00015066919432643543-0.000043037817491707366i
0.7271238676802746-0.6865056369868379i,0.0001146058633670053-0.0001065028574342322i
0.2113018738088901+0.9774203624773916i,0.00003180136772927782+0.0001529321799623614i
-0.9457631235060701-0.3248554829033941i,-0.00014707698330809359-0.0000518165274966977i
0.7673041596218324-0.6412827465033599i,0.00012022829286062688-0.00009887994377084964i
0.15181382109677843+0.9884086300848451i,0.000022380023439454312+0.0001537691091633241i
-0.9243895779001315-0.38144822007711177i,-0.0001428985726825095-0.0000602861873072595i
0.8046764480071339-0.5937130349613304i,0.0001252817423977161-0.00009091870586958716i
0.09177019531222536+0.995779747740949i,0.000012967087954504709+0.0001539448521954853i
-0.8996331628096083-0.4366450190436204i,-0.0001381612160611875-0.00006840394299770998i
0.8391039663000696-0.543970587089099i,0.00012974394977723874-0.00008266474224083457i
0.03139073035617246+0.9995067403186065i,0.0000036130275056072346+0.00015346426842816348i
-0.8715844760888111-0.49024388320797824i,-0.00013289541530398834-0.00007612935101898954i
0.8704607245592355-0.4922374388974909i,0.000133596403127448-0.00007416515843353076i
-0.029103610843206118+0.9995759686245286i,-0.000005632367841289905+0.00015233619895822708i
-0.8403461638932468-0.5420486637308213i,-0.00012713471029374387-0.00008342462439814752i
0.8986319705070482-0.4387029115061358i,0.00013682444083333478-0.0000654682593576627i
-0.08949144495998773+0.9959871793128263i,-0.000014720298485377409+0.00015057339103106176i
-0.8060325450387402-0.5918697773489308i,-0.00012091545038404849-0.00009025486101047412i
0.9235146094738307-0.3835629183094207i,0.0001394173266228017-0.00005662323534793644i
-0.14955177843846212+0.9887535058121499i,-0.000023603261958081455+0.00014819239802776565i
-0.7687691926436341-0.6395249001686131i,-0.00011427654901095492-0.00009658825259440303i
0.9450175816800562-0.3270192480175489i,0.00014136829945572742-0.00004767984393277422i
-0.2090648162346987+0.9779014202629756i,-0.000032235350097626845+0.00014521345573972788i
-0.7286924745850661-0.6848396348928996i,-0.00010725922305320405-0.00010239627330026233i
0.9630621954760624-0.2692788261964639i,0.00014267459801190635-0.00003868808928976184i
-0.267812766172076+0.9634706366409308i,-0.00004057253493614278+0.00014166033579009503i
-0.6859490544510678-0.7276481490408064i,-0.00009990671860975226-0.00010765384669128746i
0.9775824153197155-0.21055295800908705i,0.00014333745972652733-0.0000296979013741169i
-0.32558063596717707+0.9455139654206923i,-0.00004857294157919558+0.00013756017719441783i
-0.6406953548147745-0.7677937818230441i,-0.00009226402493772845-0.00011233949024833877i
0.9885251034381523-0.1510565549291067i,0.00014336209447380631-0.00002075881670068231i
-0.38215702000927654+0.9240971203123091i,-0.00005619710644213582+0.00013294329717941932i
-0.5930969847949423-0.8051296174532698i,-0.0000843775783576057-0.0001164354365677578i
0.9958502142892263-0.09100734825722195i,0.00014275763315028974-0.000011919662742397205i
-0.43733487301414486+0.8992984777772299i,-0.00006340821930116782+0.00012784298249814952i
-0.5433281339976499-0.8395190227968131i,-0.0000762949579856416-0.00011992773058379361i
0.9995309411110014-0.030625092318026764i,0.00014153705155829605-0.0000032282478795632045i
-0.4909122677209293+0.8712087902040901i,-0.00007017234771913683+0.00012229526259187066i
-0.4915709350570971-0.8708361473893077i,-0.0000680645751958345-0.00012280630229246495i
0.9995538140229985+0.029869239746504093i,0.0001397170701356709+0.000005268941205658717i
-0.5426931338592658+0.8399308537939193i,-0.00007645864251604233+0.00011633866605259624i
-0.4380147971083323-0.8989663839953803i,-0.000059735358744586924-0.00012506501460148497i
0.9959187493201768+0.09025426464387776i,0.00013731803022050732+0.00001352703284564218i
-0.5924879756823201+0.805579132370162i,-0.00008223952307157402+0.00011001396193516734i
-0.38285571263110774-0.9238067880219434i,-0.00005135643751121298-0.00012670168608048228i
0.9886390497792568+0.15030899909892118i,0.0001343637476771482+0.000021503052631746286i
-0.6401145654398926+0.7682793384902111i,-0.0000874908413708428+0.00010336388755337599i
-0.32629554020152024-0.9452664542512265i,-0.00004297682281575099-0.0001277180885358539i
0.9777413559762691+0.20981366855772632i,0.00013088134484227343+0.00002915619287514619i
-0.6853986102537764+0.7281679733914002i,-0.00009219202383421165+0.00009643286447060346i
-0.26854126577625526-0.9632668495148563i,-0.00003464509227273795-0.0001281199194850205i
0.9632655487934759+0.2685505114681955i,0.0001269010618766553+0.00003644806765310555i
-0.7281743899548883+0.6853918274550568i,-0.0000963261901070497+0.00008926670446129086i
-0.20980424521281887-0.9777421000915493i,-0.000026409077125389213-0.0001279167497539855i
0.9452646034724626+0.32630457619386366i,0.0001224560487278739+0.000043342951899721304i
-0.768285363547965+0.6401074430167081i,-0.00009988024812441426+0.0000819123072748999i
-0.15029943079781055-0.9886392327766605i,-0.00001831555497928479-0.0001271219465698705i
0.9238043957474862+0.3828645076446341i,0.00011758213902221385+0.00004980800309875968i
-0.8055847420844212+0.5924805414883172i,-0.00010284496490850908+0.00007441735207878414i
-0.09024458461380541-0.9959183687413773i,-0.000010409949818370287-0.0001257525726650889i
0.8989634607685615+0.4380233207457007i,0.00011231760730851626+0.00005581346424272489i
-0.8399360258469029+0.5426854168890383i,-0.0001052150127022806+0.00006682998449015465i
-0.02985948162359159-0.9995528694721167i,-0.0000027360411389117116-0.00012382926205158057i
0.8708327056965178+0.49157915791408735i,0.00010670291117320974+0.00006133284683649538i
-0.87121350387967+0.49090429800391083i,-0.00010698899019000559+0.000059198501129919955i
0.030634894611871633-0.9995294342560535i,0.0000046643160203739155-0.00012137607326107784i
0.8395150770218052+0.5433360277707684i,0.00010078041983303281+0.00006634309284453543i
-0.8993027140367419+0.43732668150471354i,-0.00010816941870427221+0.00005157103364279226i
0.09101716063844512-0.9958481488560207i,0.000011751458441617526-0.00011842032098014845i
0.8051251838245213+0.5931045223850019i,0.00009459413088986853+0.00007082471460765061i
-0.924100861864227+0.38214863847347613i,-0.00010876271346764653+0.00004399523412822124i
0.15106634327723778-0.9885224851966541i,0.000018488167851331145-0.00011499238713578991i
0.7677888783543672+0.640702510426064i,0.00008818937700017865+0.00007476191188755024i
-0.9455171967839076+0.3255720968664656i,-0.00010877913006552878+0.000036517963915951136i
0.2105626882916074-0.9775792520629301i,0.000024839908257669423-0.00011112551260815909i
0.7276427954654269+0.6859558036857559i,0.00008161252426936687+0.0000781426653341215i
-0.9634733442014065+0.2678041025445315i,-0.00010823268649362646+0.000029184987597823796i
0.2692884645933499-0.9630584969915181i,0.000030775046050288646-0.00010685557086081002i
0.6848338525912399+0.7286987945324848i,0.00007491066422881227+0.00008095880581131293i
-0.9779035923235676+0.20905606157411444i,-0.00010714106126814329+0.000022040674194663404i
0.32702876104503803-0.9450133597139845i,0.00003626505151512615-0.00010222082488506637i
0.6395187120900502+0.7687750619641216i,0.00006813130128979506+0.00008320605916086104i
-0.9887551326354155+0.1495429665717731i,-0.0001055254682284005+0.000015127707293259618i
0.38357227294254975-0.9235098776881814i,0.00004128468052764901-0.00009726166895310145i
0.5918632079278108+0.8060379440417373i,0.00006132203759436601+0.0000848840661292973i
-0.9959882531566552+0.08948260992347831i,-0.00010341050879953331+0.000008486805934338261i
0.4387120752995964-0.898626744429492i,0.00004581213530618103-0.00009202035676379257i
0.5420417387970405+0.8403510746093532i,0.00005453025719772107+0.00008599637733084961i
-0.999576483770479+0.029094786757952622i,-0.00010082400261609734+0.000002156457968043221i
0.4922463801043659-0.8704550215263388i,0.000049829203231298035-0.0000865407176454095i
0.49023662989245687+0.8715888823355484i,0.00004780281152024719+0.00008655042326680136i
-0.9995066930928317-0.0313995094091705i,-0.00009779679753559407-0.000003827332480646861i
0.5439792747770429-0.8390978053938509i,0.000053321372867296975-0.00008086786254988886i
0.4366374656790144+0.8996370502506383i,0.00004118570799971892+0.00008655745956956161i
-0.9957791365276406-0.09177889541676738i,-0.00009436256019274465-0.00000943128187764355i
0.5937214391257681-0.804669849985232i,0.00005627792645656536-0.00007504788163387127i
0.3814403960941287+0.924392934097723i,0.00003472380385556924+0.00008603248778624666i
-0.9884074553321468-0.15182240862558125i,-0.0000905575483608192-0.000014625047010048396i
0.6412908381772906-0.7672971468415414i,0.000058692008296576737-0.00006912753527203853i
0.32484741872308753+0.9457659379666141i,0.00002846050684749414+0.00008499415216133683i
-0.97741862669576-0.21131031554664953i,-0.00008642036649428371-0.000019381426215153645i
0.686513388346842-0.727116464016726i,0.000060560668551564664-0.00006315394038779591i
0.2670656395745835+0.9636778458359839i,0.000022437484870298336+0.00008346461302001284i
-0.9628528650151205-0.2700249159715683i,-0.00008199170592722238-0.000023676540850801836i
0.7292235945093459-0.6842748455652421i,0.00006188488219563564-0.000057174254015353224i
0.20830651516160548+0.9780631078104349i,0.000016694386176084406+0.00008146939749228842i
-0.944763474726669-0.3277513396618234i,-0.00007731407129359924-0.0000274899958653625i
0.7692651556405471-0.6389290734239226i,0.00006266954293061486-0.00005123535602503147i
0.14878507866135549+0.9888690800049853i,0.000011268571953674632+0.00007903722845245367i
-0.9232166552352837-0.38427833268164535i,-0.00007243149481827363-0.00003080501844786227i
0.8064915368116808-0.5912450936573768i,0.00006292343206931999-0.00004538353295058768i
0.08871915298610655+0.9960562171990937i,0.000006194862924218211+0.00007619983267766694i
-0.8982912586528738-0.4393990304967488i,-0.00006738924020090704-0.00003360857386674827i
0.8407665054444207-0.541397409166614i,0.00006265916252244179-0.00003966416485315069i
0.028328553644829668+0.9995982175551934i,0.0000015053015314775114+0.00007299172935316392i
-0.8700785012334873-0.4929117150097453i,-0.00006223349787858584-0.00003589145773897385i
0.8719646298636488-0.48956844108331876i,0.0000618930981739228-0.00003412141714111393i
-0.032165715687229535+0.9994821188721317i,-0.0000027710687843019066+0.0000694500001688814i
-0.8386816295609724-0.5446205527618085i,-0.0000570110735061909-0.00003764836410859098i
0.8999717383235534-0.4359478611867996i,0.00006064524907500268-0.000028797939239163653i
-0.0925422719471522+0.995708346021261i,-0.000006608405838040682+0.0000656140423625016i
-0.8042155427107889-0.5943363115990844i,-0.00005176907153667863-0.00003887792885530034i
0.9246853368272182-0.38073189778668115i,0.00005893914302989155-0.000023734571962695722i
-0.15258016285134351+0.9882907093915949i,-0.00000998425119211105+0.00006152530616657226i
-0.766806371768708-0.6418770531811605i,-0.000046554575815548266-0.00003958274809722162i
0.9460149842106639-0.3241226176115062i,0.00005680167428573865-0.00001897006540625068i
-0.21205967548606303+0.9772563543497066i,-0.000012879691717887767+0.000057227018211764595i
-0.7265910182451669-0.687068798797308i,-0.00004141432912531969-0.00003976937139838865i
0.9638826231186916-0.2663271863312329i,0.000054262930175408855-0.000014540809096790044i
-0.2707631403623925+0.9626456618993426i,-0.000015279499175339942+0.00005276389252401203i
-0.6837166530744995-0.7297461660538951i,-0.00003639441362614375-0.00003944826973864973i
0.9782228656613041-0.20755711041979408i,0.00005135599669266074-0.000010480576094614336i
-0.32847572799314645+0.9445121009042778i,-0.000017172246885828676+0.00004818183082976937i
-0.6383401780324768-0.7697529741029688i,-0.00003153993413818902-0.00003863377835133519i
0.9889832327053181-0.14802746313217544i,0.00004811674410505301-0.0000068202826473472835i
-0.3849862350765944+0.9229220324152195i,-0.000018550402704945403+0.00004352761395054852i
-0.5906276515431479-0.8069428151971292i,-0.000026894706199738316-0.00003734401468141851i
0.9961243459254698-0.08795609742860835i,0.00004458359382959262-0.00000358776491550724i
-0.4400878574099033+0.8979544668168463i,-0.00001941039763872638+0.00003884858612464982i
-0.5407536809762754-0.8411795904790498i,-0.000022500950812350648-0.0000356007718629592i
0.999620071912186-0.027562848726232655i,0.000040797267908976236-0.0000008075741928182005i
-0.49357894670376107+0.8697007746837072i,-0.000019752669586908743+0.0000341923341406943i
-0.4889007836593013-0.8723380080448844i,-0.000018398997750936632-0.00003342938825869234i
0.9994576178086452+0.03293126960418162i,0.00003680052253184916+0.0000014992080593874103i
-0.5452637485285754+0.8382643524031339i,-0.000019581681840445647+0.00002960636320341704i
-0.43525871894225976-0.9003040414588643i,-0.000014626999272493535-0.00003085859374589355i
0.9956375781271444+0.0933048750523171i,0.0000326378671379982+0.0000033151341555763697i
-0.5949531186916696+0.8037602437888376i,-0.000018905916106400943+0.00002513777147745745i
-0.38002379375999673-0.9249753470411121i,-0.000011220656002618933-0.00002792033357038599i
0.9881739325734392+0.1533370261332835i,0.000028355270738493756+0.000004626532017658182i
-0.6424652154238544+0.7663147190699279i,-0.000017737839980872225+0.000020832925269085406i
-0.32339814423304036-0.9462616384015898i,-0.000008212956714143968-0.000024649570723800634i
0.9770939948870209+0.21280803093862996i,0.00002399985716078817+0.000005423623929980406i
-0.6876261648422574+0.7260648127960638i,-0.00001609384893883339+0.00001673713680904754i
-0.26558899593615104-0.9640850168495356i,-0.000005633933637717602-0.00002108406792749495i
0.9624383128845511+0.27150025111444226i,0.00001961959099937121+0.000005700621383405826i
-0.730270697254113+0.683157822349815i,-0.000013994183058021336+0.000012894346591890656i
-0.2068079055416549-0.9783802564692394i,-0.000003510434860135384-0.000017264150428995757i
0.9442605200722555+0.3291988983243126i,0.00001526295611332645+0.000005455795309689636i
-0.7702427519729087+0.6377507689014597i,-0.000011462818841352428+0.00000934681220828037i
-0.14726998661281887-0.9890950428189025i,-0.0000018659152733079835-0.000013232450932736421i
0.9226271393703113+0.3856928202824687i,0.000010978628562613114+0.000004691521147201953i
-0.807396048433517+0.59000982277889i,-0.000008527336648100601+0.000006134805577027262i
-0.08719312238053079-0.9961901643790396i,-0.0000007202474353101296-0.000009033638095776692i
0.8976173396675057+0.44077527348051726i,0.000006815145914979695+0.000003414298322427i
-0.841594621516287+0.5401096953555296i,-0.000005218764387221671+0.0000032963204429506585i
-0.026797168384186054-0.9996396560498144i,-0.0000000895535956411957-0.00000471413012024263i
0.8693226460970847+0.49424467977995523i,0.0000028205748846572964+0.000001634743877647212i
-0.8727133191210253+0.48823299968168854i,-0.0000015713982662773996+0.0000008667919555879131i
0.033696852105230546-0.9994308941721595i,0.000000013939979853819421-0.00000032179506709254617i
0.8378466050940434+0.5459053641016431i,-0.000000957820717570345-0.0000006324398766744515i
-0.9006382601699738+0.4345695821991742i,0.000002377398474696152-0.0000011211699177796222i
0.09406755693545782-0.9955646427249508i,-0.00000041797462764942575+0.0000040943604001902144i
0.8033044054596148+0.5955682705126161i,-0.000004473909735986995-0.0000033685236571958562i
-0.9252672513636759+0.3793158279847898i,0.000006587417783804017-0.000002638031462780351i
0.15409401523662197-0.9880550505291734i,-0.00000138938882088854+0.000008484512058710447i
0.7658224568196926+0.6430516540896586i,-0.000007683019140047084-0.000006550835273583284i
-0.9465101611645946+0.32267394206524i,0.000011015848786185595-0.0000036575691714050444i
0.21355655593340306-0.9769295994693086i,-0.0000029002042595448007+0.00001279834710775188i
0.7255379270198552+0.6881817460277235i,-0.000010542253244532151-0.000010152869138864713i
-0.9642892496398574+0.26485120943351365i,0.00001561753823545168-0.000004157085067750397i
0.27223757164689133-0.9622290039214315i,-0.000004946085183764189+0.000016985399185641777i
0.6825982401499178+0.7307933895591802i,-0.000013010804737225981-0.000014144420750501137i
-0.9785394529560466+0.20605923647477248i,0.000020345268009347956-0.0000041176019945741016i
0.329922315044203-0.944007061756069i,-0.000007518436753116741+0.000020995387474253175i
0.6371605370350366+0.7707306443567028i,-0.000015050255608280574-0.00001849174552276739i
-0.9892086214849051+0.1465131765777976i,0.000025150048126187875-0.0000035240375565646118i
0.386399684721552-0.9223304574610812i,-0.000010604409719644748+0.000024778557909606072i
0.5893911001677289+0.8078473572079407i,-0.000016624866122981833-0.000023157741208467374i
-0.996257710648594+0.08643094276592685i,0.000029981423661526037-0.0000023653555311074986i
0.4414629977447887-0.8972785181050567i,-0.000014186931604750436+0.0000282860244941765i
0.5394647451853163+0.8420076968735517i,-0.0000177018500376425-0.00002810215300888975i
-0.9996609238060915+0.026032410228912103i,0.00003478779385612737-0.0000006346936794161843i
0.49491074602023577-0.8689429230342858i,-0.00001824476439944346+0.00003147010869463289i
0.4875641811197195+0.8730866511712414i,-0.000018251634326550415-0.000033281800336495165i
-0.9994058066578277-0.03446138832590992i,0.00003951674162702378+0.0000016705329807285463i
0.5465473337278264-0.8374273683657014i,-0.000022752588656430636+0.00003428467490795044i
0.43387934176081494+0.9009704844666977i,-0.00001824810176604998-0.0000386508240654382i
-0.9954932928230735-0.0948290715584627i,0.00004411537162367443+0.0000045485542452120554i
0.5961837931178612-0.8028471875035934i,-0.00002768111369162176+0.00003668545998932201i
0.37860669058028024+0.9255571538971987i,-0.000017668814809418383-0.00004416095298153043i
-0.987937700423298-0.15484971965662364i,0.00004853065491153779+0.000007993192802196391i
0.6436384760518711-0.7653289290688489i,-0.00003299721346261203+0.00003863039485677504i
0.32194850175960577+0.9467566828046985i,-0.000016495219282826808-0.00004976178802651349i
-0.9767666796839869-0.21430368280792206i,0.00005270977831600842+0.000011993838841074966i
0.6887377187568448-0.7250098937853111i,-0.000038664087543452984+0.000040079916220135893i
0.2641121199534016+0.9644914900117753i,-0.00001471282653786673-0.000055401102821808556i
-0.9620211117466847-0.27297338502358337i,0.000056600496420822974+0.000016535451566726493i
0.7313164773601051-0.6820376320180573i,-0.000044641446469279606+0.00004099726652538598i
0.20530920149695042+0.9786966737354492i,-0.000012311372809293391-0.00006102515885519266i
-0.9437549590615621-0.3306441203732702i,0.00006015148418725523+0.000021598587844380763i
0.771218931879049-0.6365694038023868i,-0.00005088572058196916+0.00004134878025986297i
0.14575493983485716+0.9893202490998497i,-0.000009284954647206205-0.00006657903362056209i
-0.9220350679080077-0.3871048387166391i,0.00006331268814351365+0.000027159458048642254i
0.8082990564554111-0.5887716033395858i,-0.000057350291369716614+0.00004110415482830633i
0.08566727800540014+0.9963233383785528i,-0.000005632139420297003-0.00007200695991647736i
-0.896940923765934-0.4421489180562764i,0.0000660356740881653+0.00003319000903758195i
0.8424211537472317-0.5388191500655618i,-0.00006398574415995316+0.000040236704284750344i
0.02526611106254517+0.9996803132703728i,-0.0000013560500202939604-0.00007725267443437063i
-0.8685643604330356-0.49557492068553183i,0.00006827396925701024+0.00003965803401954211i
0.873460351522892-0.4868948485207819i,-0.00007074014089725749+0.00003872359428975603i
-0.03522751864557511+0.999378888687948i,0.000003535576963389097-0.00008225977370213331i
-0.8370092239525013-0.5471873303640711i,0.00006998339691969976+0.00004652730892789971i
0.9013030596398872-0.43318871936410897i,-0.00007755931161632204+0.00003654605675657646i
-0.09559223039679121+0.9954201677158845i,0.000009030360186042103-0.00008697207539412257i
-0.8023909925810655-0.5967972678234043i,0.00007112240140051356+0.00005375775476758531i
0.9258473857359993-0.3778973039787432i,-0.00008438716310553594+0.000033689582752608615i
-0.15560711525332704+0.9878186375739424i,0.000015111270046864278-0.000091333982974261i
-0.7648363541881488-0.6442231819839459i,0.00007165236155685403+0.0000613056252482014i
0.9470035081116127-0.32122294521511163i,-0.00009116600314977244+0.000030144092333788068i
-0.21505254449370226+0.9766021166000286i,0.00002175665303392595-0.00009529085160572662i
-0.724482742632629-0.6892915143540491i,0.00007153789079920093+0.00006912371887230563i
0.9646940044385841-0.263373046902876i,-0.0000978368786423043+0.000025904080108537626i
-0.2737109733595945+0.9618116524470184i,0.000028940284050668712-0.00009878935323833433i
-0.6814778348138975-0.7318373341795956i,0.000070747121797057+0.00007716161450508262i
0.9788541350927366-0.2045593148419291i,-0.00010433992576573671+0.000020968735454206866i
-0.3313677371762872+0.9435013718659631i,0.00003663144670510894-0.00010177783877375953i
-0.6359790102377921-0.7717049420197728i,0.00006925197408664033+0.00008536592931362237i
0.9894320800730984-0.14499698205002853i,-0.0001106147303613017+0.00001534203644154678i
-0.3878118369332526+0.9217382826254119i,0.000044795041387299404-0.0001042066952090492i
-0.5881527750751467-0.808748439540204i,0.00006702840287753198+0.00009368059783152323i
0.996389128640868-0.08490402110232281i,-0.00011660069653485603+0.000009032816661597252i
-0.4428367114499702+0.8966020282917366i,0.00005339172080533805-0.0001060286956705871i
-0.5381741528206669-0.8428322634382346i,0.00006405662744636625+0.000102047170777719i
0.9996998209841021-0.02450034644527717i,-0.00012223742148727873+0.0000020548042930016424i
-0.49624099330119925+0.8681845967678595i,0.00006237805249558948-0.00010719934027379276i
-0.4862260437820571-0.8738316815464406i,0.00006032133760604441+0.00011040513213862702i
0.9993520413897029+0.03599299039581882i,-0.00012746507450667874-0.000005573367103984698i
-0.5478292457353313+0.8365899836570092i,0.0000717067076701256-0.00010767718577813663i
-0.43249855574338963-0.9016332492988282i,0.0000558118768478857+0.00011869223291006498i
0.9953470625817259+0.09635460977056298i,-0.00013222477802057804-0.000013828176428642712i
-0.5974126778890231+0.8019338116834445i,0.00008132667561407684-0.00010742416205271365i
-0.3771883082522062-0.9261352248892568i,0.00005052240087144806+0.00012684483979072693i
0.987699541063758+0.15636361405794985i,-0.0001364589885778768-0.000022681261723329558i
-0.6448098356807321+0.7643429075629062i,0.0000911835026986666-0.00010640587342403859i
-0.3204977130763587-0.9472479416027858i,0.000044452010341561416+0.00013479829702305496i
0.9764374634824035+0.21580039605685858i,-0.00014011187561354174-0.00003209949574982032i
-0.6898472658547798+0.7239548378712704i,0.0001012195549330707-0.0001045918830449715i
-0.2626342334638091-0.9648941359573664i,0.00003760485684399084+0.00014248729949040405i
0.9616020442081692+0.27444744265415905i,-0.00014312969584340287-0.00004204509035095323i
-0.7323601507458233+0.6809174056099188i,0.00011137430284028057-0.0001019559785014137i
-0.2038096249161812-0.9790092304550269i,0.00002999022114931913+0.0001498462751020758i
0.9432475745085565+0.33209013082935346i,-0.00014546116114244883-0.00005247572933169991i
-0.772192911440775+0.6353881093101901i,0.00012158462731001844-0.00009847641696091833i
-0.14423916025450534-0.9895415699078007i,0.000021622563038551753+0.00015680977443056676i
0.9214412238653231+0.38851751308271965i,-0.000147057797777541-0.00006334472943582237i
-0.8091997771308538+0.5875335666563484i,0.00013178514495595958-0.00009413614826489343i
-0.08414084181308373-0.9964526104735432i,0.000012521542092511729+0.00016331286550873788i
0.8962627941630077+0.44352308941262664i,-0.00014787429489455622-0.00007460122883765381i
-0.8432453185701834+0.5375289047363688i,0.00014190855138581314-0.0000889230144723399i
-0.023734603644508523-0.9997170607098538i,0.0000027120090001495497+0.00016929153164845995i
0.8678044276482819+0.49690556301691485i,-0.00014786884020031864-0.00008619040241396446i
-0.8742049436887079+0.4855571191519554i,0.00015188598068174795-0.00008282992447839452i
0.03675849334457787-0.999322974129899i,-0.000007776032903068385+0.0001746830701077193i
0.8361702697288715+0.5484695769527996i,-0.00014700344083146144-0.00009805370290922839i
-0.9019653535456974+0.4318084043331767i,0.00016164737928611725-0.00007585500245394641i
0.09711707038152917-0.995271792921428i,-0.000018907495996565163+0.00017942648940942393i
0.8014760878460632+0.5980264290594388i,-0.00014524422746490894-0.00011012912695967728i
-0.9264249569552456+0.3764794575084798i,0.00017112189239362416-0.00006800170898343212i
0.15712024097898997-0.9875783426689841i,-0.00003064230660541214+0.00018346290310344577i
0.7638488478155525+0.645394762526855i,-0.00014256173979833477-0.00012235150479819728i
-0.9474942422664071+0.3197727588772513i,0.00018023826086695224-0.00005927893391533346i
0.21654841928464186-0.9762707780986288i,-0.000042935532908412495+0.00018673591776292045i
0.7234262491870516+0.690401229584025i,-0.00013893119161256088-0.00013465281232394967i
-0.9650961049374269+0.2618958306191895i,0.00018892522661838752-0.00004970106008356989i
0.27518412367117834-0.9613904800437263i,-0.000055737542170158424+0.00018919201301731327i
0.6803562213230316+0.7328811258773256i,-0.00013433271372199934-0.00014696250408858472i
-0.9791661297052685+0.20306047745218825i,0.0001971119443363273-0.000039287997207063966i
0.33281277262572595-0.942991904008854i,-0.00006899418678284384+0.00019078091144779196i
0.6347963820407485+0.7726789932177782i,-0.00012875157322247695-0.0001592078656256883i
-0.9896528263178335+0.14348201151797357i,0.0002047283973821397-0.000028065185428398205i
0.3892234700260844-0.9211423808860276i,-0.00008264701844477388+0.0001914559362051962i
0.5869134607986735+0.8096491884913048i,-0.00012217836755862876-0.0001713143834320505i
-0.9965178179661843+0.08337846443207111i,0.00021170581564106496-0.00001606356811027116i
0.44420977693002434-0.8959218705525325i,-0.00009663352964562615+0.0001911743542571603i
0.5368826885382354+0.8436564166500145i,-0.00011460919205391142-0.00018320613079994417i
-0.9997359817271939+0.022969789381668434i,0.0002179770930800386-0.000003319533669030125i
0.497570467053215-0.8674226692520894i,-0.00011088742147544407+0.00018989770322840505i
0.48488715641377816+0.8745762258340161i,-0.00010604577967564596-0.00019480616759813538i
-0.9992955405026634-0.03752294380865117i,0.00022347720274626997+0.0000101251736123579i
0.549110263171063-0.8357490718302152i,-0.0001253388966249307+0.0001875920998670318i
0.4311171457575154+0.9022954628118113i,-0.00009649561194378359-0.00020603695200806032i
-0.9951981061184466-0.09787835769758847i,0.00022814360693322654+0.00002422357368509378i
0.5986405517495473-0.8010169900598487i,-0.0001399149763002723+0.0001842285282489544i
0.3757694317315198+0.926712687072561i,-0.00008597200003532843-0.00021682076213918193i
-0.98745867342586-0.15787557737355273i,0.00023191666024509515+0.000038923601477292485i
0.6459800731898028-0.7633535284540085i,-0.00015453983963726196+0.00017978310592271253i
0.31904656321508007+0.9477385420548168i,-0.00007449413528543321-0.0002270801253763398i
-0.9761055654269598-0.2172950387620432i,0.00023474000330737062+0.000054168287842058904i
0.69095558516046-0.7228965191178258i,-0.00016913518406688286+0.00017423732629660304i
0.26115612156273427+0.9652960821531875i,-0.00006208710844048929-0.0002367382532504669i
-0.9611803296245136-0.27591929213593036i,0.00023656094489937855+0.00006989597011057592i
0.733402496590227-0.6797940173421952i,-0.0001836206049596091+0.00016757827567978595i
0.2023099609456005+0.9793210543062314i,-0.00004878189717744233-0.0002457194795746253i
-0.9427375859759687-0.3335337978881314i,0.00023733083032489977+0.00008604053148818951i
0.7731654700005699-0.6342037597849506i,-0.0001979139927583702+0.0001597988235075315i
0.1427234330560334+0.9897621331350828i,-0.00003461532156595229-0.00025394969954845877i
-0.9208448270078499-0.38992771165449724i,0.00023700539388859626+0.00010253166837250353i
0.8100989899742181-0.5862925872223954i,-0.00021193194570103726+0.00015089778440773428i
0.0826145990128554+0.9965811087723152i,-0.00001962996731535327-0.0002613568075074133i
-0.8955821708220812-0.4448946559136956i,0.00023554509340925666+0.00011929518451719811i
0.8440678956791392-0.5362358339836664i,-0.00022559019613374083+0.0001408800509009764i
0.02220343135124847+0.9997530266936532i,-0.00000387407681587614-0.000267871130978312i
-0.8670420678981149-0.49823347524036515i,0.0002329154247753912+0.00013625331081444455i
0.8749478754991751-0.48421668630233766i,-0.00023880404832596344+0.00012975669566843212i
-0.03828899098231664+0.999266279040824i,0.000012598591848080702-0.0002734258586995224i
-0.8353289627638553-0.5497489724476422i,0.0002290872146337114+0.0001533250493231472i
0.9026259219612061-0.4304255119334257i,-0.00025148882561841534+0.00011754504247081967i
-0.09864129168414304+0.995122647101335i,0.00002972893756580092-0.00027795746027334115i
-0.8005589117735132-0.5992526229250887i,0.00022403688939700363+0.0001704265400306595i
0.9270007452940019-0.3750591634891087i,-0.0002635603246651969+0.00010426870495606093i
-0.15863260723556882+0.9873372947897275i,0.00004745272003420647-0.00028140609513923806i
-0.762859158391156-0.6465632645578572i,0.00021774671886371673+0.00018747144870280905i
0.9479831441053133-0.31832025804264874i,-0.0002749352744734121+0.0000899575927530748i
-0.218043395168655+0.9759387131541559i,0.00006570079407592278-0.00028371600859000473i
-0.7223676675342421-0.6915077607022793i,0.00021020503285671242+0.00020437137405167588i
0.9654963318206845-0.26041643563686495i,-0.0002855317978963123+0.00007464788441293678i
-0.27665623749739626+0.9609686161113817i,0.00008439937359482065-0.00028483591259786435i
-0.6792326206812326-0.7339216337916757i,0.00020140640941348752+0.00022103627233343537i
0.9794762176893602-0.2015595994106902i,-0.00029526987320076454+0.00005838196692628222i
-0.3342566363742381+0.9424817877917381i,0.00010347032416095316-0.0002847193492749293i
-0.6336118735909777-0.7736496672536594i,0.00019135183319264352+0.00023737489738022782i
0.9898716413289267-0.14196514012462666i,-0.0003040717933063737+0.000041208341715575774i
-0.3906337990601405+0.9205458820527266i,0.00012283148305913949-0.00028332503486056654i
-0.5856723786183853-0.8105464735361747i,0.00018004882290240172+0.00025329525397088534i
0.996644559950354-0.08185114792300371i,-0.00031186262028232+0.000023181497173024748i
-0.44558140933553664+0.8952411748949342i,0.00014239700548266917-0.0002806171822084851i
-0.5355895737404579-0.8444770261635416i,0.00016751152670460182+0.0002687050623566299i
0.9997701875782791-0.021437614217649857i,-0.0003185706326889198+0.0000043617479874679465i
-0.4988983825291483+0.8666602706863236i,0.00016207773540653265-0.00027656579983698255i
-0.4835467405285883-0.8753171538754063i,0.00015376078470222024+0.0002835122316790408i
0.9992370857570358+0.03905437338625993i,-0.0003241277633642866-0.000015184958323435958i
-0.5503896014015823+0.8349077632699902i,0.000181781599533517-0.0002711469657072402i
-0.42973433341666994-0.902953995040261i,0.0001388241577782777+0.00029762533995026193i
0.9950472054104936+0.0994034401759524i,-0.0003284700252819178-0.0000353872670874249i
-0.5998666301906874+0.8000998531955861i,0.00020141402257290743-0.0002643430740060169i
-0.37434928271960655-0.9272864106805789i,0.00012273592221907718+0.0003109541182088905i
0.9872158797025155+0.15938873446749607i,-0.0003315379231428778-0.000056168673599646244i
-0.6471484042055692+0.7623639224751786i,0.0002208783619856724-0.0002561430533302031i
-0.31759427395287987-0.9482253545980651i,0.00010553702972375216+0.00032340993642069173i
0.9757717679241554+0.21879073582817918i,-0.00033327684841647463-0.00007744781076599786i
-0.6920618924456516+0.7218380684197567i,0.00024007636021239096-0.00024654255480084983i
-0.25967700609054956-0.9656941992445245i,0.00008727503257468456+0.00033490628866051226i
0.9607567506129568+0.27739205842708053i,-0.00033363745560489487-0.00009913876617698515i
-0.7344427308198778+0.6786705982623403i,0.00025890861229215325-0.0002355441087728102i
-0.20080943147614883-0.9796290161458034i,0.00006800397391799355+0.0003453592750914113i
0.9422257762881567+0.3349782465739124i,-0.0003325760175812748-0.00012115142736123984i
-0.7741358236487395+0.6330194864171574i,0.00027727504668205195-0.0002231572489525944i
-0.14120698016807193-0.9899788098525653i,0.00004778424327993344+0.00035468807824921313i
0.9202466603626885+0.39133855953480823i,-0.00033005475793557935-0.00014339185381267023i
-0.810995911247903+0.585051796361088i,0.00029507541699857754-0.00020939860289036593i
-0.08108777155801916-0.9967057045617522i,0.000026682397622053992+0.00036281543114488553i
0.8948998369678773+0.44626674275296246i,-0.0003260421583587496-0.00016576267423628672i
-0.8448881015163106+0.534943069253039i,0.00031220980232499115-0.0001942919479720086i
-0.02067181614763497-0.9997850827257667i,0.0000047709484151207804+0.0003696680747146039i
0.8662780645990378+0.4995617826517892i,-0.000320513239202622-0.0001881635073151885i
-0.8756883635833782+0.4828766815286405i,0.00032857911366243305-0.0001778682322026884i
0.03981978959550425-0.9992056751421314i,-0.000017871884612415494+0.00037517720217658524i
0.8344860866591919+0.5510286422583413i,-0.0003134498114697137-0.0002104914041662282i
-0.9032839817087478+0.4290431738211917i,0.0003440856040482028-0.00016016555924342976i
0.10016567235607254-0.9949696021939332i,-0.00004116245222147133+0.0003792788878962096i
0.7996402481431679+0.6004789749549247i,-0.000304840698613857-0.00023264131052506758i
-0.9275739677735259+0.3736395536647214i,0.0003586333798217196-0.00014122913733667625i
0.16014499210231808-0.9870923660901312i,-0.00006501198590404053+0.000381914498415098i
0.7618680698648514+0.6477318137468876i,-0.0002946819266681368-0.00025450654658322464i
-0.948469430853453+0.3168685745309625i,0.00037212891048904077-0.00012111119193432081i
0.2195382502658007-0.9756027941341252i,-0.00008932693845090816+0.0003830310833664491i
0.7213077817857372+0.6926142335241512i,-0.0002829768813607664-0.00027597930229134217i
-0.9658939025215398+0.2589379938386639i,0.00038448153461841393-0.00009987084202119504i
0.27812809301194846-0.9605429332281976i,-0.00011400935351406199+0.00038258174407742197i
0.678107817152592+0.7349619838928977i,-0.00026973643103157113-0.00029695114584429687i
-0.9797836166896885+0.2000598126506028i,0.0003956039591947751-0.00007757394030835424i
0.3357001066618079-0.9419678959998965i,-0.00013895726267487522+0.00038052597774924837i
0.6324262692954807+0.7746200902615195i,-0.00025497901432028-0.0003173135429759392i
-0.9900877429652094+0.1404494998406814i,0.0004054127498684144-0.00005429287765210205i
0.39204360235408814-0.9199456591134716i,-0.00016406510837767863+0.0003768299952069404i
0.584430313074024+0.8114434209811112i,-0.00023873069176378068-0.0003369583846146905i
-0.9967685726682433+0.08032520357032243i,0.0004138288095536992-0.000030106352235938363i
0.446952387075969-0.8945568145044582i,-0.00018922419094426985+0.0003714670103223167i
0.5342955930891629+0.84529721846502i,-0.00022102516060965366-0.00035577852038575614i
-0.9998016568293446+0.01990695295982344i,0.0004207778428669168-0.0000050991042326573095i
0.5002255182410356-0.8658942744477804i,-0.00021432313774791105+0.000364417499336342i
0.4822055808993004+0.8760575923437739i,-0.00020190373232941355-0.00037366829539296065i
-0.9991758956622191-0.04058414712379184i,0.00042619080393822926+0.00002063838315832593i
0.5516680390529034-0.8340629315387014i,-0.00023924839249768438+0.00035566942843848713i
0.42835090359314104+0.903611972850667i,-0.00018141527249397808-0.0003905240876717376i
-0.9948935791841746-0.10092672521569396i,0.00043000432519125673+0.000047010215228650046i
0.6010916919634219-0.7991792748309419i,-0.0002638847224646821+0.0003452184481018948i
0.3729286461763592+0.9278595227787899i,-0.00015961610285665186-0.0004062448436770697i
-0.9869703788356426-0.16089995337780028i,0.0004321611247544606+0.0000739154485930873i
0.6483156076145052-0.7613709635367385i,-0.0002881157413725255+0.00033306805282255785i
0.31614163032506104+0.9487115065019309i,-0.00013656986567342483-0.0004207326091541208i
-0.9754352901294321-0.22028435533425428i,0.0004326103902514636+0.00010124848392932286i
0.6931669667423568-0.7207763598489159i,-0.00031182444557587843+0.0003192297050679639i
0.2581976721455+0.9660916147088858i,-0.00011234735047625494-0.0004338930527368593i
-0.9603305265395964-0.27886260966040055i,0.0004313081368119522+0.00012889948705860696i
0.7354816326218057-0.6775440225946429i,-0.00033489376106263274+0.000303722922405051i
0.1993088216563152+0.979936243662785i,-0.0000870262837014785-0.0004456359796306026i
-0.9417113650182355-0.3364203450859299i,0.00042821753725060956+0.00015675483664638807i
0.7751047517362752-0.6318321635738825i,-0.00035720709873917115+0.00028657532694782885i
0.1396905867764714+0.9901947279634737i,-0.00006069108176094465-0.00045587583275734405i
-0.919645943705575-0.39274692500172403i,0.00042330922247832306+0.00018469759665561277i
0.8118913204751955-0.5838080685721063i,-0.0003786489153932595+0.00026782265644113943i
0.07956114465876785+0.9968295259611315i,-0.00003343256832776442-0.0004645321787797415i
-0.8942150125736154-0.4476362182994451i,0.00041656155033696103+0.00021260801154668427i
0.8457067157849849-0.5336474851661145i,-0.0003991052776771051+0.0002475087364779905i
0.019140543255094455+0.9998163571425992i,-0.0000053476567905740755-0.0004715301764685256i
-0.8655116379158929-0.5008873537229255i,0.00040796084118577123+0.00024036402208838775i
0.8764271878316475-0.48153397956333144i,-0.00041846442641323416+0.00022568541353228295i
-0.0413501039646309+0.9991442909876362i,0.00002346100099156299-0.00047680102494062547i
-0.8336408617647841-0.552305454970754i,0.0003975015787139224+0.0002678417995237761i
0.9039403128720573-0.42765826482827024i,-0.0004366173384988051+0.0002024124486764211i
-0.10168942719286589+0.9948157869699339i,0.00005288539832679617-0.00048028238936968673i
-0.7987193174827532-0.6017023538599052i,0.00038518657460755103+0.0002949162957245332i
0.9281454046766068-0.37221750295456546i,-0.00045345828367053444+0.000177757372042924i
-0.16165661040293255+0.9868466855564959i,0.00008281258824474705-0.00048191880185758247i
-0.7608748029342971-0.6488972789405287i,0.0003710270958631265+0.00032146180686813084i
0.9489538829975952-0.31541458333669525i,-0.000468885373391461+0.0001517952982796774i
-0.2210321994409039+0.9752661502383291i,0.00011312512732808147-0.00048166203525433656i
-0.7202458128006138-0.6937175170418738i,0.0003550429537072772+0.00034735254808339203i
0.9662895977349173-0.25745738028187215i,-0.00048280109913369825+0.0001246087034396799i
-0.2795989051336242+0.9601165608045816i,0.00014370154702514874-0.00047947144782399786i
-0.676981031748506-0.73599904532837i,0.00033726255326007676+0.0003724632364336354i
0.98008910761275-0.19855799227929433i,-0.0004951128573570076+0.0000962871639360449i
-0.3371423984738259+0.9414533582507039i,0.00017441685049865793-0.0004753142967753019i
-0.6312387903083124-0.775587131552809i,0.00031772290325937354+0.0003966696795422805i
0.9903019123473932-0.1389319658107035i,-0.0005057334585226899+0.00006692705838176914i
-0.3934520949723107+0.9193448418881983i,0.00020514303292436711-0.0004691660188076608i
-0.58318648545212-0.8123369003099628i,0.0002964695853498835+0.00041984936711351566i
0.9968906374566329-0.07879750654276928i,-0.0005145816175343825+0.000036631233319736946i
-0.4483219253068026+0.8938719193984538i,0.00023574962302186814-0.0004610104759644369i
-0.5329999679926892-0.8461138632183891i,0.00027355668263055456+0.00044188206256207536i
0.9998311710343083-0.018374680787998622i,-0.0005215824230626358+0.000005508634030886189i
-0.5015510894472255+0.865127810745353i,0.00026610424347778803-0.00045084016523674154i
-0.4808628990449503-0.8767944110901871i,0.00024904666734606984+0.0004626503919399591i
0.9991127519895392+0.042115389843520215i,-0.0005266677832885538-0.000026326098213369317i
-0.5529447914976353+0.8332177070302149i,0.0002960731878096043-0.0004386563905198572i
-0.4269660779051457-0.9042662662875762i,0.00022301024780303059+0.00048204042733552313i
0.9947380094276991+0.10245133765431044i,-0.0005297768456920598-0.000058753060915496434i
-0.6023149525655968+0.7982583855375079i,0.0003255220111180636-0.00042446939569246205i
-0.37150674380729276-0.928428893610862i,0.00019552617478672067+0.0004999422619214383i
0.9867229530290196+0.16241235897027329i,-0.0005308563886128227-0.00009164755542734673i
-0.6494808990502104+0.7603777823801081i,0.0003543161320864438-0.0004082984577625607i
-0.3146878541122393-0.9491938682141201i,0.00016668100795007456+0.0005162505738422674i
0.9750969144600299+0.2217790221873696i,-0.0005298611824264593-0.00012488058047146295i
-0.69427002382995+0.7197145243080334i,0.00038232144350825115-0.0003901719392054983i
-0.256717341570826-0.9664851992021821i,0.00013656884284139227+0.0005308651761607164i
0.9599024400322477+0.2803340707971176i,-0.000526754318303466-0.00015831935209056528i
-0.7365184179306484+0.6764174213940333i,0.00040940492855967954-0.00037012729880522523i
-0.19780735337926048-0.9802396077246982i,0.00010529099942995171+0.0005436915501230262i
0.9411951350009374+0.33786321845217004i,-0.0005215075026548525-0.00019182784786476675i
-0.7760714703619973+0.6306449224525899i,0.00043543527998171085-0.000348211060501107i
-0.13817347481142633-0.9904067585495719i,0.00007295567317946295+0.0005546413590589794i
0.9190434600737416+0.3941559331623796i,-0.0005141013155139445-0.000225267373101256i
-0.8127844339274156+0.5825645351852589i,0.0004602835192976883-0.000324478739937232i
-0.07803394026930655-0.9969494442683057i,0.00003967754990538869+0.0005636329403002499i
0.8935284808738726+0.4490062077515268i,-0.0005045254312596235-0.00025849714657761447i
-0.8465229549366667+0.5323522131743731i,0.0004838236131670391-0.00029899472860855545i
-0.01760883463873314-0.9998437214591491i,0.000005577385834663826+0.0005705917725815671i
0.8647435712747228+0.5022133137551713i,-0.0004927788002500346-0.0002913749033060164i
-0.8771635648827022+0.48019171196844546i,0.0005059330839640578-0.00027183213569765457i
0.04288071212683853-0.9990789983097448i,-0.000029218445537361142+0.000575450916483423i
0.8327940716915622+0.5535825360006823i,-0.00047886979010800326-0.0003237575116836586i
-0.9045941322834096+0.42627391661572717i,0.0005264936116725982-0.0002430725878961122i
0.10321333424705642-0.9946580733786171i,-0.00006457843802742502+0.0005781514255804123i
0.7977969035808286+0.6029258851812045i,-0.00046281628557848556-0.0003555016023037867i
-0.92871427303471+0.3707961431068538i,0.000545391624203648-0.00021280598770503844i
0.1631682402184209-0.9865971253536481i,-0.00010036646685417121+0.0005786427260776421i
0.7598801415577774+0.650062785815839i,-0.0004446457460641122-0.0003864642056241316i
-0.9494357177732988+0.3139614162830032i,0.0005625188732720741-0.00018113023090851835i
0.22252602081643097-0.9749256538450244i,-0.00013644233015369826+0.0005768829628462481i
0.7191825446983557+0.6948207370784047i,-0.00042439522013580015-0.00041650339562346745i
-0.9666826349046298+0.2559777268521107i,0.0005777729930126096-0.00014815088411122872i
0.28106945203917744-0.9596863714293229i,-0.0001726623156913877+0.0005728393099094492i
0.6758530487405375+0.7370359440764284i,-0.00040211131651129544-0.0004454789365251355i
-0.9803919081140072+0.19705727023214378i,0.0005910580385718152-0.00011398082342617148i
0.3385842900539637-0.9409350473398139i,-0.00020887979040330355+0.0005664882435799984i
0.6300502210434429+0.7765539172701545i,-0.00037785013119383287-0.0004732529296270214i
-0.9905133673452097+0.13741567000694155i,0.0006022850019835403-0.00007873983558940411i
0.39486005523778495-0.9187403033750012i,-0.0002449458102741993+0.0005578157766100404i
0.5819416802988567+0.8132300378379562i,-0.0003516771306655853-0.0004996904572526785i
-0.9970099724013629+0.07727118883643908i,0.0006113723027189883-0.00004255418296459728i
0.4496908024424132-0.8931833627722896i,-0.0002807097479435011+0.0005468176518823968i
0.5317034831187557+0.8469300869191558i,-0.00032366699123454384-0.0005246602208264562i
-0.9998579484961644+0.016843929709005206i,0.0006182462503986537-0.000005556134080887332i
0.5028758746652551-0.8643577529657976i,-0.00031601993532612163+0.0005334994943485912i
0.47951947974366754+0.877530736797451i,-0.00029390339483863307-0.0005480351700784722i
-0.9990468732593968-0.0436449695410306i,0.0006228414772628169+0.000032116538478521486i
0.5542206373678609-0.832368963316086i,-0.00035072431844324027+0.0005178769201030609i
0.4255806412296952+0.904920002227426i,-0.0002624787818158682-0.0005696931204018768i
-0.994579714878331-0.10397414550294512i,0.0006251013381177403+0.00007032109085289i
0.6035371907548049-0.7973340590643743i,-0.00038467112157808533+0.0004999756016725161i
0.3700843605764135+0.9289976502524898i,-0.00022949406135330626-0.0005895173554154843i
-0.9864728212354338-0.16392281928469954i,0.0006249782756075524+0.00010891036920309615i
0.6506450574062927-0.7593812529239976i,-0.0004177095178055768+0.0004798312887956928i
0.31323373035320556+0.9496755670144783i,-0.0001950582805297579-0.0006073972118299711i
-0.9747558600821338-0.22327160446893132i,0.0006224341488048868+0.00014773339724131413i
0.6953718427480607-0.7186494358769038i,-0.0004496903028910733+0.0004574897841684901i
0.2552367994676236+0.966878080212559i,-0.0001592882530659513-0.0006232286437741193i
-0.9594717104675852-0.28180330997308556i,0.000617440523267064+0.00018663598755950834i
0.7375538659415305-0.6752876688922667i,-0.0004804665695139518+0.0004330068738341903i
0.1963058117956762+0.9805422360313745i,-0.0001223081490913328-0.0006369147638101526i
-0.9406763058197494-0.3393037348755633i,0.0006099789208681359+0.00022546137419558268i
0.7770367588854286-0.6294546374273149i,-0.0005098943787463452+0.0004064482121048789i
0.13665642946033263+0.990618029524989i,-0.00008424904742687302-0.0006483663579526679i
-0.9184384292530552-0.39556245229916465i,0.0006000410278891805+0.00026405086375785126i
0.8136760311367874-0.5813180707066607i,-0.0005378334257053278+0.0003778891611095248i
0.07650694360071125+0.9970685876135295i,-0.00004524845206772636-0.0006575023721047072i
-0.8928394618517193-0.45037357948314827i,0.0005876288600297906+0.00030224450232212624i
0.8473375986839532-0.5310541279053249i,-0.0005641476963002984+0.0003474145852733693i
0.016077475520195617+0.9998703040228327i,-0.000005449774727795381-0.0006642503674356912i
-0.8639730848499053-0.5035365312257747i,0.0005727548831914225+0.00033988175522127906i
0.8778982746365217-0.4788467534817594i,-0.0005887061120137484+0.0003151186012432838i
-0.04441082886306502+0.999012925673276i,0.0000349982145216346-0.0006685469423496495i
-0.8319449367986137-0.5548567539400593i,0.0005554420890777255+0.0003768021967657311i
0.9052462200364904-0.42488700402007495i,-0.0006113831596852258+0.00028110428398216706i
-0.10473660831530429+0.9944995902016511i,0.00007594196632483105-0.0006703381188273535i
-0.7968722269739207-0.6041464376364011i,0.000535724024856961+0.00041284620686531174i
0.929281353140844-0.36937234904493943i,-0.0006320595033142333+0.00024548332996207633i
-0.164679096374251+0.9863468144787577i,0.00011722375847881719-0.0006695796910728203i
-0.758883306441334-0.6512252032265411i,0.0005136447763360902+0.00044785567146790503i
0.9499157156777817-0.31250594836786894i,-0.0006506225749570497+0.00020837567858903022i
-0.2240189292596338+0.9745844341647464i,0.00015868232724460863-0.000666237534550874i
-0.7181171983459771-0.695920762633611i,0.000489258904305213+0.0004816746836899694i
0.9670737947362422-0.254495908609508i,-0.000666967141866376+0.00016990909319244743i
-0.2825389486504689+0.9592554945234057i,0.00020015352091003915-0.0006602878736699207i
-0.674723089147544-0.7380695492925516i,0.0004626313339218933+0.0005141502424872694i
0.9806927991107482-0.19555452161871345i,-0.0006809958471100665+0.00013021870310625064i
-0.34002499639131695+0.9404160928949726i,0.00024147097286019052-0.0006517175065391987i
-0.6288597826618841-0.7775173167335421i,0.00043383719721849475+0.0005451329457020867i
0.990722889090274-0.13589748757549883i,-0.0006926197210051289+0.00008944650855776988i
-0.3962666982192193+0.9181351734039426i,0.0002824667913028912-0.0006405239854144656i
-0.5806951189071933-0.81411970305788i,0.0004029616290298424+0.0005744776743256385i
0.9971273588501914-0.0757431256209489i,-0.0007017586608178952+0.000047740850262442i
-0.45105823364321174+0.8924942746531617i,0.0003229722626996861-0.0006267157516374921i
-0.5304053598815773-0.8477427592405731i,0.00037009951685283287+0.0006020442648312551i
0.9998827707798397-0.015311574902861953i,-0.000708341876305158+0.000005255845796558945i
-0.5041990891589889+0.8635872313275372i,0.0003628185658689932-0.0006103122240725755i
-0.47817454451978997-0.8782634393262843i,0.00033535520536206846+0.0006276981664652978i
0.9989790412541204+0.04517601103905279i,-0.0007123082988106665-0.000037849205013627524i
-0.5554947920422721+0.8315198307993605i,0.0004018374936582137-0.0005913438402481426i
-0.42419381518971494-0.9055700507247175i,0.0002988421565175434+0.000651311080429193i
0.9944194775352362+0.10549827360021596i,-0.0007136069517793205-0.00008141044329184906i
-0.6047576220355193+0.7964094259919285i,0.0004398621790246683-0.0005698520496194079i
-0.36866071819333474-0.9295626629575634i,0.00026068256640735595+0.0006727615779455793i
0.9862207656695314+0.16543445918866873i,-0.0007121972807112695-0.00012526010035949283i
-0.6518072983234992+0.7583845059182066i,0.00047672782232364915-0.0005458892585816712i
-0.3117784808320479-0.9501534733611618i,0.00022100694017311858+0.0006919356942767241i
0.9744129094237243+0.22476522708847602i,-0.0007080494407478879-0.00016922717035419512i
-0.6964716392837051+0.7175842254661889i,0.0005122724165731197-0.0005195187270785702i
-0.25375526768196704-0.9672671284065681i,0.00017995362656412163+0.0007087274958511542i
0.9590391204839968+0.28327345215261157i,-0.0007011445402607284-0.0002131381034181098i
-0.7385871925971952+0.6741578961517285i,0.0005463374674523454-0.0004908144168681172i
-0.19480341880090868-0.9808409994611276i,0.00013766831385971607+0.0007230396177565681i
0.9401556603197704+0.34074501938780966i,-0.0006914748390013496-0.0002568175165426916i
-0.7779998334139298+0.6282644397024724i,0.000578768704792439-0.0004598607917271687i
-0.13513867265491408-0.9908254119823933i,0.00009430348908504984+0.0007347837689716359i
0.9178316342908713+0.3969696075235475i,-0.0006790438995657572-0.00030008891905719575i
-0.8145653283835758+0.5800718064725422i,0.0006094167823335548-0.0004267525700940134i
-0.07497937660805526-0.9971838273056326i,0.00005001786262406663+0.0007438812028372154i
0.8921487387515746+0.4517414586976296i,-0.0006638666911280214-0.00034277544966186164i
-0.8481498634876662+0.5297563608163203i,0.0006381379625544382-0.0003915944308656886i
-0.014545687864790435-0.9998929763596567i,0.000004975760503464432+0.0007502631504068472i
0.8632009620770096+0.5048601314416565i,-0.0006459696446061191-0.0003847006218341214i
-0.8786305337414787+0.47750223567060324i,0.0006647947834256744-0.0003545006732825127i
0.04594123221091684-0.9989429448216367i,-0.00004065351321861904+0.0007538712144674862i
0.8310942407060424+0.5561312342107747i,-0.0006253906586354594-0.00042568907437751737i
-0.9058957929735313+0.4235006587070805i,0.0006892567039987653-0.0003155948320442104i
0.10626002745127139-0.9943372093992683i,-0.00008669634137497604+0.000754657722183763i
0.7959460714593788+0.6053671367733015i,-0.0006021790559415329-0.0004655673238387452i
-0.9298458620366958+0.36794925252112587i,0.0007114007258173908-0.0002750092490105597i
0.1661899569532207-0.9860926251075153i,-0.00013297548319912328+0.000752586034490619i
0.7578850815516245+0.6523876568568459i,-0.0005763954899238843-0.0005041645154886562i
-0.9503930939570548+0.3110513114179134i,0.0007311119872263401-0.00023288460304259306i
0.22551170289542177-0.9742393635864876i,-0.00017931078557173062+0.0007476308105414792i
0.7170505578708856+0.697020719538096i,-0.0005481118014841247-0.0005413131695481212i
-0.9674622946842086+0.2530150574425111i,0.000748284327756094-0.00018936939973753522i
0.2840081731473403-0.9588208026861875i,-0.0002255199130369027+0.000739778225708567i
0.6735919372485358+0.7391029869631868i,-0.0005174108263541555-0.0005768499193399384i
-0.980990998269229+0.19405287837655977i,0.0007628208198766518-0.0001446194230013015i
0.3414652957332788-0.9398933677221963i,-0.00027141909351923447+0.0007290261418305638i
0.6276682595845503+0.7784804560941444i,-0.0004843861534029316-0.0006106162380630655i
-0.9909296954632227+0.13438055049014447i,0.0007746342655432484-0.00009879715058466019i
0.3976728022439312-0.9175263249832353i,-0.0003168238765834091+0.0007153842286074524i
0.579447585829726+0.815009022293911i,-0.0004491418346221385-0.0006424591509154912i
-0.9972420148999347+0.07421644889325218i,0.0007836476550971839-0.00005207113588321229i
0.45242499732851854-0.8918015282462761i,-0.00036154990100236567+0.0006988740352533617i
0.5291063829547328+0.8485550066874685i,-0.0004117920477103613-0.0006722319293376207i
-0.9999048561993374+0.01378074837659236i,0.0007897945862381517-0.000004615358465554523i
0.505521511451494-0.862813119226848i,-0.0004054136683390118+0.0006795290117343328i
0.4768288781567325+0.8789956453691501i,-0.00037246071239240957-0.0006997947642071374i
-0.9989084745051094-0.04670538233364453i,0.0007930196409476233+0.00004339145405161081i
0.5567680341590464-0.8306671830607617i,-0.00044823331919993436+0.0006573944791379326i
0.42280638466690873+0.9062195386658465i,-0.0003312810618221933-0.0007250154148917458i
-0.9942565161466264-0.10702058995840208i,0.0007932787184177064+0.00009176653002003235i
0.6059770251719687-0.7954813600780419i,-0.0004898294087872186+0.0006325275489451515i
0.36723660162614397+0.930127058812i,-0.0002883951706262793-0.0007477698311541122i
-0.98596600529496-0.166944146723761i,0.0007905393222230238+0.0001403237807748299i
0.6529684007025924-0.757384415289809i,-0.0005300256783580424+0.0006049969912000386i
0.31032289059101464+0.9506307145444685i,-0.0002439534413453499-0.0007679427450065521i
-0.9740672816617182-0.22625675812985885i,0.0007847808001660229+0.00018887454763612336i
0.6975701924841606-0.7165157671636002i,-0.0005686498192000727+0.0005748830517995235i
0.25227353131777047+0.9676554712829972i,-0.00019811405122663773-0.0007854282297291542i
-0.9586038894687234-0.2847413654746437i,0.0007759945354265137+0.0002372283657791779i
0.7396191771008807-0.6730249774116144i,-0.0006055342257437476+0.000542277219352002i
0.19330095954781923+0.981139025724583i,-0.00015104236150618926-0.0008001302233940745i
-0.9396324180948474-0.3421839401955666i,0.0007641840878541645+0.0002851937417625724i
0.7789614733155733-0.6270712036590347i,-0.0006405167344616988+0.0005072819422791285i
0.1336209895840808+0.9910320338468199i,-0.00010291029149890889-0.0008119630143810474i
-0.9172222949831721-0.398374267122264i,0.0007493652844560117+0.00033257894142536473i
0.8154531052089581-0.5788226169954258i,-0.0006734413452494225+0.000470010297059186i
0.07345202450326638+0.9972982914858466i,-0.00005389565998138807-0.0008208516865223409i
-0.8914555315663442-0.453106713773861i,0.0007315662583505112+0.000379192784799821i
0.8489605290697271-0.5284557865407237i,-0.000704158922039816+0.00043058560873038233i
0.013014256894348653+0.9999148668280471i,-0.000004181496512383513-0.0008267325216809577i
-0.8624264231399296-0.5061809828855997i,0.0007108274356826814+0.0004248454446368838i
0.8793611221072141-0.4761550332780341i,-0.0007325278694783584+0.0003891410249900826i
-0.04747113695181082+0.9988721843306465i,0.00004604467451860215-0.0008295533577410415i
-0.8302412037821019-0.5574028454108632i,0.0006872014702216247+0.00046934924510707974i
0.9065436311981812-0.42211175551794256i,-0.0007584147825736552+0.0003458190454368206i
-0.10778280645276228+0.9941740597640882i,0.00009659157418810659-0.0008292739001751555i
-0.7950176575825079-0.606584851316128i,0.0006607531255905066+0.0005125194572201004i
0.9304085800255025-0.3665237284628414i,-0.0007816950663403311+0.00030077100770821i
-0.16770003678260093+0.9858376862479526i,0.00014726493063178892-0.0008258659855472259i
-0.7568846876030517-0.6535470155676382i,0.0006315591053090081+0.0005541750875023053i
0.9508686331187913-0.309594380434569i,-0.000802253522567554+0.00025415653246654455i
-0.22700355659350335+0.9738935713315164i,0.0001978682587751717-0.000819313795513004i
-0.715981844148009-0.6981174767993819i,0.0005997078310587111+0.0005941396564829613i
0.9678489154647401-0.25153204841405963i,-0.0008199849009756935+0.0002061429293747504i
-0.2854763404547541+0.9583854253492174i,0.0002482036549469378-0.0008096140200890232i
-0.6724588140698063-0.7401331262519315i,0.0005652991698110954+0.0006322419635667277i
0.9812872865175344-0.19254921561740734i,-0.0008347944121657733+0.00015690456638777162i
-0.34290440307267916+0.9393700014595887i,0.0002980726030379586-0.0007967759691780826i
-0.6264748729793843-0.7794402046805023i,0.0005284441106854786+0.0006683168349118303i
0.9911345676065793-0.13286173389848713i,-0.0008465981999208803+0.00010662220485724926i
-0.39907758238498386+0.916916887953056i,0.00034727678880139913-0.0007808216315601818i
-0.5781983023658166-0.8158948650477968i,0.0004892643926290052+0.0007022058509912655i
0.9973547219093302-0.07268803382380942i,-0.0008553237705835956+0.00005548230310922924i
-0.453790308663703+0.8911082535886613i,0.00039561891883684117-0.0007617856807843905i
-0.5278057737582857-0.8493636989424247i,0.0004478920842309281+0.0007337580505862336i
0.9999249863305955-0.012248325310392875i,-0.0008609103774113166+0.0000036762913063410073i
-0.5068423568121795+0.8620385468916689i,0.00044290354076339557-0.0007397154276263018i
-0.47548170218410835-0.8797242247964343i,0.0004044691172000363+0.0007628306080480671i
0.9988359548056946+0.04823620824802377i,-0.0008633093579967587-0.00004860017945504i
-0.558039579102985+0.8298141505124977i,0.0004889378610649232-0.0007146707190079237i
-0.42141757128888196-0.9068653361152829i,0.0003591467752432402+0.0007892894807668818i
0.994091612722621+0.10854421941727482i,-0.0008624844230369375-0.00010114801073552967i
-0.6071946156752799+0.7945529919118794i,0.0005335325570832462-0.0006867237835095249i
-0.3658112325885235-0.9306877080799232i,0.0003120851402866108+0.0008130100238996822i
0.9857093223372281+0.1684550067593793i,-0.0008584118949388668-0.00015376544984022617i
-0.6541275801914914+0.7563841117969627i,0.0005765025796448203-0.0006559590238374766i
-0.3088661814176342-0.9511041610330138i,0.00026345249817540654+0.0008338775695404794i
0.9737197592348291+0.22774932250508367i,-0.0008510808949601279-0.00020624889911214953i
-0.6986667181441073+0.7154471918877083i,0.0006176679428297069-0.0006224727568439199i
-0.25079081222391136-0.9680399795190477i,0.000213424706175924+0.0008517879676561002i
0.9581668000707158+0.2862101749066007i,-0.0008404934778026884-0.00025839373805480113i
-0.7406490354034581+0.6718920437417397i,0.0006568544974326787-0.0005863729019263494i
-0.19179765593390707-0.9814331857108536i,0.0001621845247791141+0.0008666480862658479i
0.9391073620004349+0.3436236223342788i,-0.0008266647128000219-0.0003099951548358351i
-0.7799208947062813+0.6258780605083407i,0.0006938946847205359-0.0005477786188623892i
-0.1321026021810513-0.9912347662218459i,0.0001099209164723138+0.000878376268508866i
0.916611194387423+0.3997795562111469i,-0.0008096227110678118-0.00036084898366773915i
-0.8163385779021639+0.5775736336179357i,0.0007286282671613864-0.0005068198963605532i
-0.07192410924224957-0.9974088514739812i,0.000056828314300793554+0.0008869027444204821i
0.8907606235502742+0.454472469920132i,-0.0007894085982188018-0.0004107525445201183i
-0.8497688119002934+0.5271555365417246i,0.0007609030328856386-0.0004636370928267846i
-0.01148240457434585-0.9999328469650207i,0.0000031058631846965928+0.0008921699954249596i
0.8616502514837436+0.5075022108700789i,-0.000766076432478368-0.00045950548159276054i
-0.8800892563917727+0.47480827787664603i,0.0007905754707396986-0.0004183804310607326i
0.04900132112385247-0.998797515954712i,-0.000051043362912659735+0.0008941330697494884i
0.8293866096560515+0.5586747129683325i,-0.0007396930682722026-0.000506910596968793i
-0.9071889515626442+0.42072342612309904i,0.0008175114129065772-0.00037120944880264284i
0.1093057233746011-0.994007013267293i,-0.0001054131647509217+0.0008927598471689852i
0.7940877691494272+0.6078027068193483i,-0.0007103379655952344-0.0005527746758729105i
-0.9309687241591873+0.3650989086264487i,0.0008415866421960333-0.00032229240725117664i
0.16921011394701202-0.985578870086619i,-0.00015979503919511196+0.0008880312517040335i
0.7558829085706236+0.6547064050503071i,-0.0006781029457059639-0.0005969092999813215i
-0.9513415504194646+0.3081382872478895i,0.0008626874612472267-0.00027180565986282634i
0.22849526848126356-0.9735439297995546i,-0.0002139790148064652+0.0008799414111139757i
0.714911841312656+0.6992141602557406i,-0.0006430918939253758-0.0006391316452668721i
-0.9682328745429418+0.25005001341539534i,0.0008807112210411312-0.0002199329839253764i
0.28694422875567066-0.9579462351224128i,-0.00026775449815842866+0.0008684977622526402i
0.6713245038977899+0.7411630931533657i,-0.0006054204105511323-0.0006792652609163044i
-0.9815808815327185+0.19104666528095815i,0.0008955668062848909-0.00016686487756773573i
0.34434309666066265-0.9388428669235174i,-0.00032091112733457887+0.0008537211015839821i
0.6252804072742177+0.7803996886523548i,-0.0005652154111260896-0.000717140825923756i
-0.9913367234118893+0.131344169775785i,0.0009071750754067254-0.00011279782502904462i
0.40048181697406493-0.9163037353317229i,-0.0003732396290202939+0.0008356455803892486i
0.5769480530744484+0.8167803576526829i,-0.0005226146775229601-0.0007525968800484801i
-0.9974646979861737+0.07116101241040046i,0.0009154692530881603-0.000057933533157281564i
0.4551549460730588-0.8904113238953462i,-0.00042453267557104906+0.0008143186444341147i
0.526504316971648+0.8501719625196078i,-0.00047776636152536755-0.000785480525922498i
-0.9999423794986245+0.010717437711447871i,0.0009203952734558402-0.000002478142242874485i
0.5081624037696704-0.8612603877277789i,-0.0004745857384261356+0.0007898009181023358i
0.47413380139058914+0.8804523043102737i,-0.0004308284427957465-0.000815648099206073i
-0.9987607006982734-0.049765356778753836i,0.0009219120722616947+0.0000533585855849198i
0.5593102055183883-0.8289576067444413i,-0.0005231979342395582+0.0007621660332418188i
0.4200281599420012+0.9075105699693962i,-0.000381968143324562-0.0008429658038152489i
-0.9939239860223786-0.11006602999028245i,0.0009199918265930505+0.00010936409706280355i
0.6084111723163466-0.7936211952600749i,-0.0005701728601176856+0.0007315004032081537i
0.36438539605261155+0.9312477378574882i,-0.0003313613006492325-0.0008673103093849375i
-0.9854499357708401-0.16996390733893307i,0.000914620140875273+0.00016532389416941623i
0.6552856156981411-0.7553804693750859i,-0.0006153194143873456+0.000697902942827331i
0.3074091383575802+0.9515769401275596i,-0.0002791917023175417-0.0008885693082840121i
-0.9733695613306994-0.2292397883004872i,0.000905796178155541+0.00022102239266285956i
0.699761995318495-0.7143753737341187i,-0.0006584525993677084+0.0006614847352347958i
0.24930789550708976+0.9684237806241576i,-0.00022565038424426155-0.0009066420296623523i
-0.9577270716877705-0.28767674859055614i,0.0008935327358882873+0.0002762437892059533i
0.7416775467163021-0.6707559693887161i,-0.0006993943026844932+0.0006223686467793959i
0.19029429311417118+0.9817266071413655i,-0.0001709348957746233-0.0009214397081865368i
-0.9385797116407276-0.34506093401436216i,0.000877856265677731+0.00033077293345662397i
0.7808788769626972-0.6246818846382736i,-0.0007379740537457096+0.0005806888914068017i
0.13058429563621626+0.9914367370434161i,-0.00011524853441961386-0.0009328860053069442i
-0.9159975523097079-0.4011823430813095i,0.0008588068366722859+0.0003843962014673048i
0.8172225260133438-0.5763217308589739i,-0.0007740297520930643+0.0005365905461592391i
0.07039641603775143+0.9975186354222467i,-0.0000587995533684241-0.0009409173810953396i
-0.8900632347060875-0.455835595520312i,0.000836438042545235+0.00043690236671996123i
0.8505754917106279-0.5258524854585136i,-0.0008074083644534088+0.0004902290196422542i
0.009950916126765741+0.9999500451400107i,-0.000001800345009660933-0.0009454834148980662i
-0.8608716673018453-0.5088206838834413i,0.0008108168522380907+0.00048808346512170596i
0.8808157165144714-0.4734588442147461i,-0.0008379665874388561+0.0004417694755168585i
-0.05053099950897222+0.9987220682806497i,0.00005553339619477654-0.0009465470732628121i
-0.8285296787052896-0.5599437054873457i,0.0007820234048837648+0.0005377356503006661i
0.9078325341805452-0.4193325453684025i,-0.0008655714729809171+0.0003913862132737601i
-0.11082799301576995+0.9938391987124473i,0.00011298352803990511-0.0009440849238181447i
-0.793155626714199-0.6090175720138542i,0.0007501507495668847+0.0005856600355716607i
0.9315270747512265-0.3636716679434191i,-0.0008901010137355092+0.00033926200873626974i
-0.17071940327556268+0.9853193056424016i,0.00017033032858546716-0.0009380872940117085i
-0.7548789651770808-0.6558626941729258i,0.000715304530815937+0.0006316635189879248i
0.9518126263772136-0.3066799068627229i,-0.0009114446858575629+0.0002855874169170339i
-0.22998605343090206+0.9731935682225941i,0.00022735337424598527-0.0009285583738459585i
-0.7138397702476422-0.7003076389223746i,0.0006776026209567523+0.0006755595879567547i
0.9686149526456767-0.24856582751223338i,-0.0009295039467194936+0.00023056004002272807i
-0.2884110529781884+0.9575063614478758i,0.00028383242431435923-0.0009155162619857585i
-0.670188227766187-0.7421897568392298i,0.0006371747006860578+0.000717169099973923i
0.9818725642536689-0.1895421024810633i,-0.000944192685332285+0.0001743837635567648i
-0.34578059149382834+0.9383150937624313i,0.0003395483082327874-0.0008989929548528896i
-0.6240840836438972-0.7813557773468184i,0.0005941617894488629+0.0007563210361243725i
0.9915369440325864-0.12982473327111638i,-0.0009554376234237348+0.00011726796361452484i
-0.40188472108862494+0.9156899969695111i,0.0003942838119028028-0.000879034278564121i
-0.575696059261354-0.817662369619294i,0.0005487157274218453+0.0007928532241037503i
0.9975727245001825-0.06963225982429289i,-0.0009631786653334415+0.00005942668859650389i
-0.456518124726944+0.8897138692131734i,0.00044782455932116907-0.000855699763812391i
-0.5252012340207017-0.8509766671109467i,0.0005009986111143953+0.0008266130276360177i
0.9999578172903717-0.00918496076009649i,-0.0009673691950969054+0.0000010778186818381075i
-0.5094808675989486+0.8604817719726126i,0.0004999598858376329-0.0008290624640338776i
-0.4727843973110294-0.8811767537907348i,0.0004511821848036733+0.0008574579992981573i
0.9986834939871728+0.05129595274957617i,-0.0009679763193112739-0.000057557793491610896i
-0.5605791287961949+0.8281006821779422i,0.0005504836993578147-0.000799208717446078i
-0.41863737225851905-0.9081521103026372i,0.0003994471902108925+0.0008852564939103701i
0.9937544180669636+0.11158914651838364i,-0.0009649810546034099-0.00011625719740686041i
-0.6096259106129728+0.7926891007205459i,0.0005991953258561808-0.0007662378537813218i
-0.3629583137361262-0.9318040184190615i,0.0003459826770116953+0.0009098882398116792i
0.9851886278321585+0.17147397333367148i,-0.0009583784587522276-0.00017479623089913267i
-0.656441722877655+0.7543766187906698i,0.0006459003356221756-0.0007302618467781158i
-0.30595098320179104-0.9520459223071911i,0.0002909852769439211+0.0009312448655123854i
0.9730174703987648+0.23073128043057278i,-0.0009481777047551407-0.00023295041437378067i
-0.7008552398096904+0.7133034436292855i,0.0006904113467362956-0.0006914049137242817i
-0.24782400301895186-0.9688037452861837i,0.0002346584444384513+0.0009492303793996258i
0.95728548697939+0.2891442114970717i,-0.0009344020973686498-0.00029049584930301544i
-0.7427039269984316+0.6696198854297628i,0.0007325488023612823-0.0006498030635742091i
-0.18879009298823096-0.9820161609160332i,0.00017721166684637522+0.000963761600365043i
0.9380502498815211+0.34649900027503566i,-0.0009170890318959679-0.00034721011726744405i
-0.7818346362093221+0.6234858072670701i,0.0007721417185373843-0.0006056035953837322i
-0.12906529188425875-0.9916348174260181i,0.00011885964747170113+0.0009747685374280713i
0.9153821518175868+0.40258575285297676i,-0.000896289895238999-0.00040287317579817196i
-0.8181041658407077+0.575070040067531i,0.0008090283992885886-0.0005589645490199475i
-0.0688681668464784-0.9976245146614322i,0.00005982146474046095+0.0009821947166396673i
0.8893641482978418+0.45719921578768496i,-0.0008720699094764457-0.0004572682472811419i
-0.8513797849802376+0.5245497647600919i,0.0008430571159787006-0.0005100541103099375i
-0.008419013517219853-0.9999633329010423i,0.0000003197109451162678+0.0009859974537714115i
0.8600914540488026+0.5101395272437401i,-0.0008445079184736472-0.0005101826972069352i
-0.8815397191430392+0.4721098638701646i,0.0008740867480011673-0.0004590499729890676i
0.052060950145805085-0.998642713073862i,-0.000059420385903899185+0.000986148071521063i
0.8276711945682111+0.5612129484020538i,-0.0008136961182719284-0.0005614088980874446i
-0.9084735959140708+0.4179422449289317i,0.0009019873820444925-0.0004061386599969673i
0.11235039343228742-0.9936674880816776i,-0.00011917185350931717+0.000982632060198267i
0.7922220140916901+0.610232572460798i,-0.0007797397322438109-0.0006107450754144693i
-0.9320828488637896+0.3622451381741435i,0.0009266408673456713-0.0003515148068458462i
0.1722286828547273-0.985055865112701i,-0.00017870687632846633+0.000975449181090908i
0.7538736414057589+0.6570190086340839i,-0.000742756632236316-0.0006579961321044811i
-0.9522810782589821+0.3052223711125245i,0.000947941324524303-0.0002953804099506838i
0.23147668957231043-0.9728393590110753i,-0.0002377977025045883+0.0009646135119529354i
0.712766415096153+0.701401038645247i,-0.0007028769071539528-0.0007029744479587351i
-0.9689943672487066+0.24708262259857777i,0.0009657956057831239-0.0002379440429638221i
0.28987759130841745-0.9570626769460717i,-0.000296217552937726+0.0009501534342983939i
0.6690507699688304+0.7432162433122573i,-0.0006602423806581319-0.0007455006507673011i
-0.9821615523682444+0.1880386591595377i,0.0009801237044611767-0.00017942004429673383i
0.3472176658271028-0.9377835548030364i,-0.0003537415287285199+0.0009321115624312511i
0.6228866865231446+0.7823115969322183i,-0.0006150060798762777-0.0007854043557998815i
-0.9917344473711296+0.12830655636119442i,0.0009908591121371802-0.00012002767913789643i
0.4032870730647519-0.9150725458948288i,-0.00041014751323026496+0.0009105446143858995i
0.5744431054918768+0.8185440272897635i,-0.0005673316572238737-0.0008225248705547411i
-0.9976780195701319+0.06810490806405907i,0.0009979491216979917-0.000059990279388361445i
0.457880623054656-0.8890127627669779i,-0.0004652170649608731+0.0008855232251983345i
0.5238973095906606+0.8517809392399627i,-0.000517392767642881-0.000856711861778278i
-0.9999705180418563+0.00765402646364916i,0.0010013550750134076+0.0000004656349651976373i
0.5107985268342268-0.8596995730414337i,-0.0005187362976600496+0.0008571317031719396i
0.47143427473932903+0.8819006999496445i,-0.0004653724037513395-0.0008878259819231982i
-0.998603553225787-0.05282486415759301i,0.0010010525540891256+0.0000611112494375653i
0.5618471275868553-0.8272402504120036i,-0.0005704967438258165+0.0008254677300417915i
0.4172459931294337+0.9087930840213634i,-0.00041146219157936443-0.0009157394523795839i
-0.9935821276264789-0.11311043701623012i,0.0009970315148062044+0.00012171635992170046i
0.6108396093427455-0.7917535820686685i,-0.0006202961981294249+0.0007906420061796902i
0.3615307706152244+0.9323596768710485i,-0.00035586164973537364-0.0009403366009915949i
-0.9849246175065383-0.172982072788868i,0.0009892963625959203+0.0001820502851328652i
0.6575966806451885-0.7533694339874527i,-0.0006679395371874152+0.0007527778422132706i
0.30449250099933034+0.9525142348831438i,-0.0002987774150045034-0.0009615143515621807i
-0.9726627056373867-0.2322206669841944i,0.0009778659696420215+0.00024188278286144628i
0.701947230680344-0.7122282756766838i,-0.0007132395122657025+0.0007120106986607995i
0.2463399198689501+0.9691830010252267i,-0.00024042243752481722-0.0009791826632467486i
-0.956841265353918-0.29060943177138215i,0.0009627736334472291+0.00030098496625571467i
0.7437289554693839-0.6684806661188818i,-0.0007560175115993614+0.0006684876754019505i
0.1872858407131866+0.9823049747670924i,-0.00018101514881854391-0.0009932649179451149i
-0.9375181963373476-0.3479346893305093i,0.0009440669768478618+0.0003591302163515739i
0.7827889518313955-0.6222867027894963i,-0.0007961042891371029+0.0006223669530186738i
0.12754637611701197+0.991832135316514i,-0.0001207786060725363-0.0010036982540174914i
-0.9147642127272317-0.40398665382167454i,0.0009218077898045918+0.00041609508707832443i
0.8189842769434026-0.5738154357688597i,-0.000833340656656101+0.0005738171882427199i
0.0673401468819575+0.9977296173547325i,-0.000059939616165166134-0.0010104338448737318i
-0.8886625843380644-0.4585601991111349i,0.0008960718135437949+0.0004716601989977399i
0.8521824714497488-0.5232442490914448i,-0.0008675781363444777+0.0005230168659422419i
0.006887481967808029+0.9999758386285607i,0.000001272156975236729-0.001013437121214828i
-0.8593088319274932-0.5114556094449206i,0.0008669484678645098+0.0005256111180773291i
0.8822620442064901-0.47075821159642767i,-0.00089867957111173+0.0004701536102631925i
-0.053590387816832175+0.9985625789321652i,0.00006262509802232096-0.0010126879359411525i
-0.826810377631343-0.5624793103227801i,0.0008345405226655222+0.000577739215859043i
0.9091129168868417-0.41654939965516335i,-0.000926519690062068+0.0004154234577146674i
-0.11387213942434893+0.9934950101894946i,0.00012388655519919204-0.0010081806709806296i
-0.7912861518447019-0.611444576897773i,0.0007989637149815186+0.0006278425074592734i
0.9326368268206086-0.3608161942541039i,-0.0009509856267522158+0.00035903009514853953i
-0.1737371675154873+0.9847916775272563i,0.00018482376076431006-0.0009999242855335154i
-0.7528661579877169-0.6581722173090715i,0.0007603463130458617+0.0006757264639269781i
0.9527476865933886-0.3037625550055266i,-0.0009719773880504503+0.000301184065732898i
-0.23296639178021322+0.9724844314077108i,0.00024520475325412824-0.0009879423054746904i
-0.7116909967488714-0.7024912284472666i,0.0007188286291203136+0.0007212047955914946i
0.9693718990895612-0.24559727374288898i,-0.0009894082716197898+0.00024210194615390698i
-0.29134305867762494+0.9566183110696513i,0.00030479929769050166-0.0009722727539002951i
-0.6679113515468077-0.7442394217523569i,0.0006745624830469864+0.0007641002031515956i
0.9824486268261436-0.1865332104323273i,-0.0010032052302616564+0.00018200549840314013i
-0.34865353466088406+0.9372513797041178i,0.00036337979996831034-0.0009529680230520664i
-0.6216874370936856-0.7832640167542704i,0.0006277106186847976+0.000804245093389995i
0.9919300145918698-0.12678651419653536i,-0.0010133091815772946+0.0001211207996148709i
-0.4046880879843135+0.9144545119680388i,0.00042072221166043-0.0009300946880970093i
-0.5731884130780954-0.8194222001838148i,0.0005784460755906068+0.0008414822565447804i
0.9977813645767246-0.06657583230174212i,-0.0010196752616328103+0.000059677353510972616i
-0.45924165623157176+0.8883111346134043i,0.00047660692151713227-0.0009037332634838624i
-0.5225917651131992-0.8525816486079514i,0.0005269515184922641+0.0008756655025275373i
0.9999812633510368-0.006121510002555463i,-0.0010222730215463352-0.000002092812911064687i
-0.5121145967560897+0.8589169211811579i,0.0005308196299901722-0.000873977902836984i
-0.47008265521555637-0.8826210126767684i,0.0004734185272786003+0.0009066602533495895i
0.9985216602294414+0.054355215827102045i,-0.0010210865661539044-0.00006395606374905461i
-0.5631134172874741+0.8263794418770991i,0.0005831522031826341-0.0008409360435844788i
-0.4158532441916153-0.9094303612100214i,0.00041804685039543803+0.0009343440892995605i
0.9934078967329334+0.11463302632600056i,-0.0010161146341523396-0.00012567807588107654i
-0.6120514840301743+0.7908177699110956i,0.0006334035027103714-0.0008047279977480728i
-0.360101988411629-0.9329115834980728i,0.0003610436246912471+0.0009586072466076643i
0.9846586870411922+0.17449133057765095i,-0.001007370619360981-0.000187024764188533i
-0.6587497046630756+0.7523620457402402i,0.0006813801880609508-0.0007654864905464355i
-0.303032913544515-0.9529787483449834i,0.0003026225648946187+0.000979353064534745i
0.9723060495067181+0.23371107287838644i,-0.0009948825329893398-0.0002477632065266189i
-0.703037183740531+0.7111530008106302i,0.0007268974881507264-0.0007233561486817512i
-0.24485486791146976-0.9695584185398076i,0.00024300312603339858+0.0009964983800343388i
0.9563951894814012+0.2920755343872232i,-0.0009786929070442372-0.00030766256465245386i
-0.7447518480963488+0.6673414425406741i,0.0007697799389085301-0.0006784929403881921i
-0.18578075819074713-0.9825899196052696i,0.00018240964221726764+0.001009973868354225i
0.9369843338843366+0.34937112622380795i,-0.0009588586392538326-0.00036649499733804595i
-0.7837410399620214+0.6210877024306634i,0.0008098620838566021-0.0006310635695220332i
-0.12602677027059045-0.9920255618403093i,0.0001210704453039017+0.001019724328169541i
0.9141445181162877+0.4053881711120516i,-0.0009354507801304037-0.0004240365619285071i
-0.8198620756286408+0.5725610493182922i,0.000846989134813573-0.0005812448261638157i
-0.06581157810166416-0.997830814843921i,0.000059216967051667135+0.001025708910070281i
0.8879593261006098+0.4599216707089715i,-0.0009085542630332906-0.0004800681006544576i
-0.8529827676080382+0.5219390699273592i,0.0008810175900105346-0.000529222896383279i
-0.005355543444243549-0.9999844338816006i,-0.000002917171570073655+0.001027901287461792i
0.8585245844019598+0.5127720558106458i,-0.0008782675783313347-0.0005343761080721539i
-0.8829819083822554+0.4694070189765718i,0.000911815807089826-0.000475192633987183i
0.05512009056125228-0.9984785376319572i,-0.00006509708019009387+0.0010262897691764958i
0.8259480115421984+0.563745916689848i,-0.000844702392994669-0.0005867535760842317i
-0.9097497139710433+0.4151571412267865i,0.0009392645286431875-0.0004193567972262962i
0.11539400904920133-0.9933186370289664i,-0.00012708752420393136+0.0010208773533377032i
0.7903488237968297+0.612656710892643i,-0.0008079831171733886-0.0006370008130883948i
-0.9331882256941125+0.3593879679476891i,0.0009632573581453181-0.00036192525358342143i
0.17524563534620463-0.9845236150943166i,-0.00018865385152150286+0.0010116817222603357i
0.751857298914597+0.6593254459037069i,-0.000768246419538923-0.0006849262339107364i
-0.9532116686578601+0.3023035903785539i,0.0009837011843449861-0.0003031141558941376i
0.23445593818704308-0.9721256578336549i,-0.00024956291710883467+0.0009987351784182055i
0.7106142993568366+0.7035813341821142i,-0.0007256406933761289-0.0007303471173026968i
-0.9697467656546689+0.24411291284189973i,0.0010005165523909443-0.00024314509317008545i
0.29280823327510497-0.9561701364496196i,-0.0003095840015497204+0.0009820845217522324i
0.6667707568013239+0.74526241817044i,-0.00068032547561759-0.0007730903279175971i
-0.9827330053260388+0.1850288882433262i,0.001013637980191972-0.00018224421959720798i
0.35008897625391533-0.9367154413027106i,-0.00036848971988064257+0.0009617908688369676i
0.6204871197971081+0.7842161629899094i,-0.0006324708212048428-0.000812992999831818i
-0.992122863608186+0.12526773875527386i,0.0010230142187386572-0.00012064136526961399i
0.406088544187832-0.913832768227629i,-0.0004260569169948933+0.0009379294146634993i
0.5719327665916858+0.8203000146525908i,-0.0005822566353450558-0.0008499031788368006i
-0.9978819776497221+0.0650481645366722i,0.0010286084553467732-0.00005856913229277888i
0.46060200269202417-0.8876058579870801i,-0.00048206754597037956+0.0009105891380339034i
0.5212853852793062+0.8533819217478104i,-0.0005298719664043755-0.0008836804209014749i
-0.9999892715649439+0.004590543384217622i,0.0010303984590205538+0.0000037380200519149273i
0.5134298559043684-0.85813068981652i,-0.0005363095257490325+0.0008798724517956593i
0.46873032353880906+0.8833408186936409i,-0.0004755142623393636-0.0009141963443880538i
-0.9984370335625257-0.055883875755779536i,0.0010283766673741261+0.00006604469734788001i
0.5643787765546826-0.825515130181345i,-0.0005885775746847451+0.000845894799371399i
0.4144599103406645+0.9100670687849729i,-0.00041938859371730007-0.0009413351337979289i
-0.9932309441673699-0.11615378246358377i,0.0010225502147910826+0.00012811549552864358i
0.6132623134595656-0.7898785380319256i,-0.0006386740165790843+0.0008087841992601525i
0.3586727521054863+0.9334628654168037i,-0.00036170684651045363-0.0009649939930267392i
-0.9843900554323213-0.17599861474718975i,0.0010129409017470162+0.0001897159260369413i
0.6599015738537057-0.7513513280010713i,-0.0006864095559422193+0.0007686807394006982i
0.3015730058897693+0.9534425900144317i,-0.00030268688797209563-0.0009850835463193876i
-0.9719467212158314-0.23519936620455167i,0.000999585105461973+0.00025061333689195125i
0.7041258780606263-0.7100744931424469i,-0.0007316040193461797+0.0007257360234919128i
0.24336963225868236+0.9699331253606966i,-0.00024255170900946038-0.0010015281853328942i
-0.9559464787807209-0.2935393874930219i,0.000982533632293161+0.0003105778259198756i
0.7457733841070476-0.6661990889565068i,-0.0007740870598820687+0.0006801125715622289i
0.18427563058008228+0.982874123173614i,-0.0001815285465620705-0.0010142663609404416i
-0.9364478821473445-0.3508051791729643i,0.0009618515125177653+0.00036938314243981394i
0.7846916799950517-0.6198856805921942i,-0.0008136988218881183+0.0006319831772660829i
0.12450725953824121+0.9922182249551856i,-0.0001198479895726783-0.0010232508186396733i
-0.9135222878110023-0.40678717302407374i,0.0009376177383940181+0.00042680757374919005i
0.8207383414645825-0.5713037552474058i,-0.0008502905632835939+0.0005815302245614638i
0.06428324571987498+0.9979312353031782i,-0.00005774307220099818-0.0010284487766624008i
-0.8872535936077939-0.46128049897512013i,0.0009099249466205362+0.00048263481282037114i
0.8537814532051111-0.5206311019185881i,-0.000883725233022007+0.0005289449665865969i
0.0038239831687105763+0.9999922470516185i,0.000004551642021816206-0.001029842046121167i
-0.8577379316845464-0.5140857348404839i,0.0008788790465428623+0.0005366548037022586i
0.8837000916090595-0.46805316076931436i,-0.0009138780013653213+0.0004744267697060461i
-0.0566492731621272+0.9983937177820497i,0.0000668009813670395-0.0010274270927676504i
-0.8250833166964125-0.5650096361197667i,0.0008445987956783308+0.0005886645612180291i
0.9103847673003029-0.41376234449887134i,-0.0009406367408795371+0.0004181823258365025i
-0.1169152171082854+0.9931414974255435i,0.00012877008866385211-0.001021215040180147i
-0.7894092505195927-0.6138658431897273i,0.0008072153243443438+0.0006384689616605794i
0.9337378258182993-0.35795733419436127i,-0.0009639024562574704+0.0003604248362879947i
-0.1767533011797653+0.9842548068544654i,0.0001902253418881993-0.0010112316144385255i
-0.750846284925753-0.6604755633005199i,0.0007668716113837618+0.0006858815013124684i
0.9536738049915027-0.3008423522431911i,-0.0009835896612892935+0.0003013731704695788i
-0.23594454367008116+0.9717661675423294i,0.00025093526885189754-0.0009975170305866977i
-0.7095355438185736-0.7046682248804272i,0.0007237219131783049+0.0007307250197541703i
0.9701197476922314-0.24262641496678228i,-0.000999626701521712+0.00024125100290626022i
-0.29427233003532444+0.9557212825491632i,0.00031067145228901884-0.000980125821421851i
-0.665628206780827-0.7462821017546042i,0.0006779311483306314+0.0007728323850753546i
0.9830154688284447-0.18352256771054143i,-0.0010119560213724308+0.00018028593209748532i
-0.3515232056104262+0.9361788692679225i,0.0003692094216826543-0.0009591266093865462i
-0.6192849558219888-0.7851649049934706i,0.0006296742405739809+0.0008120471382647842i
0.9923137755953498-0.12374710518932916i,-0.0010205343746980955+0.00011870858481700276i
-0.4074876567616238+0.9132104445440345i,0.0004263295282355214-0.0009346018225724317i
-0.5706753873510438-0.8211743402248322i,0.000579135422635744+0.0008482240942282237i
0.9979806401808125-0.06351877994163313i,-0.0010253329780483859+0.000056751709506453744i
-0.4619608776164396+0.8869000629544357i,0.00048181779946471714-0.0009066473560733531i
-0.5199773915264169-0.8541786283702169i,0.000526507503937351+0.0008812298970661895i
0.9999953242925461-0.0030580017891606915i,-0.0010263376060756692-0.0000053507375460647784i
-0.5147435195652778+0.8573440092038956i,0.0005354667699903138-0.0008753721801472743i
-0.4673765012543391-0.884056987899741i,0.0004719911051559641+0.0009109435274369401i
0.998350455051361+0.05741396876851298i,-0.0010235486288098425-0.0000673645095289237i
-0.5656424207917778+0.8246504457643198i,0.0005870762851928981-0.0008408978968634857i
-0.4130652132180374-0.9107000768406749i,0.00041579386280429033+0.0009372567600304458i
0.9930520519727373+0.11767583027241332i,-0.0010169809907463324-0.0001290559862105219i
-0.614471313162162+0.7889390170465244i,0.0006364542745327454-0.0008033582471191606i
-0.357242283422491-0.9340103929221337i,0.00035812960710121685+0.00096007456938907i
0.9841195049379824+0.17750705017252758i,-0.0010066641319357314-0.000190193087111221i
-0.6610515038866621+0.7503404115530405i,0.000683417491454837-0.0007628985701104344i
-0.30011199983275344-0.9539026303915447i,0.0002992175165098958+0.0009793154825260427i
0.9715855032355865+0.23668867188229145i,-0.0009926418515009217-0.00025054617705502893i
-0.705212529458441+0.708995883614286i,0.0007277922169477421-0.0007196752175334214i
-0.24188343476767638-0.9703039921970895i,0.00023928125240777487+0.0009949118770152738i
0.9554959159324578+0.2950041160657238i,-0.000974972114243268-0.0003098889604520275i
-0.7467927794768668+0.6650567364583357i,0.0007694149239802165-0.0006738549249725707i
-0.18276967978495373-0.983154456393671i,0.00017854807742751112+0.0010068102234526948i
0.9359096240128213+0.35223997322484474i,-0.0009537268012323832-0.00036799936071652586i
-0.7856400880722179+0.6186837685060457i,0.0008081329002060217-0.0006256141431030414i
-0.12298706585747204-0.9924069957974713i,0.00011724796106717246+0.0010149712714201784i
0.9128983048990882+0.4081867846868482i,-0.0009289914055010262-0.0004246603812951541i
-0.8216122907674637+0.5700466849178427i,0.0008438048265044178-0.0005751383314938494i
-0.06275437169479686-0.9980277500852632i,0.00005561267621122449+0.0010193701783172083i
0.8865461701432531+0.46263980913294867i,-0.0009008646741901715-0.00047966094486300774i
-0.854577744739233+0.5193234765456722i,0.000876301309112091-0.0005226212179448763i
-0.0022920231069896158-0.9999961497086605i,-0.000006125109766437448+0.0010199965806617036i
0.8569496572487539+0.515399771863738i,-0.0008694581987058711-0.0005327967073434467i
-0.8844158105740517+0.4666997685628683i,0.00090550536329632-0.00046826402642563216i
0.058178713659255143-0.9983049911698354i,-0.0000677327456336221+0.0010168546076978052i
0.824217076750599+0.56627359405906i,-0.0008348959546584417-0.0005838708435189334i
-0.9110172937568192+0.412368141155687i,0.0009313128467245181-0.00041227467680441575i
0.1184365416601098-0.992960463383232i,-0.00012897850498298205+0.001009962837386087i
0.7884682158452938+0.6150750993636283i,-0.0007973137935565789-0.0006326948011245336i
-0.9342848442758703+0.3565274247624749i,0.000953632840895431-0.00035486695966483416i
0.1782609431064524-0.9839821250267928i,-0.00018963248930242306+0.00099935419508754i
0.7498339000211113+0.6616256952125823i,-0.0007568588884217551-0.0006790890204533298i
-0.9541333128822356+0.29938197243959963i,0.0009723879792147757-0.0002962596895996327i
0.23743298636433274-0.9714028329655933i,-0.00024946752180066086+0.0009850757954865525i
0.7084555142929522+0.7057550264036265i,-0.0007136891356709999-0.0007228836166517114i
-0.9704900626993511+0.24114091201696652i,0.0009875147205200957-0.00023667584045159774i
0.29573612715079234-0.9552686220098162i,-0.0003082600284031645+0.00096718872852969i
0.66448448579387+0.7473015985239598i,-0.0006679725157896672-0.0007639190220430784i
-0.9832952350428503+0.18201738077991428i,0.0009989635670871488-0.00017634166603548905i
0.3529570009930046-0.9356385364471042i,-0.00036579090239615683+0.0009457677903840565i
0.6180817296167543+0.7861133689505158i,-0.0006198864154772075-0.000802046585989841i
-0.9925019684776605+0.12222774547822549i,0.0010066992263791908-0.00011548580992486429i
0.4088862040506724-0.9125844139658073i,-0.00042184634927327016+0.0009209011606414036i
0.5694170599341501+0.8220483032607075i,-0.0005696169140998626-0.0008371291299841772i
-0.9980765703107418+0.06199081051668161i,0.0010107007160340211-0.00005433840792247968i
0.463319059444213-0.8861906227598741i,-0.00047621870842975706+0.0008926900272111038i
0.5186685685512686+0.8549748950174592i,-0.0005173580374213091-0.000869041455847542i
-0.9999986398918831+0.0015270172248478659i,0.0010109614118166352+0.0000068698131477646965i
0.5160563662842943-0.8565537527774728i,-0.0005287072484542172+0.0008612481605544644i
0.46602197316641253+0.8847726470263245i,-0.00046331098170857227-0.000897670805117795i
-0.9982611432713293-0.05894236286358455i,0.0010074890384997087+0.00006790843668475947i
0.5669051286615975-0.8237822622432328i,-0.0005791189328850186+0.0008267014391160304i
0.41166993772390653+0.9113325123035045i,-0.00040768331142187363-0.0009229172679077941i
-0.9928704389410153-0.11919603776964663i,0.001000305603868536+0.00012854825395835896i
0.6156792619290138-0.787996080747692i,-0.0006272691534292535+0.0007891873280008504i
0.355811367346748+0.934557293141006i,-0.00035068813379564187-0.0009446941397311568i
-0.9838462545652156-0.17901350490276052i,0.0009894472762778576+0.00018856215455572228i
0.6622002736915913-0.7493261703564663i,-0.0006729824277837223+0.0007488543131322095i
0.29865068042922294+0.9543619968085387i,-0.00029254325370218706-0.0009629282250084143i
-0.9712216147857604-0.23817585800558652i,0.0009749642064182365+0.00024772600606054706i
0.7062979170120943-0.7079140463452955i,-0.000716093059351864+0.0007058612932989294i
0.24039706055331472+0.9706741465904318i,-0.0002334703122594761-0.0009775600861888425i
-0.9550427203660193-0.2964665882569754i,0.0009569202941757724+0.00030581951945516956i
0.747810813441729-0.66391125931487i,-0.0007564457563142946+0.0006603769326661352i
0.18126369096657124+0.9834340470193068i,-0.00017369391269982416-0.0009885442376489709i
-0.935368779115936-0.35367237660133194i,0.0009353929016898654+0.0003626270968052789i
0.786587043596002-0.6174788405806729i,-0.0007938962076856048+0.00061257897647645i
0.12146697442291254+0.9925950023358683i,-0.00011344073705684992-0.000995849283757151i
-0.9122717892168541-0.4095838744048068i,0.0009104725139304763+0.0004179386578704061i
0.8224847031144709-0.5687867128674784i,-0.0008283116141725608+0.0005626535328097113i
0.06122574124142599+0.9981234873753415i,-0.00005293865725381224-0.000999458000723409i
-0.885836275739074-0.4639964695814493i,0.0008822623483259997+0.0004715504423808387i
0.8553724219698005-0.5180130684651048i,-0.0008595711718420145+0.0005107943233989542i
0.0007604484813173995+0.9999992702551892i,0.0000075841558130130586-0.0009993673620849405i
-0.8561589813163718-0.5167110353856261i,0.0008508779151757441+0.0005232657848321181i
0.8851298452256798-0.4653437171211112i,-0.000887566506805667+0.00045720190661571194i
-0.0597076268363117+0.9982154864151171i,0.00006790012160593131-0.0009955885079084058i
-0.8233485121094797-0.567534659130449i,0.0008164465307761402+0.0005728958587711394i
0.9116480734842377-0.4109714060568664i,-0.0009122020593347202+0.0004020828758411658i
-0.11995719750739331+0.9927786637384177i,0.0001277831341220017-0.0009881466580191865i
-0.7875249403541482-0.6162813481654159i,0.0007791067853757535+0.0006202603876829732i
0.9348300614110987-0.3550951145954412i,-0.0009333954160302898+0.0003456490365283055i
-0.17976777596108845+0.9837086986627204i,0.00018700943737669926-0.0009770809697951324i
-0.7488193649482975-0.662772710529687i,0.0007390079682509341+0.0006651883197345283i
0.9545909728796609-0.29791932598268467i,-0.0009510775888912335+0.000288116565335537i
-0.2389204811496678+0.9710387833675691i,0.00024535848870633765-0.0009624443412870362i
-0.7073734316863136-0.7068386077900997i,0.00069630945236104+0.0007075184637880687i
0.9708584914349064-0.23965327906630357i,-0.0009651932403430608+0.00022970515477301902i
-0.2971988395592067+0.9548152843052892i,0.0003026138064630143-0.0009443031606476349i
-0.6633388148962354-0.7483177776748142i,0.0006511800411969309+0.000747100084265262i
0.9835730849405914-0.18051020257148034i,-0.0009757008535143429+0.0001706371468492694i
-0.3543895774097416+0.9350975725196733i,0.0003585637987520554-0.0009227370030666126i
-0.6168766623768052-0.787058424224018i,0.0006037972805822543+0.000783793452619512i
0.9926882234413138-0.12070653477525245i,-0.0009825728472734841+0.0001111366592372326i
-0.4102834011457721+0.9119578063734389i,0.000413002569952148-0.0008978382766184384i
-0.56815700566569-0.8229187732979912i,0.0005543467383177477+0.0008174703533591437i
0.9981705494421831-0.060461131435309026i,-0.0009857956357656992+0.00005142870749630747i
-0.46467576336084837+0.8854806674795933i,0.00046573070186127025-0.0008697118186323844i
-0.5173581377970264-0.8557675914096131i,0.0005030212546801729+0.0008480145427576487i
0.9999999999829321+0.000005535128154656206i,-0.0009853696324171619-0.000008261673111013331i
-0.5173676113532925+0.8557630508030699i,0.0005165560064269383-0.0008384744443902037i
-0.4646659608254338-0.8854846659825988i,0.0004500201668936257+0.0008753221585873301i
0.9981698800597416+0.0604721828665061i,-0.0009813091985994978-0.00006771030268149292i
-0.5681661155736579+0.8229137100667446i,0.0005652942471474682-0.0008042544501428318i
-0.41027330550428204-0.9119612452779393i,0.0003955485107845648+0.000899302079417783i
0.9926868871260834+0.12071752980000483i,-0.0009736425373723475-0.00012669472511260186i
-0.6168853752981209+0.7870528597594832i,0.0006117698263700904-0.000767191072616712i
-0.35437922560789126-0.9351004363785907i,0.00033981620291260534+0.0009198762322333891i
0.9835710865829116+0.18052110381487838i,-0.0009624115329443271-0.00018499506646461246i
-0.6633470989453463+0.7483117352027067i,0.0006558164358614992-0.0007274339073478076i
-0.29718826948014765-0.9548175597759669i,0.00028303720653439455+0.0009369798473382858i
0.9708558383479095+0.23966404949663778i,-0.0009476715367099913-0.00024239487983983217i
-0.7073812565471553+0.7068321122854366i,0.0006972776681873416-0.0006851422883399261i
-0.23890973147535355-0.9710404592605981i,0.00022542868481013258+0.0009505616597366328i
0.9545876747725066+0.29792992904696497i,-0.0009294911009352808-0.000298681973444779i
-0.7488267019852372+0.6627657886253908i,0.0007360075866063156-0.0006404846316903542i
-0.1797568860307142-0.9837097659828891i,0.0001672101447001086+0.0009605840563970954i
0.9348261303534438+0.35510551435316506i,-0.0009079516613717839-0.0003536492185831025i
-0.7875317627167799+0.6162740280548483i,0.00077187125136361-0.0005936377459620471i
-0.11994620717343002-0.9927791157176293i,0.00010860257502153575+0.0009670231690330953i
0.9116435238620658+0.4109815673115467i,-0.0008831471702826377-0.0004070953344230062i
-0.8233547948308839+0.5675269704642356i,0.000804745200454213-0.0005447861122039896i
-0.059696576318665207-0.9982153185371598i,0.000049827582144715634+0.0009698689122535294i
0.8851246936886563+0.46535360554907956i,-0.0008551836815582714-0.0004588256464909831i
-0.8561647014044846+0.5167030091631484i,0.0008345178831208052-0.0004941211366330173i
0.0007715187424953696-0.9999984802722612i,-0.00000889347319731094+0.0009691249671618647i
0.8553666873703393+0.518022650741121i,-0.0008241788897875849-0.0005086528159634906i
-0.8858414122608276+0.46398813803739974i,0.0008610900445501393-0.00044184037908786655i
0.06123679073373001-0.9981220753162783i,-0.00006734033453246669+0.0009648087107019994i
0.8224784064387451+0.5687959567866869i,-0.0007902616253288103-0.0005563975369603184i
-0.9122763233747836+0.4095752708912236i,0.0008843750604376071-0.000388146760450946i
0.1214779627099431-0.9925929705060372i,-0.00012529470028623777+0.0009569510912696986i
0.7865802078871422+0.6174877151764597i,-0.000753571307594503-0.0006018891991857557i
-0.9353726943169687+0.35366353546554485i,0.0009042992202990524-0.00033324775230437163i
0.1812745778359136-0.9834313999921707i,-0.00018254106306008803+0.0009455964513234836i
0.7478034637154964+0.6639197349721857i,-0.000714257358924309-0.0006449665134167611i
-0.9550460022822002+0.29645754471591007i,0.0009208019586219617-0.0002773545521440738i
0.2404078061636995-0.9706708911908115i,-0.00023886753424062253+0.000930802297940942i
0.7062900801653332+0.7079220949090346i,-0.0006724785815686244-0.0006854780974993684i
-0.9712242514066843+0.2381666480168847i,0.0009338360331654842-0.00022068124751930388i
0.29866124545632716-0.9543581420876368i,-0.0002940666507049941+0.0009126390224743738i
0.6621919784037964+0.749333765234502i,-0.0006284025004443434-0.0007232830206863759i
-0.9838482362419819+0.1790041650331906i,0.0009433676499348088-0.00016344397249371543i
0.35582171312710736-0.9345528503432841i,-0.00034793616047431577+0.000891189570659472i
0.6156705385573786+0.7880031970081931i,-0.000582204674450136-0.0007582513043283313i
-0.9928717584215372+0.11918660506128573i,0.0009493765345759202-0.00010586005983967073i
0.41168002639640455-0.9113274948255328i,-0.00040027978426900376+0.0008665490647268689i
0.5668960091299189+0.8237888767059025i,-0.0005340679792434447-0.0007902643771167738i
-0.9982617957268747+0.05893287469826004i,0.0009518559501541001-0.00004814719237823939i
0.4660317678108379-0.8847670703677569i,-0.0004509079500305328+0.0008388243792530465i
0.5160468839661447+0.8565598440983793i,-0.0004841818644829036-0.0008192154832716617i
-0.9999986229347446-0.0015365232623603185i,0.0009508126614985921+0.000009477443135612793i
0.5186780333234258-0.8549687767243095i,-0.0004996384975999327+0.0008081336726667245i
0.46330924904080684+0.8861961715095599i,-0.00043274158862890744-0.0008450100422638865i
-0.998075884002975-0.06200029677620188i,0.0009462668465106182+0.00006679799621024286i
0.569426160197035-0.8220416628611404i,-0.0005462973508766958+0.0007746058764969722i
0.4088761014638759+0.9125894027003916i,-0.00037994743447099586-0.0008675659588673208i
-0.992500615330858-0.12223717438195196i,0.0009382519550460991+0.00012360078356507895i
0.6180904320673104-0.7861062278833815i,-0.0005907191549281285+0.0007383801446109815i
0.35294664319394964+0.9356429497721226i,-0.00032600390861314127-0.0008868138825421113i
-0.9832932200089481-0.1820267149599434i,0.0009268145161934126+0.00017967510755125297i
0.6644927585848635-0.7472939800603369i,-0.0006327478756733387+0.0006996052648399286i
0.2957255520445786+0.9552724466365559i,-0.0002711189281965288-0.000902697415362153i
-0.9704873931525085-0.24115011445204254i,0.0009120138949719622+0.00023481405883510383i
0.7084633271495174-0.7057469555616587i,-0.0006722373599302933+0.000658439035531912i
0.23742223265131013+0.9714060577597246i,-0.0002155029981748819-0.0009151732679114364i
-0.9541299985918484-0.29939100659059703i,0.0008939219996772158+0.00028881530021426707i
0.7498412243515471-0.6616171986659252i,-0.0007090518537859766+0.0006150476097000563i
0.1782500501405958+0.9839847410491156i,-0.00015936838247806336-0.000924211362788595i
-0.9342808973708189-0.35653625470611544i,0.0008726229412913767+0.00034148182852930786i
0.7884750248456941-0.6150662053438338i,-0.0007430664774301702+0.000569604809551715i
0.11842554930499921+0.99296246392239i,-0.00010292827240780694-0.0009297948855728785i
-0.9110127286810826-0.41237673171600364i,0.0008482126465659225+0.00039262271173803865i
0.8242233455029442-0.5662643322522607i,-0.0007741676547781767+0.0005222914142894741i
0.05816766214219243+0.9983063717668763i,-0.00004639595560231148-0.0009319202833186819i
-0.8844106440338473-0.4667080854399345i,0.0008207984265615966+0.000442053798336047i
0.8569553628121007-0.5153901733020091i,-0.0008022534964011571+0.00047329442416847424i
-0.0023030933421943067+0.999996908173354i,0.00001001601111296175-0.0009305972108577565i
-0.8545719956418805-0.5193314864411243i,0.0007904985026020815+0.0004895983964339222i
0.886551291637688-0.4626299060807444i,-0.0008272341344792007+0.0004228063038742178i
-0.06276542013583408+0.998027886504117i,0.00006609662170474985-0.0009258484253985279i
-0.8216059801521923-0.5700543556567383i,0.0007574414917599693+0.0005350879199390947i
0.9129028235821398-0.40817661052292664i,-0.0008490320086934946+0.00037102420835253045i
-0.12299805207178915+0.9924065125334137i,0.00012163723050536698-0.0009177096301184076i
-0.7856332390331716-0.6186910691546097i,0.0007217658541457626+0.0005783624994373755i
0.9359135233480488-0.35222956232011715i,-0.0008675821021791977+0.0003181491942771757i
-0.18278056356772104+0.9831533580774034i,0.0001764323482026801-0.0009062292676480241i
-0.7467854170785886-0.665063637437165i,0.0006836193044129422+0.000619271555525321i
0.9554991816499679-0.29499350365747046i,-0.0008828321268667057+0.0002643854203814873i
-0.24189417628892018+0.9703022857101413i,0.00023028042114271795-0.0008914682645438371i
-0.7052046806441499-0.7090023568065973i,0.0006431581900235112+0.0006576743325090987i
0.9715881233842548-0.23667789394520988i,-0.0008947426577485758+0.00020993933990701326i
-0.3001225597831155+0.9539003248410881i,0.0002829845909254566-0.0008734997280384636i
-0.6610431973796489-0.7503464304075651i,0.000600546838939308+0.0006934403905578901i
0.9841214699291885-0.17749614328707883i,-0.0009032872158182891+0.00015501888843666965i
-0.3572526231570851+0.9340074996076565i,0.0003343534313711995-0.0008524085965434743i
-0.6144625793606777-0.7889445566746749i,0.0005559568795119397+0.0007264500545782252i
0.9930533546154575-0.11766483149095497i,-0.0009084522996360571+0.00009983267037881174i
-0.41307529489787226+0.9106966092126292i,0.00038420166004305936-0.0008282912455583574i
-0.5656332916577884-0.8246554830312723i,0.0005095665354422422+0.0007565948182615539i
0.998351090578482-0.05740291547970252i,-0.0009102373656856142+0.00004458914735683521i
-0.46738628798479337+0.8840529615103205i,0.0004323508216303823-0.000801255050810391i
-0.5147340285074954-0.8573485228132522i,0.0004615598987634651+0.0007837777019467526i
0.9999952903783111+0.003069071997192854i,-0.0009086547578913759-0.000010504168268874874i
-0.5199868474922575+0.8541740608164408i,0.000478629940627265-0.0007714179106125403i
-0.4619510593680619-0.8869040335261607i,0.00041212618387444623+0.0008079135631346466i
0.9979799369493327+0.06352982941883953i,-0.0009037295868696305-0.00006524151155857478i
-0.5706844779474938+0.82116925108415i,0.0005228761408794717-0.0007389077295796494i
-0.4074775472532264-0.9132138546853763i,0.0003614589657082041+0.0008289293586897368i
0.992312405620151+0.12375809636152779i,-0.0008954995596867685-0.00011941965169511636i
-0.6192936477813662+0.785159315752115i,0.0005649352297216055-0.0007038618659875049i
-0.3515128418384711-0.9361817036370648i,0.000309755405167039+0.0008467643579653403i
0.9830134371230481+0.18353346321692154i,-0.0008840147610937295-0.00017283866415961083i
-0.665636468294291+0.7462760357289635i,0.0006046622445828539-0.0006664265451917116i
-0.29426174992676946-0.9557235279113685i,0.00025721546498769856+0.0008613703062915002i
0.9701170616918071+0.2426371777966293i,-0.0008693373873953317-0.0002253026853877047i
-0.7095433446525307+0.7046617071317143i,0.000641921960104462-0.00062675624164732i
-0.23593378594358316-0.9717678128183737i,0.00020404111922070624+0.0008727115384690779i
0.9536704745256597+0.30085294587132927i,-0.0008515414342987814-0.0002766206470019304i
-0.7508535965324985+0.6604686205430608i,0.0006765893539832455-0.0005850130321803336i
-0.17674240520398615-0.9842558431611813i,0.0001504355595132329+0.0008807650421176933i
0.9337338630751129+0.3579677227148209i,-0.0008307123402625105-0.00032660698681597356i
-0.789416046141784+0.613858503693197i,0.0007085500299332144-0.0005413659232633926i
-0.11690422275782064-0.9931419181083309i,0.00009660240137940204+0.0008855204709284208i
0.9103801867817123+0.4137724927562886i,-0.0008069465870374375-0.0003750823339178447i
-0.825089571464989+0.5650019296057356i,0.0007377005963411944-0.0004959901551353191i
-0.056638220671580974-0.9983935184392267i,0.00004274489362144202+0.0008869801080752664i
0.8836949100777972+0.4680630344875847i,-0.0007803512592554181-0.00042187416526051006i
-0.8577436227097387+0.5140776923736488i,0.0007639489993791264-0.00044906648568011106i
0.003835053351966322-0.9999914255505322i,-0.000010934865967014009+0.0008851587802378233i
0.8537756896233578+0.5206406678263029i,-0.0007510435650730005-0.0004668174313193339i
-0.8872587000628925+0.46127215284962053i,0.0007872148095286506-0.0004007804570452467i
0.06429429308372026-0.9979297917880072i,-0.00006423670552915166+0.0008800837228857336i
0.8207320169245738+0.5713129811996108i,-0.0007191503200236311-0.0005097551485165115i
-0.9135267910085731+0.40677855664530976i,0.0008074294606674689-0.00035132164802878296i
0.12451824365406555-0.9922161618464137i,-0.00011696314167592015+0.0008717943976669973i
0.7846848176418898+0.6198945356880268i,-0.0006848073963664987-0.0005505389562612222i
-0.9364517656076176+0.3507963269353469i,0.0008245364410646157-0.0003008829153041776i
0.18428651125073647-0.9828714451591707i,-0.00016892012666053086+0.0008603422629311382i
0.7457660090539998+0.666207543652279i,-0.0006481591403444107-0.0005890296366111046i
-0.9559497282918977+0.2935303346541045i,0.0008384914358298307-0.000249659626576114i
0.24338036966558085-0.969929839378803i,-0.00021991777731808525+0.0008457904986003346i
0.7041180172972218+0.7100825193597631i,-0.0006093577598775281-0.0006250975947242294i
-0.9719493248860954+0.2351901487560022i,0.0008492624205611749-0.00019784888877389458i
0.3015835607386107-0.9534387052282084i,-0.0002697710829842797+0.0008282136867784212i
0.6598932561469653+0.7513588992295837i,-0.0005685626853225513-0.0006586232984413669i
-0.9843920037333572+0.1759892692830769i,0.0008568297061343531-0.0001456487743881619i
0.35868308577005387-0.9334583931807384i,-0.00031830058971059095+0.0008076974496570914i
0.6132535692487254+0.7898856294263495i,-0.0005259399060184322-0.0006894976755139011i
-0.9932322299692316+0.11614434604645779i,0.0008611859347737071-0.0000932575490441314i
0.414469985004181-0.9100620226033678i,-0.0003653330582062852+0.0007843380464404995i
0.564369637839802+0.8255217186523828i,-0.00048166128541919537-0.0007176224671736789i
-0.9984376521597309+0.05587438578103999i,0.0008623360277415785-0.00004087290337875946i
0.46874010233232943-0.883335214171192i,-0.00041070209306109294+0.0007582419311640202i
0.5134203561292219+0.8581367541153577i,-0.00043590385768277475-0.0007429105369259482i
-0.9999892206936913-0.004600049325173082i,0.0008602970851755454+0.00001130880774837473i
0.5212948324166431-0.8533757765325023i,-0.0004542487409343462+0.0007295252734276317i
0.4605921766217121+0.8876113787831499i,-0.0003888491086396398-0.0007652861336349381i
-0.9978812574961793-0.06505764879401668i,0.0008550982387916434+0.00006309331573100593i
0.5719418475003705-0.8202933483711115i,-0.0004958220555376606+0.0006983134442003856i
0.40607842778155406+0.9138377281793487i,-0.0003406822441086182-0.0007846851081618613i
-0.9921214768078056-0.12527716375853318i,0.0008467804583585505+0.00011428917546097782i
0.6204958012449123-0.7842089971758254i,-0.0005352796273865234+0.0006647404689791771i
0.3500786065333775+0.9367198251209483i,-0.00029159144855807887-0.0008010550830082705i
-0.9827309569539158-0.18503821663887046i,0.0008353963130269007+0.00016470848649752457i
0.6667790070178745-0.7452547761853932i,-0.0005724880764526465+0.0006289484507005725i
0.2927976481890338+0.956173930953645i,-0.00024176713712900194-0.0008143555746105009i
-0.9697440632069659-0.24412210762964218i,0.0008210096887725674+0.00021416759540106086i
0.7106220881498817-0.7035732411303275i,-0.0006073235060111795+0.0005910869649100403i
0.23444517647231083+0.972128851999374i,-0.00019140120404193675-0.0008245580681244935i
-0.953208322024375-0.30231261504735485i,0.0008036954633817091+0.00026248777656653525i
0.7518645977804967-0.6593169285401133i,-0.0006396719161452778+0.0005513124297874932i
0.17523473638606868+0.9845262000946162i,-0.0001406862704040853-0.0008316460447332379i
-0.9331842471220881-0.35939678660897095i,0.0007835391405659339+0.00030949588899693603i
0.7903556060248675-0.6126477975249758i,-0.0006694295755442408+0.0005097874537109675i
0.11538301272917839+0.9933206062660179i,-0.00008981493441327812-0.0008356149616999953i
-0.9097451180203462-0.41516571874587105i,0.0007606364449500649+0.00035502500657237976i
0.8259542523123304-0.563736637075045i,-0.0006965033504090256+0.00046668016311245467i
0.05510903712315429+0.9984798867613605i,-0.000038979026925127384-0.0008364721855798568i
-0.8829767118720924-0.4694153211012577i,0.0007350928798199027+0.0003989150194946474i
0.8585302608756451-0.5127624410459517i,-0.0007208109894602154+0.00042216351343885613i
-0.0053666135495765155+0.999985160828284i,0.000011631124693372431-0.0008342368791873041i
-0.8529769895554065-0.5219470634132701i,0.0007070232496543748+0.00044101320471969424i
0.8879644175043909-0.4599117531181367i,-0.0007422813642282022+0.0003764145860799671i
-0.06582262436239722+0.9978309198097342i,0.00006182742155467748-0.0008289398431008134i
-0.8198557371787334-0.5725687020505379i,0.0006765511495938433+0.00048117476333142347i
0.9141490058178121-0.4053779841270391i,-0.0007608546639908642+0.0003296138741606446i
-0.12603775226215064+0.992025047303285i,0.00011142470428274282-0.0008206233126618179i
-0.783734164310844-0.6210949835413649i,0.0006438084241138036+0.0005192633229582263i
0.9369882014605421-0.3493607042624486i,-0.000776482544912006+0.00028194456011837546i
-0.18579163572375823+0.9825887903105549i,0.00016024144735991624-0.0008093407115986839i
-0.7447444604058343-0.6673483225219288i,0.0006089345972808913+0.0005551514034883983i
0.9563984227786193-0.2920649127272599i,-0.0007891282331211168+0.00023359178799926142i
-0.24486560117882933+0.9695566814822995i,0.00020810043414899246-0.0007951563635726003i
-0.7030293110464562-0.7111594516224968i,0.0005720762770652233+0.0005887208445013302i
0.9723086366924685-0.23370028752837357i,-0.0007987665816632784+0.0001847419334048818i
-0.3030434632670706+0.9529764127437289i,0.00025482941004873204-0.0007781451631021003i
-0.6587413757761218-0.7523680409133529i,0.0005333865362691668+0.00061986319299749i
0.984660618647485-0.17448041814517823i,-0.0008053840814336629+0.00013558187401054692i
-0.360112315981924+0.9329086607625336i,0.00030026171134771827-0.0007583922074758096i
-0.6120427294304935-0.790823284643531i,0.0004930242727078965+0.0006484800501803672i
0.9934091656909185-0.11462202388372493i,-0.0008089788263960635+0.00008629826355092923i
-0.41586331181517444+0.9094268648983175i,0.00034423686745798385-0.0007359923914087902i
-0.5631042690131443-0.8263844531251405i,0.0004511535513408704+0.0006744833762184564i
0.9985222618952779-0.054344160777077884i,-0.0008095604335668801+0.00003707681213364781i
-0.4700924260491981+0.882616958446063i,0.0003866011743340045-0.0007110499663333288i
-0.5121050882858689-0.8589214077436258i,0.0004079429311057324+0.0006977957520921743i
0.9999811955228858+0.00613258006575189i,-0.0008071499184243032-0.000011898424305945851i
-0.5226012033998653+0.8525770541571518i,0.0004272082370159524-0.0006836780663447793i
-0.4592318223623798-0.8883150772092425i,0.00036356477924666365+0.0007183505978105738i
0.997780627502808+0.06658687972859348i,-0.0008017795265770306-0.00006044574265371554i
-0.573197484277708+0.8194170851888016i,0.00046591947937580004-0.0006539982029406594i
-0.4046779647038913-0.9144578933068761i,0.00031819457595848544+0.0007360923464639673i
0.9919286109695615+0.12679750142036328i,-0.0007934925226968579-0.00010838647668347232i
-0.6216961080095467+0.7832584027958926i,0.0005026046192919752-0.000622139730801164i
-0.34864315901609333-0.9372541845495423i,0.00027201021218487806+0.0007509765737603218i
0.9824465617920988+0.18654410010677042i,-0.0007823429378834415-0.00015554566393496965i
-0.6679195904470866+0.7442333322374556i,0.0005371421076310795-0.0005882392869580966i
-0.29133246863887285-0.9566205262949699i,0.00022519128341465692+0.0007629700828755983i
0.969369180200918+0.24560802887857475i,-0.0007683952767882911-0.0002017526928860936i
-0.7116987734827287+0.7024846885230158i,0.0005694195295736694-0.0005524402057884395i
-0.23295562610249726-0.972486046043987i,0.00017791838231411532+0.0007720509446291265i
0.9527443238001132+0.3037731391054369i,-0.0007517241859763225-0.0002468419280012383i
-0.7528734440956442+0.6581652537709497i,0.0005993339669840957-0.0005148919123468543i
-0.17372626559656706-0.9847926828034514i,0.0001303723930155892+0.0007782084931753679i
0.9326328324290805+0.360826571447138i,-0.000732414085148068-0.0002906533103460874i
-0.7912929206626713+0.6114372180915038i,0.0006267923206915739-0.00047574929661861566i
-0.11386114116056889-0.9934953995645663i,0.00008273378985368191+0.0007814432775804486i
0.9091083055148202+0.4165595348274108i,-0.0007105587629819555-0.00033303293157543136i
-0.8268166043883853+0.5624715860405993i,0.0006517115917201237-0.00043517207133120115i
-0.05357933345711835-0.9985623481190052i,0.000035181943300265584+0.0007817669698269798i
0.8822568327296176+0.47076807051966996i,-0.0006862609394850225-0.0003738335792256321i
-0.85931449383635+0.5114475508165487i,0.000674019120677642-0.0003933241160076328i
0.00689855196924366-0.9999749856096833i,-0.000012105564201244914+0.0007792022299617318i
0.852176678939794+0.5232537985484174i,-0.0006596317968592323-0.0004129152513751596i
-0.8886676606785795+0.4585518384898558i,0.0006936527846896845-0.00035037280997838254i
0.06735119201366069-0.9977281423896589i,-0.00005895360986427443+0.0007737825292668946i
0.818977924598466+0.5738246436748107i,-0.0006307904810023356-0.0004501456388759625i
-0.9147686849221774+0.4039780246659366i,0.0007105611514389218-0.00030648835709141617i
0.1275573559585404-0.99183004094082i,-0.0001051901870826859+0.0007655519324984879i
0.7827820628983334+0.6222955383096043i,-0.0005998635758618625-0.0004854005735029662i
-0.9375220480204094+0.3479258260814819i,0.0007247035900475804-0.0002618431048708441i
0.1872967150830328-0.9823022657831317i,-0.00015064704436503092+0.0007545648403906864i
0.7437215551587351+0.6684890997810976i,-0.0005669845529530604-0.0005185644405203658i
-0.9568444824295893+0.29060036972691594i,0.0007360503387163359-0.00021661086087456876i
0.2463506489715871-0.9691796844845557i,-0.00019516030428545875+0.000740885693775725i
0.7019393460740695+0.7122362794795863i,-0.0005322931984319347-0.0005495305543182725i
-0.9726652763325514+0.23221144216964557i,0.0007445825292073971-0.00017096620898997703i
0.30450304557084706-0.952510320060715i,-0.0002385710601574114+0.0007245886408119631i
0.6575883405975635+0.7533769815027203i,-0.0004959350201852159-0.0005782014959336102i
-0.9849265324135545+0.17297272182526158i,0.0007502921684327219-0.00012508382838405694i
0.36154109206701424-0.9323551752312695i,-0.00028072594824539367+0.0007057571689486929i
0.6108308443747652+0.7917606485377973i,-0.0004580606374593784-0.0006044894114319197i
-0.9935833797376092+0.11310099698624249i,0.0007531820775789096-0.00007913781779142513i
0.4172560536894129-0.9087880091761411i,-0.0003214776934462361+0.0006844837033851134i
0.5618379697745404+0.8272468128369113i,-0.000418825155599318-0.0006283162702931108i
-0.9986041379588417+0.0528153724698452i,0.0007532657893671042-0.00003330102777929116i
0.4714440375901657-0.8818950676085717i,-0.0003606856264958331+0.0006608691739001731i
0.5107890096912406+0.8597056102686251i,-0.00037838752850625763-0.0006496140831122061i
-0.9999704332569637-0.007663532211490805i,0.0007505674042101763+0.000012255596425658627i
0.5239067390045109-0.851774767152828i,-0.000398216170888109+0.0006350225520421082i
0.45787078140965703+0.8890182555649545i,-0.000336909911451414-0.0006683250780958202i
-0.9976772655775685-0.06811439022287433i,0.0007451214061879461+0.000057363659027941214i
0.5744521669611324-0.8185373351815943i,-0.00043394329783030784+0.0006070603607683696i
0.4032769429339374+0.9150774770244705i,-0.0002945570068981938-0.0006844018360048964i
-0.9917330269301845-0.12831597736818878i,0.0007369724399152866+0.00010185794222527951i
0.6228953468867167-0.7823044064310958i,-0.0004677489477016093+0.0005771061587199685i
0.34720728428240394+0.9377879090806873i,-0.00025149540599154736-0.0006978073833650268i
-0.982159470677122-0.18804798167570613i,0.0007261750495258505+0.00014557701687893809i
0.6690589975335056-0.7432085778701671i,-0.0004995234166298825+0.0005452900013970817i
0.2898669963418329+0.9570664412991075i,-0.00020789292836713357-0.0007085152439345789i
-0.9689916319255027-0.2470918096453492i,0.0007127933811363243+0.00018836383302205144i
0.7127741797525751-0.7013929234522547i,-0.0005291657069542967+0.0005117478815766888i
0.23146591995687033+0.9728425225257411i,-0.00016391796291719788-0.0007165094485891935i
-0.9522776993138053-0.3052313862070875i,0.0006969008502907712+0.00023006628803604805i
0.7538809147386174-0.6570104705261501i,-0.0005565838404963284+0.0004766211513756138i
0.17221777800260263+0.9850584190740534i,-0.00011973881212270063-0.0007217845039467862i
-0.9320788386621295-0.36225394546295836i,0.0006785797760127863+0.00027053777043445896i
0.7922287694837085-0.6102236398215712i,-0.0005816951337221351+0.0004400559284154869i
0.11233939325055681+0.9936694260054777i,-0.00007552304252472117-0.000724345320220828i
-0.9084689691315448-0.417950809318939i,0.0006579209832131468+0.0003096376773092757i
0.8276774072975546-0.5612036510589975i,-0.0006044264340394959+0.00040220248858844536i
0.05204989489041284+0.998644030730303i,-0.00003143684386014212-0.0007242070989489568i
-0.8815344927116854-0.47211815115720945i,0.0006350233753122543+0.0003472319036183808i
0.8600971013795478-0.5101298963589769i,-0.0006247143166362586+0.0003632146479540652i
-0.008430083388783816+0.9999640283302291i,0.000012355600670263902-0.0007213951813996364i
-0.8513739780265517-0.5245577417540975i,0.0006099934790401666+0.0003831933016216154i
0.889369209563181-0.45718928374395723i,-0.0006425052414307345+0.00032324913631936726i
-0.06887921082323484+0.9976245881805554i,0.000055692730599831096-0.000715944858610926i
-0.8180977996156484-0.5750776747139602i,0.0005829449634716983+0.000417402108908858i
0.9153866084954609-0.40257555313513943i,-0.0006577556698690729+0.00028246496506446536i
-0.12907626954999218+0.9916342716281921i,0.00009841620853505291-0.0007079011441609968i
-0.7818277340105408-0.623493068764231i,0.0005539981354386341+0.00044974634360308473i
0.9380540856624027-0.3464885673475162i,-0.0006704321414685743+0.0002410227917761948i
-0.18880096416939612+0.9820150006608064i,0.00014037150239468353-0.0006973185109099695i
-0.7426965140850132-0.6696267443415294i,0.0005232794135373039+0.0004801221654667495i
0.9572886878259669-0.2891335806777445i,-0.0006805113101684624+0.00019908428424226387i
-0.24783472793169103+0.9688019776817547i,0.00018140844740158904-0.0006842605930865209i
-0.7008473433097171-0.7133098719928214i,0.0004909207830154628+0.000508434201788057i
0.973020024597312-0.23072048776151166i,-0.0006879799407107631+0.00015681148633730417i
-0.30596152259752674+0.9520435566843961i,0.00022138178578056224-0.0006687998552193827i
-0.656433371688928-0.7543825902187606i,0.00045705923387871154+0.0005345958370759328i
0.9851905260354056-0.17146305544925067i,-0.0006928348654329587+0.00011436618830192499i
-0.3629686290451928+0.931801066297228i,0.000260151682224156-0.000651017229533704i
-0.6096171352972584-0.792694590498165i,0.0004218361846025984+0.0005585294657469014i
0.9937556533283013-0.11157814051121187i,-0.0006950829020095853+0.00007190930387497i
-0.4186474257313126+0.9081485853474264i,0.0002975842133032056-0.0006310017235440866i
-0.5605699614673825-0.8281056673526972i,0.00038539689387230927+0.000580166707143026i
0.9986840617860747-0.05128489603475361i,-0.0006947407328319129+0.00002960025668903398i
-0.47279415215615406+0.8811726717641327i,0.00033355182912123745-0.0006088499996797194i
-0.5094713418055279-0.86048623143874i,0.0003478898627980794+0.0005994485823785104i
0.9999577155489378+0.009196030581901122i,-0.0006918347468630256-0.000012403621720385359i
-0.5252106545396106+0.8509720458135814i,0.0003679337856385643-0.0005846659288730944i
-0.45650827532923066-0.8897177837887793i,0.00030946623006937473+0.0006163256526698994i
0.9975719535907422+0.06964330510444539i,-0.0006864008449486634-0.000053947680010295256i
-0.5757051109789909+0.8176572288252937i,0.0004006165462251602-0.0005585601201296613i
-0.40187458413118754-0.9156933494667654i,0.00027027916251660906+0.0006307581189635858i
0.9915355067763383+0.1298357164507941i,-0.0006784842097016685-0.00009488051902568181i
-0.6240927334348598+0.7813501387314448i,0.00043149415113819645-0.0005306494281741147i
-0.34577020407358044-0.9383178690504699i,0.000230483243544329+0.0006427158828312648i
0.9818704659103531+0.18955298622870506i,-0.0006681390412104744-0.00013505454557608232i
-0.6701964439759535+0.7421836438995584i,0.0004604685537619624-0.0005010564413369192i
-0.28840045310863016-0.9575085465081734i,0.00019023386188502715+0.000652178568760483i
0.9686122008943298+0.24857657486015639i,-0.0006554282599467767-0.0001743265059675755i
-0.7138475228084102+0.7003010768913036i,0.0004874499225920531-0.00046990895190404566i
-0.22997527990300726-0.9731951521966051i,0.00014968660309829798+0.0006591355081212336i
0.9518092312880647+0.3066904813424087i,-0.0006404231783674102-0.00021255799736531386i
-0.7548862257178055+0.6558557099268358i,0.0005123569080936051-0.00043733941120180445i
-0.17070849551581968-0.9853202798712983i,0.00010899664620557536+0.0006635856852408174i
0.9315230487488446+0.3636820337189731i,-0.000623203142816096-0.00024961595516916817i
-0.7931623686644171+0.6090101939742512i,0.0005351168737127767-0.000403484371728684i
-0.11081699094189823-0.9938395567688074i,0.00006831816780752277+0.0006655376461679064i
0.907827891998371+0.4193426673676971i,-0.0006038551474354121-0.0002853731146991201i
-0.8285358773923566+0.5599359635168506i,0.0005556660904717316-0.0003684839186755499i
-0.05051994338384025-0.9987218059919777i,0.000027803755978015832+0.000665009370850874i
0.8808104751409+0.4734686882577711i,-0.0005824734218950897-0.0003197084456067324i
-0.8608773000412274+0.5088126091765062i,0.0005739498947296561-0.00033248109319602607i
0.009961985842484866-0.9999491606040081i,-0.000012396163832709373+0.0006620281095956823i
0.8505696703268367+0.5258620183824585i,-0.0005591589948305749-0.00035250755755426285i
-0.8900682808843753+0.45582722048906166i,0.0005899228088443007-0.0002956213097986548i
0.07040745883364885-0.997517129013773i,-0.00005213388872323056+0.0006566301848037494i
0.8172161459230991+0.5763309206395908i,-0.0005340192349649827-0.00038366307583246966i
-0.9160019934600548+0.40117370123692664i,0.0006035486246201535-0.0002580517702331681i
0.13059527110039815-0.9914346114131168i,-0.00009126498201009341+0.0006488607591203797i
0.7808719615143911+0.6246907005070721i,-0.0005071673719581087-0.0004130749857224631i
-0.9385835315104291+0.3450520598444514i,0.0006148004495809042-0.0002199208762339779i
0.19030516108114853-0.9817238672059729i,-0.00012964879864256574+0.0006387735712478857i
0.7416701212175082+0.6707643819455628i,-0.00047872199908743045-0.00044065094454425694i
-0.9577302562977432+0.2876676774329332i,0.000623660716252125-0.00018137764346514584i
0.24931861620476797-0.9684204335484969i,-0.00016714899045779273+0.0006264306407956847i
0.6997540869433521+0.7143833550548286i,-0.0004488065599183479-0.00046630656047516307i
-0.9733720990266373+0.22923055621385874i,0.0006301211547876429-0.00014257111898306044i
0.3074196725528072-0.9515729952983285i,-0.00020363398947098236+0.0006119019436501318i
0.6552772533879074+0.7553879931136132i,-0.0004175488211638159-0.0004899656373638713i
-0.9854518172658656+0.16995455097093673i,0.0006341827294170168-0.00010364980449603855i
0.3643957051947532-0.931243206848906i,-0.00023897746750193194+0.0005952650594509617i
0.6084023866734893+0.7936282367449277i,-0.00038508033396711866-0.0005115603849108492i
-0.993925204431027+0.11005658644337252i,0.000635855539332294-0.00006476108765349912i
0.4200382063040214-0.9075054665008472i,-0.00027305877055113973+0.0005766047928573783i
0.5593010286945898+0.8289641430689699i,-0.0003515358858657604-0.0005310315937310236i
-0.9987612515616918+0.04975586347442172i,0.0006351586847690451-0.000026050683542984367i
0.4741435482071146-0.8804466441960994i,-0.00030576332645653457+0.0005560127703752869i
0.5081528693481674+0.8612663978340038i,-0.00031705294570880056-0.0005483287749610234i
-0.9999422608008894-0.010726943169620098i,0.0006321200991690513+0.000012337911489970326i
0.5265137285735135-0.8501657636112349i,-0.0003369830244841715+0.0005335870145976377i
0.4551450889457418+0.89041678865102i,-0.0002817711038059191-0.0005634102642196014i
-0.9974639101616681-0.07117049237435241i,0.0006267763484397449+0.00005026395165516378i
0.5769570950192298-0.8167736397732926i,-0.00036661656563270376+0.0005094314977818691i
0.4004716732137899+0.916308637600348i,-0.00024583150958158126-0.0005762432898744455i
-0.9913352693437123-0.13135358669075448i,0.0006191723984470199+0.00008758995719883943i
0.6252890464722781-0.78039247352434i,-0.00039456978256193674+0.00048365567675182335i
0.3443327033892387+0.9388471916270569i,-0.00020937630899550103-0.0005868040057137016i
-0.9815787665421356-0.19105598182291517i,0.0006093613519946346+0.00012418221167320546i
0.6713327087333716-0.7411554043188358i,-0.00042075592818922153+0.00045637401116643985i
0.2869336240080107+0.9579499692964706i,-0.00017254808396725347-0.0005950774882619682i
-0.9682301063699112-0.25005919262763204i,0.0005974041566532097+0.00015991123920747888i
0.7149195817595825-0.6992060229903678i,-0.00044509593213299656+0.0004277054672431828i
0.22848449106619256+0.9735470626408194i,-0.0001354892960125462-0.0006010576991206569i
-0.9513381391943118-0.30814729267626617i,0.0005833692849048327+0.0001946522600925842i
0.755890156302181-0.6546978462708275i,-0.0004675186243212722+0.00039777300906124717i
0.16919920330524413+0.9855813929923989i,-0.00009834173625812836-0.0006047474128493126i
-0.9309646823655316-0.36510770445279944i,0.0005673323881656855+0.00022828562309647234i
0.7940944976420287-0.6077937549850589i,-0.0004879609252215294+0.00036670307959722564i
0.1092947194344025+0.9940089198669977i,-0.00006124598395476638-0.0006061581110378976i
-0.907184293991716-0.4207319772963112i,0.000549375926337809+0.00026069721303706434i
0.8293927942863014-0.5586653979769426i,-0.0005063680022888997+0.0003346250736651622i
0.04899026415492197+0.9987988021331675i,-0.000024340875550555523-0.0006053098433491568i
-0.880084000088283-0.4748165502409333i,0.0005295887746223769+0.0002917788322551486i
0.8616558696185497-0.5074925639482966i,-0.0005226933923695166+0.0003016708049420552i
-0.011493474108247248+0.9999335108775285i,0.000012237013676689784-0.0006022310564350773i
-0.8497629761000571-0.5271634969616208i,0.0005080658094000263+0.00032142855474859516i
0.8907656546296733-0.4544625235093882i,-0.0005368990899358537+0.0002679739692613166i
-0.07193515083137819+0.9974088935530692i,0.00004835387350142127-0.0005969583917510511i
-0.8163321839617055-0.5775812500995577i,0.0004849074750489751+0.00034955105185249173i
0.9166156199998248-0.39976934384887375i,-0.0005489556011694439+0.0002336696063480989i
-0.13211357541792967+0.9912341891756854i,0.00008387914629843944-0.0005895364534059419i
-0.7799139660246786-0.6258853023164719i,0.00046021933362863334+0.00037605788847645675i
0.9391111659499964-0.3436131785311767i,-0.0005588419640442509+0.00019889356215387042i
-0.1918085206611977+0.9814319945133485i,0.00011868599649479265-0.0005800175472943583i
-0.740641597336712-0.6718988815123077i,0.0004341115994045048+0.00040086778903899783i
0.9581699684366147-0.286199535020344i,-0.0005665457346983908+0.00016378195392187058i
-0.25080152868137484+0.9680381813916321i,0.00015265176025445283-0.0005684613928601924i
-0.69865879791235-0.7154535977352444i,0.0004066986602305323+0.0004239068723705878i
0.9737222804222054-0.22773852261092747i,-0.0005720629405154957+0.00012847064008141576i
-0.30887671038763576+0.9511017654182256i,0.00018565837382248374-0.0005549348089357509i
-0.6541192067793722-0.7563900594166519i,0.0003780985878356871+0.0004451088549892579i
0.9857111871196188-0.16844408351813844i,-0.0005753980004655643+0.00009309469702685138i
-0.3658215355395514+0.9306847266068468i,0.00021759277905859234-0.0005395113751898525i
-0.6071858197258938-0.7945584566758233i,0.0003484326390844055+0.00046441522228706834i
0.9940928142757223-0.1085332099411618i,-0.0005765636133819058+0.00005778790478681397i
-0.4214276105165571+0.9068617825569927i,0.00024834730479722484-0.0005222710707996934i
-0.558030392805732-0.8298191095598427i,0.00031782475029459373+0.00048177536729937244i
0.9988364887323388-0.04822514996483372i,-0.0005755806149717229+0.000022682243532205162i
-0.47549144094916596+0.8797201150195915i,0.0002778200227840652-0.0005032998920356259i
-0.5068328137849643-0.8620429792122675i,0.00028640102670149083+0.0004971466968633001i
0.9999248506768386+0.01225939479425225i,-0.0005724778044759832-0.000012092597194068174i
-0.5278151764210255+0.8493590508492113i,0.0003059150770546482-0.0004826894505141641i
-0.4537804438299099-0.8911121400999598i,0.0002542892291529809+0.0005104947051054275i
0.9973539171716077+0.07269907686094063i,-0.0005672917420053613-0.00004640969471423964i
-0.5782073345165278+0.8158896985104014i,0.00033254298574027366-0.0004605365539333001i
-0.399067431845671-0.916920211569928i,0.00022161826010988145+0.000521793014330522i
0.9911330967298856+0.13287271293827588i,-0.0005600665176871527-0.0000801453531868481i
-0.6264835015642718+0.7794345414683976i,0.00035762091440866354-0.00043694277115475106i
-0.3428940039744642-0.9393727471568601i,0.0001885176510045677+0.0005310233835141334i
0.9812851548846471+0.1925600933434427i,-0.0005508534938576414-0.00011317954566383898i
-0.672467007511953+0.7401269899522058i,0.00038107292017149373-0.0004120139835400926i
-0.2854657308538733-0.9583875802166522i,0.00015511705298303365+0.0005381756847298937i
0.9678461308765209+0.25154278788069534i,-0.0005397110216305456-0.00014539633667610144i
-0.7159895724629322+0.6981108927304213i,0.0004028301659171506-0.00038585992448187366i
-0.22699277531654305-0.9738951246210616i,0.00012154573301940935+0.0005432478479679139i
0.9508652057656376+0.30960494520212833i,-0.0005267041332596577-0.00017668428388558537i
-0.7568919225084356+0.6535400106864725i,0.00042283110415460067-0.0003585937090967383i
-0.1676891232844075-0.9858386294130724i,0.00008793207734799528+0.0005462457749230193i
0.9304045224500559+0.3665340827309722i,-0.000511904211795976-0.00020693681744303474i
-0.795024372601704+0.6065774541197784i,0.00044102163008273045-0.0003303313560651871i
-0.10777180067205572-0.9941743864910408i,0.00005440310410629747+0.0005471832224500515i
0.9065389582494269+0.4221218642566299i,-0.0004953886396140642-0.00023605259579562835i
-0.8302473743410217+0.5573950858320562i,0.00045735520362756376-0.0003011913036116944i
-0.04746007916502498-0.9988718905615881i,0.00002108398702448351+0.0005460816564979011i
0.879355850886139+0.4761648623557949i,-0.0004772404274496977-0.0002639358367976812i
-0.8624320266569756+0.5061728921832269i,0.00047179294031813777-0.00027129392162024234i
0.01302532622045921-0.9999139507758843i,-0.000011902408069224005+0.0005429700774436017i
0.8489546788667379+0.5284653028495145i,-0.00045754782565086944-0.00029049662309038604i
-0.8914605475350488+0.4530983244185832i,0.0004843036709984896-0.00024076102187293527i
0.0734630648597191-0.9972967536407744i,-0.00004443597222890114+0.0005378848178529801i
0.815446697433287+0.5788317885718033i,-0.0004364039193964846-0.00031565118083207345i
-0.9172267050472426+0.39836561267768344i,0.0004948639704994155-0.0002097153683843905i
0.13363196056790905-0.9910298769745285i,-0.00007639978623728541+0.0005308693137933009i
0.7789545314169294+0.6270799998011277i,-0.00041390620968174177-0.00033932213097829367i
-0.9396362061153417+0.3421750551953993i,0.000503458155516884-0.00017828018978165297i
0.19331182100993044-0.9811362548561363i,-0.00010768053578141373+0.0005219738509175933i
0.7396117264836336+0.6730333687914809i,-0.0003901561819057456-0.0003614387124310706i
-0.958607041583112+0.2847322852963394i,0.0005100782520657136-0.00014657869564858918i
0.2522842435098754-0.9676520936964221i,-0.0001381689075103418+0.0005112552866275969i
0.6975622604143723+0.7165237259345536i,-0.0003652588639258709-0.00038193697649801194i
-0.9740697863346157+0.22624751886513628i,0.0005147239329954461-0.00011473359871547051i
0.3103334143110866-0.9506267397381195i,-0.00016775996462131115+0.0004987767497040457i
0.6529600162082336+0.7573919151883259i,-0.0003393223754642621-0.0004007599522240155i
-0.9859678533603381+0.16693478504652653i,0.0005174024261704597-0.0000828666447293778i
0.3672468983618842-0.9301224984698004i,-0.00019635350071906988+0.0004846073188674213i
0.605968218936691+0.795488376519875i,-0.00031245747076460664-0.0004178577822810795i
-0.9942577008413594+0.10701114299053954i,0.0005181283940276601-0.00005109815178822589i
0.4228164167366834-0.9062144066145286i,-0.00022385437079544134+0.00046882168180039844i
0.556758838409891+0.8306736932309076i,-0.0002847770764028045-0.00043318782922413784i
-0.9989089914937227+0.04669588750916459i,0.0005169237853324148-0.000019546560862563575i
0.4768386088474718-0.878989957527657i,-0.0002501727982820936+0.00045149977622418064i
0.505511959840957+0.8628191021630411i,-0.0002563958261518271-0.0004467147520426418i
-0.9999047035898746-0.013790253448544301i,0.0005138176600558026+0.000011672000836323662i
0.5291157766562841-0.8485487810086961i,-0.0002752246572382351+0.00043272641467459645i
0.4524151248113951+0.8918069649156999i,-0.000227429594791114-0.0004584105530584669i
-0.9972411932508809-0.07422592656602942i,0.00050884598839392+0.00004244414205486763i
0.579456608165174-0.815002278699009i,-0.00029893172884641313+0.0004125908946699348i
0.39766264494939685+0.9175311983521754i,-0.0001979950327323322-0.00046825459533951573i
-0.9909282077814608-0.1343899632173693i,0.0005020514250422501+0.00007265961375198147i
0.6276768775360183-0.7784732163996135i,-0.00032122193150333205+0.00039118659600187976i
0.34145489083267233+0.9398976628183768i,-0.00016820910330812654-0.0004762335909159254i
-0.9809888499990358-0.19406218884952775i,0.000493483059924751+0.0001022116979825082i
0.6736001192780205-0.7390952748010391i,-0.00034202952390735867+0.0003686105669119289i
0.2839975587181328+0.9588245066535623i,-0.00013818862453741053-0.00048234156019974614i
-0.9674594936873312-0.2530242287267242i,0.0004831961466583458+0.00013099757806864145i
0.7170582740356704-0.6970125602693726i,-0.00036129528066097084+0.000344963100939585i
0.22550091778186843+0.9742424657322883i,-0.00010804981714140038-0.0004865797631208159i
-0.9503896504839398-0.31106030708824445i,0.00047125181010761755+0.00015891868881038343i
0.757892303613858-0.6523790774788061i,-0.00037896664002283985+0.00032034730624492744i
0.16617904062420924+0.9860951169413826i,-0.00007790786053743779-0.0004889566025994264i
-0.9298417886889769-0.36795803679511957i,0.00045771673445305143+0.00018588104558170854i
0.7959527729894127-0.6053581658206244i,-0.00039499782356140675+0.000294868669216825i
0.10624901985588042+0.994339084664322i,-0.00004787645848531472-0.0004894875010808442i
-0.905891104657913-0.42350919657590125i,0.0004426628332575817+0.00021179555125844053i
0.8311003971791528-0.5561219016511345i,-0.000409349927578271+0.00026863461417926513i
0.04593017363222157+0.9989441995173743i,-0.00001806741600073219-0.0004881947509566063i
-0.878625247615184-0.4775104930271524i,0.00042616690307095787+0.00023657828002599584i
0.8632065509631466-0.5048504685660538i,-0.00042199098628526425+0.00024175406100187069i
-0.014556756957137484+0.999893608756593i,0.00001140977091385618-0.00048510733979327574i
-0.8481439988956488-0.5297643045800542i,0.00040831026215917425+0.00026015073722044415i
0.8921537395978143-0.4517314980058791i,-0.00043289600683362616+0.0002143369824074941i
-0.07499041570592685+0.9971838379516287i,0.0000404483112420837-0.00048026075137958413i
-0.8145589067877257-0.580079404710532i,0.00038917837598707866+0.0002824400944633232i
0.9178360287962621-0.3969593826053438i,-0.0004420469764062807+0.00018649396274861263i
-0.13514964135994972+0.9908248037006524i,0.00006894449922691368-0.0004736967436886638i
-0.7779928783145317-0.6282716617462654i,0.0003688604711157064+0.0003033793994596926i
0.9401594324023084-0.34073456479980235i,-0.00044943284169431417+0.00015833575999697855i
-0.19481427697235498+0.9808397773398616i,0.00009679807762171685-0.0004654631049316367i
-0.7385797294469281-0.6741647127095811i,0.0003474491392023864+0.0003229077599392801i
0.959042256339479-0.2832628032919433i,-0.0004550494611867929+0.00012997287265617454i
-0.2537659755835771+0.9672652997803799i,0.00012391258268185698-0.000455613388952986i
-0.6964636953944958-0.7175906087302618i,0.00032503993281085336+0.00034097050133123245i
0.974415397576265-0.2247544200632442i,-0.000458899530807634+0.00010151511326581897i
-0.3117889992774969+0.9501510477842008i,0.00015019566974872894-0.00044420663128638005i
-0.6517989027665732-0.7583904296663306i,0.0003017309547503675+0.00035751929787470113i
0.9862225970135606-0.16542353068578497i,-0.00046099248353424706+0.00007307119011867615i
-0.36867100868962616+0.9295596521685627i,0.00017555941837076755-0.00043130704725107574i
-0.6047488055350113-0.7964148656835648i,0.0002776224426678983+0.00037251227697846667i
0.9944206453688207-0.1054872607511482i,-0.0004613443637302961+0.00004474829875854246i
-0.42420384007804884+0.9055664686040357i,0.00019992061600220757-0.0004169837135249438i
-0.5554855868627915-0.8315247636654098i,0.0002528163506147222+0.00038591409675334005i
0.9989795413034904-0.04516495128393973i,-0.0004599776770178873+0.000016651724767515087i
-0.4781842671133773+0.8782593018451081i,0.00022320101941886871-0.0004013102346786309i
-0.5041895289875411-0.8635916364536635i,0.00022741592929994604+0.00039769599675091053i
0.9998826012150288+0.015322643952225785i,-0.0004569212166032863-0.000011115540713350076i
-0.5304147445998985+0.8477380844024711i,0.0002453275930913903-0.0003843643961977809i
-0.4510483534659217-0.8924981330563317i,0.0002015253067264755+0.00040783582204991176i
0.9971265202917341+0.07575416631875584i,-0.0004522098670539462-0.00003845317135584837i
-0.5807041314062062+0.814114510832916i,0.0002662327238592903-0.0003662278055557071i
-0.3962565341932957-0.9181384681018938i,0.00017524907088277753+0.00041631802093793156i
0.9907213846069345+0.13590846237969573i,-0.00044588438660348427-0.00006526386060915642i
-0.628868389959711+0.7775116289851938i,0.00028585441135331474-0.0003469855229273318i
-0.3400145857127325-0.9404188089683618i,0.0001486918561336204+0.00042313361653970895i
0.9806906342082906+0.19556539322838984i,-0.0004379911691342426-0.00009145366003637165i
-0.674731259745168+0.7380633896976996i,0.00030413643371914343-0.0003267256831569906i
-0.2825283294178395-0.9592576191704074i,0.00012195793491721745+0.0004282801528445305i
0.967070977337279+0.2545066401014008i,-0.00042858198705512425-0.00011693229988527598i
-0.7181249023425182+0.6959141565958915i,0.0003210284883008961-0.0003055391106076596i
-0.22400814033479316-0.9745859567479015i,0.0000951508163143686+0.00043176161568324236i
0.9499122560927851+0.3125165033314861i,-0.00041771371635382343-0.0001416134908420167i
-0.7588905156434711+0.6512181777833799i,0.00033648630704916576-0.0002835189285269759i
-0.16466817724003407-0.9863477265639029i,0.00006837285300684219+0.00043358832929949164i
0.9292772640304097+0.3693826917158064i,-0.00040544804515876067-0.0001654152060062827i
-0.7968789149990669+0.6041390213600674i,0.00035047174652343187-0.00026076016456671726i
-0.10472559893105593-0.9944998855887832i,0.00004172485808908637+0.0004337768292509103i
0.9052415163650077+0.4248970994106179i,-0.0003918511671953284-0.00018825994221906037i
-0.8319510791714679+0.5548489768331046i,0.0003629528524635144-0.00023735935408675086i
-0.04439976951840685-0.9990126004192423i,0.000015305733138180095+0.0004323497124621143i
0.87789297361741+0.47885656750934436i,-0.000376993461564618-0.00021007495996913392i
-0.8639786590920192+0.5035284246112357i,0.00037390389900846715-0.00021341414286251448i
0.016088544352808154-0.9998693564557608i,-0.000010787891116836109+0.00042933546533347903i
0.8473317197166674+0.5310636275169851i,-0.0003609491603096292-0.00023079250120125103i
-0.8928444475637587+0.4503651758899177i,0.0003833054027425409-0.0001890228907961993i
0.07651798141410132-0.9970670183389463i,-0.00003646200025364337+0.0004247682708869008i
0.813669595735825+0.5813272240000571i,-0.00034379600526435416-0.00025034998444762436i
-0.918442808189454+0.39555378534294994i,0.00039114411184819396-0.00016428427820695568i
0.13666739586084026-0.9906158414236026i,-0.00006162552654384811+0.00041868779600200427i
0.7770297906015948+0.6294634137674846i,-0.0003256148957050876-0.00026869017680373976i
-0.9406800619554794+0.3392948391358671i,0.0003974129707432197-0.00013929691624435818i
0.19631666665098202-0.9805394342485343i,-0.00008619066314589907+0.00041113895986311804i
0.7375463902757535+0.6752960390237337i,-0.00030648952834081816-0.0002857613423700363i
-0.9594748300568018+0.28179422086666017i,0.0004021110606736184-0.00011415896293227905i
0.25524750305361554-0.966874672139425i,-0.00011007316106160673+0.0004021716847991711i
0.6953638870580692+0.7186573720307416i,-0.0002865060311901011-0.00030151736688123325i
-0.9747583317084791+0.2232623581201683i,0.0004052435168253847-0.00008896774630751088i
0.3132442434993524-0.9496715622609733i,-0.00013319260789780685+0.0003918406307540489i
0.650636650806498+0.7593887289194519i,-0.0002657525928963992-0.00031591785834579107i
-0.9864746358538161+0.16391345239342983i,0.0004068214226060588-0.00006381939606933672i
0.3700946448091121-0.9289930606121297i,-0.00015547268756151521+0.00038020491467558753i
0.603528364009754+0.7973410504046727i,-0.0002443190890318021-0.00032892822361750215i
-0.9945808658480261+0.10396469521013353i,0.00040686168183129-0.000038808485102789425i
0.4255906589130678-0.9049148416341624i,-0.0001768414201057156+0.00036732781615494487i
0.5542114227796527+0.8323754472780862i,-0.00022229670693030038-0.00034051972092036714i
-0.9990473563683492+0.043635473292855935i,0.00040538686963128103-0.000014027682180050314i
0.47952919421729173-0.8775250212746775i,-0.00019723138103432624+0.0003532764706866652i
0.5028663059553278+0.8643637086831438i,-0.00019977757057768313-0.000350669488444967i
-0.9998577619764024-0.016853434298187635i,0.00040242506296790653+0.00001043258291847453i
0.5317128588318276-0.8469238345210708i,-0.00021657989946743107+0.0003381215519513026i
0.44968091462813903+0.8931887713117752i,-0.00017685436706379364-0.00035936054923066364i
-0.9970091169354691-0.07728066412174914i,0.0003980096517239353+0.00003448444068909048i
0.5819506829402905-0.8132232685834905i,-0.00023482923466213075+0.0003219369445485436i
0.3948498845043198+0.9187451478058553i,-0.000153619976076736-0.00036658179264113463i
-0.9905118460638224-0.1374250784507389i,0.0003921791313920259+0.00005804288849249797i
0.630058817667434-0.7765466530697115i,-0.00025192673047897795+0.0003047994086280949i
0.3385738736218279+0.9409393127956618i,-0.00013016710388584856-0.000372327932832066i
-0.9803897265843633-0.1970665745413992i,0.0003849768784520699+0.00008102608141576365i
0.6758612078871317-0.7370282086517018i,-0.00026782494747934975+0.000286788237879054i
0.28105882802804166+0.9596900451625887i,-0.00010658792322276229-0.00037659944469791947i
-0.9666798011101914-0.2559868901148828i,0.00037645090958092107+0.00010335560645809163i
0.7191902365085778-0.6948125558755665i,-0.0002824817724345298+0.0002679849123456707i
0.22251522810561708+0.9749287252735844i,-0.00008297372042614061-0.00037940247786961333i
-0.9494322420845379-0.31397040210352006i,0.0003666536258890651+0.0001249567391706631i
0.7598873378829035-0.6500541859124178i,-0.00029586050512203925+0.00024847274753830905i
0.16315731830461871+0.9865995860995546i,-0.00005941455116805912-0.0003807487494168862i
-0.9287101681711557-0.370804915738706i,0.00035564154342321655+0.00014575868196426366i
0.7978035780853971-0.6029168951869939i,-0.00030792992237906145+0.000228336541303453i
0.10320232309978256+0.9946599172987584i,-0.00003599890602638668-0.00038065541598623974i
-0.9045894132671005-0.4262824410926843i,0.00034347501121267243+0.00016569478338380198i
0.8328001999497507-0.55357318595304i,-0.00031866431947582353+0.00020766221990567026i
0.04286965204216725+0.9990802215183272i,-0.000012813387110419662-0.0003791449261797373i
-0.8771582489832132-0.48019995423241746i,0.0003302179181706375+0.00018470273773610712i
0.8647491308597364-0.502203635009096i,-0.00032804352896337704+0.00018653648475739753i
-0.017619903185639274+0.9998443223419169i,0.00001005760311484605-0.0003762448540488705i
-0.8465170616079075-0.5323601402000486i,0.00031593739018880425+0.00020272476454585283i
0.8935334514400164-0.44899623286491286i,-0.0003360529172398084+0.00016504646121011108i
-0.07804497677231564+0.9969494234884486i,0.000032532159726191264-0.00037198771464276435i
-0.8127779847364413-0.5825721151009633i,0.0003007034787848772+0.00021970776740407776i
0.919047823430876-0.3941456957768684i,-0.0003426833591665341+0.00014327935079227797i
-0.13818443888167414+0.9904061190452975i,0.000054531158950532-0.00036641076261001296i
-0.7760644889100784-0.6306521246569221i,0.00028458884267853205+0.00023560347186375404i
0.9411988751810483-0.33785275317003627i,-0.0003479311911509069+0.00012132208824613225i
-0.19781820489295548+0.980238354698481i,0.00007597852654618183-0.0003595557749086333i
-0.736510929766903-0.676424216667854i,0.000267668423680355+0.0002503685421273629i
0.9599055433478808-0.2803234130546397i,-0.00035179814319390536+0.0000992610046767774i
-0.25672804081608525+0.9664833401017223i,0.00009680149009396005-0.0003514688187288241i
-0.6942620563578435-0.7197208849213936i,0.00025001911828277635+0.00026396467636133125i
0.9750993695543825-0.22176820812514897i,-0.00035429125047988755+0.00007718149808379656i
-0.3146983619344163+0.9491914127050907i,0.00011693081441302865-0.0003422000057776886i
-0.6494724814272719-0.7603836821937303i,0.00023171944633936005+0.0002763586805618024i
0.9867247509174993-0.16240142530097357i,-0.00035542274516135735+0.00005516771249752103i
-0.37151702175226836+0.9284258535415344i,0.00013630101939629365-0.00033180323411500677i
-0.6023061155967131-0.7982638000984434i,0.00021284921821164462+0.00028752252098508994i
0.9947391435308058-0.1024403215283066i,-0.0003552099290628755+0.00003330222688950429i
-0.4269760883600519+0.9042626556454623i,0.00015485057964209425-0.00032033591876275044i
-0.5529355675223203-0.8332226136613314i,0.00019348920174900021+0.0002974333552432002i
0.9991132181569423-0.04210432871294301i,-0.0003536750280963012+0.000011665754970492411i
-0.48087260537581844+0.8767902459508501i,0.00017252210534190107-0.00030785871233976914i
-0.5015415122212701-0.8651321886283241i,0.00017372079044863893+0.00030607354225072704i
0.9998309675600353+0.018385749306321017i,-0.0003508450292427158-0.000009663143071355812i
-0.5330093346785141+0.8461091616866143i,0.00018926250396831626-0.00029443521699592655i
-0.44831202987874413-0.8938757496499439i,0.0001536256741184258+0.0003134306312933019i
0.9968897650853118+0.07880854480497237i,-0.00034675150101558055-0.00003060833590311405i
-0.5831954782148506+0.8123316824535014i,0.00020502312239257316-0.00028013168893729483i
-0.3934419175551687-0.9193481076289678i,0.00013328551333639948+0.00031949733056907615i
0.9903003742715288+0.13894293628364773i,-0.0003414303983740229-0.000051096382528592264i
-0.631247376238297+0.7755814193289386i,0.00021975986914595817-0.00026501673684572324i
-0.3371319763125791-0.9414560446673802i,0.0001127816189663707+0.0003242714556337164i
0.9800869094610403+0.19856885767791962i,-0.0003349218531049993-0.0000710567790668488i
-0.6769891794249254+0.7359928625035413i,0.0002334333166253133-0.00024916101550248994i
-0.27958827636891015-0.9601186552038705i,0.00009219463795047036+0.0003277558582555538i
0.9662867475516538+0.257468103705645i,-0.0003272699507375387-0.00009042219004816892i
-0.7202534924064693+0.6937108891047353i,0.0002460087831272835-0.00023263691592621526i
-0.2210214029694399-0.9752676420934652i,0.000071604246555895+0.0003299583362601557i
0.9489503912132254+0.31542512840464976i,-0.0003185224950923437-0.0001091286635226992i
-0.7608819863655268+0.6488902330086482i,0.00025745639468061716-0.0002155182533306007i
-0.16164568573517069-0.9868475665457671i,0.000051088852205580866+0.0003308915250131399i
0.9281412840695635+0.37222783393844106i,-0.0003087307616043076-0.00012711582935355625i
-0.7987259784510821+0.6016949185805325i,0.0002677511267288544-0.00019787995419746869i
-0.10167841430840219-0.9948160510071349i,0.000030725304970926254+0.00033057277125587905i
0.9039355785219936+0.42766834678326193i,-0.00029794924058518094-0.00014432708014411254i
-0.8336469758939269+0.5522976604159834i,0.000276872825797533-0.00017979774374528092i
-0.041339043165895706-0.9991439342443416i,0.00001058861974929939+0.00032902399007048074i
0.8764218570642524+0.4815437784559736i,-0.0002862353716175625-0.00016070973432855357i
-0.8655171828307601+0.5008792312796442i,0.00028480621136012534-0.00016134783505291196i
0.019151611490324627-0.9998153780621732i,-0.000009248289909823827+0.00032627150580827243i
0.8457008081085797+0.5336569679988281i,-0.00027364927029031346-0.00017621518103478956i
-0.8942199679821989+0.44762780055447315i,0.00029154085819510706-0.00014260662107311076i
0.07957217982550197-0.9968279252644259i,-0.000028714865428049675+0.0003223458778695302i
0.8118848575093406+0.5838172035039562i,-0.0002602534484992483-0.0001907990064093399i
-0.9196502914732058+0.3927382456225576i,0.0002970711596020624-0.00012365037074015976i
0.13970154849073552-0.990192508646189i,-0.00004774314343349249+0.00031728171227117215i
0.7750977571326516+0.6318409200371008i,-0.0002461125295448152-0.00020442110117444413i
-0.9417150892339501+0.3364114386975346i,0.0003013962719180047-0.00010455493034133998i
0.19931966980293908-0.979933410984507i,-0.00006626798183871887+0.0003111174599836531i
0.7354741319776604+0.6775523714064948i,-0.00023129295926216278-0.000217045749268178i
-0.9603336135743634+0.2788535117184986i,0.0003045200408452085-0.00008539543128307966i
0.2582083670249229-0.9660881761738388i,-0.00008422727106092424+0.0003038952030578906i
0.6931589875068292+0.7207842733184957i,-0.00021586271441629556-0.0002286416974982077i
-0.9754377286860288+0.22027510199557093i,0.00030645091016905443-0.00006624600533940709i
0.3161521327986138-0.9487074718315147i,-0.00010156212975576065+0.0002956604295982468i
0.6483071789881725+0.7613784155663061i,-0.00019989100958831975-0.00023918220621883772i
-0.9869721599899985+0.16089058136774673i,0.00030720181350790964-0.00004717950842329214i
0.37293891780949573-0.9278549038760038i,-0.00011821708450908434+0.00028646179866728325i
0.6010828447914396+0.7991862410114301i,-0.00018344800376618656-0.00024864508111897246i
-0.9948946964180295+0.10091727169396755i,0.0003067900497974023-0.0000282672538708934i
0.4283609067960928-0.9036067837565511i,-0.00013414023300537307+0.00027635089623328645i
0.551658805712124+0.8340693892390424i,-0.0001666045078367164-0.0002570126862848273i
-0.9991763448869769+0.04057464954838778i,0.0003052371432676258-0.000009578756174626347i
0.4822152790646374-0.8760518491860227i,-0.00014928339026665168+0.0002653819832917317i
0.5002159325215236+0.865900202897725i,-0.00014943169415351966-0.00026427193877591123i
-0.9998014364010356-0.0199164569696929i,0.000302568688724108+0.000008818513956141497i
0.5343049507257622-0.8452909393989634i,-0.0001636022176316624+0.00025361173730659956i
0.44694248405734416+0.8945621948705862i,-0.00013200080932936599-0.000270414285025124i
-0.9967676833935397-0.08033467637189691i,0.00029881418299176427+0.00002685936238793801i
0.5844392959369515-0.8114366261232739i,-0.00017705633422103885+0.00024109898812802504i
0.3920334182771486+0.9199504745681146i,-0.00011438289137073322-0.00027543565944411805i
-0.9900861880984754-0.14045890390540994i,0.00029400684342474457+0.00004448109145316624i
0.6324348445113133-0.7746128016160017i,-0.00018960941071023883+0.00022790444954748137i
0.33568967879590433+0.9419721317827197i,-0.00009664849223730502-0.00027933642568240104i
-0.9797814019210689-0.20006911070148187i,0.00028818341442477793+0.000061623706245601i
0.67811595333972-0.7349542252708519i,-0.00020122924530772306+0.0002140904476521847i
0.2781174595185949+0.9605465767002166i,-0.00007886740687026434-0.00028212130105334125i
-0.9658910359561372-0.2589471489866548i,0.00028138396294544887+0.00007823010669633311i
0.7213154491692071-0.6926060304566413i,-0.0002118878219105971+0.0001997206471357273i
0.2195274500590193+0.9756058348239589i,-0.00006110840969067616-0.0002837992647017909i
-0.9484659229816669-0.31687755040999016i,0.0002736516639903246+0.00009424626487336249i
0.7618752403853309-0.6477231933914579i,-0.00022156135048409121+0.00018485977671248125i
0.16013406470623065+0.9870947957323222i,-0.00004343899952275292-0.0002843834501462066i
-0.9275698314326609-0.3736483145647581i,0.0002650325771386198+0.00010962138701763338i
0.7996468955596291-0.6004699659962136i,-0.0002302302897836798+0.00016957335476945842i
0.10015465776025922+0.9949714147591968i,-0.000025925153847541796-0.00028389102288282203i
-0.9032792320360372-0.4290516848189404i,0.00025557541515297896+0.00012430805989875127i
0.8344921866449433-0.5510192748031086i,-0.00023787935260988989+0.00015392741637057717i
0.03980872810865882+0.9992068668594192i,-0.000008631093239803352-0.00028234304379062375i
-0.8756830179605852-0.48288490861533917i,0.00024533130574048756+0.00013826238114492305i
0.8662835948307495-0.4995520881187391i,-0.0002444974938548291+0.00013798824270560103i
-0.020682884045218508+0.9997856520960675i,0.000008380943214332078-0.0002797643191227028i
-0.8448821795061211-0.5349509794589187i,0.00023435354754942138+0.00015144407327322907i
0.8949047772072745-0.446256753757762i,-0.00025007788166674284+0.00012182209404867552i
-0.08109880536258512+0.9967056523635772i,0.00002505091077932621-0.00027618323791314025i
-0.8109894345223319-0.5850593578760273i,0.000222697361491321+0.00016381658121794823i
0.9202509925306154-0.39132830977073013i,-0.00025461785212341+0.00010549494726029215i
-0.14121793950063088+0.9899781391391002i,0.00004132115953207193-0.00027163159766723535i
-0.7741288159098229-0.6330266687070938i,0.00021041963848010886+0.0001753471532261884i
0.9422294845307377-0.334967770688532i,-0.0002581188478674203+0.00008907223883156587i
-0.2008202762302469+0.9796277322337344i,0.00005713662180604124-0.0002661444192380342i
-0.7344352177129333-0.6786773721810127i,0.00019757868467766755+0.00018600690506074993i
0.9607598213596159-0.2773813918954797i,-0.0002605863412154602+0.00007261861443092766i
-0.2596876965790416+0.9656923096945822i,0.00007244498606362635-0.0002597597518224365i
-0.6920539014654262-0.7218444063153673i,0.00018423396532846493+0.0001957708675204472i
0.9757741899372775-0.21877991482312342i,-0.00026202974231005007+0.000056197685871273124i
-0.31760477105316526+0.9482228691873533i,0.00008719685670770656-0.0002525184690364032i
-0.647139964595621-0.7623697982915867i,0.00017044584825432225+0.0002046180173568407i
0.9872176441185718-0.15937779572705718i,-0.0002624622929350607+0.00003987179637035863i
-0.3743595480168034+0.9272833413667971i,0.00010134589940918194-0.00024446405705044126i
-0.5998577728363664-0.8001052425676622i,0.00015627534806513394+0.00021253129173398857i
0.9950483057724792-0.09939242086906304i,-0.00026190094666588514+0.00002370179492893086i
-0.42974432934419615+0.902950355917943i,0.00011484897159446434-0.00023564239578395332i
-0.5503803587170042-0.8349126436127832i,0.00014178387212117279+0.0002194975864436717i
0.9992375180380969-0.039043310976691725i,-0.0002603662360710976+0.000007746820600106302i
-0.48355643050563923+0.8753129611243404i,0.00012766623780368467-0.0002261015341697486i
-0.49888878833857203-0.8666646212777106i,0.00012703296925909563+0.00022550773815262134i
0.9997699501964532+0.021448682108388295i,-0.00025788212772463124-0.000007935902629858899i
-0.5355989223058759+0.8444722979895602i,0.00013976126969806094-0.00021589146050842285i
-0.44557149874958224-0.895244976951455i,0.00011208408226588602+0.00023055649101994498i
0.9966436537743566+0.08186218365334488i,-0.0002544758658260726-0.000023291259684964492i
-0.5856813515604328+0.8105412301045276i,0.00015110113056215007-0.00020506386893641917i
-0.39062360834729914-0.9205491187983232i,0.00009699830505353396+0.00023464244808260736i
0.9898700696749729+0.14197610617069606i,-0.0002501778052608671-0.000038266426360054266i
-0.6336204380725377+0.7736439306152193i,0.00016165644421349304-0.00019367192303099414i
-0.33424620282814566-0.9424844445191487i,0.00008183614545243709+0.00023776800786349308i
0.9794739863090299+0.20157045850362823i,-0.00024502123496290075-0.00005281103885086538i
-0.6792407453599787+0.7339154278022404i,0.0001714014482985438-0.0001817700175708902i
-0.27664559930035343-0.9609706802359614i,0.00006665729450327033+0.0002399392867108607i
0.9654934488798717+0.26042715089921475i,-0.0002390421924681442-0.00006687735036639108i
-0.7223753226773364+0.6915011109352689i,0.00018031403201889938-0.00016941353946240038i
-0.21803259125189728-0.9759401742599318i,0.000051520403085497795+0.00024116602742879842i
0.9479796201543433+0.3183307931233111i,-0.00023227927057018066-0.00008042037439805826i
-0.7628663159840603+0.6465561982107275i,0.00018837575839600833-0.00015665862882766017i
-0.15862167713679515-0.9873381446675165i,0.0000364828666768771+0.0002414614948064681i
0.9269965932290231+0.37506948269637236i,-0.00022477341700653824-0.00009339801428268444i
-0.800565545622509+0.5992451687198006i,0.0001955718712451734-0.00014356194123506653i
-0.09863027540282426-0.9951228797787868i,0.00002160061899111715+0.00024084235869840844i
0.9026211569769946+0.4304355803655834i,-0.00021656772811852197-0.00010577117875931836i
-0.8353350485919027+0.5497411605255504i,0.00020189128709040445-0.00013018041203073768i
-0.03827792883331449-0.9992658908042762i,0.0000069279351917023526+0.00023932856534933071i
0.8749425150335289+0.4842264699754112i,-0.0002077072374367629-0.00011750388328323356i
-0.8670475834336945+0.4982253370519152i,0.0002073265723108367-0.00011657102370547665i
0.02221449888521615-0.9997520161017224i,-0.0000074827546714876785+0.00023694319769444882i
0.8440619593490611+0.5362452999557739i,-0.00019823870015033788-0.00012856333692381453i
-0.8955870958807005+0.4448862241033268i,0.00021187390586605928-0.00010279057720366621i
0.08262563142936408-0.9965794766611711i,-0.00002158104140954003+0.0002337123254002661i
0.8100924995041291+0.5863017037143041i,-0.00018821037441832806-0.00013892001473585718i
-0.9208491435659076+0.3899190199411797i,0.0002155330280022718-0.00008889546804888404i
0.1427343899811735-0.9897598826153893i,-0.000035318701087591955+0.0002296648454408936i
0.7731584491428043+0.634212496296375i,-0.0001776718004804264-0.0001485477155565587i
-0.9427412782367144+0.3335248809419681i,0.00021830717539284098-0.0000749414681265491i
0.20232080228172827-0.9793181907517616i,-0.00004864984758174392+0.00022483231403128533i
0.7333949710381112+0.6798023447634158i,-0.00016667357851586853-0.00015742360524190516i
-0.9611833840758585+0.2759101854512802i,0.00022020300321619286-0.00006098351392613903i
0.26116680763521244-0.9652926131811603i,-0.0000615310728754312+0.0002192487707611056i
0.6909475824542859+0.7229044098362176i,-0.0001552671461898332-0.00016552824541697626i
-0.9761079708909225+0.2172857785276266i,0.00022123049472001416-0.00004707550200513756i
0.3190570549174691-0.9477344774980176i,-0.00007392157472928982+0.00021295055579156454i
0.6459716226160397+0.7633609564550907i,-0.00014350455681175003-0.00017284560787393847i
-0.9874604210994742+0.15786620034001603i,0.00022140285886384942-0.00003327009239383136i
0.3757796906686914-0.9267080389433608i,-0.0000857832714174764+0.00020597612099188588i
0.5986316842336692+0.8010239310224883i,-0.00013143825901180788-0.00017936307480928847i
-0.9951991896059776+0.09786890104301293i,0.00022073641667223182-0.000019618520614756086i
0.4311271343861629-0.902290245258206i,-0.00009708090328277793+0.00019836583590290897i
0.5491010111643719+0.8357555032156303i,-0.00011912087882057588-0.00018507142514811263i
-0.9992959558390113+0.03751344500249661i,0.0002192504769670373-0.0000061704189430784175i
0.4848968381798071-0.8745704550878493i,-0.00010778212092227658+0.0001901617894217749i
0.49756086441408465+0.867428570386332i,-0.00010660500501119251-0.00018996480725704852i
-0.9997357273924061-0.022979292715685384i,0.00021696720218082401+0.000007026352515106411i
0.5368920280105376-0.8436501109675784i,-0.00011785755987449276+0.00018140758810447733i
0.4441998587999933+0.8959272227021469i,-0.00009394297853566643-0.000194040698399736i
-0.9965168948910177-0.08338793465366377i,0.00021391146498279197+0.000019925864400609525i
0.5869224237987885-0.8096423680865282i,-0.00012728090173787612+0.00017214815198207962i
0.389213272701252+0.9211471673266056i,-0.00008118668685521865-0.0001972998513380737i
-0.9896512378803467-0.14349141110803243i,0.0002101106964748998+0.00003248426586154072i
0.6348049357679417-0.772671680188253i,-0.0001360289217085655+0.00016242950878135248i
0.33280233342392457+0.9429961100862401i,-0.00006838736393050537-0.00019974622852963708i
-0.9791638817184609-0.20306976915008518i,0.000205594726738116+0.00004465992107620088i
0.6803643344743334-0.7328733441234382i,-0.00014408152258261935+0.00015229858743214726i
0.27517348079540627+0.9613940932276446i,-0.00005559539660058279-0.00020138692441612488i
-0.9650932056279647-0.26190497755913505i,0.000200395618527702+0.00005641353417289796i
0.7234338920718092-0.6903930047214928i,-0.00015142175532414432+0.00014180301173160077i
0.21653761168325708+0.9762737880285398i,-0.000042860138040049795-0.00020223207633905988i
-0.9474907022445196-0.3197817247232082i,0.00019454749493117676+0.0000677082622361757i
0.7638559924640884-0.6453861217929822i,-0.00015803582635526408+0.00013099089501960256i
0.1571093082031756+0.987580741191999i,-0.000030229728942232216-0.0002022947646577629i
-0.9264207891758932-0.3764882065871369i,0.00018808636181427856+0.0000785098161444333i
0.8014827081120296-0.5980174012134403i,-0.00016391309177733214+0.00011991063670091178i
0.09710605244055215+0.9952735741221437i,-0.000017750927032309377-0.00020159090267996943i
-0.9019605732611641-0.43181690176449816i,0.00018104992588757613+0.00008878654903965898i
0.836176341384936-0.5484601921705546i,-0.00016904603878404798+0.00010861072142700202i
0.03674743055937396+0.9993241343520483i,-0.00000546894546890992-0.0002001391170477577i
-0.8741995683927835-0.48556533097682675i,0.00017347740923050938+0.0000985095322854418i
0.8678099284747893-0.4968958527805366i,-0.00017343025457653701+0.00009713952172537602i
-0.023745670788892836+0.9997175985696839i,0.000006572699354654387-0.00019796061925067362i
-0.8432393679341434-0.5375367980408723i,0.00016540936111001037+0.00010765261882488887i
0.8962677040292939-0.4435130863952501i,-0.00017706438313795764+0.00008554510483574724i
-0.08415187281564979+0.9964525268648813i,0.000018332330146869837-0.00019507906896331018i
-0.8091932729314733-0.5875411096922148i,0.00015688746792734122+0.00011619249390459225i
0.9214455248033842-0.3885072510289327i,-0.0001799500702699072+0.00007387504448140687i
-0.14425011474651828+0.9895408679987809i,0.000029770240779442677-0.0001915204299272185i
-0.7721858774806317-0.6353952716109823i,0.00014795436212046174+0.00012410871318495296i
0.9432512507788049-0.3320796444317061i,-0.0001820918973356177+0.00006217623827047236i
-0.2038204628089016+0.9790079156764979i,0.000040848817711380134-0.0001873128191155222i
-0.7323526127661928-0.6809241581025274i,0.00013865343083860386+0.00013138372830987045i
0.9616050823570341-0.2744367674262038i,-0.00018349730419469357+0.000050494731385621386i
-0.26264491509520077+0.9648922159830158i,0.00005153265046503973-0.0001824863499342i
-0.6898392514414327-0.7239611529823077i,0.00012902862519262055+0.00013800290006080673i
0.9764398523915638-0.21578956820318562i,-0.00018417650185135407+0.00003887554718264157i
-0.32050819935623465+0.9472454263210587i,0.0000617886308951318-0.00017707297022577156i
-0.6448013741629817-0.7643487593196137i,0.00011912427086775484+0.00014395449927036418i
0.9877012719908316-0.15635267034169398i,-0.00018414237537231693+0.000027362525277898956i
-0.3771985608052826+0.9261321263671671i,0.00007158604104378982-0.00017110629584948662i
-0.5974038002323925-0.8019391758087406i,0.0001089848808657989+0.00014922969571934974i
0.9953481291922621-0.09634358737886639i,-0.00018341037766191707+0.00001599816766270761i
-0.43250853704972186+0.9016295817377995i,0.00008089662942690486-0.00016462144061709535i
-0.5478199844282343-0.836594837658335i,0.00009865497112082133+0.0001538225352881797i
0.9993524397803648-0.03598192680374232i,-0.00018199841471014811+0.000004823493338968888i
-0.48623571731434784+0.8738274612303356i,0.00008969467564865853-0.00015765484336479235i
-0.49623138223604546-0.8681889200194907i,0.00008817887970720191+0.000157729905678481i
0.9996995496969515+0.02451141361189733i,-0.00017992672295457092-0.000006122098074572988i
-0.5381834831779394+0.8428275086737615i,0.00009795704329270522-0.00015024409294001423i
-0.442826785799133-0.896605802110265i,0.00007760059033045137+0.00016095149106360089i
0.9963881886686988+0.08491505420456921i,-0.00017721773941895634-0.000016800953362345613i
-0.5881617281122977+0.8087431705899226i,0.00010566322108905582-0.0001424277518766286i
-0.38780163302035414-0.9217414903381186i,0.00006696356076066486+0.00016348971606721478i
0.9894304748558057+0.14500794357364458i,-0.0001738959653101514-0.00002717728300217868i
-0.6359875531905481+0.771699181027943i,0.00011279535240567354-0.00013424517952362233i
-0.33135729234327005-0.9435039988718334i,0.000056310556835558004+0.0001653496795074874i
0.9788518705047267+0.20457016753460544i,-0.0001699878237703333-0.00003721726841752421i
-0.6814859364187176+0.7318311050911375i,0.00011933825316246688-0.00012573635538091577i
-0.2737003258300645-0.9618136862701756i,0.000045683492624879186+0.00016653907837979763i
0.9646910887672773+0.26338375391057745i,-0.00016552151249383062-0.00004688915893183495i
-0.7244903732411165+0.6892848428269159i,0.0001252794183129891-0.00011694170338119929i
-0.21504173323304832-0.9766035469353905i,0.000035123277311004186+0.00016706812258394875i
0.9469999520271146+0.32123347021694804i,-0.00016052685192673234-0.00005616335821379891i
-0.7648434858755517+0.6442160952952265i,0.00013060901708513732-0.00010790191783931593i
-0.155596179826123-0.9878194563249326i,0.000024669669301755566+0.00016694944093209856i
0.9258432022520534+0.37790761131988726i,-0.00015503512977319732-0.00006501250005083423i
-0.8023975992484682+0.5967897947695002i,0.00013531987721658055-0.0000986577917702855i
-0.09558121082200771-0.995420369024063i,0.000014361138051168579+0.00016619797900088682i
0.901298264066249+0.4331987741862782i,-0.0001490789425348247-0.000073411513336784i
-0.8370152814223364+0.5471795011553156i,0.00013940745846336764-0.00008925004825411888i
-0.03521645525012651-0.9993784689544505i,0.000004234734022289337+0.00016483088941578414i
0.8734549614093028+0.4869046168898053i,-0.00014269203480872175-0.00008133767620785669i
-0.8685698465375635+0.4955667668356316i,0.00014286981570072745-0.00007971917550007349i
0.025277177791379668-0.9996792711690813i,-0.000005674032816746816+0.0001628674151771117i
0.8424151888191943+0.5388285990955634i,-0.00013590913706613983-0.00008877065930853056i
-0.8969458184283664+0.44214047226698516i,0.0001457075519737834-0.00007010526623504252i
0.08567830756814176-0.9963216748609475i,-0.000015331305615808566+0.0001603287666557042i
0.8082925385420016+0.5887807013133334i,-0.0001287658026266334-0.00009569255821588423i
-0.9220393532159805+0.3870961347580838i,0.00014792376189219774-0.00006044786201077519i
0.1457658918680405-0.9893179673915292i,-0.000024704984081940122+0.00015723799290156138i
0.771211884833034+0.6365781202873644i,-0.00012129824453283352-0.0001020879150968116i
-0.9437586193326876+0.3306351929603666i,0.00014952396579682076-0.00005078580299242066i
0.20532003592083392-0.978693779324324i,-0.00003376481847659979+0.00015361984792128496i
0.7313089269706481+0.6820459379778328i,-0.00011354317301825999-0.00010794372971724822i
-0.9620241335859414+0.2729642696889938i,0.00015051603515797701-0.00004115708375691189i
0.2641227971186437-0.9644879906279851i,-0.00004248249395810423+0.00014950065258933685i
0.6887296926551312+0.7250177616857989i,-0.00010553763424499187-0.00011324945996597381i
-0.9767690520327397+0.21429441577202174i,0.00015091010969399632-0.000031598715594024986i
0.321958982592364-0.9467525883923231i,-0.00005083170510198357+0.00014490815286444069i
0.6436300036099887+0.7653363329790726i,-0.00009731885096999479-0.00011799701209758537i
-0.9879394145997688+0.15484033769494987i,0.00015071850672498463-0.000022146595765773853i
0.3786169367252045-0.9255524765778684i,-0.00005878822047723677+0.00013987137498575546i
0.5961749053413109+0.8028541031905819i,-0.00008892406577810743-0.0001221807209394836i
-0.9954943425541118+0.09481961186713112i,0.00014995562330053007-0.000012835384141290083i
0.4338893157214127-0.9009652384952307i,-0.00006632993720146321+0.00013442047832357986i
0.546538063142056+0.8374337733831708i,-0.00008039038749660015-0.00012579732034625536i
-0.9994061881018685+0.03445188838549366i,0.00014863783166086135-0.000003698387584699718i
0.4875738463955749-0.873080852883479i,-0.00007343692544258936+0.00012858660655676896i
0.49490112655161056+0.8689487968047839i,-0.00007175464138094331-0.00012884590422147137i
-0.999660635567214-0.026041912790545338i,0.00014678336860910845+0.0000052325475669690415i
0.539474066405668-0.8420013646265764i,-0.00008009146287858774+0.00012240173784339238i
0.4414530645964358+0.8972838419952668i,-0.00006305322363389037-0.0001313278784614725i
-0.9962567537816277-0.08644041031131716i,0.00014441221938757837+0.000013927134640166936i
0.5894000432209103-0.8078405113128959i,-0.00008627805916992826+0.00011589853464292782i
0.3863894742445311+0.9223352148500128i,-0.00005432196079059732-0.0001332469042080384i
-0.9892069994915729-0.14652257159762905i,0.00014154599666323447+0.000022356737121601236i
0.6371690691933114-0.7707233070044641i,-0.00009198347054130708+0.00010911019383701701i
0.3299118646044783+0.9440112380958827i,-0.00004559597447128133-0.00013460883282702166i
-0.9785371717721483-0.20606852172514178i,0.0001382078152372815+0.00003049445030367629i
0.6826063301892488-0.7307855847391453i,-0.00009719670461022085+0.00010207029778231205i
0.27222691948858746+0.9622325867906788i,-0.000036909551970149765-0.00013542163305770783i
-0.9642863176135472-0.26486034807222686i,0.00013442216310018967+0.00003831517390920797i
0.72554554533417-0.6881734994400215i,-0.0001019090156394107+0.00009481266691252918i
0.21354574103884771+0.976932578618388i,-0.000028296023115003236-0.0001356953108030003i
-0.9465065890258301-0.3226828977866386i,0.00013021476945752222+0.00004579567556829517i
0.7658295755292304-0.6430429930510984i,-0.00010611389042822022+0.00008737121448839021i
0.15408307718368763+0.988057417917841i,-0.00001978764379641828-0.00013544182205323463i
-0.9252630521849522-0.3793245651526143i,0.00012561247035277885+0.00005291464506231909i
0.8033109985129534-0.5955592238567193i,-0.00010980702509432496+0.00007977980407306714i
0.09405653575272399+0.9955663925517425i,-0.000011415486528742197-0.00013467497945672766i
-0.9006334493184829-0.43457806597697746i,0.00012064307251189394+0.000059652739291693i
0.8378526483634378-0.5458959620731254i,-0.0001129862930318669+0.00007207211028784592i
0.03368578812549666+0.9994320228956229i,-0.0000032093383676554844-0.00013341035306761i
-0.8727079142024188-0.48824119616032224i,0.00011533521602942463+0.00006599261796509903i
0.8693281174667622-0.4942349539240429i,-0.00011565170436478573+0.00006428148337756454i
-0.026808234671503284+0.9996401624014686i,0.000004802393529291946-0.00013166516581654002i
-0.841588642310247-0.5401175716772366i,0.00010971823650949529+0.00007191897004825713i
0.8976222191146009-0.4407652565275063i,-0.00011780535724481805+0.00005644081808854907i
-0.0872041504775688+0.9961900493680174i,0.000012592768451580359-0.00012945818426207103i
-0.807389516821372-0.5900173472575505i,0.00010382202726486954+0.00007741853104974184i
0.9226314090381421-0.3856825460279456i,-0.00011945138137225369+0.000048582427333114665i
-0.14728093616147497+0.9890943097282573i,0.00002013639058556273-0.00012680960519007421i
-0.7702356918575556-0.6377579111385485i,0.00009767690216541741+0.00008248009125965794i
0.9442641643356707-0.32918840150547685i,-0.00012059587414401498+0.00004073792108456504i
-0.20681873647128035+0.9783789108439316i,0.000027409479196268903-0.0001237409386354603i
-0.7302631344725445-0.683164553345647i,0.00009131345971275916+0.00008709449509419815i
0.9624413184071099-0.27148956728298324i,-0.00012124682985764674+0.00003293809091500295i
-0.26559966861019174+0.9640830664761386i,0.000034389930411479745-0.00012027488790477186i
-0.6876181270710082-0.72607110505592i,0.00008476244890109822+0.00009125463173475694i
0.9770963506698012-0.2127971963306233i,-0.00012141406242172794+0.000025212800555564075i
-0.32340861959408956+0.9462590932797963i,0.000041057370517641535-0.00011643522717975184i
-0.6424567320777178-0.7663205467046752i,0.00007805463740536058+0.0000949554172846388i
0.9881756299952869-0.15332607753658206i,-0.00012110912204256557+0.000017590882824775763i
-0.3800340334727286+0.9249722193471378i,0.00004739320071603683-0.00011224667728107889i
-0.5949442208160516-0.8037655826096709i,0.00007122068261677859+0.0000981937686989501i
0.9956386109762233-0.09329384967192293i,-0.00012034520637397878+0.000010100043236046658i
-0.43526868553372033+0.9003003455008896i,0.00005338063332605333-0.00010773478016793456i
-0.5452544686858818-0.8382691800100974i,0.00006429100602325317+0.00010096856977420334i
0.9994579823051712-0.032920204926092905i,-0.0001191370666315389+0.000002766770559811365i
-0.4889104406560435+0.8723337602106922i,0.00005900471946005626-0.00010292577274305286i
-0.4935693188542341-0.8697050705476691i,0.00005729567140718026+0.00010328062951315108i
0.9996197667222587+0.027573915072205656i,-0.00011750090918459573-0.0000043837454200724i
-0.5407629930378354+0.8411748091760523i,0.00006425236823127481-0.00009784646052455207i
-0.4400779167873399-0.8979582123546256i,0.00005026426730719546+0.00010513263320748321i
0.9961233721659535+0.08796712780655117i,-0.00011545429314890907-0.000011327688752567917i
-0.5906365845913767+0.8069375207850066i,0.00006911235759202362-0.00009252409173507506i
-0.3849760180594074-0.9229252110575921i,0.00004322579416257121+0.00010652908660608153i
0.9889815939397542+0.148038420037801i,-0.00011301602450976203-0.00001804268460169912i
-0.6383486993762515+0.7697471888191599i,0.000073575336934388-0.00008698623234585345i
-0.32846527197123376-0.9445146981566139i,0.00003620855652996663+0.0001074762535594134i
0.9782205678868716+0.20756795661769278i,-0.00011020604730988159-0.000024507858834849298i
-0.683724731529359+0.7297399139322186i,0.00007763382161901345-0.00008126064259816892i
-0.2707524836003069-0.9626476653946516i,0.000029240060731988362+0.00010798208755150462i
0.9638796747442584+0.2663378849911382i,-0.00010704533243864506-0.00003070388982365212i
-0.7265986242474334+0.6870621055800085i,0.00008128217962986202-0.00007537515550757207i
-0.21204885698298032-0.977257753893892i,0.00002234691826575966+0.00010805615754940796i
0.9460113960260149+0.3241331324430767i,-0.00010355576455857003-0.00003661305240021436i
-0.7668134774836771+0.6418699462247033i,0.00008451661058340548-0.0000693575578371854i
-0.15256922219834196-0.988291497000763i,0.0000155547552676799+0.00010770956861635938i
0.9246811219635699+0.3807421931723086i,-0.0000997600277024524-0.000042219253947194406i
-0.8042221221345938+0.5943288197740431i,0.00008733511734981887-0.00006323547400552415i
-0.09253124918232652-0.9957085159509382i,0.000008888128297620988+0.00010695487774882973i
0.8999669122054974+0.4359579023119535i,-0.00009568149006937785-0.00004750806263544604i
-0.838687658615745+0.5446127063472102i,0.00008973747057110026-0.0000570362533718021i
-0.03215465114916832-0.9994816676382847i,0.0000023704466725983145+0.00010580600540929101i
0.8719592101527063+0.48957819406395303i,-0.00009134408854050328-0.000052466727857350816i
-0.8700839578554754+0.49290354558226246i,0.0000917251663865526-0.00005078686131757002i
0.028339619464665455-0.9995971439469822i,-0.0000039760984538744465+0.00010427814323584608i
0.8407605119744077+0.5414068411731681i,-0.00008677221342604969-0.00005708419293754153i
-0.8982961228731824+0.43939057081514266i,0.00009330137769975837-0.000044513774518108264i
0.08873017959156532-0.9960545222833013i,-0.000010130598104393127+0.00010238765841683759i
0.8064849915161257+0.5912541730349172i,-0.00008199059394326865-0.00006135110023521596i
-0.923220909252954+0.38426961656688297i,0.00009447089934286087-0.00003824288077025198i
0.14879602569979344-0.9888667671221132i,-0.000016073482453958653+0.00010015199522325293i
0.7692580824724223+0.6389377698079866i,-0.00007702418491156279-0.00006525978878367879i
-0.9447671029738214+0.3277424018733066i,0.00009524008751368653-0.00003199938371546658i
0.2083173425715602-0.9780601825624788i,-0.000021786570675563528+0.00009758957419403809i
0.7292160193534113+0.6842831299929586i,-0.00007189805513534885-0.0000688042846428007i
-0.9628558542139285+0.2700157920799302i,0.0000956167938788365-0.000025807712768181173i
0.26707630773238117-0.9636743160659338i,-0.000027253113594354644+0.00009471968946962034i
0.6865053389249174+0.7271243090328081i,-0.00006663727792800283-0.00007198028416889988i
-0.9774209659070384+0.2113010418035804i,0.00009561029475139681-0.000019691438529729577i
0.32485788858784936-0.9457618137297512i,-0.000032457829122954936+0.00009156240476672119i
0.6412823439468056+0.7673045265987594i,-0.0000612668242110607-0.0000747851304337563i
-0.9884091359953863+0.15181302183116352i,0.00009523121576528018-0.00001367319393791223i
0.3814506293506423-0.9243882276248208i,-0.000037386930483274365+0.00008813844848328515i
0.593712531171961+0.8046767403390043i,-0.00005581145860233976-0.00007721778305013979i
-0.9957801524923349+0.0917694327848029i,0.00009449145247940318-0.00000777460137136695i
0.43664742487795316-0.8996317759032055i,-0.00004202814725220177+0.00008446910841589468i
0.5439699856992013+0.8391041839906024i,-0.00005029563888449562-0.0000792787816852774i
-0.9995070406409862+0.0313900084309937i,0.00009340408735398176-0.000002016205896686324i
0.4902462785874266-0.8715830565532703i,-0.00004637073929990117+0.00008057612656364907i
0.4922367438965288+0.8704608678853057i,-0.00004474341922218107-0.00008097020356592539i
-0.9995761616302169-0.029104288450676405i,0.00009198330354798283+0.000003582585185244768i
0.5420510416779587-0.8403447158499301i,-0.00005040550371970483+0.00007648159448190365i
0.4387021272261485+0.8986320400176724i,-0.000039178357471342576-0.00008229561529916142i
-0.9959872625068713-0.08949207469646903i,0.00009024429599159278+0.000009003556368724525i
0.5918721309501257-0.8060310727133368i,-0.000054124774877962765+0.00007220784963709517i
0.38356204940917055+0.9235146059881574i,-0.00003362342689853138-0.00008326001935156901i
-0.988753477101462-0.14955235692586039i,0.00008820318018997673+0.000014229731455058227i
0.6395272225993295-0.7687677003506943i,-0.000057522417740270736+0.00006777737319964896i
0.3270182994654722+0.9450175062843703i,-0.00002810093260154775-0.00008386979554618159i
-0.9779012779639897-0.20906534028247015i,0.00008587689921510228+0.00001924541448450406i
0.6848419194426721-0.7286909667122137i,-0.00006059381465741445+0.00006321268969619331i
0.2692778032524886+0.9630620495198081i,-0.00002263243289533308-0.0000841326379512038i
-0.9634703794857666-0.26781323278890234i,0.00008328312934078221+0.000024036224057073837i
0.7276503891377978-0.6859475354429415i,-0.00006333584581978867+0.000058536268924888146i
0.21055186620538302+0.9775822004105583i,-0.000017238665899022406-0.00008405748754724185i
-0.9455135925617921-0.32558104237191265i,0.0000804401847722653+0.000028589121041304753i
0.7677959710580953-0.640693829156764i,-0.00006574686361311344+0.000053770430518774325i
0.15105540004984136+0.9885248214360962i,-0.000011939481531538937-0.00008365446107044903i
-0.9240966313255428-0.38215736364112607i,0.00007736692191619627+0.00003289242969999618i
0.8051317496033541-0.593095456996773i,-0.00006782666113074429+0.00004893725152179101i
0.0910061363173928+0.9958498672998057i,-0.0000067537790942100805-0.00008293477643765143i
-0.8992978726634445-0.43733515154203484i,0.00007408264362911631+0.000036935852290975904i
0.8395210918478105-0.543326608576879i,-0.00006957643511869306+0.000044058477320597494i
0.030623829541446934+0.9995305314775773i,-0.0000016994505898066386-0.00008191067516617524i
-0.8712080693891082-0.49091247905203894i,0.00007060700387321648+0.00004071047722919364i
0.8708381475580143-0.49156941652258157i,-0.00007099874364871788+0.000039155436252704284i
-0.029870546949979704+0.9995533443181821i,0.0000032066701019054545-0.00008059534220567207i
-0.83993001812698-0.542693276146686i,0.00006695991319696861+0.000044208780923728075i
0.898968309750671-0.4380132899437281i,-0.00007209745883220844+0.000034248958187747545i
-0.09025560970181146+0.9959182223364145i,0.000007948852101014825-0.00007900282360188626i
-0.8055781831208135-0.5924880473318113i,0.00006316144544529176+0.00004742462342946441i
0.9238086341050147-0.3828542212784626i,-0.00007287771490329196+0.0000293592973542535i
-0.1503103753003437+0.988638468518611i,0.000012512506394781893-0.00007714794241294845i
-0.7682782773436644-0.6401145651157201i,0.00005923174608951918+0.000050353238078228936i
0.9452682156948412-0.32629406904501596i,-0.00007334585201339192+0.000024506059658982085i
-0.20981506907769698+0.9777407236394322i,0.00001688421866203477-0.00007504621329744305i
-0.7281668024423611-0.685398536883598i,0.00005519094255146851+0.000052991215277930907i
0.9632685216615207-0.26853981912616454i,-0.00007350935609147066+0.000019708134720014114i
-0.26855192939277783+0.9632648687680582i,0.000021051776049571433-0.00007271375619038041i
-0.6853905492000625-0.7281742427336793i,0.00005105905687856633+0.00005533648069062733i
0.9777436786105587-0.20980282728973243i,-0.00007337679513422461+0.00001498363280845635i
-0.32630600454542774+0.9452638793205937i,0.00002500418792311916-0.00007016720947806718i
-0.6401060603449894-0.7682851419409633i,0.00004685592110838733+0.00005738826802142157i
0.9886407136799471-0.15029804571719008i,-0.00007295775229881591+0.000010349826866881958i
-0.38286593940739216+0.9238036311927794i,0.000028731700642456477-0.00006742364307613636i
-0.5924790576712243-0.805584445829085i,0.00004260109564115224+0.000059147086669552646i
0.9959197483981046-0.09024323637092296i,-0.0000722627561769829+0.0000058230997457022475i
-0.4380247488913812+0.8989626596824873i,0.00003222580643647734-0.00006450047180637057i
-0.5426838355680706-0.839935654953871i,0.000038313790917878815+0.00006061468451094861i
0.9995541446219679-0.029858174078908895i,-0.00007130320863384495+0.000001418896771647933i
-0.4915805754276558+0.8708318720842356i,0.000035479246479314576-0.00006141536945783475i
-0.49090262317739-0.8712130586327238i,0.0000340127926801323+0.00006179400609780385i
0.9995306020211615+0.030636157746830532i,-0.00007009131059734554-0.000002848316264447189i
-0.5433374276760994+0.8395142150075063i,0.00003848600829298314-0.00005818618390600731i
-0.43732491751315195-0.8993021949917654i,0.000029716391064651326+0.00006268914657536037i
0.9958492067515005+0.0910183758146763i,-0.00006863998618497772-0.000006965089640213173i
-0.5931058977704079+0.8051242976363364i,0.00004124131762520874-0.000054830853650405885i
-0.3821467899836913-0.9241002698471739i,0.000025442313762861238+0.00006330530162901997i
0.9885234311396972+0.15106750712124656i,-0.00006696280555343188-0.00001091902072083938i
-0.6407038544695907+0.7677879723088938i,0.000043741624973212275-0.00005136732611651308i
-0.32557016885450274-0.9455165328877776i,0.000021207663451379062+0.00006364871378612985i
0.9775800843804247+0.21056379761775218i,-0.00006507390685399034-0.000014698779457053027i
-0.685957109680146+0.7276418739519301i,0.00004598458694499676-0.00004781347805195175i
-0.26780210027745255-0.9634726097822466i,0.000017028859675277363+0.00006372661540625165i
0.9630592144261737+0.2692895164155017i,-0.00006298791767188939-0.000018294128379937514i
-0.7287000559097252+0.684832920055592i,0.00004796904266919265-0.00004418703832962316i
-0.20905399059072316-0.9779027889955081i,0.000012921585341189202+0.00006354716870144614i
0.9450139614289327+0.3270297525875075i,-0.00006071987632178745-0.000021695937135592812i
-0.7687762723194793+0.6395177730184604i,0.000049694985482595555-0.00004050551345239958i
-0.1495408326623454-0.9887542622647635i,0.000008900737952474508+0.00006311940313408037i
0.9235103632700374+0.3835732016502451i,-0.00005828515336357646-0.00002489619162688389i
-0.8060390971571963+0.5918622668304061i,0.00005116353014116898-0.00003678611603468377i
-0.08948041910857246-0.9959873178550662i,0.000004980385693657258+0.00006245315054388688i
0.8986271138898698+0.4387129388473749i,-0.00005569937369348419-0.000027887997853023567i
-0.8403521644763722+0.5420408001913618i,0.00005237687581542329-0.000033045696516061535i
-0.029092545266376946-0.9995754858872268i,0.0000011737284464226304+0.0000615589783584982i
0.8704552753018056+0.4922471764055415i,-0.000052978339554645353-0.000030665580560236155i
-0.8715899031770467+0.49023569828692615i,0.000053338265144719585-0.000029300678341461494i
0.03140179516315322-0.9995056352062122i,-0.000002506936205337544+0.00006044812124244828i
0.8390979443443319+0.5439800019910229i,-0.000050137954799063257-0.00003322427683827356i
-0.8996379965421403+0.436636545556437i,0.000054051939636993994-0.000025566996820666672i
0.09178121885691276-0.9957780214355361i,-0.000006050241948520401+0.00005913241153877153i
0.8046698753908625+0.5937220956647903i,-0.000047194150719533326-0.00003556052481801779i
-0.9243938005875733+0.3814394918952864i,0.000054523091710931214-0.000021860041858021753i
0.15182476303772968-0.9884062860417882i,-0.00000944577768306109+0.00005762420885474796i
0.7672970603979818+0.6412914227122319i,-0.0000441628137553107-0.0000376718476446526i
-0.9457667196951975+0.32484653483048886i,0.00005475781368631567-0.000018194604720672235i
0.21131269410329734-0.9774174064127195i,-0.000012684106448381896+0.00005593632913924787i
0.7271162678289571+0.6865138998120841i,-0.0000410597153595811-0.000039556832918915166i
-0.9636785381538749+0.2670647802964238i,0.000054763044035563963-0.000014584828990915445i
0.2700273117568534-0.9628515971315819i,-0.00001575677937209117+0.00005408197359341923i
0.6842745421398613+0.7292240321066736i,-0.00003790044429996743-0.000041215107815703974i
-0.9780637063954131+0.20830568471600266i,0.00005454651121492516-0.0000110441658252351i
0.32775374569683435-0.9447621628090135i,-0.00001865634470142374+0.000052074657749307206i
0.6389286656599708+0.7692655188420705i,-0.00003470034164558792-0.00004264731010469963i
-0.9888695808778522+0.14878428116091244i,0.000054116675397817116-0.000007585333619565413i
0.3842807419499605-0.923215303011039i,-0.000021376351999593044+0.00004992814104240583i
0.5912445848357297+0.8064918253617663i,-0.000031474438675617936-0.00004385505531166642i
-0.996056616738235+0.08871839242286114i,0.00005348266843506108-0.000004220282157255571i
0.4394014359701144-0.8982898699970716i,-0.000023911351610028072+0.00004765635719416759i
0.5413968029379743+0.8407667193606272i,-0.000028237397925103574-0.000044840900271665495i
-0.9995985125098333+0.02832783387564535i,0.00005265423236752729-0.0000009601612933377915i
0.4929141096737956-0.8700770801544836i,-0.000026256889511366383+0.000045273345709304294i
0.4895677414548576+0.8719647694366632i,-0.000025003457563865135-0.000045608303336521125i
-0.9994823063742283-0.032166390954778266i,0.000051641656815871015+0.0000021847057939664207i
0.5446229296417353-0.8386801801857777i,-0.000028409497704908166+0.000042793184780242744i
0.4359470725074915+0.8999718041161269i,-0.000021786379284042942-0.00004616158150851676i
-0.9957084235960036-0.09254289916834754i,0.00005045571556969998+0.000005204844775877156i
0.5943386637851614-0.8042140692699666i,-0.000030366680294049812+0.0000402299258775767i
0.38073102473138765+0.9246853296721065i,-0.000018599399851023656-0.00004650586478039i
-0.9882906749664577-0.1525807386572971i,0.00004910760269469045+0.000008091647783057859i
0.6418793738540307-0.7668048785808904i,-0.000032126895431808+0.00003759753029075566i
0.32412166516386937+0.9460149052075799i,-0.00001545518645150872-0.00004664704796832969i
-0.9772562062620374-0.21206019669604376i,0.00004760886847087414+0.000010837386487562206i
0.6870710812529389-0.7265895097012526i,-0.00003368953332801818+0.000034909807867738385i
0.2663261597654368+0.9638824736302816i,-0.000012365795951268058-0.000046591740329764434i
-0.9626453989024448-0.27076360399546695i,0.00004597135546873132+0.000013435220711961714i
0.7297484037281132-0.6837151336215834i,-0.00003505489052192422+0.000032180358185965555i
0.2075560152812631+0.9782226473081592i,-0.00000934263815383064-0.000046347213261326217i
-0.9445117221719717-0.32847613127908815i,0.00004420713506171493+0.00001587920264090188i
0.7697551605954811-0.6383386521575758i,-0.00003622414063880144+0.00002942251436988596i
0.148026305217281+0.9889829473600458i,-0.000006396443130133893-0.00004592134637445922i
-0.9229215375448692-0.38498657546602194i,0.000042328444664621874+0.00001816427672948339i
0.8069449442949455-0.5906261237567809i,-0.00003719930186075666+0.000026649289752477733i
0.08795488276345609+0.9961239957058396i,-0.0000035372326680242896-0.000045322572246798644i
-0.8979538558308302-0.44008813258360857i,0.00004034762597686663+0.00002028627542116955i
0.8411816561792204-0.5407521557959566i,-0.0000379832013520885+0.000023873327559913713i
0.027561583544610246+0.9996196591733796i,-0.0000007742958696241322-0.00004455982014658891i
-0.8697000480293376-0.4935791545811985i,0.0000382770644981284+0.00002224191080528352i
0.8723400045764675-0.48889926559300745i,-0.00003857943688837144+0.000021106853779673097i
-0.03293257888361867+0.9994571451346379i,0.0000018838310959657233-0.00004364245902520759i
-0.8382635109510197-0.5452638872754741i,0.00003612913057136447+0.000024028762360497265i
0.9003059633040451-0.4352572124719337i,-0.00003899233594583531+0.000018361633353309332i
-0.09330622184953302+0.9956370483212487i,0.000004429381097333449-0.00004258024006925011i
-0.8037592888296987-0.5949531867267477i,0.00003391612219464141+0.000025645260945984326i
0.9249771889553968-0.38002230332514536i,-0.000039226912513672595+0.00001564892981565716i
-0.15333840373094443+0.9881733486480458i,0.000006855368035073007-0.00004138323909869043i
-0.7663136523098699-0.6424652114246037i,0.000031650209828890764+0.000027090669216078955i
0.9462633954329968-0.32339667421448703i,-0.00003928882189644184+0.000012979468482699263i
-0.21280943250668527+0.977093360052574i,0.000009155594777121565-0.00004006179909143876i
-0.7260636363503368-0.6876260877497853i,0.00002934338341354409+0.000028365058647250885i
0.9640866843567181-0.2655875506400044i,-0.000039184313777018775+0.000010363403270716237i
-0.27150166973511974+0.9624376305378008i,0.000011324657104811427-0.000038626473107183224i
-0.683156538735071-0.7302705462770165i,0.000027007401786192032+0.000029469283378022347i
0.9783818301384714-0.2068064891835502i,-0.00003892018381233162+0.000007810287209738919i
-0.3292003270174356+0.9442597937838266i,0.000013357943756962154-0.00003708796787482842i
-0.6377493810265434-0.7702425265901705i,0.000024653744685927943+0.000030404951072951485i
0.9890965186798637-0.14726860330249064i,-0.000038503724034600125+0.000005329046694893497i
-0.38569425203099905+0.9226263728716355i,0.000015251632676141701-0.0000354570882981401i
-0.5900083339341933-0.8073957483964133i,0.000022293567503173698+0.000031174391031146i
0.9961915388193475-0.0871917761067728i,-0.000037942672329920914+0.000002927959499992391i
-0.44077670125623586+0.8976165368371684i,0.000017002683577106718-0.00003374468312354082i
-0.5401081092009511-0.8415942468492963i,0.000019937658921360965+0.000031780619767721584i
0.9996409258282412-0.02679586300025387i,-0.00003724516126387249+0.0000006146365588131377i
-0.4942460965691811+0.8693218109466283i,0.00001860882697244-0.00003196159200232054i
-0.4882313202332393-0.87271287012174i,0.000017596401578232485+0.00003222730430335414i
0.9994320564304954+0.03369811289572043i,-0.00003641966652033447-0.000001603992498995211i
-0.5459067629309017+0.8378457417532887i,0.000020068549804343798-0.000030118594167008487i
-0.43456781381428-0.9006377374080101i,0.000015279735856576418+0.000032518723402461586i
0.9955656949984633+0.09406876959208141i,-0.0000354749552150971-0.000003721690088487538i
-0.5955696444741578+0.8033035181615464i,0.000021381077844483762-0.00002822635892834553i
-0.37931397534634625-0.9252666556785895i,0.00001299712689621887+0.00003265972700466405i
0.9880559907556272+0.1540951763951048i,-0.00003442003433992217-0.0000057329177350435174i
-0.64305299636674+0.7658215498849692i,0.000022546355035621437-0.00002629539818525015i
-0.32267201016447433-0.9465094936628088i,0.000010757534900997861+0.00003265569409696779i
0.9769304259965126+0.2135576624179318i,-0.000033264099585794545-0.000007632839530448638i
-0.6881830499195523+0.7255370048409968i,0.0000235650199594855-0.000024336021125513453i
-0.26484920355171926-0.9642885116906141i,0.000008569388796421314+0.00003251248927565093i
0.9622297155132856+0.2722386204817359i,-0.00003201648478602912-0.000009417322060980132i
-0.7307946485054373+0.6825973071752318i,0.000024438379624898705-0.000022358291279775865i
-0.2060571621639815-0.978538646186395i,0.000006440563275821829+0.00003223641824709097i
0.9440076575970866+0.3299233034646061i,-0.00003068661221086799-0.000011082930904401i
-0.7707318519615508+0.6371595977523382i,0.00002516838077855706-0.00002037198607564229i
-0.14651103964046308-0.9892077477737472i,0.000004378359255137137+0.00003183418251580365i
0.9223309371593742+0.38640061018384764i,-0.000029283943935209365-0.000012626923807315185i
-0.80784850726343+0.5893901590879178i,0.000025757578948081933-0.000018386559022797054i
-0.08642874923368815-0.9962567721198099i,0.000002389487739084002+0.0000313128335057687i
0.8972788816937696+0.44146385793571064i,-0.000027817934490253633-0.000014047240667981335i
-0.842008783382339+0.5394638068258698i,0.000026209105432925387-0.000016411104643643396i
-0.026030166340521188-0.9996599228207657i,0.0000004800570845018102+0.000030679726357796964i
0.8689431709714743+0.4949115388653825i,-0.000026297984998212324-0.000015342490462402855i
-0.8730876683685361+0.4875632499881584i,0.000026526632463527337-0.00001445432624750559i
0.034463676147418465-0.9994047458056077i,-0.0000013444363698970372+0.00002994247364117308i
0.837427501532656+0.5465480573992534i,-0.00002473339897681792-0.000016511935263265544i
-0.9009714268413599+0.4338784223382095i,0.00002671433675268094-0.000012524506629779833i
0.0948313967292786-0.9954921749126951i,-0.000003079114354111661+0.00002910889921228217i
0.8028472072016143+0.5961844460407699i,-0.000023133339987383628-0.000017555471512020716i
-0.9255580162119073+0.3786057873048509i,0.00002677686166546433-0.000010629481760812788i
0.15485207545625373-0.9879365284723052i,-0.00000471971945993687+0.000028186992446302444i
0.7653288370144843+0.643639056910372i,-0.000021506791286536807-0.00001847360871408872i
-0.946757460115117+0.3219476190104813i,0.00002671927823527544-0.000008776617512674194i
0.2143060624037852-0.9767654569076885i,-0.000006262614753419142+0.00002718486306048993i
0.7250096921040752+0.6887382264987739i,-0.000019862517627691334-0.00001926744573578148i
-0.9644921776846478+0.26411126203459334i,0.00002654704525355491-0.000006972789455553916i
0.2729757814960141-0.9620198415463892i,-0.00000770478029759521+0.00002611069673906545i
0.6820373232366502+0.7313169112008725i,-0.000018209029343818944-0.0000199386448890603i
-0.9786972674655529+0.20530837262160112i,0.000026265968659658737-0.000005224365739286276i
0.3306465267408424-0.9437536450121291i,-0.000009043806689624438+0.00002497271176038277i
0.6365689908394512+0.7712192913045127i,-0.000016554548828261-0.000020489403996641228i
-0.9893207449257533+0.14575414410982362i,0.000025882160455110865-0.0000035371930595718456i
0.38710724796171425-0.9220337137447654i,-0.000010277885728865127+0.00002377911681687979i
0.5887710894950221+0.8082993412237562i,-0.000014906979515281486-0.000020922426635274984i
-0.9963237326971118+0.08566651941622232i,0.000025401997363195575-0.000001916585692912494i
0.4421513231506862-0.8969395333710106i,-0.000011405798343931861+0.000022538070207462833i
0.5388185390084554+0.842421363889857i,-0.000013273877446790385-0.000021240890759184068i
-0.9996806028499167+0.025265393458862785i,0.000024832079450461217-0.00000036731756913966123i
0.49557731461629706-0.8685629378211512i,-0.000012426899917430044+0.000021257640570433024i
0.48689414427597394+0.8734604873442933i,-0.000011662425496403225-0.000021448415908707328i
-0.9993790706801051-0.0352281915641124i,0.000024179188921408357+0.000001106382664177502i
0.5471897061590668-0.837007773256277i,-0.000013341103156694515+0.000019945769312946168i
0.43318792629746766+0.9013031217165453i,-0.000010079410306642816-0.000021549029211138547i
-0.9954202396660077-0.09559285509406207i,0.00002345024929133812+0.000002500833645215654i
0.5967996185768747-0.8023895180358984i,-0.000014148858667576864+0.00001861023488038323i
0.3778964267811864+0.9258473749142686i,-0.000008531201979868691-0.00002154713038161496i
-0.9878185974300909-0.15560768836967884i,0.000022652285135151377+0.000003812900442452104i
0.6442255008817768-0.7648348601167135i,-0.000014851133395999203+0.000017258618995932642i
0.3212219888854402+0.9470034255046242i,-0.000007023736548402215-0.000021447455931656964i
-0.9766019627204771-0.21505306285824694i,0.000021792382601879605+0.0000050399909262016i
0.6892937946987031-0.7244812334290562i,-0.000015449387108682167+0.000015898274987279298i
0.2633720167294802+0.9646938514221721i,-0.000005562501234451744-0.000021255042791711078i
-0.9618113836062656-0.27371143400181175i,0.00002087765087592282+0.000006180049465037675i
0.7318395694146255-0.6814763149276974i,-0.00001594554709008108+0.000014536298303575093i
0.2045582163834359+0.9788539133004044i,-0.0000041525224958451225-0.000020975191551722138i
-0.9435009872592168-0.33136813733689663i,0.000019915184756451273+0.000007231548056224895i
0.7717071257538113-0.6359774841575669i,-0.000016341981237195322+0.000013179499311966424i
0.14499582111495873+0.9894317913900393i,-0.0000027983568393544198-0.000020613429520484918i
-0.9217377818715334-0.387812174074309i,0.000018912028516247907+0.000008193475009673017i
0.8087505655703557-0.5881512473121667i,-0.000016641469737443813+0.000011834378448887502i
0.0849028037278351+0.9963887751970658i,-0.0000015040843695967094-0.000020175473800255505i
-0.896601411434636-0.4428369832641539i,0.000017875141190497513+0.000009065321314474084i
0.8428343257727765-0.538172627892361i,-0.000016847175517382454+0.000010507103787242068i
0.024499078875073965+0.9996994051465383i,-0.00000027330502818401867-0.000019667194567967826i
-0.8681838642763345-0.49624119772025865i,0.000016811363434748888+0.000009847064825728169i
0.8738336744267474-0.4862245261954797i,-0.00001696261365150763+0.000009203491066486806i
-0.03599430173434054+0.9993515657536927i,0.0000008908625349880127-0.000019094578748361725i
-0.8365891364230301-0.5478293809376519i,0.00001572738607950584+0.000010539152417110364i
0.9016351672204477-0.43249704997872795i,-0.00001699161992089649+0.000007928986218632063i
-0.09635595828983273+0.9953465299614213i,0.0000019857795285734176-0.000018463694257492718i
-0.8019328510188898-0.5974127423062943i,0.000014629720496808706+0.000011142480251431114i
0.9261370626220534-0.3771868187463845i,-0.00001693831871094586+0.0000066886504093270665i
-0.15636499303433127+0.9876989544818489i,0.0000030092831065339747-0.000017780654987485174i
-0.7643418351947617-0.644809828003686i,0.000013524670881687858+0.000011658372327310177i
0.9472496942100808-0.3204962442068007i,-0.00001680709043598945+0.000005487147599572929i
-0.21580179865525573+0.9764368261590566i,0.000003959680067441695-0.000017051586695087698i
-0.723953655935309-0.6898471850379828i,0.000012418308538708998+0.000012088557464978181i
0.9648957988140027-0.26263278953241864i,-0.000016602538676176955+0.000004328734620268899i
-0.2744488619530294+0.9616013595492421i,0.000004835738269044543-0.000016282593947619543i
-0.6809161166428845-0.7323599960115014i,0.000011316448250963032+0.000012435144898165905i
0.9790107992642979-0.20380821013359904i,-0.000016329457208666772+0.0000032172537388202457i
-0.332091559846038+0.943246846093136i,0.000005636675870134536-0.000015479728270335468i
-0.6353867162405145-0.7721926822816614i,0.00001022462679588963+0.000012700598642009106i
0.9895430407171717-0.14423777872469995i,-0.000015992797111015603+0.000002156127684471113i
-0.38851894479899646+0.9214404554326254i,0.000006362148520271664-0.00001464895762917984i
-0.5875320727934348-0.8091994733120442i,0.000009148083659337724+0.00001288771080891862i
0.9964539796891175-0.08413949751833294i,-0.000015597634109598536+0.0000011483570869206472i
-0.4435245168003945+0.8962619895986952i,0.0000070122346256102255-0.000013796137372320428i
-0.5375273137584797-0.8432449401299957i,0.00000809174398630509+0.000012999574045433928i
0.9997183251095245-0.02373330043082624i,-0.000015149136340104783+0.00000019652027120833553i
-0.4969069790639128+0.867803590970243i,0.000007587418825900407-0.000012926982742938144i
-0.48555543509275295-0.8742044909385428i,0.000007060203793939221+0.00001303955326321149i
0.9993241308751404+0.03675975178151736i,-0.000014652532680595855-0.0000006972246591466178i
-0.5484709746882686+0.8361694050725168i,0.000008088573823708935-0.000012047043064447257i
-0.4318066315669605-0.9019648270688978i,0.000006057717459707124+0.000013011256836524623i
0.9952728395676833+0.09711828050991511i,-0.000014113081810360673-0.0000015311355291654747i
-0.598027801579633+0.8014751994491924i,0.000008516940711969044-0.00001116167768777651i
-0.376477600734179-0.9264243576049617i,0.000005088187485167452+0.000012918507436975491i
0.9875792771746112+0.1571213994438005i,-0.000013536042139935944-0.000002303879677723611i
-0.6453961030203048+0.7638479400028451i,0.000008874107950177482-0.000010276033778600317i
-0.3197708231012286-0.9474935711624757i,0.000004155156523625157+0.000012765312673591353i
0.9762715988323722+0.21654952291992086i,-0.000012926642749176909-0.0000030145255183267206i
-0.6904025313564657+0.7234253263542403i,0.000009161989142822213-0.000009395026010503378i
-0.26189382113692006-0.9650953634622718i,0.000003261801648119216+0.000012555835703112127i
0.961391185790687+0.27518516951162286i,-0.000012290055461288659-0.000003662532180837373i
-0.732882382376194+0.6803552879208177i,0.000009382799776054561-0.000008523318218123562i
-0.2030583998288804-0.9791653194988428i,0.0000024109308247887224+0.000012294365971107178i
0.9429924939749363+0.3328137579175374i,-0.000011631368171245252-0.000004247737347171436i
-0.7726801980561941+0.6347954425585112i,0.000009539033070108983-0.000007665307052335377i
-0.1434798715682027-0.989651949271616i,0.0000016049815456838632+0.00001198529023965288i
0.9211428547008422+0.38922439223704575i,-0.000010955559537176276-0.000004770343400779838i
-0.8096503354714423+0.5869125197480431i,0.000009633435105628386-0.00000682510766764125i
-0.08337626819850064-0.9965168762162595i,0.0000008460215646500336+0.000011633064051652407i
0.8959222282707549+0.44421063375876785i,-0.000010267475133055504-0.000005230902015674413i
-0.843657499785784+0.5368817504365816i,0.000009668979381822379-0.00000600654146013994i
-0.02296754311293614-0.9997349776464339i,0.00000013575166998235872+0.000011242183775590364i
0.8674229113532588+0.49757125643764316i,-0.000009571805150550813-0.000005630297315946346i
-0.874577239372971+0.4848862257676786i,0.00000964884096332248-0.000005213125862836895i
0.03752523368079996-0.9992944766920446i,-0.0000005244895817617478+0.000010817159367568946i
0.8357491992169798+0.5491109832958965i,-0.000008873063727137443-0.0000059697277410303114i
-0.9022964012562001+0.43111622704626396i,0.00000957637037072741-0.000004448066193679472i
0.0978806845818388-0.9951969853975311i,-0.0000011337192551092057+0.000010362487979986377i
0.8010170040546614+0.5986412010529661i,-0.00000817556996670114-0.000006250686755498604i
-0.9267135451994455+0.3757685293907337i,0.000009455067367144935-0.000003714249540625903i
0.15787793454314092-0.9874574988224767i,-0.0000016913016405331685+0.000009882628538186096i
0.7633534307942889+0.6459806503691634i,-0.00000748343070785531-0.000006474942544822919i
-0.9477393149351865+0.319045681620468i,0.000009288554789619362-0.000003014240657311307i
0.21729741937937458-0.9761043401661254i,-0.0000021969381745366054+0.00000938197739792038i
0.7228963119496015+0.6909560891770623i,-0.000006800525084166147-0.000006644516840404401i
-0.9652967651699982+0.26115526501408265i,0.000009080552570172047-0.000002350279832533546i
0.27592168927760136-0.9611790571166281i,-0.000002650655781301922+0.000008864845187568058i
0.679793703212247+0.7334029266731147i,-0.000006130490909461674-0.000006761663018189941i
-0.9793216431712998+0.2023091336510378i,0.00000883485208634165-0.0000017242826868857252i
0.3335362045702668-0.9427362698043362i,-0.000003052793748163962+0.000008335434929791252i
0.6342033416314933+0.7731658256493529i,-0.000005476712910458998-0.0000068288436154132946i
-0.9897626239047819+0.14272263911663108i,0.000008555290975616616-0.0000011378418404359288i
0.3899301208583077-0.9208434709155663i,-0.000003403989252314691+0.000007797821527759794i
0.586292068364326+0.8100992709609028i,-0.000004842312818151019-0.000006848707409435667i
-0.9965814978620037+0.08261384240761935i,0.000008245728542065953-0.0000005922303864759018i
0.444897060611163-0.8955807786983332i,-0.0000037051616605489315+0.000007255932691275136i
0.5362352181084162+0.8440681020489628i,-0.000004230141318772472-0.000006824066201297529i
-0.9997533108907959+0.022202715922557417i,0.000007910021876813802-0.00000008840709802946242i
0.4982358684199634-0.8670406437639493i,-0.000003957495727486014+0.000006713531368148926i
0.48421597745238076+0.8749480075704411i,-0.0000036427718547986575-0.0000067578714445194085i
-0.9992664555167465-0.0382896615427724i,0.000007552002806847503+0.00000037297671392239785i
0.5497513471399953-0.8353275107574641i,-0.000004162423820560266+0.000006174199736084069i
0.43042471449148295+0.9026259803241187i,-0.000003082496256358899-0.0000066531908568572845i
-0.9951227134215773-0.09864191384887172i,0.000007175455779017965+0.000000791568778640976i
0.5992549722284765-0.8005574361350878i,-0.000004321607302156469+0.00000564132480014022i
0.37505828216210896+0.9270007308085065i,-0.0000025513221737108473-0.000006513185149219095i
-0.9873372489229512-0.15863317765418616i,0.000006784096778064413+0.0000011673059748547974i
0.6465655816634717-0.7628576634473717i,-0.000004436917200583626+0.000005118085630674387i
0.3183192978445056+0.9479830578979493i,-0.0000020509722720788-0.000006341085001779533i
-0.9759385534795796-0.21804391068014545i,0.000006381553369091615+0.0000015004030713943414i
0.6915100389191428-0.7223661576824231i,-0.000004510414302141326+0.000004607442266515242i
0.26041540187012546+0.9654961752804616i,-0.0000015828851412525635-0.000006140168412545968i
-0.9609683414247118-0.27665669514168056i,0.000005971345946243087+0.00000179134020470725i
0.7339238665711262-0.6792311003732604i,-0.000004544328796348965+0.0000041121262980886414i
0.20155849764713163+0.9794759924626769i,-0.0000011482178638916269-0.000005913738538254053i
-0.9424813973095749-0.33425703340300583i,0.0000055568702603561945+0.000002040849203124251i
0.7736518482133165-0.6336103473169983i,-0.000004541039605493841+0.000003634633135318689i
0.14196397618486495+0.989871349313544i,-0.0000007478501785566848-0.0000056651021415684415i
-0.9205453754154339-0.3906341329469092i,0.000005141381289238205+0.000002249898871415151i
0.8105485964832969-0.5856708508903785i,-0.000004503053528031467+0.000003177215955448617i
0.08184992785519307+0.9966442032884518i,-0.00000038239016608465643-0.000005397548752143651i
-0.8952405521679523-0.4455816777848952i,0.000004727978504922793+0.0000024196793521422253i
0.8444790851176879-0.5355880490757243i,-0.000004432984323069087+0.0000027418813164830213i
0.021436344275349406+0.9997697686486153i,-0.0000000521813811070546-0.0000051143306422546396i
-0.8666595323599319-0.4988985834851589i,0.0000043195925828768024+0.000002551585682550755i
0.8753191430903222-0.4835452234332179i,-0.0000043335318601950124+0.0000023303864128236845i
-0.03905568676697263+0.9992366071662413i,0.0000002426886557254357-0.0000048186437104265195i
-0.8349069102575117-0.5503897330553041i,0.0000039189735887247176+0.0000026472006672730854i
0.9029559090249079-0.4297328283690518i,-0.000004207461455328639+0.0000019442379408662813i
-0.09940479040003297+0.9950466699835335i,0.0000005023786948604944-0.000004513609358883099i
-0.8000988868300462-0.5998666909867956i,0.000003528680668652455+0.000002708277187925807i
0.9272882442192286-0.37434779415404107i,-0.000004057583509075887+0.0000015846925339178247i
-0.15939011480506954+0.987215290472351i,0.0000007272828193314535-0.00000420225744269533i
-0.7623628445044264-0.6471483928480481i,0.0000031510732603308445+0.0000027367200708031593i
0.9482271027693878-0.3175928062433496i,-0.000003886733559330453+0.0000012527587178046683i
-0.21879213943916864+0.9757711281206447i,0.0000009180184299712399-0.000003887510360332501i
-0.7218368810000679-0.6920618079025367i,0.000002788303831989044+0.000002734567633296137i
0.9656958574395973-0.2596755635347132i,-0.0000036977528545927095+0.0000009492003310016023i
-0.27739347838623724+0.9607560636510338i,0.000001075413257379278-0.0000035721683469177725i
-0.6786693039505267-0.7344425723270313i,0.000002442312148221306+0.000002703973028425511i
0.979630580084978-0.20080801827961328i,-0.0000034934695487230584+0.000000674541346073775i
-0.3349796758961611+0.9422250457553357i,0.000001200491506669041-0.0000032588960229494846i
-0.6330180881612104-0.774135590712649i,0.00000211482105229033+0.0000026471855049915776i
0.9899802756011303-0.14120560042900177i,-0.0000032766806116646604+0.00000042907202269626626i
-0.39133999120080853+0.920245890005935i,0.0000012944592433570152-0.0000029502102425907418i
-0.5850502974893907-0.8109956036474868i,0.0000018073337461147258+0.000002566531698331703i
0.9967070685443312-0.08108642925213919i,-0.000003050134544072745+0.00000021285631653423407i
-0.4462681697347971+0.8948990306798945i,0.000001358689130415006-0.000002648469276924273i
-0.534941473462184-0.8448877193037259i,0.000001521132540866772+0.0000024643970635618197i
0.9997863417394034-0.02067051511368008i,-0.0000028165149768548766+0.000000025740462856980137i
-0.4995631979386824+0.8662772264040219i,0.0000013947046275073807-0.000002355863358855602i
-0.4828749928699034-0.8756879070838299i,0.0000012572790431729018+0.000002343207559504655i
0.9992068263680101+0.03982104566983659i,-0.0000025784252293793463-0.00000013263735107537453i
-0.5510300388823159+0.8344852206981057i,0.000001404163763771945-0.000002074406607680323i
-0.4290413966857045-0.9032834515193005i,0.0000010166157343720027+0.000002205411687290476i
0.9949706432076955+0.10016687994761722i,-0.000002338373892602054-0.0000002628363150315488i
-0.6004803460163027+0.7996393586585853i,0.000001388842595201499-0.0000018059303427529008i
-0.3736376927674024-0.927573364760917i,0.0000007997688931412836+0.000002053462982899806i
0.9870932948707482+0.1601461478653372i,-0.000002098761495648889-0.000000365601420038177i
-0.6477331524395386+0.7618671611854331i,0.0000013506184567430716-0.00000155207778725564i
-0.3168666348932634-0.948468756150922i,0.0000006071528051234297+0.0000018898030577369156i
0.9756036090712924+0.21953935104422595i,-0.0000018618683065064011-0.00000044185107460974147i
-0.6926155331604+0.7213068583103874i,0.0000012914531176840783-0.0000013143001548102618i
-0.25893598077019164-0.9658931575246799i,0.00000043897519696349396+0.0000017168452757127226i
0.9605436331282295+0.2781291358509317i,-0.000001629843309478586-0.0000004926640121385811i
-0.7349632379279997+0.6781068833343635i,0.0000012133759467523206-0.0000010938541036448344i
-0.20005773172968994-0.9797828030513399i,0.0000002952438264571859+0.0000015369591493247874i
0.9419684800900936+0.3357010888185341i,-0.000001404694393999831-0.0000005192655903541013i
-0.7746212923176092+0.6324253296252752i,0.0000011184671906449389-0.0000008918005352627138i
-0.14044735689397075-0.9900868625894109i,0.00000017577415531648907+0.000001352455530877814i
0.9199461270449488+0.39204452130781364i,-0.0000011882797813061147-0.0000005230135848712606i
-0.8114445648705456+0.5844293720641596i,0.000001008841466453073-0.0000007090047071036078i
-0.08032300465144515-0.996767627703264i,0.00000008019802640692877+0.0000011655726683527463i
0.8945571663534212+0.44695324053724605i,-0.0000009823007074025997-0.0000005053835793595122i
-0.8452982982130202+0.5342946552568599i,0.0000008866315646805307-0.000000546137621567451i
-0.019904704327244838-0.999800649659823i,0.000000007973263217436009+0.0000009784631885254708i
0.8658945107152474+0.5002263041600904i,-0.0000007882953727697933-0.0000004679540547514458i
-0.876058602210291+0.4822046507501511i,0.0000007539726553126635-0.0000004036786470317283i
0.040586439029676236-0.9991748289004341i,-0.00000004160589420169728+0.0000007931820628294169i
0.8340630531486688+0.5516687556271378i,-0.0000006076341613713592-0.00000041239127921351655i
-0.903612907351389+0.42834998560462073i,0.0000006129869846974849-0.0000002819193201538916i
0.10092905379612638-0.9948924556604883i,-0.0000000693976055455601+0.000000611675604165892i
0.7991792831270039+0.6010923376440103i,-0.00000044151612380162914-0.0000003404340993177323i
-0.9278603767052107+0.37292774478143986i,0.000000465769145896776-0.00000018096827285293848i
0.16090231189980997-0.9869692015881419i,-0.00000007640058988185188+0.0000004357715354655307i
0.7613708602771696+0.6483161811120617i,-0.00000029096671188288737-0.0000002538787310155361i
-0.9487122749404121+0.31614074989599017i,0.0000003143719996874457-0.00000010075722191909105i
0.22028673695529738-0.975434062392809i,-0.00000006374172145227517+0.00000026717016330990033i
0.7207761472002361+0.6931674670316552i,-0.00000015683674473395827-0.00000015456364662961795i
-0.9660922930586383+0.25819681697779817i,0.00000016079331757486373-0.00000004104795424195223i
0.2788650074534005-0.9603292517333119i,-0.000000032663155694703534+0.00000010743668240412567i
0.6775437031236895+0.7354820589455302i,-0.000000039802579315183286-0.00000004435465118369501i
-0.9799368276527054+0.1993079959530573i,0.00000000696321207359326-0.000000001440236190022203i
0.3364227520646274-0.9417100467340049i,0.000000015490919852861457-0.00000004200537082341892i
0.6318317402384165+0.7751051036077925i,0.00000005963254825400094+0.00000007486976199323756i
-0.9901952136677754+0.1396897946329057i,-0.00000014526758685999915+0.00000001861942826962293i
0.3927493341462447-0.9196445856942241i,0.00000007928781506626362-0.00000017987950468271498i
0.5838075447099881+0.8118915976803353i,0.00000014113605067107932+0.00000020123269030170305i
-0.9968299098137107+0.07956039004732798i,-0.0000002941385569364574+0.000000019828269532251533i
0.4476386225819882-0.8942136187313552i,0.00000015722005298892638-0.000000305060495299317i
0.5336468644830885+0.8457069183828231i,0.00000020454243278208838+0.0000003328726537324527i
-0.9998166359500861+0.019139830010862856i,-0.0000004379892646283877+0.0000000030170360902848354i
0.5008897461334825-0.865510212270059i,0.00000024771917871462945-0.00000041657745009696897i
0.4815332661194657+0.8764273161542917i,0.00000024984870192422277+0.00000046795690241103767i
-0.9991444619410808-0.041350772157958085i,-0.0000005752682635800433-0.00000003086082593800166i
0.5523078285427644-0.8336394084591005i,0.0000003491695698931355-0.0000005136157225349824i
0.4276574630230974+0.9039403675234299i,0.0000002772088021024665+0.0000006046941277204172i
-0.994815847655085-0.10169004681645964i,-0.000000704540978625913-0.00000008074051169037384i
0.6017047016957475-0.7987178407621658i,0.0000004599221594633133-0.0000005955176957995448i
0.37221661751098284+0.9281453865302356i,0.0000002869271335508358+0.0000007413465102530787i
-0.986846633962638-0.16165717811570773i,-0.0000008244965507284462-0.00000014545762782784688i
0.6488995942367661-0.7608733071294418i,0.0000005783079838255388-0.0000006617824597478675i
0.3154136192836803+0.9489537931934164i,0.00000027945122348138573+0.0000008762410434930958i
-0.9752659847656394-0.22103271209174746i,-0.0000009339536251601382-0.0000002237603064823718i
0.6937197931141502-0.7202443023119662i,0.0000007026514727336446-0.0000007120644117271769i
0.25745634293607933+0.9662894376751046i,0.0000002553636176038707+0.0000010077800780293049i
-0.9601162802699845-0.2795993597729258i,-0.0000010318650722363387-0.00000031432157503647305i
0.7360012756358719-0.6769795110302774i,0.0000008312834006998228-0.0000007461708178952336i
0.19855688722559872+0.9800888789565817i,0.00000021537306528012272+0.00000113445103720691i
-0.9414529618922015-0.3371427923642723i,-0.0000011173216368067839-0.00000041575189427749365i
0.7755893097222024-0.631237263852151i,0.0000009625534236244124-0.0000007640583773376746i
0.13893079888176146+0.9903016170051806i,0.0000001603050739512955+0.0000012548352614117196i
-0.9193443293676592-0.39345242559890375i,-0.0000011895545194993084-0.0000005266117783747574i
0.812339020158717-0.5831849577706719i,0.0000010948421286690692-0.0000007658288365725727i
0.07879628379767456+0.9968902775827304i,0.00000009109191074368979+0.0000013676159445920223i
-0.893871290802848-0.448322190386062i,-0.0000012479368993417548-0.0000006454244115421706i
0.8461159187774011-0.5329984436030846i,0.000001226572530039657-0.0000007517237069373536i
0.018373408490107657+0.9998307490192289i,0.000000008762130907099289+0.000001471585133131334i
-0.8651270665864367-0.501551286935547i,-0.0000012919844138296929-0.0000007706881781451722i
0.8767963966256282-0.4808613824522722i,0.0000013562209483141637-0.0000007221181418417361i
-0.042116705249509+0.9991122704512048i,-0.00000008557028603035852+0.0000015656497637428908i
-0.833216848242656-0.5529449195987681i,-0.000001321354618724705-0.0000009008890253797592i
0.9042681763218732-0.426964573585944i,0.0000014823272161958758-0.000000677514034925364i
-0.10245268956594161+0.9947374712018617i,-0.00000019071711078620995+0.0000016488367236279831i
-0.7982574134754655-0.6023150097372172i,-0.00000133584545582866-0.0000010345125804564577i
0.9284307229427431-0.37150525619320185i,0.000001603504159065572-0.0000006185324037647865i
-0.16241374065149594+0.9867223611588828i,-0.00000030542726771784903+0.0000017202969226871215i
-0.760376698812278-0.6494808840095667i,-0.0000013353927626518994-0.0000011700559474588485i
0.94919561193765-0.31468638757375955i,0.000001718446304402673-0.0000005459051269147234i
-0.22178042679318938+0.9750962721851131i,-0.0000004283983855707626+0.0000017793083740507897i
-0.7197133314111746-0.6942699355585558i,-0.0000013200668632510788-0.0000013060391126636347i
0.9664868527247155-0.25671590040133097i,0.0000018259377800178821-0.0000004604661047392985i
-0.28033549139864533+0.9599017507765293i,-0.0000005582884148524186+0.00000182527828557986i
-0.6764161217450017-0.736518255678011i,-0.0000012900682845255726-0.000001441015891103824i
0.9802411667836861-0.19780594177928323i,0.0000019248593670396438-0.0000003631419166731225i
-0.3378646480619798+0.9411944023603261i,-0.0000006937272323683834+0.0000018577441712231522i
-0.6306435190189091-0.7760712336483634i,-0.000001245722646911026-0.0000015735843514781043i
0.9904082192281622-0.13817209687328882i,0.0000020141946796952116-0.00000025494204925675803i
-0.39415736476007895+0.9190426878029162i,-0.000000833328155183463+0.0000018763739971948844i
-0.5825630313142593-0.812784122545527i,-0.0000011874747826712417-0.0000017023966611402494i
0.9969508030096756-0.07803259996214251i,0.0000020930354500827506-0.00000013694877050198458i
-0.44900763430944807+0.893527672872541i,-0.000000975699288444076+0.000001880965383795211i
-0.532350612580943-0.8465225689525189i,-0.0000011158821388443417-0.000001826168297801988i
0.9998449750795231-0.017607535793963527i,0.0000021605859023017597-0.000000010306726870781315i
-0.5022147282640904+0.8647427315733518i,-0.0000011194546340945147+0.000001871443889327779i
-0.48019001872143585-0.8771631046353039i,-0.000001031607525332605-0.000001943686579720648i
0.9990801440100447+0.042881965829527816i,0.0000022161662064702143+0.00000012378766060184222i
-0.5535839314954695+0.8327932044366266i,-0.0000012632248905152172+0.0000018478604079310347i
-0.4262721351230613-0.9045935983835397i,-0.0000009354112716279684-0.000002053818471484363i
0.9946591087547059+0.10321453929317961i,0.000002259215009256783+0.00000026409692474484737i
-0.6029272547663133+0.7977960130196375i,-0.0000014056678764879586+0.0000018103877182075802i
-0.37079427809939547-0.9287136663626849i,-0.0000008281428582133858-0.000002155517628016118i
0.9865980484051271+0.16316939327155533i,0.0000022892910435711+0.0000004093533296470729i
-0.650064122690541+0.7598792320229306i,-0.0000015454785166169435+0.000001759316224287782i
-0.31395947279724473-0.949435039475749i,-0.0000007107320907825479-0.0000022478306450598704i
0.974926462982556+0.22252711873042502i,0.0000023060738259453613+0.0000005582696225655661i
-0.6948220345616786+0.7191816205918891i,-0.0000016813983293815478+0.0000016950489353710778i
-0.2559757102117416-0.9666818863903051i,-0.0000005841798870622216-0.0000023299024901482382i
0.9596870654804456+0.2810704918696656i,0.000002309363455875449+0.0000007095496874902918i
-0.7370371956314079+0.6758521145178125i,-0.0000018122243633384913+0.000001618095733835032i
-0.19705518602856853-0.9803910910486207i,-0.00000044954874719786696-0.000002400981093850425i
0.9409356255532327+0.33858526906914116i,0.0000022990795369300892+0.0000008618990295290432i
-0.776555116528051+0.6300492811968419i,-0.0000019368175315923153+0.0000015290669856650448i
-0.13741352407881596-0.9905124836453412i,-0.0000003079529793839376-0.0000024604210869208754i
0.918740765423337+0.39486097092840444i,0.000002275259244767197+0.0000010140350216949993i
-0.8132311786213664+0.5819407393413434i,-0.000002054110299487383+0.0000014286665502273953i
-0.07726898724830483-0.9970090242274465i,-0.00000016054875268135096-0.0000025076866747809727i
0.8931837087532788+0.44969165253096854i,0.0000022380545722711037+0.0000011646968484870495i
-0.8469311632646674+0.5317025455673589i,-0.0000021631136855056394+0.000001317684249262677i
-0.016841678729096088-0.9998569382445812i,-0.00000000852404877228675-0.000002542353646534424i
0.8643579834019319+0.502876657114315i,0.0000021877287868315236+0.0000013126550838181986i
-0.8775317429774668+0.4795185501029514i,-0.000002262923540549379+0.0000011969878574154843i
0.04364726346372877-0.9990458035537062i,0.00000014691141623093282-0.0000025641105214013997i
0.8323690791527032+0.5542213503875263i,0.0000021246521392880436+0.000001456720844350957i
-0.9049209327711255+0.4255797239752745i,-0.0000023527260761148573+0.0000010675146786209688i
0.10397647576229391-0.9945785885596681i,0.0000003045362298762639-0.000002572758841034883i
0.7973340616661957+0.6035378328092583i,0.000002049296868251917+0.0000015957544631109786i
-0.928998499965848+0.37008346013857374i,-0.000002431802617285333+0.0000009302627742420659i
0.16392517914158405-0.9864716413521133i,0.0000004631272128007723-0.0000025682126216100625i
0.7593811440701366+0.6506456272194187i,0.0000019622315473560903+0.0000017286736323458028i
-0.9496763309992745+0.31323285110069143i,-0.0000024995335619567064+0.0000007862819099858095i
0.22327398707592278-0.9747546298784936i,0.0000006214691728322443-0.000002550496984836891i
0.7186492177543524+0.6953723393081159i,0.0000018641148264726703+0.0000018544609689430364i
-0.9668787538843024+0.2552359456916502i,-0.00000255540153322257+0.0000006366642893246703i
0.281805708399499-0.9594704333721145i,0.0000007783644193761664-0.0000025197459920948i
0.6752873440878945+0.7375542885048464i,0.0000017556886210407663+0.00000197217096029508i
-0.9805428151360808+0.1963049876942251i,-0.0000025989937173541877+0.0000004825351414088344i
0.339306142132822-0.940674985432541i,0.0000009326419763492977-0.000002476199710712385i
0.6294542089184008+0.7770371069791338i,0.0000016377708063722295+0.000002080936253260866i
-0.99061851015475+0.13665563912279016i,-0.0000026300033852775982+0.00000032504323128799917i
0.39556486136637425-0.9184370693326311i,0.0000010831664349152418-0.0000024202005459746765i
0.5813175418499975+0.8136763045605362i,0.00000151124747612037+0.000002179973253799317i
-0.9970689662208121+0.07650619099290207i,-0.000002648230600851698+0.00000016535135966811647i
0.4503759833327909-0.8928380663012765i,0.0000012288463905929486-0.00000235218887672726i
0.5310535024249357+0.8473377975106601i,0.0000013770648260127633+0.0000022685870099022277i
-0.9998705774334617+0.01607676446986958i,-0.0000026535821245422813+0.000000004626918423153021i
0.5035389228494267-0.8639716577030314i,0.0000013686424129256059-0.0000022726980364219464i
0.47884603545526794+0.877898399212095i,0.0000012362207254482234+0.0000023461753556034967i
-0.9990130910980526-0.04441149468024047i,-0.0000026460705262508873-0.00000015596743332612748i
0.5548591263740389-0.8319434822045251i,0.0000015015744997838761-0.0000021823486851071354i
0.42488619786378445+0.9052462709785652i,0.000001089756040642557+0.000002412232299053302i
-0.9944996452465568-0.10473722538919564i,-0.000002625812526055366-0.0000003152829095487098i
0.6041487839872524-0.7968707491822793i,0.000001626728972509632-0.000002081842621182333i
0.36937145949767025+0.9292813313365227i,0.0000009387457736752552+0.0000024663506428886317i
-0.9863467571537176-0.16467966137310475i,-0.0000025930265864242835-0.00000047219349320185326i
0.6512275166962614-0.7588818097866945i,0.000001743264772453267-0.000001971956084694861i
0.31250498047361636+0.9499156222803873i,0.0000007842900820386665+0.000002508223830373515i
-0.9745842628909108-0.224019439042268i,-0.0000025480297840596396-0.0000006256045293598165i
0.6959230365445288-0.7181156872319248i,0.0000018504191239935107-0.000001853532606549511i
0.2544948676989841+0.9670736311610972i,0.0000006275052431340463+0.000002537647015989538i
-0.9592552081389297-0.2825394002777699i,-0.000002491233993866608-0.0000007744609600877837i
0.738071777111763-0.6747215680305789i,0.0000019475125338192494-0.0000017274754602116448i
0.19555341328983789+0.9806925670299966i,0.0000004695146275924543+0.000002554517364300537i
-0.9404156906592661-0.3400253871369943i,-0.0000024231414216307015-0.0000009177551487412962i
0.777519492096819-0.628858256035114i,0.000002033953101069039-0.0000015947397743081i
0.13589631767291432+0.9907225904267589i,0.00000031143974433733327+0.000002558833585964148i
-0.9181346550003807-0.39626702557978266i,-0.000002344339525776924-0.000001054534244817955i
0.81412181979296-0.580693591283888i,0.0000021092401178374515-0.0000014563243659598672i
0.07574190021463123+0.9971269957704214i,0.00000015439141896371973+0.0000025506947246855134i
-0.8924936401902451-0.4510584953471338i,-0.0000022554953720706205-0.0000011839070442010303i
0.8477448113897492-0.5304038357786545i,0.00000217296694453061-0.0000013132633557094745i
0.015310300265906629+0.9998823456860602i,-0.0000000005388347129936876+0.0000025302982136785203i
-0.8635864813384936-0.504199283175017i,-0.0000021573494682852175-0.0000013050503035816478i
0.8782654211682055-0.4781730284412836i,0.000002224823149563574-0.000001166617625540979i
-0.04517732845338729+0.9989785567755199i,-0.00000015228719215393625+0.0000024979372247917765i
-0.8315189662401938-0.5554949165868632i,-0.0000020507091286833546-0.000001417214472003539i
0.9055719567953274-0.42419231161029336i,0.0000022645959078992965-0.0000010174661817239502i
-0.1054996271821248+0.9944189365183269i,-0.0000002998255892705823+0.00000245399733783789i
-0.7964084482379193-0.6047576755793646i,-0.0000019364414206317406-0.0000015197288068138571i
0.9295644880700961-0.3686592315419252i,0.0000022921706579099777-0.0000008668974840526151i
-0.16543584219598806+0.9862201711677315i,-0.00000044216943463784255+0.0000023989525618209833i
-0.7583834167588811-0.6518072795971234i,-0.0000018154657477780478-0.0000016120058457923473i
0.9501552126251229-0.3117770154756282i,0.0000023075310209626756-0.000000716000802506137i
-0.22476663267135893+0.9744122646861835i,-0.0000005783849131396716+0.000002333360743656933i
-0.7175830270987683-0.6964715472821101i,-0.0000016887461259571103-0.0000016935452118482708i
0.9672687772456322-0.2537538279095842i,0.0000023107579929628093-0.000000565857661425687i
-0.28327487337859325+0.9590384289437066i,-0.0000007075958347536449+0.0000022578584036093123i
-0.674156591173089-0.7385870265835391i,-0.0000015572832093528895-0.0000017639367313793449i
0.9808425536298854-0.1948020088079831i,0.0000023020284218044084-0.00000041753343000857775i
-0.34074644926717906+0.9401549255809991i,-0.0000008289899857385407+0.000002173155039998723i
-0.6282630310996415-0.777999592922223i,-0.0000014221061254234322-0.0000018228628521599665i
0.9908268675818889-0.13513729652788697i,0.0000022816127892463155-0.00000027206911626297456i
-0.3969710390349248+0.9178308601159761i,-0.0000009418249432868808+0.0000020800269487689584i
-0.5800702976117675-0.8145650132203861i,-0.0000012842641776922753-0.0000018701003514299734i
0.9971851807976307-0.07497803830943245i,0.00000224987232013369-0.00000013047341957015515i
-0.4517428848136636+0.892147929047232i,-0.0000010454333186940708+0.0000019793106061952534i
-0.5297547554307501-0.8481494737328275i,-0.0000011448184757245082-0.000001905521329664007i
0.9998942245795917-0.014544391218642014i,0.0000022072554460875544+0.000000006284905325578729i
-0.5048615451547402+0.8632001208799178i,-0.000001139227398272161+0.0000018718956653838314i
-0.47750053784662577-0.8786300697477979i,-0.0000010048335514417257-0.0000019290934902844567i
0.9989440849901937+0.04594248353295079i,0.0000021542936547692604+0.00000013728432271241297i
-0.5561326285586907+0.8310933721681504i,-0.0000012227031555516671+0.0000017587176192289933i
-0.42349887286936827-0.9058952553654978i,-0.0000008653690203939913-0.0000019408797103083782i
0.9943382391325537+0.10626122994341794i,0.0000020915967595717775+0.0000002616573814290483i
-0.6053685048647008+0.7959451798326906i,-0.0000012954436127594245+0.000001640750184153458i
-0.36794738341644406-0.9298452517081961i,-0.0000007274713457006844-0.000001941036911565496i
0.9860935424257818+0.1661911072884028i,0.000002019847628067947+0.00000037859712743475646i
-0.6523889918964666+0.7578841711726395i,-0.0000013571215340908831+0.0000015189974602565731i
-0.3110493640977489-0.9503924120681007i,-0.000000592165761115241-0.0000019298142466569972i
0.9742401669213779+0.22551279793743442i,0.0000019397964107520576+0.0000004873630227980017i
-0.6970220148516317+0.7170496331447286i,-0.0000014075014378913528+0.0000013944859244250682i
-0.25301303724458557-0.9674615426566926i,-0.00000046044840806081333-0.0000019075506182228505i
0.9588214908864755+0.2840092099623283i,0.0000018522543145109058+0.0000005872863341315209i
-0.7391042360217115+0.6735910026328362i,-0.0000014464409194929288+0.000001268256313525021i
-0.1940507909052961-0.9809901777817208i,-0.0000003332787395487389-0.0000018746715543206i
0.9398939400579982+0.3414662716004726i,0.0000017580869678587866+0.0000006777749573578628i
-0.7784816525380063+0.6276673195731284i,-0.0000014738912810876677+0.000001141355454987304i
-0.1343784015961571-0.9909288084448263i,-0.0000002115722416387099-0.00000183168546676497i
0.9175267811486824+0.3976737146656042i,0.0000016582074272366843+0.0000007583176497194164i
-0.8150101599560042+0.5794466449361488i,-0.0000014898974696329635+0.000001014828101929531i
-0.07421424465193688-0.9972410635232282i,-0.00000009619352054670265-0.0000017791793231157624i
0.8918018683606327+0.4524258440391274i,0.0000015535688756136232+0.0000008284876441215194i
-0.8485560796158037+0.5291054456957951i,-0.0000014945973283461878+0.0000008897088294258195i
-0.013778495065892071-0.9999038428724231i,0.000000012050199325179402-0.0000017178137666083404i
0.8628133438340759+0.5055222904259693i,0.0000014451570662175548+0.0000008879456251888695i
-0.8789966478486354+0.4768279490359284i,-0.0000014882201718312366+0.0000007670140476506886i
0.0467076782562138-0.9989074018628001i,0.00000011241512425592169-0.0000016483177216757106i
0.8306672931275288+0.5567687436202042i,0.000001333982565467771+0.0000009364420508005276i
-0.9062204652392034+0.42280546815794984i,-0.0000014710846992582763+0.0000006477341863939009i
0.10702292187938406-0.9942553870408046i,0.0000002042264481212032-0.000001571482525798042i
0.7954813569901863+0.6059776635970145i,0.0000012210728500670581+0.000000973818807313934i
-0.9301279042997334+0.36723570215658796i,-0.0000014435962642673677+0.0000005328261038796711i
0.16694650789795962-0.9859648227841398i,0.0000002868833820561064-0.000001488155631215903i
0.7573843008472646+0.6529689668286927i,0.000001107464313746614+0.0000010000101911707491i
-0.9506314740638219+0.31032201252606234i,-0.0000014062435243587162+0.0000004232057709375169i
0.2262591417050242-0.9740660489998538i,0.00000035986362530454695-0.0000013992339225437264i
0.7165155435738118+0.6975706853130652i,0.0000009941942393320391+0.000001015043214066543i
-0.9676561402658218+0.2522726789442918i,-0.0000013595944964476576+0.0000003197412793814565i
0.2847437645165483-0.9586026100932998i,0.0000004227272496034186-0.000001305656698509375i
0.6730246472814593+0.7396195959025756i,0.0000008822927916232515+0.0000010190372333348871i
-0.981139599934054+0.19330013705866259i,-0.0000013042920489733547+0.00000022324622097091534i
0.34218634771338063-0.9396310956143011i,0.0000004751199735001812-0.000001208398367909806i
0.6270707699852816+0.7789618176309525i,0.0000007727750860552197+0.0000010122029136191016i
-0.991032509392943+0.13362020106273262i,-0.0000012410488644421125+0.00000013447348057197492i
0.39837667609413985-0.9172209331636859i,0.0000005167758071686698-0.0000011084609114068372i
0.5788220831537692+0.8154533748515033i,0.0000006666333872365138+0.0000009948405302515915i
-0.9972986648396927+0.07345127390890455i,-0.0000011706419095326183+0.00000005410948412911967i
0.45310911717262997-0.8914541343180645i,0.0000005475190525459722-0.0000010068661619827842i
0.5284551562734289+0.8489607241261907i,0.0000005648294902608717+0.0000009673376290096912i
-0.999915134834667+0.013013548047354873i,-0.0000010939064528806067-0.000000017231061184317797i
0.506183373704488-0.8624249945026576i,0.0000005672656479313569-0.0000009046479577280151i
0.47615431068024344+0.8793612429373017i,0.0000004682873361574918+0.0000009301660610394119i
-0.9988723442206164-0.047471800383832405i,-0.0000010117296733727173-0.00000007900990072096425i
0.5574052166891336-0.830239747910508i,0.0000005760238505448653-0.0000008028442211416764i
0.4221109450226881+0.9065436784332341i,0.0000003778859110064183+0.0000008838784157124769i
-0.9941741091636452-0.10778342096840686i,-0.0000009250439042026605-0.00000013076940974464509i
0.6065871961645545-0.7950161787309291i,0.0000005738942549074023-0.0000007024890192890853i
0.3665228348248222+0.9304085545661894i,0.00000029445247610589254+0.0000008291038779835206i
-0.9858376231876813-0.16770059905947673i,-0.0000008348195600639618-0.0000001721361879762366i
0.6535493271937158-0.7568831901099213i,0.0000005610691492516064-0.0000006046046589800271i
0.3095934087127509+0.9508685361318111i,0.00000021875617415676362+0.0000007665435404226413i
-0.9738933942535564-0.22700406350038985i,-0.0000007420577966612108-0.00000020282404877600352i
0.6981197485321857-0.7159803324199814i,0.0000005378312164755152-0.0000005101938706121145i
0.25153100395316186+0.9678487483785518i,0.00000015150205374075494+0.0000006969652034907549i
-0.9583851331129636-0.28547678906306145i,-0.0000006477829532081302-0.00000022263638449784975i
0.7401353515665293-0.6724572925656291i,0.000000504551590384722-0.00000042023213347078203i
0.19254810402834277+0.9812870510171298i,0.00000009332555143367396+0.0000006211977007855254i
-0.9393695933458658-0.3429047906671652i,-0.0000005530348297398774-0.00000023146789370039347i
0.7794423772218319-0.6264733461935807i,0.00000046168728210625376-0.00000033566019409823427i
0.1328605610378289+0.9911342656273174i,0.00000004478746773113228+0.0000005401247888942062i
-0.9169163636667511-0.39907790647369096i,-0.0000004588608518922271-0.00000022930566011172085i
0.8158969786539235-0.5781967748122396i,0.00000040977799557605614-0.0000002573768278489031i
0.07268680577235848+0.997354355629854i,0.000000006369469593567457+0.000000454678644131441i
-0.8911076132598028-0.4537905669870771i,-0.00000036630817629186257-0.00000021622957749437446i
0.8493657476670913-0.5278042499535973i,0.00000034944235487708615-0.0000001862318919489776i
0.01224704835092466+0.9999245581648587i,-0.000000021529851137834227+0.00000036583301080106405i
-0.8620377910749508-0.5068425473513393i,-0.00000027641578985603046-0.00000019241211881686573i
0.8797262029308223-0.47548018663125113i,0.00000028137356991379594-0.0000001230197162861078i
-0.04823752765375122+0.9988354673941287i,-0.00000003859833791969101+0.00000027459604768840325i
-0.8298132801852514-0.558039700087111i,-0.00000019020665612167705-0.00000015811745238340897i
0.9068672382089038-0.42141606846060076i,0.00000020633457043167997-0.00000006847287578726009i
-0.10854557465216857+0.994091068922471i,-0.000000044613026600824754+0.00000018200292125328122i
-0.794552008470494-0.6071946655880934i,-0.00000010867996121331042-0.00000011369991177771722i
0.930689528960565-0.36580974691099666i,0.0000001251526417041987-0.00000002325638561366039i
-0.16845639107522692+0.9857087252120983i,-0.00000003944228172246794+0.00000008910819544544136i
-0.7563830170517781-0.6541275577768048i,-0.00000003280351122377692-0.00000005960183061494906i
0.9511058958256687-0.30886471725427544i,0.000000038713598299207714+0.000000012037642469445249i
-0.2277507290472489+0.9737191120434687i,-0.00000002304729837256654-0.0000000030219308042096946i
-0.715445988056387-0.6986666224104199i,0.000000036493668371820414+0.0000000036492428565937646i
0.9680416236637536-0.2507893738594017i,-0.000000052044464818273997+0.000000036894847286212176i
-0.2862115967391086+0.9581661062550966i,0.0000000045170399357525075-0.00000009331748655450879i
-0.6718907334411537-0.7406488656275865i,0.00000009832848211163535+0.00000007544393232956064i
0.9814347349793814-0.19179624755851477i,-0.00000014613780200324782+0.000000050882937043334897i
-0.34362505246519837+0.939106625173152i,0.000000043101952731421416-0.00000018071263994390313i
-0.6258766467449934-0.7799206504360038i,0.00000015187061535595014+0.0000001550949984179523i
0.9912362167331714-0.132101227875298i,-0.0000002425439833107265+0.00000005365545124071241i
-0.3997809876181783+0.9166104183184767i,0.00000009246520459524874-0.0000002641536049019449i
-0.57757211977696-0.8163382589578765i,0.00000019634904116006532+0.0000002418418556392611i
0.9974101997084897-0.07192277296197586i,-0.0000003402091513529478+0.00000004495494085840101i
-0.45447389557630585+0.8907598121532718i,0.00000015227219474871377-0.00000034260649115785533i
-0.5271539263744944-0.8497684183756667i,0.00000023105814018069604+0.00000033485561153927886i
0.9999340897773872-0.011481110136235557i,-0.00000043805552071575766+0.00000002461554575702322i
-0.507503623769471+0.8616494088015787i,0.00000022209768713509952-0.00000041506504571738645i
-0.4748065754870478-0.8800887886534092i,0.00000025536339315968244+0.00000043324459484714467i
0.9987986505854105+0.04900257005623959i,-0.0000005349890705880101-0.000000007435047879857098i
-0.5586761061517028+0.8293857398461069i,0.00000030142816984537985-0.0000004805582347938812i
-0.42072163595251405-0.9071884102487375i,0.00000026870660834246834+0.0000005360603365134488i
0.9940080373526965+0.10930692330423697i,-0.0000006299073801408401-0.00000005117428325205233i
-0.6078040733996093+0.7940868764683626i,0.00000038966482876719104-0.0000005381576163055227i
-0.3650970354374988-0.9309681101771861i,0.00000027061064922268516+0.0000006423039646863248i
0.9855797816676489+0.16921126155619742i,-0.0000007217075553934942-0.0000001064840509428193i
-0.6547077382377279+0.7558819973587967i,0.0000004861271164702523-0.0000005869844544807148i
-0.3081363361070076-0.9513408649427506i,0.0000002606836312393253+0.0000007509329721334326i
0.9735447273288494+0.22849636064376988i,-0.0000008092941958209794-0.00000017315065427217223i
-0.6992154533827926+0.7149109159782394i,0.0000005900568936096864-0.000000626216529835143i
-0.2500479896742855-0.9682321190065374i,0.00000023862255946841464+0.0000008608683123369061i
0.9579469174699922+0.2869452625481801i,-0.0000008915873487977856-0.0000002508654229627224i
-0.7411643396991243+0.6713235689006392i,0.0000007006231165505338-0.000000655094599788081i
-0.19104457455701007-0.9815800576280344i,0.00000020421638292559466+0.0000009710017784858231i
0.9388434333809165+0.34434406937346684i,-0.000000967530400131434-0.0000003392259719854263i
-0.7804008822663637+0.6252794671095494i,0.0000008169270415140403-0.0000006729284674560122i
-0.13134201793151656-0.9913358330805346i,0.00000015734844480701383+0.0000010802036178753884i
0.9163041856145854+0.40048272612098085i,-0.0000010360978494150424-0.0000004377380983963344i
-0.8167814921781932+0.5769471122563901i,0.0000009380079123375353-0.0000006791026186845201i
-0.07115880553200404-0.9974637434128516i,0.00000009799831182052483+0.0000011873303328055514i
0.8904116581444641+0.4551557894005272i,-0.0000010963029197172013-0.0000005458183049764316i
-0.8501730320161085+0.5265033800167184i,0.0000010628490959438439-0.0000006730813901388593i
-0.010715182086516783-0.9999413631031344i,0.000000026242969674289315+0.0000012912326179589345i
0.8612606065085779+0.5081631792650028i,-0.0000011472049522217847-0.0000006627969355693648i
-0.8804533030752316+0.474132872801169i,0.0000011903846268497155-0.0000006544136342506083i
0.049767654684234386-0.9987596251266582i,-0.00000005774262422970965+0.0000013907633834332196i
0.8289577110449122+0.5593109114171331i,-0.0000011879165378237802-0.0000007879219032007788i
-0.9075114925591268+0.4200272441898585i,0.0000013195061195215312-0.0000006227368499946691i
0.11006836355559901-0.9939228541372407i,-0.00000015368563582579809+0.000001484785812114741i
0.793621186487157+0.6084118071087454i,-0.0000012176103393692188-0.0000009203629883777822i
-0.9312485791070744+0.36438449756253416i,0.0000014490700051245864-0.0000005777807518271931i
0.16996626981287205-0.9854487506408651i,-0.0000002612160980269272+0.000001572181399901384i
0.7553803493495184+0.6552861781346547i,-0.0000012355255601848946-0.0000010592166814313511i
-0.9515776951697542+0.3074082614911845i,0.000001577905047220093-0.0000005193702526291427i
0.2292421728260426-0.9733683262194253i,-0.00000037986829983203215+0.0000016518579274214474i
0.714375144683778+0.6997624844143757i,-0.000001240974016767132-0.0000012035115393977146i
-0.968424444907196+0.24930704454685815i,0.0000017048200892551978-0.0000004474278401523521i
0.287679148230022-0.9577257900416465i,-0.0000005090828137482748+0.0000017227573123437675i
0.6707556339404624+0.741677961755197i,-0.0000012333457759716097-0.0000013522140247560726i
-0.9817271764456227+0.1902934722477816i,0.0000018286119852736322-0.00000036197533023067546i
0.3450633417747225-0.9385783870765i,-0.0000006482091504266027+0.000001783863292131161i
0.6246814458083381+0.7808792174992703i,-0.0000012121143197515583-0.0000015042347903689296i
-0.9914372074968488+0.13058350894121645i,0.0000019480736641523162-0.00000026313498387663646i
0.4011847519398286-0.9159961886011856i,-0.0000007965090255375615+0.0000018342088881468247i
0.5763211920419198+0.817222791874906i,-0.0000011768412034154036-0.000001658435372221132i
-0.997519003514563+0.07039566746663507i,0.000002062002276853375-0.00000015112997930987126i
0.45583799845023615-0.8900618357703295i,-0.0000009531602201399506+0.0000018728836033764534i
0.5258518504148149+0.8505756829977684i,-0.0000011271801764968188-0.000001813635249045519i
-0.9999503077355163+0.009950209492510284i,0.0000021692073756702602-0.00000002628423393399632i
0.5088230738797126-0.860870237184828i,-0.0000011172610121463109+0.0000018990403076651556i
0.47345811705702445+0.8808158336006897i,-0.0000010628807386303905-0.000001968619225664774i
-0.9987222226297228-0.05053166054686005i,0.0000022685190742455124+0.00000011097842472926857i
0.5599460755922376-0.8285282215670987i,-0.0000012878351529794867+0.0000019119017662808093i
0.4193317305463766+0.9078325777108839i,-0.0000009837911062857865-0.0000021221450948863957i
-0.9938392424616032-0.11082860496464722i,0.000002358796137243474+0.00000026013573615143826i
0.6090199153424348-0.793154146813807i,-0.000001463837360171342+0.0000019107667697869834i
0.3636707702276227+0.9315270456399125i,-0.0000008898605698109704-0.0000022729515310717133i
-0.9853192368429021-0.1707199628224308i,0.0000024389339489781833+0.0000004205691249946384i
0.6558650039382523-0.7548774668567593i,-0.0000016441592934936945+0.0000018950158256305506i
0.3066789313270445+0.9518125258043095i,-0.0000007811412239494671-0.0000024197661670679603i
-0.973193385337582-0.22998655745453114i,0.0000025078723110096216+0.0000005915664495216659i
0.7003099084603313-0.7138382579170726i,-0.000001827635979248062+0.0000018641163745015614i
0.2485647795153496+0.9686147820527646i,-0.0000006577890588015302-0.0000025613138050511014i
-0.9575060633579975-0.2884114985605396i,0.0000025646030197413597+0.0000007723253655063461i
0.7421919796329163-0.670186705886322i,-0.0000020130526445990886+0.0000018176274973928887i
0.18954098764682725+0.9818723253385744i,-0.0000005200644020798505-0.0000026963247109877615i
-0.9383146797699334-0.3457809759307337i,0.000002608177176354086+0.000000961957287185346i
0.781357947050398-0.6240825567106347i,-0.000002199151921323533+0.0000017552040823543297i
0.12982355746797697+0.9915366387431647i,-0.00000036833170743420006-0.000002823542941881401i
-0.9156894668007947-0.401885041899682i,0.0000026377121830011833+0.0000011594919231644897i
0.8176644800812176-0.5756945317890869i,-0.000002384641376082095+0.0000016766004231838431i
0.06963102914381952+0.9975723550271896i,-0.00000020305868757118962-0.00000294173465473419i
-0.8897132230197938-0.45651837966459335i,0.0000026523983810499865+0.000001363882361701099i
0.850978712396463-0.525199710525794i,-0.0000025682013223158143+0.0000015816732257057485i
0.00918368149468568+0.9999573860594488i,-0.000000024814794846276055-0.0000030496963462209743i
-0.8604810103307252-0.5094810546566995i,0.0000026515052892724854+0.0000015740106764494277i
0.8811787282036111-0.47278288229529075i,-0.0000027484928671305397+0.0000014703840008315542i
-0.05129727412972762+0.9986830036499683i,0.00000016573094406469293-0.0000031462629724446014i
-0.8280998060861959-0.5605792462159678i,0.0000026343874022562825+0.000001788694020600585i
0.9081540084060042-0.4186358701927281i,-0.0000029241661450793426+0.0000013428008272659711i
-0.11159050338895748+0.9937538714914296i,0.00000036781272892235107-0.0000032303158988100575i
-0.7926881115964258-0.6096259568915335i,0.0000026004895119044847+0.0000020066911743841148i
0.9318058350553096-0.3629568290436708i,-0.000003093868689579358+0.0000011990994704794982i
-0.17147535894046928+0.9851880280920551i,0.0000005805714077992842-0.000003300790631020474i
-0.7543755184653111-0.6564416967721156i,0.0000025493515177073067+0.0000022267095081473443i
0.9520476526168454-0.30594952024247996i,-0.000003256253891822181+0.000001039563848405877i
-0.23073268791423407+0.9730168207624117i,0.0000008030585020363173-0.000003356684279450142i
-0.7133022343407734-0.7008551403420574i,0.0000024806126944812347+0.0000024474123207040325i
0.9688053847256884-0.24782256607306014i,-0.000003409989496458628+0.000000864585838208964i
-0.2891456339181759+0.9572847908977058i,0.0000010342408126252634-0.000003397062710683021i
-0.6696185698149393-0.7427037534591856i,0.000002394015389467374+0.0000026674265103579852i
0.9820177052743775-0.18878868624083536i,-0.0000035537660830537947+0.000000674664422379183i
-0.3465004306394979+0.9380495109753945i,0.0000012730055828768738-0.000003421067341807197i
-0.6234843883518869-0.7818343881600143i,0.0000022894081240329855+0.000002885350533977629i
0.9916362628401475-0.12906391940992273i,-0.0000036863054823294657+0.000000470404176340037i
-0.4025871841376426+0.9153813738646255i,0.0000015181661889009547-0.0000034279215351184933i
-0.575068521255974-0.8181038431155633i,0.0000021667480787217263+0.0000030997626077291005i
0.9976258576303854-0.06886683259434073i,-0.0000038063690765270567+0.0000002525131036502417i
-0.4572006409660323+0.889363335218548i,0.0000017684683262606741-0.0000034169365531924626i
-0.5245481498217255-0.8513793876867636i,0.0000020261029440115536+0.0000033092291015823542i
0.9999645702987634-0.008417721296542469i,-0.000003912765933839749+0.000000021799828751037878i
-0.5101409393115937+0.8600906098922261i,0.0000020225966581885125-0.0000033875170368253817i
-0.4721081569263355-0.8815392476616313i,0.0000018676521228620327+0.0000035123130784927153i
0.9986438421606415+0.05206219667957823i,-0.000004004360727767045-0.00000022082983898868583i
-0.5612143404032175+0.827670323497131i,0.0000022791818879816144-0.0000033391659711010045i
-0.41794045043768785-0.9084730508966201i,0.0000016916872749231198+0.0000037075829282368i
0.9936685065141759+0.1123515907909054i,-0.00000408008139343887-0.0000004743769524595735i
-0.6102339375125102+0.7922211203673805i,0.00000253680821564537-0.0000032714891077948637i
-0.3622432609139179-0.9320822312312976i,0.0000014986121961345958+0.0000038936210452487595i
0.9850567709525268+0.17222982772990006i,-0.000004138926474423492-0.0000007377540641449339i
-0.6570203399522068+0.7538727293723959i,0.000002794021136536695-0.000003184198815468531i
-0.30522041616464984-0.9522803891981904i,0.0000012889420313230852+0.000004069032499467387i
0.9728401507318781+0.23147777884781434i,-0.000004179972115277326-0.0000010097904290277907i
-0.7014023295690935+0.7127654891649156i,0.0000030493355376950158-0.000003077117331909042i
-0.2470805953286897-0.9689936082077537i,0.0000010633018213050456+0.000004232453649163581i
0.9570633534391275+0.2898786220715002i,-0.0000042023786570875635-0.000001289237745156267i
-0.7432174873289662+0.669049834601758i,0.0000033012440457368948-0.000002950179397014026i
-0.18803656519794-0.9821607250513658i,0.0000008224243898830297+0.000004382560644973926i
0.9377841153813052+0.34721863537914216i,-0.000004205396795505683-0.0000015747764007715431i
-0.7823127877005874+0.6228857462168075i,0.000003548225578651112-0.0000028034342477981913i
-0.12830440158225348-0.9917335537324218i,0.0000005671475799753676+0.000004518077774914552i
0.9150729902954686+0.40328797893113166i,-0.000004188373263244869-0.0000018650221939086644i
-0.8185451586634576+0.574442164760921i,0.000003788754052566069-0.000002637046960867494i
-0.06810269856470652-0.9976770618064008i,0.0000002984108519094315+0.000004637785600989006i
0.8890130911523078+0.45788146299382265i,-0.000004150756001706957-0.0000021585334875803495i
-0.8517820052900054+0.5238963729512862i,0.000004021307193582473-0.000002451299131467671i
-0.007651768541070414-0.9999694985845776i,0.000000017251260627978557+0.000004740528839126416i
0.8596997859983387+0.5107992988458917i,-0.000004092098789305425-0.0000024538187610727672i
-0.8819016949861156+0.4714333466927624i,0.000004244375404069343-0.000002246588882029486i
0.052827164029004836-0.9986024747322086i,-0.00000027520116782699075+0.000004825223935586398i
0.8272403489497867+0.5618478299193155i,-0.000004012065297123984-0.000002749344515524254i
-0.9087940026142226+0.41724507814545503i,0.000004456470632419905-0.000002023430196989714i
