tau1_axis,tau2_axis
0,0
0.00001,0
0.00002,0
0.00003,0
0.00004,0
0.00005000000000000001,0
0.000060000000000000015,0
0.00007000000000000002,0
0.00008000000000000002,0
0.00009000000000000002,0
0.00010000000000000003,0
0.00011000000000000003,0
0.00012000000000000003,0
0.00013000000000000002,0
0.00014000000000000001,0
0.00015,0
0.00015999999999999999,0
0.00016999999999999999,0
0.00017999999999999998,0
0.00018999999999999996,0
0.00019999999999999996,0
0.00020999999999999995,0
0.00021999999999999993,0
0.00022999999999999993,0
0.00023999999999999995,0
0.00024999999999999995,0
0.00026,0
0.00027,0
0.00028000000000000003,0
0.00029000000000000006,0
0.00030000000000000003,0
0.00031000000000000005,0
0.0003200000000000001,0
0.0003300000000000001,0
0.00034000000000000013,0
0.00035000000000000016,0
0.00036000000000000013,0
0.00037000000000000016,0
0.0003800000000000002,0
0.0003900000000000002,0
0.00040000000000000024,0
0.00041000000000000026,0
0.00042000000000000023,0
0.00043000000000000026,0
0.0004400000000000003,0
0.0004500000000000003,0
0.00046000000000000034,0
0.00047000000000000037,0
0.0004800000000000003,0
0.0004900000000000003,0
0.0005000000000000002,0
0.0005100000000000003,0
0.0005200000000000002,0
0.0005300000000000001,0
0.0005400000000000001,0
0.00055,0
0.0005600000000000001,0
0.00057,0
0.00058,0
0.0005899999999999999,0
0.0005999999999999998,0
0.0006099999999999999,0
0.0006199999999999998,0
0.0006299999999999998,0
0.0006399999999999997,0
0.0006499999999999998,0
0.0006599999999999997,0
0.0006699999999999997,0
0.0006799999999999996,0
0.0006899999999999995,0
0.0006999999999999996,0
0.0007099999999999995,0
0.0007199999999999995,0
0.0007299999999999994,0
0.0007399999999999994,0
0.0007499999999999994,0
0.0007599999999999994,0
0.0007699999999999993,0
0.0007799999999999992,0
0.0007899999999999993,0
0.0007999999999999992,0
0.0008099999999999992,0
0.0008199999999999991,0
0.0008299999999999991,0
0.0008399999999999991,0
0.000849999999999999,0
0.000859999999999999,0
0.0008699999999999989,0
0.000879999999999999,0
0.0008899999999999989,0
0.0008999999999999989,0
0.0009099999999999988,0
0.0009199999999999988,0
0.0009299999999999988,0
0.0009399999999999988,0
0.0009499999999999988,0
0.0009599999999999987,0
0.0009699999999999987,0
0.0009799999999999987,0
0.0009899999999999987,0
0.0009999999999999987,0
0.0010099999999999985,0
0.0010199999999999986,0
0.0010299999999999986,0
0.0010399999999999984,0
0.0010499999999999984,0
0.0010599999999999984,0
0.0010699999999999985,0
0.0010799999999999983,0
0.0010899999999999983,0
0.0010999999999999983,0
0.0011099999999999981,0
0.0011199999999999982,0
0.0011299999999999982,0
0.0011399999999999982,0
0.001149999999999998,0
0.001159999999999998,0
0.001169999999999998,0
0.0011799999999999979,0
0.001189999999999998,0
0.001199999999999998,0
0.001209999999999998,0
0.0012199999999999978,0
0.0012299999999999978,0
0.0012399999999999978,0
0.0012499999999999979,0
0.0012599999999999977,0
0.0012699999999999977,0
0.0012799999999999977,0
0.0012899999999999975,0
0.0012999999999999976,0
0.0013099999999999976,0
0.0013199999999999976,0
0.0013299999999999974,0
0.0013399999999999974,0
0.0013499999999999975,0
0.0013599999999999973,0
0.0013699999999999973,0
0.0013799999999999973,0
0.0013899999999999974,0
0.0013999999999999972,0
0.0014099999999999972,0
0.0014199999999999972,0
0.001429999999999997,0
0.001439999999999997,0
0.001449999999999997,0
0.001459999999999997,0
0.001469999999999997,0
0.001479999999999997,0
0.001489999999999997,0
0.001499999999999997,0
0.0015099999999999968,0
0.0015199999999999968,0
0.0015299999999999969,0
0.0015399999999999967,0
0.0015499999999999967,0
0.0015599999999999967,0
0.0015699999999999967,0
0.0015799999999999966,0
0.0015899999999999966,0
0.0015999999999999966,0
0.0016099999999999964,0
0.0016199999999999964,0
0.0016299999999999965,0
0.0016399999999999965,0
0.0016499999999999963,0
0.0016599999999999963,0
0.0016699999999999964,0
0.0016799999999999962,0
0.0016899999999999962,0
0.0016999999999999962,0
0.0017099999999999962,0
0.001719999999999996,0
0.001729999999999996,0
0.001739999999999996,0
0.001749999999999996,0
0.001759999999999996,0
0.001769999999999996,0
0.001779999999999996,0
0.0017899999999999958,0
0.0017999999999999958,0
0.0018099999999999959,0
0.0018199999999999959,0
0.0018299999999999957,0
0.0018399999999999957,0
0.0018499999999999957,0
0.0018599999999999956,0
0.0018699999999999958,0
0.001879999999999996,0
0.001889999999999996,0
0.0018999999999999963,0
0.0019099999999999966,0
0.0019199999999999966,0
0.0019299999999999968,0
0.001939999999999997,0
0.001949999999999997,0
0.0019599999999999973,0
0.0019699999999999974,0
0.001979999999999998,0
0.001989999999999998,0
0.001999999999999998,0
0.0020099999999999983,0
0.0020199999999999984,0
0.0020299999999999984,0
0.002039999999999999,0
0.002049999999999999,0
0.002059999999999999,0
0.0020699999999999994,0
0.0020799999999999994,0
0.0020899999999999994,0
0.0021,0
0.00211,0
0.00212,0
0.0021300000000000004,0
0.0021400000000000004,0
0.0021500000000000004,0
0.002160000000000001,0
0.002170000000000001,0
0.002180000000000001,0
0.0021900000000000014,0
0.0022000000000000014,0
0.0022100000000000015,0
0.002220000000000002,0
0.002230000000000002,0
0.0022400000000000024,0
0.0022500000000000024,0
0.0022600000000000025,0
0.002270000000000003,0
0.002280000000000003,0
0.002290000000000003,0
0.0023000000000000034,0
0.0023100000000000035,0
0.0023200000000000035,0
0.002330000000000004,0
0.002340000000000004,0
0.002350000000000004,0
0.0023600000000000045,0
0.0023700000000000045,0
0.0023800000000000045,0
0.002390000000000005,0
0.002400000000000005,0
0.002410000000000005,0
0.0024200000000000055,0
0.0024300000000000055,0
0.0024400000000000055,0
0.002450000000000006,0
0.002460000000000006,0
0.002470000000000006,0
0.0024800000000000065,0
0.0024900000000000065,0
0.0025000000000000066,0
0.002510000000000007,0
0.002520000000000007,0
0.002530000000000007,0
0.0025400000000000075,0
0.0025500000000000076,0
0.0025600000000000076,0
0.002570000000000008,0
0.002580000000000008,0
0.002590000000000008,0
0.0026000000000000086,0
0.0026100000000000086,0
0.0026200000000000086,0
0.002630000000000009,0
0.002640000000000009,0
0.002650000000000009,0
0.0026600000000000096,0
0.0026700000000000096,0
0.0026800000000000096,0
0.00269000000000001,0
0.00270000000000001,0
0.00271000000000001,0
0.0027200000000000106,0
0.0027300000000000106,0
0.0027400000000000107,0
0.002750000000000011,0
0.002760000000000011,0
0.002770000000000011,0
0.0027800000000000116,0
0.0027900000000000117,0
0.0028000000000000117,0
0.002810000000000012,0
0.002820000000000012,0
0.002830000000000012,0
0.0028400000000000127,0
0.0028500000000000127,0
0.0028600000000000127,0
0.002870000000000013,0
0.002880000000000013,0
0.0028900000000000132,0
0.0029000000000000137,0
0.0029100000000000137,0
0.0029200000000000137,0
0.002930000000000014,0
0.002940000000000014,0
0.0029500000000000142,0
0.0029600000000000147,0
0.0029700000000000147,0
0.0029800000000000148,0
0.002990000000000015,0
0.0030000000000000152,0
0.0030100000000000153,0
0.0030200000000000157,0
0.0030300000000000158,0
0.0030400000000000158,0
0.0030500000000000162,0
0.0030600000000000163,0
0.0030700000000000163,0
0.0030800000000000168,0
0.0030900000000000168,0
0.003100000000000017,0
0.0031100000000000173,0
0.0031200000000000173,0
0.0031300000000000173,0
0.0031400000000000178,0
0.003150000000000018,0
0.003160000000000018,0
0.0031700000000000183,0
0.0031800000000000183,0
0.0031900000000000183,0
0.003200000000000019,0
0.003210000000000019,0
0.0032200000000000193,0
0.0032300000000000193,0
0.0032400000000000193,0
0.00325000000000002,0
0.00326000000000002,0
0.00327000000000002,0
0.0032800000000000203,0
0.0032900000000000203,0
0.0033000000000000204,0
0.003310000000000021,0
0.003320000000000021,0
0.003330000000000021,0
0.0033400000000000213,0
0.0033500000000000214,0
0.0033600000000000214,0
0.003370000000000022,0
0.003380000000000022,0
0.003390000000000022,0
0.0034000000000000224,0
0.0034100000000000224,0
0.0034200000000000224,0
0.003430000000000023,0
0.003440000000000023,0
0.003450000000000023,0
0.0034600000000000234,0
0.0034700000000000234,0
0.0034800000000000234,0
0.003490000000000024,0
0.003500000000000024,0
0.003510000000000024,0
0.0035200000000000244,0
0.0035300000000000244,0
0.0035400000000000245,0
0.003550000000000025,0
0.003560000000000025,0
0.003570000000000025,0
0.0035800000000000254,0
0.0035900000000000255,0
0.0036000000000000255,0
0.003610000000000026,0
0.003620000000000026,0
0.003630000000000026,0
0.0036400000000000265,0
0.0036500000000000265,0
0.0036600000000000265,0
0.003670000000000027,0
0.003680000000000027,0
0.003690000000000027,0
0.0037000000000000275,0
0.0037100000000000275,0
0.0037200000000000275,0
0.0037300000000000276,0
0.003740000000000027,0
0.0037500000000000267,0
0.0037600000000000268,0
0.0037700000000000264,0
0.0037800000000000264,0
0.003790000000000026,0
0.0038000000000000256,0
0.0038100000000000256,0
0.003820000000000025,0
0.0038300000000000252,0
0.003840000000000025,0
0.0038500000000000244,0
0.0038600000000000244,0
0.003870000000000024,0
0.0038800000000000236,0
0.0038900000000000236,0
0.0039000000000000232,0
0.003910000000000023,0
0.003920000000000023,0
0.003930000000000023,0
0.0039400000000000225,0
0.003950000000000022,0
0.003960000000000022,0
0.003970000000000021,0
0.003980000000000022,0
0.003990000000000021,0
0.004000000000000021,0
0.0040100000000000205,0
0.00402000000000002,0
0.0040300000000000205,0
0.00404000000000002,0
0.00405000000000002,0
0.004060000000000019,0
0.004070000000000019,0
0.004080000000000019,0
0.004090000000000019,0
0.0041000000000000186,0
0.004110000000000018,0
0.004120000000000018,0
0.004130000000000018,0
0.004140000000000018,0
0.004150000000000017,0
0.004160000000000017,0
0.004170000000000017,0
0.004180000000000016,0
0.004190000000000017,0
0.004200000000000016,0
0.004210000000000016,0
0.004220000000000015,0
0.004230000000000015,0
0.0042400000000000155,0
0.004250000000000015,0
0.004260000000000015,0
0.004270000000000014,0
0.004280000000000014,0
0.004290000000000014,0
0.004300000000000014,0
0.0043100000000000135,0
0.004320000000000013,0
0.004330000000000013,0
0.004340000000000013,0
0.004350000000000013,0
0.004360000000000012,0
0.004370000000000012,0
0.0043800000000000115,0
0.004390000000000012,0
0.0044000000000000115,0
0.004410000000000011,0
0.004420000000000011,0
0.00443000000000001,0
0.00444000000000001,0
0.00445000000000001,0
0.00446000000000001,0
0.0044700000000000096,0
0.004480000000000009,0
0.004490000000000009,0
0.004500000000000009,0
0.004510000000000009,0
0.004520000000000008,0
0.004530000000000008,0
0.004540000000000008,0
0.004550000000000008,0
0.004560000000000008,0
0.004570000000000007,0
0.004580000000000007,0
0.004590000000000006,0
0.004600000000000007,0
0.0046100000000000065,0
0.004620000000000006,0
0.004630000000000006,0
0.004640000000000005,0
0.004650000000000005,0
0.004660000000000005,0
0.004670000000000005,0
0.0046800000000000045,0
0.004690000000000004,0
0.004700000000000004,0
0.004710000000000004,0
0.004720000000000004,0
0.004730000000000003,0
0.004740000000000003,0
0.0047500000000000025,0
0.004760000000000003,0
0.0047700000000000025,0
0.004780000000000002,0
0.004790000000000002,0
0.004800000000000001,0
0.004810000000000002,0
0.004820000000000001,0
0.004830000000000001,0
0.0048400000000000006,0
0.00485,0
0.004860000000000001,0
0.00487,0
0.00488,0
0.004889999999999999,0
0.004899999999999999,0
0.004909999999999999,0
0.004919999999999999,0
0.004929999999999999,0
0.004939999999999998,0
0.004949999999999998,0
0.004959999999999997,0
0.004969999999999998,0
0.0049799999999999974,0
0.004989999999999997,0
0.004999999999999997,0
0.005009999999999996,0
0.005019999999999997,0
0.005029999999999996,0
0.005039999999999996,0
0.0050499999999999955,0
0.005059999999999995,0
0.0050699999999999955,0
0.005079999999999995,0
0.005089999999999995,0
0.005099999999999994,0
0.005109999999999994,0
0.0051199999999999935,0
0.005129999999999994,0
0.0051399999999999935,0
0.005149999999999993,0
0.005159999999999993,0
0.005169999999999992,0
0.005179999999999993,0
0.005189999999999992,0
0.005199999999999992,0
0.0052099999999999915,0
0.005219999999999991,0
0.005229999999999992,0
0.005239999999999991,0
0.005249999999999991,0
0.00525999999999999,0
0.00526999999999999,0
0.00527999999999999,0
0.00528999999999999,0
0.00529999999999999,0
0.005309999999999989,0
0.005319999999999989,0
0.005329999999999989,0
0.005339999999999989,0
0.0053499999999999884,0
0.005359999999999988,0
0.005369999999999988,0
0.005379999999999987,0
0.005389999999999988,0
0.005399999999999987,0
0.005409999999999987,0
0.0054199999999999865,0
0.005429999999999986,0
0.0054399999999999865,0
0.005449999999999986,0
0.005459999999999986,0
0.005469999999999985,0
0.005479999999999985,0
0.005489999999999985,0
0.005499999999999985,0
0.0055099999999999845,0
0.005519999999999984,0
0.005529999999999984,0
0.005539999999999984,0
0.005549999999999984,0
0.005559999999999983,0
0.005569999999999983,0
0.0055799999999999825,0
0.005589999999999982,0
0.005599999999999983,0
0.005609999999999982,0
0.005619999999999982,0
0.005629999999999981,0
0.005639999999999981,0
0.005649999999999981,0
0.005659999999999981,0
0.005669999999999981,0
0.00567999999999998,0
0.00568999999999998,0
0.00569999999999998,0
0.00570999999999998,0
0.0057199999999999794,0
0.005729999999999979,0
0.005739999999999979,0
0.005749999999999979,0
0.005759999999999979,0
0.005769999999999978,0
0.005779999999999978,0
0.0057899999999999775,0
0.005799999999999978,0
0.0058099999999999775,0
0.005819999999999977,0
0.005829999999999977,0
0.005839999999999976,0
0.005849999999999976,0
0.005859999999999976,0
0.005869999999999976,0
0.0058799999999999755,0
0.005889999999999975,0
0.005899999999999975,0
0.005909999999999975,0
0.005919999999999975,0
0.005929999999999974,0
0.005939999999999974,0
0.0059499999999999735,0
0.005959999999999974,0
0.005969999999999974,0
0.005979999999999973,0
0.005989999999999973,0
0.005999999999999972,0
0.006009999999999973,0
0.006019999999999972,0
0.006029999999999972,0
0.006039999999999972,0
0.006049999999999971,0
0.006059999999999971,0
0.006069999999999971,0
0.006079999999999971,0
0.0060899999999999704,0
0.00609999999999997,0
0.00610999999999997,0
0.00611999999999997,0
0.00612999999999997,0
0.006139999999999969,0
0.006149999999999969,0
0.0061599999999999685,0
0.006169999999999969,0
0.0061799999999999685,0
0.006189999999999968,0
0.006199999999999968,0
0.006209999999999967,0
0.006219999999999968,0
0.006229999999999967,0
0.006239999999999967,0
0.0062499999999999665,0
0.006259999999999966,0
0.006269999999999967,0
0.006279999999999966,0
0.006289999999999966,0
0.006299999999999965,0
0.006309999999999965,0
0.0063199999999999645,0
0.006329999999999965,0
0.006339999999999965,0
0.006349999999999964,0
0.006359999999999964,0
0.006369999999999963,0
0.006379999999999964,0
0.006389999999999963,0
0.006399999999999963,0
0.006409999999999963,0
0.006419999999999962,0
0.006429999999999963,0
0.006439999999999962,0
0.006449999999999962,0
0.006459999999999961,0
0.006469999999999961,0
0.0064799999999999615,0
0.006489999999999961,0
0.006499999999999961,0
0.00650999999999996,0
0.00651999999999996,0
0.0065299999999999594,0
0.00653999999999996,0
0.0065499999999999595,0
0.006559999999999959,0
0.006569999999999959,0
0.006579999999999958,0
0.006589999999999959,0
0.006599999999999958,0
0.006609999999999958,0
0.0066199999999999575,0
0.006629999999999957,0
0.006639999999999958,0
0.006649999999999957,0
0.006659999999999957,0
0.006669999999999956,0
0.006679999999999956,0
0.006689999999999956,0
0.006699999999999956,0
0.006709999999999956,0
0.006719999999999955,0
0.006729999999999955,0
0.006739999999999955,0
0.006749999999999955,0
0.006759999999999954,0
0.006769999999999954,0
0.006779999999999954,0
0.006789999999999953,0
0.006799999999999954,0
0.006809999999999953,0
0.006819999999999953,0
0.006829999999999952,0
0.006839999999999952,0
0.0068499999999999525,0
0.006859999999999952,0
0.006869999999999952,0
0.006879999999999951,0
0.006889999999999951,0
0.006899999999999951,0
0.006909999999999951,0
0.0069199999999999505,0
0.00692999999999995,0
0.00693999999999995,0
0.00694999999999995,0
0.00695999999999995,0
0.006969999999999949,0
0.006979999999999949,0
0.0069899999999999485,0
0.006999999999999948,0
0.0070099999999999486,0
0.007019999999999948,0
0.007029999999999948,0
0.007039999999999947,0
0.007049999999999947,0
0.007059999999999947,0
0.007069999999999947,0
0.007079999999999947,0
0.007089999999999946,0
0.007099999999999946,0
0.007109999999999946,0
0.007119999999999946,0
0.007129999999999945,0
0.007139999999999945,0
0.007149999999999945,0
0.007159999999999945,0
0.007169999999999945,0
0.007179999999999944,0
0.007189999999999944,0
0.007199999999999943,0
0.007209999999999944,0
0.0072199999999999435,0
0.007229999999999943,0
0.007239999999999943,0
0.007249999999999942,0
0.007259999999999942,0
0.007269999999999942,0
0.007279999999999942,0
0.0072899999999999415,0
0.007299999999999941,0
0.007309999999999941,0
0.007319999999999941,0
0.007329999999999941,0
0.00733999999999994,0
0.00734999999999994,0
0.0073599999999999395,0
0.00736999999999994,0
0.0073799999999999396,0
0.007389999999999939,0
0.007399999999999939,0
0.007409999999999938,0
0.007419999999999939,0
0.007429999999999938,0
0.007439999999999938,0
0.007449999999999938,0
0.007459999999999937,0
0.007469999999999937,0
0.007479999999999937,0
0.007489999999999937,0
0.007499999999999936,0
0.007509999999999936,0
0.007519999999999936,0
0.007529999999999936,0
0.007539999999999936,0
0.007549999999999935,0
0.007559999999999935,0
0.007569999999999934,0
0.007579999999999935,0
0.0075899999999999345,0
0.007599999999999934,0
0.007609999999999934,0
0.007619999999999933,0
0.007629999999999934,0
0.007639999999999933,0
0.007649999999999933,0
0.0076599999999999325,0
0.007669999999999932,0
0.0076799999999999325,0
0.007689999999999932,0
0.007699999999999932,0
0.007709999999999931,0
0.007719999999999931,0
0.0077299999999999305,0
0.007739999999999931,0
0.0077499999999999306,0
0.00775999999999993,0
0.00776999999999993,0
0.007779999999999929,0
0.00778999999999993,0
0.007799999999999929,0
0.007809999999999929,0
0.00781999999999993,0
0.007829999999999929,0
0.007839999999999929,0
0.007849999999999928,0
0.007859999999999928,0
0.007869999999999927,0
0.007879999999999927,0
0.007889999999999927,0
0.007899999999999926,0
0.007909999999999926,0
0.007919999999999927,0
0.007929999999999927,0
0.007939999999999926,0
0.007949999999999926,0
0.007959999999999925,0
0.007969999999999925,0
0.007979999999999925,0
0.007989999999999924,0
0.007999999999999924,0
0.008009999999999923,0
0.008019999999999925,0
0.008029999999999924,0
0.008039999999999924,0
0.008049999999999924,0
0.008059999999999923,0
0.008069999999999923,0
0.008079999999999922,0
0.008089999999999922,0
0.008099999999999921,0
0.008109999999999921,0
0.00811999999999992,0
0.008129999999999922,0
0.008139999999999922,0
0.008149999999999921,0
0.00815999999999992,0
0.00816999999999992,0
0.00817999999999992,0
0.00818999999999992,0
0.00819999999999992,0
0.008209999999999919,0
0.008219999999999918,0
0.00822999999999992,0
0.00823999999999992,0
0.008249999999999919,0
0.008259999999999918,0
0.008269999999999918,0
0.008279999999999918,0
0.008289999999999917,0
0.008299999999999917,0
0.008309999999999916,0
0.008319999999999916,0
0.008329999999999916,0
0.008339999999999917,0
0.008349999999999917,0
0.008359999999999916,0
0.008369999999999916,0
0.008379999999999915,0
0.008389999999999915,0
0.008399999999999914,0
0.008409999999999914,0
0.008419999999999914,0
0.008429999999999913,0
0.008439999999999915,0
0.008449999999999914,0
0.008459999999999914,0
0.008469999999999913,0
0.008479999999999913,0
0.008489999999999913,0
0.008499999999999912,0
0.008509999999999912,0
0.008519999999999911,0
0.008529999999999911,0
0.00853999999999991,0
0.008549999999999912,0
0.008559999999999911,0
0.008569999999999911,0
0.00857999999999991,0
0.00858999999999991,0
0.00859999999999991,0
0.00860999999999991,0
0.008619999999999909,0
0.008629999999999909,0
0.008639999999999908,0
0.00864999999999991,0
0.008659999999999909,0
0.008669999999999909,0
0.008679999999999908,0
0.008689999999999908,0
0.008699999999999907,0
0.008709999999999907,0
0.008719999999999907,0
0.008729999999999906,0
0.008739999999999906,0
0.008749999999999907,0
0.008759999999999907,0
0.008769999999999906,0
0.008779999999999906,0
0.008789999999999906,0
0.008799999999999905,0
0.008809999999999905,0
0.008819999999999904,0
0.008829999999999904,0
0.008839999999999903,0
0.008849999999999903,0
0.008859999999999904,0
0.008869999999999904,0
0.008879999999999904,0
0.008889999999999903,0
0.008899999999999903,0
0.008909999999999902,0
0.008919999999999902,0
0.008929999999999902,0
0.008939999999999901,0
0.0089499999999999,0
0.008959999999999902,0
0.008969999999999902,0
0.008979999999999901,0
0.0089899999999999,0
0.0089999999999999,0
0.0090099999999999,0
0.0090199999999999,0
0.0090299999999999,0
0.009039999999999899,0
0.009049999999999898,0
0.009059999999999898,0
0.0090699999999999,0
0.009079999999999899,0
0.009089999999999899,0
0.009099999999999898,0
0.009109999999999898,0
0.009119999999999897,0
0.009129999999999897,0
0.009139999999999896,0
0.009149999999999896,0
0.009159999999999896,0
0.009169999999999897,0
0.009179999999999897,0
0.009189999999999896,0
0.009199999999999896,0
0.009209999999999895,0
0.009219999999999895,0
0.009229999999999895,0
0.009239999999999894,0
0.009249999999999894,0
0.009259999999999893,0
0.009269999999999893,0
0.009279999999999894,0
0.009289999999999894,0
0.009299999999999893,0
0.009309999999999893,0
0.009319999999999893,0
0.009329999999999892,0
0.009339999999999892,0
0.009349999999999891,0
0.009359999999999891,0
0.00936999999999989,0
0.009379999999999892,0
0.009389999999999891,0
0.009399999999999891,0
0.00940999999999989,0
0.00941999999999989,0
0.00942999999999989,0
0.00943999999999989,0
0.009449999999999889,0
0.009459999999999889,0
0.009469999999999888,0
0.009479999999999888,0
0.00948999999999989,0
0.009499999999999889,0
0.009509999999999888,0
0.009519999999999888,0
0.009529999999999888,0
0.009539999999999887,0
0.009549999999999887,0
0.009559999999999886,0
0.009569999999999886,0
0.009579999999999885,0
0.009589999999999887,0
0.009599999999999886,0
0.009609999999999886,0
0.009619999999999886,0
0.009629999999999885,0
0.009639999999999885,0
0.009649999999999884,0
0.009659999999999884,0
0.009669999999999884,0
0.009679999999999883,0
0.009689999999999884,0
0.009699999999999884,0
0.009709999999999884,0
0.009719999999999883,0
0.009729999999999883,0
0.009739999999999882,0
0.009749999999999882,0
0.009759999999999882,0
0.009769999999999881,0
0.00977999999999988,0
0.00978999999999988,0
0.009799999999999882,0
0.009809999999999881,0
0.009819999999999881,0
0.00982999999999988,0
0.00983999999999988,0
0.00984999999999988,0
0.00985999999999988,0
0.009869999999999879,0
0.009879999999999878,0
0.009889999999999878,0
0.00989999999999988,0
0.009909999999999879,0
0.009919999999999879,0
0.009929999999999878,0
0.009939999999999878,0
0.009949999999999877,0
0.009959999999999877,0
0.009969999999999877,0
0.009979999999999876,0
0.009989999999999876,0
0.009999999999999875,0
0.010009999999999877,0
0.010019999999999876,0
0.010029999999999876,0
0.010039999999999875,0
0.010049999999999875,0
0.010059999999999875,0
0.010069999999999874,0
0.010079999999999874,0
0.010089999999999873,0
0.010099999999999873,0
0.010109999999999874,0
0.010119999999999874,0
0.010129999999999873,0
0.010139999999999873,0
0.010149999999999873,0
0.010159999999999872,0
0.010169999999999872,0
0.010179999999999871,0
0.010189999999999871,0
0.01019999999999987,0
0.01020999999999987,0
0.010219999999999872,0
0.010229999999999871,0
0.01023999999999987,0
0.01024999999999987,0
0.01025999999999987,0
0.01026999999999987,0
0.010279999999999869,0
0.010289999999999869,0
0.010299999999999868,0
0.010309999999999868,0
0.01031999999999987,0
0.010329999999999869,0
0.010339999999999868,0
0.010349999999999868,0
0.010359999999999868,0
0.010369999999999867,0
0.010379999999999867,0
0.010389999999999866,0
0.010399999999999866,0
0.010409999999999866,0
0.010419999999999865,0
0.010429999999999866,0
0.010439999999999866,0
0.010449999999999866,0
0.010459999999999865,0
0.010469999999999865,0
0.010479999999999864,0
0.010489999999999864,0
0.010499999999999864,0
0.010509999999999863,0
0.010519999999999863,0
0.010529999999999864,0
0.010539999999999864,0
0.010549999999999863,0
0.010559999999999863,0
0.010569999999999862,0
0.010579999999999862,0
0.010589999999999862,0
0.010599999999999861,0
0.01060999999999986,0
0.01061999999999986,0
0.010629999999999862,0
0.010639999999999861,0
0.010649999999999861,0
0.01065999999999986,0
0.01066999999999986,0
0.01067999999999986,0
0.01068999999999986,0
0.010699999999999859,0
0.010709999999999859,0
0.010719999999999858,0
0.010729999999999858,0
0.010739999999999859,0
0.010749999999999859,0
0.010759999999999858,0
0.010769999999999858,0
0.010779999999999857,0
0.010789999999999857,0
0.010799999999999857,0
0.010809999999999856,0
0.010819999999999856,0
0.010829999999999855,0
0.010839999999999857,0
0.010849999999999856,0
0.010859999999999856,0
0.010869999999999855,0
0.010879999999999855,0
0.010889999999999855,0
0.010899999999999854,0
0.010909999999999854,0
0.010919999999999853,0
0.010929999999999853,0
0.010939999999999853,0
0.010949999999999854,0
0.010959999999999854,0
0.010969999999999853,0
0.010979999999999853,0
0.010989999999999852,0
0.010999999999999852,0
0.011009999999999852,0
0.011019999999999851,0
0.01102999999999985,0
0.01103999999999985,0
0.011049999999999852,0
0.011059999999999851,0
0.01106999999999985,0
0.01107999999999985,0
0.01108999999999985,0
0.01109999999999985,0
0.01110999999999985,0
0.011119999999999849,0
0.011129999999999848,0
0.011139999999999848,0
0.011149999999999848,0
0.011159999999999849,0
0.011169999999999848,0
0.011179999999999848,0
0.011189999999999848,0
0.011199999999999847,0
0.011209999999999847,0
0.011219999999999846,0
0.011229999999999846,0
0.011239999999999846,0
0.011249999999999845,0
0.011259999999999847,0
0.011269999999999846,0
0.011279999999999846,0
0.011289999999999845,0
0.011299999999999845,0
0.011309999999999844,0
0.011319999999999844,0
0.011329999999999844,0
0.011339999999999843,0
0.011349999999999843,0
0.011359999999999842,0
0.011369999999999844,0
0.011379999999999843,0
0.011389999999999843,0
0.011399999999999843,0
0.011409999999999842,0
0.011419999999999842,0
0.011429999999999841,0
0.011439999999999841,0
0.01144999999999984,0
0.01145999999999984,0
0.011469999999999841,0
0.011479999999999841,0
0.01148999999999984,0
0.01149999999999984,0
0.01150999999999984,0
0.01151999999999984,0
0.011529999999999839,0
0.011539999999999839,0
0.011549999999999838,0
0.011559999999999838,0
0.011569999999999839,0
0.011579999999999839,0
0.011589999999999838,0
0.011599999999999838,0
0.011609999999999837,0
0.011619999999999837,0
0.011629999999999837,0
0.011639999999999836,0
0.011649999999999836,0
0.011659999999999835,0
0.011669999999999835,0
0.011679999999999836,0
0.011689999999999836,0
0.011699999999999836,0
0.011709999999999835,0
0.011719999999999835,0
0.011729999999999834,0
0.011739999999999834,0
0.011749999999999833,0
0.011759999999999833,0
0.011769999999999833,0
0.011779999999999834,0
0.011789999999999834,0
0.011799999999999833,0
0.011809999999999833,0
0.011819999999999832,0
0.011829999999999832,0
0.011839999999999832,0
0.011849999999999831,0
0.01185999999999983,0
0.01186999999999983,0
0.01187999999999983,0
0.011889999999999831,0
0.01189999999999983,0
0.01190999999999983,0
0.01191999999999983,0
0.01192999999999983,0
0.01193999999999983,0
0.011949999999999829,0
0.011959999999999828,0
0.011969999999999828,0
0.011979999999999828,0
0.011989999999999829,0
0.011999999999999829,0
0.012009999999999828,0
0.012019999999999828,0
0.012029999999999827,0
0.012039999999999827,0
0.012049999999999826,0
0.012059999999999826,0
0.012069999999999826,0
0.012079999999999825,0
0.012089999999999825,0
0.012099999999999826,0
0.012109999999999826,0
0.012119999999999825,0
0.012129999999999825,0
0.012139999999999825,0
0.012149999999999824,0
0.012159999999999824,0
0.012169999999999823,0
0.012179999999999823,0
0.012189999999999823,0
0.012199999999999824,0
0.012209999999999823,0
0.012219999999999823,0
0.012229999999999823,0
0.012239999999999822,0
0.012249999999999822,0
0.012259999999999821,0
0.012269999999999821,0
0.01227999999999982,0
0.01228999999999982,0
0.012299999999999821,0
0.012309999999999821,0
0.01231999999999982,0
0.01232999999999982,0
0.01233999999999982,0
0.01234999999999982,0
0.012359999999999819,0
0.012369999999999819,0
0.012379999999999818,0
0.012389999999999818,0
0.012399999999999817,0
0.012409999999999819,0
0.012419999999999818,0
0.012429999999999818,0
0.012439999999999818,0
0.012449999999999817,0
0.012459999999999817,0
0.012469999999999816,0
0.012479999999999816,0
0.012489999999999815,0
0.012499999999999815,0
0.012509999999999816,0
0.012519999999999816,0
0.012529999999999816,0
0.012539999999999815,0
0.012549999999999815,0
0.012559999999999814,0
0.012569999999999814,0
0.012579999999999814,0
0.012589999999999813,0
0.012599999999999813,0
0.012609999999999812,0
0.012619999999999814,0
0.012629999999999813,0
0.012639999999999813,0
0.012649999999999812,0
0.012659999999999812,0
0.012669999999999812,0
0.012679999999999811,0
0.01268999999999981,0
0.01269999999999981,0
0.01270999999999981,0
0.012719999999999811,0
0.012729999999999811,0
0.01273999999999981,0
0.01274999999999981,0
0.01275999999999981,0
0.01276999999999981,0
0.012779999999999809,0
0.012789999999999808,0
0.012799999999999808,0
0.012809999999999808,0
0.012819999999999807,0
0.012829999999999809,0
0.012839999999999808,0
0.012849999999999808,0
0.012859999999999807,0
0.012869999999999807,0
0.012879999999999807,0
0.012889999999999806,0
0.012899999999999806,0
0.012909999999999805,0
0.012919999999999805,0
0.012929999999999806,0
0.012939999999999806,0
0.012949999999999805,0
0.012959999999999805,0
0.012969999999999805,0
0.012979999999999804,0
0.012989999999999804,0
0.012999999999999803,0
0.013009999999999803,0
0.013019999999999803,0
0.013029999999999802,0
0.013039999999999803,0
0.013049999999999803,0
0.013059999999999803,0
0.013069999999999802,0
0.013079999999999802,0
0.013089999999999801,0
0.013099999999999801,0
0.0131099999999998,0
0.0131199999999998,0
0.0131299999999998,0
0.013139999999999801,0
0.0131499999999998,0
0.0131599999999998,0
0.0131699999999998,0
0.0131799999999998,0
0.013189999999999799,0
0.013199999999999799,0
0.013209999999999798,0
0.013219999999999798,0
0.013229999999999797,0
0.013239999999999799,0
0.013249999999999798,0
0.013259999999999798,0
0.013269999999999798,0
0.013279999999999797,0
0.013289999999999797,0
0.013299999999999796,0
0.013309999999999796,0
0.013319999999999796,0
0.013329999999999795,0
0.013339999999999795,0
0.013349999999999796,0
0.013359999999999796,0
0.013369999999999795,0
0.013379999999999795,0
0.013389999999999794,0
0.013399999999999794,0
0.013409999999999794,0
0.013419999999999793,0
0.013429999999999793,0
0.013439999999999792,0
0.013449999999999794,0
0.013459999999999793,0
0.013469999999999793,0
0.013479999999999792,0
0.013489999999999792,0
0.013499999999999792,0
0.013509999999999791,0
0.01351999999999979,0
0.01352999999999979,0
0.01353999999999979,0
0.01354999999999979,0
0.013559999999999791,0
0.01356999999999979,0
0.01357999999999979,0
0.01358999999999979,0
0.01359999999999979,0
0.013609999999999789,0
0.013619999999999789,0
0.013629999999999788,0
0.013639999999999788,0
0.013649999999999787,0
0.013659999999999789,0
0.013669999999999788,0
0.013679999999999788,0
0.013689999999999787,0
0.013699999999999787,0
0.013709999999999787,0
0.013719999999999786,0
0.013729999999999786,0
0.013739999999999785,0
0.013749999999999785,0
0.013759999999999785,0
0.013769999999999786,0
0.013779999999999785,0
0.013789999999999785,0
0.013799999999999785,0
0.013809999999999784,0
0.013819999999999784,0
0.013829999999999783,0
0.013839999999999783,0
0.013849999999999783,0
0.013859999999999782,0
0.013869999999999784,0
0.013879999999999783,0
0.013889999999999783,0
0.013899999999999782,0
0.013909999999999782,0
0.013919999999999782,0
0.013929999999999781,0
0.01393999999999978,0
0.01394999999999978,0
0.01395999999999978,0
0.01396999999999978,0
0.01397999999999978,0
0.01398999999999978,0
0.01399999999999978,0
0.01400999999999978,0
0.01401999999999978,0
0.014029999999999779,0
0.014039999999999778,0
0.014049999999999778,0
0.014059999999999778,0
0.014069999999999777,0
0.014079999999999778,0
0.014089999999999778,0
0.014099999999999778,0
0.014109999999999777,0
0.014119999999999777,0
0.014129999999999776,0
0.014139999999999776,0
0.014149999999999776,0
0.014159999999999775,0
0.014169999999999775,0
0.014179999999999776,0
0.014189999999999776,0
0.014199999999999775,0
0.014209999999999775,0
0.014219999999999774,0
0.014229999999999774,0
0.014239999999999774,0
0.014249999999999773,0
0.014259999999999773,0
0.014269999999999772,0
0.014279999999999772,0
0.014289999999999773,0
0.014299999999999773,0
0.014309999999999773,0
0.014319999999999772,0
0.014329999999999772,0
0.014339999999999771,0
0.014349999999999771,0
0.01435999999999977,0
0.01436999999999977,0
0.01437999999999977,0
0.014389999999999771,0
0.01439999999999977,0
0.01440999999999977,0
0.01441999999999977,0
0.01442999999999977,0
0.014439999999999769,0
0.014449999999999769,0
0.014459999999999768,0
0.014469999999999768,0
0.014479999999999767,0
0.014489999999999767,0
0.014499999999999768,0
0.014509999999999768,0
0.014519999999999767,0
0.014529999999999767,0
0.014539999999999767,0
0.014549999999999766,0
0.014559999999999766,0
0.014569999999999765,0
0.014579999999999765,0
0.014589999999999765,0
0.014599999999999766,0
0.014609999999999766,0
0.014619999999999765,0
0.014629999999999765,0
0.014639999999999764,0
0.014649999999999764,0
0.014659999999999763,0
0.014669999999999763,0
0.014679999999999763,0
0.014689999999999762,0
0.014699999999999762,0
0.014709999999999763,0
0.014719999999999763,0
0.014729999999999762,0
0.014739999999999762,0
0.014749999999999762,0
0.014759999999999761,0
0.01476999999999976,0
0.01477999999999976,0
0.01478999999999976,0
0.01479999999999976,0
0.01480999999999976,0
0.01481999999999976,0
0.01482999999999976,0
0.01483999999999976,0
0.01484999999999976,0
0.014859999999999759,0
0.014869999999999758,0
0.014879999999999758,0
0.014889999999999758,0
0.014899999999999757,0
0.014909999999999757,0
0.01491999999999976,0
0.014929999999999761,0
0.014939999999999762,0
0.014949999999999764,0
0.014959999999999765,0
0.014969999999999766,0
0.014979999999999768,0
0.01498999999999977,0
0.01499999999999977,0
0.015009999999999772,0
0.015019999999999773,0
0.015029999999999774,0
0.015039999999999776,0
0.015049999999999777,0
0.015059999999999778,0
0.01506999999999978,0
0.015079999999999781,0
0.015089999999999782,0
0.015099999999999784,0
0.015109999999999785,0
0.015119999999999788,0
0.01512999999999979,0
0.01513999999999979,0
0.015149999999999792,0
0.015159999999999793,0
0.015169999999999795,0
0.015179999999999796,0
0.015189999999999797,0
0.015199999999999799,0
0.0152099999999998,0
0.015219999999999801,0
0.015229999999999803,0
0.015239999999999804,0
0.015249999999999805,0
0.015259999999999807,0
0.015269999999999808,0
0.01527999999999981,0
0.01528999999999981,0
0.015299999999999812,0
0.015309999999999813,0
0.015319999999999816,0
0.015329999999999818,0
0.015339999999999819,0
0.01534999999999982,0
0.015359999999999822,0
0.015369999999999823,0
0.015379999999999824,0
0.015389999999999826,0
0.015399999999999827,0
0.015409999999999828,0
0.01541999999999983,0
0.015429999999999831,0
0.015439999999999832,0
0.015449999999999834,0
0.015459999999999835,0
0.015469999999999836,0
0.015479999999999838,0
0.015489999999999839,0
0.01549999999999984,0
0.015509999999999842,0
0.015519999999999845,0
0.015529999999999846,0
0.015539999999999847,0
0.015549999999999849,0
0.01555999999999985,0
0.015569999999999851,0
0.015579999999999853,0
0.015589999999999854,0
0.015599999999999855,0
0.015609999999999857,0
0.015619999999999858,0
0.01562999999999986,0
0.015639999999999862,0
0.015649999999999862,0
0.015659999999999865,0
0.015669999999999865,0
0.015679999999999868,0
0.015689999999999867,0
0.01569999999999987,0
0.01570999999999987,0
0.015719999999999873,0
0.015729999999999873,0
0.015739999999999876,0
0.015749999999999875,0
0.01575999999999988,0
0.015769999999999878,0
0.01577999999999988,0
0.01578999999999988,0
0.015799999999999884,0
0.015809999999999883,0
0.015819999999999886,0
0.01582999999999989,0
0.01583999999999989,0
0.015849999999999892,0
0.01585999999999989,0
0.015869999999999895,0
0.015879999999999894,0
0.015889999999999897,0
0.015899999999999897,0
0.0159099999999999,0
0.0159199999999999,0
0.015929999999999903,0
0.015939999999999902,0
0.015949999999999905,0
0.015959999999999905,0
0.015969999999999908,0
0.015979999999999907,0
0.01598999999999991,0
0.01599999999999991,0
0.016009999999999913,0
0.016019999999999913,0
0.016029999999999916,0
0.01603999999999992,0
0.01604999999999992,0
0.01605999999999992,0
0.01606999999999992,0
0.016079999999999924,0
0.016089999999999924,0
0.016099999999999927,0
0.016109999999999926,0
0.01611999999999993,0
0.01612999999999993,0
0.016139999999999932,0
0.016149999999999932,0
0.016159999999999935,0
0.016169999999999934,0
0.016179999999999937,0
0.016189999999999937,0
0.01619999999999994,0
0.01620999999999994,0
0.016219999999999943,0
0.016229999999999946,0
0.016239999999999945,0
0.01624999999999995,0
0.016259999999999948,0
0.01626999999999995,0
0.01627999999999995,0
0.016289999999999954,0
0.016299999999999953,0
0.016309999999999956,0
0.016319999999999956,0
0.01632999999999996,0
0.01633999999999996,0
0.016349999999999962,0
0.01635999999999996,0
0.016369999999999964,0
0.016379999999999964,0
0.016389999999999967,0
0.016399999999999967,0
0.01640999999999997,0
0.01641999999999997,0
0.016429999999999972,0
0.016439999999999975,0
0.016449999999999975,0
0.016459999999999978,0
0.016469999999999978,0
0.01647999999999998,0
0.01648999999999998,0
0.016499999999999983,0
0.016509999999999983,0
0.016519999999999986,0
0.016529999999999986,0
0.01653999999999999,0
0.01654999999999999,0
0.01655999999999999,0
0.01656999999999999,0
0.016579999999999994,0
0.016589999999999994,0
0.016599999999999997,0
0.016609999999999996,0
0.01662,0
0.01663,0
0.016640000000000002,0
0.016650000000000005,0
0.016660000000000005,0
0.016670000000000008,0
0.016680000000000007,0
0.01669000000000001,0
0.01670000000000001,0
0.016710000000000013,0
0.016720000000000013,0
0.016730000000000016,0
0.016740000000000015,0
0.01675000000000002,0
0.016760000000000018,0
0.01677000000000002,0
0.01678000000000002,0
0.016790000000000024,0
0.016800000000000023,0
0.016810000000000026,0
0.016820000000000026,0
0.01683000000000003,0
0.016840000000000032,0
0.01685000000000003,0
0.016860000000000035,0
0.016870000000000034,0
0.016880000000000037,0
0.016890000000000037,0
0.01690000000000004,0
0.01691000000000004,0
0.016920000000000043,0
0.016930000000000042,0
0.016940000000000045,0
0.016950000000000045,0
0.016960000000000048,0
0.016970000000000048,0
0.01698000000000005,0
0.01699000000000005,0
0.017000000000000053,0
0.017010000000000053,0
0.017020000000000056,0
0.017030000000000056,0
0.01704000000000006,0
0.01705000000000006,0
0.01706000000000006,0
0.017070000000000064,0
0.017080000000000064,0
0.017090000000000067,0
0.017100000000000067,0
0.01711000000000007,0
0.01712000000000007,0
0.017130000000000072,0
0.017140000000000072,0
0.017150000000000075,0
0.017160000000000074,0
0.017170000000000078,0
0.017180000000000077,0
0.01719000000000008,0
0.01720000000000008,0
0.017210000000000083,0
0.017220000000000082,0
0.017230000000000086,0
0.01724000000000009,0
0.017250000000000088,0
0.01726000000000009,0
0.01727000000000009,0
0.017280000000000094,0
0.017290000000000093,0
0.017300000000000097,0
0.017310000000000096,0
0.0173200000000001,0
0.0173300000000001,0
0.017340000000000102,0
0.0173500000000001,0
0.017360000000000105,0
0.017370000000000104,0
0.017380000000000107,0
0.017390000000000107,0
0.01740000000000011,0
0.01741000000000011,0
0.017420000000000112,0
0.017430000000000112,0
0.017440000000000115,0
0.017450000000000118,0
0.017460000000000118,0
0.01747000000000012,0
0.01748000000000012,0
0.017490000000000124,0
0.017500000000000123,0
0.017510000000000126,0
0.017520000000000126,0
0.01753000000000013,0
0.01754000000000013,0
0.01755000000000013,0
0.01756000000000013,0
0.017570000000000134,0
0.017580000000000134,0
0.017590000000000137,0
0.017600000000000136,0
0.01761000000000014,0
0.01762000000000014,0
0.017630000000000142,0
0.01764000000000014,0
0.017650000000000145,0
0.017660000000000148,0
0.017670000000000147,0
0.01768000000000015,0
0.01769000000000015,0
0.017700000000000153,0
0.017710000000000153,0
0.017720000000000156,0
0.017730000000000155,0
0.01774000000000016,0
0.017750000000000158,0
0.01776000000000016,0
0.01777000000000016,0
0.017780000000000164,0
0.017790000000000163,0
0.017800000000000166,0
0.017810000000000166,0
0.01782000000000017,0
0.01783000000000017,0
0.01784000000000017,0
0.017850000000000175,0
0.017860000000000174,0
0.017870000000000177,0
0.017880000000000177,0
0.01789000000000018,0
0.01790000000000018,0
0.017910000000000183,0
0.017920000000000182,0
0.017930000000000185,0
0.017940000000000185,0
0.017950000000000188,0
0.017960000000000188,0
0.01797000000000019,0
0.01798000000000019,0
0.017990000000000193,0
0.018000000000000193,0
0.018010000000000196,0
0.018020000000000196,0
0.0180300000000002,0
0.018040000000000198,0
0.0180500000000002,0
0.018060000000000204,0
0.018070000000000204,0
0.018080000000000207,0
0.018090000000000207,0
0.01810000000000021,0
0.01811000000000021,0
0.018120000000000212,0
0.018130000000000212,0
0.018140000000000215,0
0.018150000000000215,0
0.018160000000000218,0
0.018170000000000217,0
0.01818000000000022,0
0.01819000000000022,0
0.018200000000000223,0
0.018210000000000223,0
0.018220000000000226,0
0.018230000000000225,0
0.018240000000000228,0
0.01825000000000023,0
0.01826000000000023,0
0.018270000000000234,0
0.018280000000000234,0
0.018290000000000237,0
0.018300000000000236,0
0.01831000000000024,0
0.01832000000000024,0
0.018330000000000242,0
0.01834000000000024,0
0.018350000000000245,0
0.018360000000000244,0
0.018370000000000247,0
0.018380000000000247,0
0.01839000000000025,0
0.01840000000000025,0
0.018410000000000253,0
0.018420000000000252,0
0.018430000000000255,0
0.018440000000000255,0
0.018450000000000258,0
0.01846000000000026,0
0.01847000000000026,0
0.018480000000000264,0
0.018490000000000263,0
0.018500000000000266,0
0.018510000000000266,0
0.01852000000000027,0
0.01853000000000027,0
0.01854000000000027,0
0.01855000000000027,0
0.018560000000000274,0
0.018570000000000274,0
0.018580000000000277,0
0.018590000000000276,0
0.01860000000000028,0
0.01861000000000028,0
0.018620000000000282,0
0.018630000000000282,0
0.018640000000000285,0
0.018650000000000284,0
0.018660000000000287,0
0.01867000000000029,0
0.01868000000000029,0
0.018690000000000293,0
0.018700000000000293,0
0.018710000000000296,0
0.018720000000000295,0
0.0187300000000003,0
0.018740000000000298,0
0.0187500000000003,0
0.0187600000000003,0
0.018770000000000304,0
0.018780000000000303,0
0.018790000000000306,0
0.018800000000000306,0
0.01881000000000031,0
0.01882000000000031,0
0.018830000000000312,0
0.01884000000000031,0
0.018850000000000314,0
0.018860000000000317,0
0.018870000000000317,0
0.01888000000000032,0
0.01889000000000032,0
0.018900000000000323,0
0.018910000000000322,0
0.018920000000000325,0
0.018930000000000325,0
0.018940000000000328,0
0.018950000000000328,0
0.01896000000000033,0
0.01897000000000033,0
0.018980000000000333,0
0.018990000000000333,0
0.019000000000000336,0
0.019010000000000336,0
0.01902000000000034,0
0.01903000000000034,0
0.01904000000000034,0
0.01905000000000034,0
0.019060000000000344,0
0.019070000000000347,0
0.019080000000000347,0
0.01909000000000035,0
0.01910000000000035,0
0.019110000000000352,0
0.019120000000000352,0
0.019130000000000355,0
0.019140000000000355,0
0.019150000000000358,0
0.019160000000000357,0
0.01917000000000036,0
0.01918000000000036,0
0.019190000000000363,0
0.019200000000000363,0
0.019210000000000366,0
0.019220000000000365,0
0.01923000000000037,0
0.019240000000000368,0
0.01925000000000037,0
0.019260000000000374,0
0.019270000000000374,0
0.019280000000000377,0
0.019290000000000376,0
0.01930000000000038,0
0.01931000000000038,0
0.019320000000000382,0
0.01933000000000038,0
0.019340000000000385,0
0.019350000000000384,0
0.019360000000000387,0
0.019370000000000387,0
0.01938000000000039,0
0.01939000000000039,0
0.019400000000000393,0
0.019410000000000392,0
0.019420000000000395,0
0.019430000000000395,0
0.019440000000000398,0
0.019450000000000398,0
0.0194600000000004,0
0.019470000000000404,0
0.019480000000000403,0
0.019490000000000406,0
0.019500000000000406,0
0.01951000000000041,0
0.01952000000000041,0
0.01953000000000041,0
0.01954000000000041,0
0.019550000000000414,0
0.019560000000000414,0
0.019570000000000417,0
0.019580000000000417,0
0.01959000000000042,0
0.01960000000000042,0
0.019610000000000422,0
0.019620000000000422,0
0.019630000000000425,0
0.019640000000000424,0
0.019650000000000428,0
0.019660000000000427,0
0.01967000000000043,0
0.019680000000000433,0
0.019690000000000433,0
0.019700000000000436,0
0.019710000000000436,0
0.01972000000000044,0
0.019730000000000438,0
0.01974000000000044,0
0.01975000000000044,0
0.019760000000000444,0
0.019770000000000443,0
0.019780000000000447,0
0.019790000000000446,0
0.01980000000000045,0
0.01981000000000045,0
0.019820000000000452,0
0.01983000000000045,0
0.019840000000000454,0
0.019850000000000454,0
0.019860000000000457,0
0.01987000000000046,0
0.01988000000000046,0
0.019890000000000463,0
0.019900000000000462,0
0.019910000000000466,0
0.019920000000000465,0
0.019930000000000468,0
0.019940000000000468,0
0.01995000000000047,0
0.01996000000000047,0
0.019970000000000473,0
0.019980000000000473,0
0.019990000000000476,0
0.020000000000000476,0
0.02001000000000048,0
0.02002000000000048,0
0.02003000000000048,0
0.02004000000000048,0
0.020050000000000484,0
0.020060000000000484,0
0.020070000000000487,0
0.02008000000000049,0
0.02009000000000049,0
0.020100000000000492,0
0.020110000000000492,0
0.020120000000000495,0
0.020130000000000495,0
0.020140000000000498,0
0.020150000000000497,0
0.0201600000000005,0
0.0201700000000005,0
0.020180000000000503,0
0.020190000000000503,0
0.020200000000000506,0
0.020210000000000505,0
0.02022000000000051,0
0.020230000000000508,0
0.02024000000000051,0
0.02025000000000051,0
0.020260000000000514,0
0.020270000000000513,0
0.020280000000000516,0
0.02029000000000052,0
0.02030000000000052,0
0.020310000000000522,0
0.02032000000000052,0
0.020330000000000525,0
0.020340000000000524,0
0.020350000000000527,0
0.020360000000000527,0
0.02037000000000053,0
0.02038000000000053,0
0.020390000000000533,0
0.020400000000000532,0
0.020410000000000535,0
0.020420000000000535,0
0.020430000000000538,0
0.020440000000000538,0
0.02045000000000054,0
0.02046000000000054,0
0.020470000000000543,0
0.020480000000000546,0
0.020490000000000546,0
0.02050000000000055,0
0.02051000000000055,0
0.02052000000000055,0
0.02053000000000055,0
0.020540000000000554,0
0.020550000000000554,0
0.020560000000000557,0
0.020570000000000557,0
0.02058000000000056,0
0.02059000000000056,0
0.020600000000000562,0
0.020610000000000562,0
0.020620000000000565,0
0.020630000000000565,0
0.020640000000000568,0
0.020650000000000567,0
0.02066000000000057,0
0.02067000000000057,0
0.020680000000000573,0
0.020690000000000576,0
0.020700000000000576,0
0.02071000000000058,0
0.020720000000000578,0
0.02073000000000058,0
0.02074000000000058,0
0.020750000000000584,0
0.020760000000000584,0
0.020770000000000587,0
0.020780000000000586,0
0.02079000000000059,0
0.02080000000000059,0
0.020810000000000592,0
0.02082000000000059,0
0.020830000000000595,0
0.020840000000000594,0
0.020850000000000597,0
0.020860000000000597,0
0.0208700000000006,0
0.020880000000000603,0
0.020890000000000603,0
0.020900000000000606,0
0.020910000000000605,0
0.020920000000000608,0
0.020930000000000608,0
0.02094000000000061,0
0.02095000000000061,0
0.020960000000000614,0
0.020970000000000613,0
0.020980000000000616,0
0.020990000000000616,0
0.02100000000000062,0
0.02101000000000062,0
0.02102000000000062,0
0.02103000000000062,0
0.021040000000000624,0
0.021050000000000624,0
0.021060000000000627,0
0.021070000000000626,0
0.02108000000000063,0
0.021090000000000633,0
0.021100000000000632,0
0.021110000000000635,0
0.021120000000000635,0
0.021130000000000638,0
0.021140000000000637,0
0.02115000000000064,0
0.02116000000000064,0
0.021170000000000643,0
0.021180000000000643,0
0.021190000000000646,0
0.021200000000000645,0
0.02121000000000065,0
0.021220000000000648,0
0.02123000000000065,0
0.02124000000000065,0
0.021250000000000654,0
0.021260000000000653,0
0.021270000000000656,0
0.021280000000000656,0
0.02129000000000066,0
0.021300000000000662,0
0.021310000000000662,0
0.021320000000000665,0
0.021330000000000664,0
0.021340000000000667,0
0.021350000000000667,0
0.02136000000000067,0
0.02137000000000067,0
0.021380000000000673,0
0.021390000000000672,0
0.021400000000000675,0
0.021410000000000675,0
0.021420000000000678,0
0.021430000000000678,0
0.02144000000000068,0
0.02145000000000068,0
0.021460000000000683,0
0.021470000000000683,0
0.021480000000000686,0
0.02149000000000069,0
0.02150000000000069,0
0.021510000000000692,0
0.02152000000000069,0
0.021530000000000694,0
0.021540000000000694,0
0.021550000000000697,0
0.021560000000000697,0
0.0215700000000007,0
0.0215800000000007,0
0.021590000000000702,0
0.021600000000000702,0
0.021610000000000705,0
0.021620000000000705,0
0.021630000000000708,0
0.021640000000000707,0
0.02165000000000071,0
0.02166000000000071,0
0.021670000000000713,0
0.021680000000000713,0
0.021690000000000716,0
0.02170000000000072,0
0.02171000000000072,0
0.02172000000000072,0
0.02173000000000072,0
0.021740000000000724,0
0.021750000000000724,0
0.021760000000000727,0
0.021770000000000726,0
0.02178000000000073,0
0.02179000000000073,0
0.021800000000000732,0
0.02181000000000073,0
0.021820000000000735,0
0.021830000000000734,0
0.021840000000000737,0
0.021850000000000737,0
0.02186000000000074,0
0.02187000000000074,0
0.021880000000000743,0
0.021890000000000746,0
0.021900000000000745,0
0.02191000000000075,0
0.021920000000000748,0
0.02193000000000075,0
0.02194000000000075,0
0.021950000000000754,0
0.021960000000000753,0
0.021970000000000756,0
0.021980000000000756,0
0.02199000000000076,0
0.02200000000000076,0
0.02201000000000076,0
0.02202000000000076,0
0.022030000000000764,0
0.022040000000000764,0
0.022050000000000767,0
0.022060000000000766,0
0.02207000000000077,0
0.02208000000000077,0
0.022090000000000772,0
0.022100000000000775,0
0.022110000000000775,0
0.022120000000000778,0
0.022130000000000778,0
0.02214000000000078,0
0.02215000000000078,0
0.022160000000000783,0
0.022170000000000783,0
0.022180000000000786,0
0.022190000000000785,0
0.02220000000000079,0
0.022210000000000788,0
0.02222000000000079,0
0.02223000000000079,0
0.022240000000000794,0
0.022250000000000793,0
0.022260000000000797,0
0.022270000000000796,0
0.0222800000000008,0
0.0222900000000008,0
0.022300000000000802,0
0.022310000000000805,0
0.022320000000000804,0
0.022330000000000808,0
0.022340000000000807,0
0.02235000000000081,0
0.02236000000000081,0
0.022370000000000813,0
0.022380000000000812,0
0.022390000000000815,0
0.022400000000000815,0
0.022410000000000818,0
0.022420000000000818,0
0.02243000000000082,0
0.02244000000000082,0
0.022450000000000823,0
0.022460000000000823,0
0.022470000000000826,0
0.022480000000000826,0
0.02249000000000083,0
0.022500000000000832,0
0.02251000000000083,0
0.022520000000000834,0
0.022530000000000834,0
0.022540000000000837,0
0.022550000000000837,0
0.02256000000000084,0
0.02257000000000084,0
0.022580000000000842,0
0.022590000000000842,0
0.022600000000000845,0
0.022610000000000845,0
0.022620000000000848,0
0.022630000000000847,0
0.02264000000000085,0
0.02265000000000085,0
0.022660000000000853,0
0.022670000000000853,0
0.022680000000000856,0
0.022690000000000855,0
0.02270000000000086,0
0.02271000000000086,0
0.02272000000000086,0
0.022730000000000864,0
0.022740000000000864,0
0.022750000000000867,0
0.022760000000000866,0
0.02277000000000087,0
0.02278000000000087,0
0.022790000000000872,0
0.02280000000000087,0
0.022810000000000875,0
0.022820000000000874,0
0.022830000000000877,0
0.022840000000000877,0
0.02285000000000088,0
0.02286000000000088,0
0.022870000000000883,0
0.022880000000000882,0
0.022890000000000885,0
0.022900000000000885,0
0.022910000000000888,0
0.02292000000000089,0
0.02293000000000089,0
0.022940000000000894,0
0.022950000000000893,0
0.022960000000000896,0
0.022970000000000896,0
0.0229800000000009,0
0.0229900000000009,0
0.0230000000000009,0
0.0230100000000009,0
0.023020000000000904,0
0.023030000000000904,0
0.023040000000000907,0
0.023050000000000907,0
0.02306000000000091,0
0.02307000000000091,0
0.023080000000000912,0
0.023090000000000912,0
0.023100000000000915,0
0.023110000000000918,0
0.023120000000000918,0
0.02313000000000092,0
0.02314000000000092,0
0.023150000000000923,0
0.023160000000000923,0
0.023170000000000926,0
0.023180000000000926,0
0.02319000000000093,0
0.023200000000000928,0
0.02321000000000093,0
0.02322000000000093,0
0.023230000000000934,0
0.023240000000000934,0
0.023250000000000937,0
0.023260000000000936,0
0.02327000000000094,0
0.02328000000000094,0
0.023290000000000942,0
0.02330000000000094,0
0.023310000000000945,0
0.023320000000000948,0
0.023330000000000947,0
0.02334000000000095,0
0.02335000000000095,0
0.023360000000000953,0
0.023370000000000953,0
0.023380000000000956,0
0.023390000000000955,0
0.023400000000000958,0
0.023410000000000958,0
0.02342000000000096,0
0.02343000000000096,0
0.023440000000000964,0
0.023450000000000963,0
0.023460000000000966,0
0.023470000000000966,0
0.02348000000000097,0
0.02349000000000097,0
0.02350000000000097,0
0.023510000000000975,0
0.023520000000000974,0
0.023530000000000977,0
0.023540000000000977,0
0.02355000000000098,0
0.02356000000000098,0
0.023570000000000983,0
0.023580000000000982,0
0.023590000000000985,0
0.023600000000000985,0
0.023610000000000988,0
0.023620000000000987,0
0.02363000000000099,0
0.02364000000000099,0
0.023650000000000993,0
0.023660000000000993,0
0.023670000000000996,0
0.023680000000000995,0
0.023690000000001,0
0.023700000000000998,0
0.023710000000001,0
0.023720000000001004,0
0.023730000000001004,0
0.023740000000001007,0
0.023750000000001006,0
0.02376000000000101,0
0.02377000000000101,0
0.023780000000001012,0
0.02379000000000101,0
0.023800000000001015,0
0.023810000000001014,0
0.023820000000001017,0
0.023830000000001017,0
0.02384000000000102,0
0.02385000000000102,0
0.023860000000001023,0
0.023870000000001022,0
0.023880000000001025,0
0.023890000000001025,0
0.023900000000001028,0
0.023910000000001028,0
0.02392000000000103,0
0.023930000000001034,0
0.023940000000001033,0
0.023950000000001036,0
0.023960000000001036,0
0.02397000000000104,0
0.02398000000000104,0
0.023990000000001042,0
0.02400000000000104,0
0.024010000000001044,0
0.024020000000001044,0
0.024030000000001047,0
0.024040000000001047,0
0.02405000000000105,0
0.02406000000000105,0
0.024070000000001052,0
0.024080000000001052,0
0.024090000000001055,0
0.024100000000001055,0
0.024110000000001058,0
0.02412000000000106,0
0.02413000000000106,0
0.024140000000001063,0
0.024150000000001063,0
0.024160000000001066,0
0.024170000000001066,0
0.02418000000000107,0
0.02419000000000107,0
0.02420000000000107,0
0.02421000000000107,0
0.024220000000001074,0
0.024230000000001074,0
0.024240000000001077,0
0.024250000000001076,0
0.02426000000000108,0
0.02427000000000108,0
0.024280000000001082,0
0.02429000000000108,0
0.024300000000001085,0
0.024310000000001084,0
0.024320000000001087,0
0.02433000000000109,0
0.02434000000000109,0
0.024350000000001093,0
0.024360000000001093,0
0.024370000000001096,0
0.024380000000001095,0
0.0243900000000011,0
0.024400000000001098,0
0.0244100000000011,0
0.0244200000000011,0
0.024430000000001104,0
0.024440000000001103,0
0.024450000000001106,0
0.024460000000001106,0
0.02447000000000111,0
0.02448000000000111,0
0.02449000000000111,0
0.02450000000000111,0
0.024510000000001114,0
0.024520000000001117,0
0.024530000000001117,0
0.02454000000000112,0
0.02455000000000112,0
0.024560000000001123,0
0.024570000000001122,0
0.024580000000001125,0
0.024590000000001125,0
0.024600000000001128,0
0.024610000000001128,0
0.02462000000000113,0
0.02463000000000113,0
0.024640000000001133,0
0.024650000000001133,0
0.024660000000001136,0
0.024670000000001135,0
0.02468000000000114,0
0.024690000000001138,0
0.02470000000000114,0
0.02471000000000114,0
0.024720000000001144,0
0.024730000000001147,0
0.024740000000001146,0
0.02475000000000115,0
0.02476000000000115,0
0.024770000000001152,0
0.024780000000001152,0
0.024790000000001155,0
0.024800000000001154,0
0.024810000000001158,0
0.024820000000001157,0
0.02483000000000116,0
0.02484000000000116,0
0.024850000000001163,0
0.024860000000001162,0
0.024870000000001165,0
0.024880000000001165,0
0.024890000000001168,0
0.024900000000001168,0
0.02491000000000117,0
0.02492000000000117,0
0.024930000000001173,0
0.024940000000001177,0
0.024950000000001176,0
0.02496000000000118,0
0.02497000000000118,0
0.024980000000001182,0
0.02499000000000118,0
0.025000000000001184,0
0.025010000000001184,0
0.025020000000001187,0
0.025030000000001187,0
0.02504000000000119,0
0.02505000000000119,0
0.025060000000001192,0
0.025070000000001192,0
0.025080000000001195,0
0.025090000000001195,0
0.025100000000001198,0
0.025110000000001197,0
0.0251200000000012,0
0.025130000000001203,0
0.025140000000001203,0
0.025150000000001206,0
0.025160000000001206,0
0.02517000000000121,0
0.02518000000000121,0
0.02519000000000121,0
0.02520000000000121,0
0.025210000000001214,0
0.025220000000001214,0
0.025230000000001217,0
0.025240000000001216,0
0.02525000000000122,0
0.02526000000000122,0
0.025270000000001222,0
0.02528000000000122,0
0.025290000000001225,0
0.025300000000001224,0
0.025310000000001227,0
0.025320000000001227,0
0.02533000000000123,0
0.025340000000001233,0
0.025350000000001233,0
0.025360000000001236,0
0.025370000000001235,0
0.02538000000000124,0
0.025390000000001238,0
0.02540000000000124,0
0.02541000000000124,0
0.025420000000001244,0
0.025430000000001243,0
0.025440000000001246,0
0.025450000000001246,0
0.02546000000000125,0
0.02547000000000125,0
0.02548000000000125,0
0.02549000000000125,0
0.025500000000001254,0
0.025510000000001254,0
0.025520000000001257,0
0.025530000000001257,0
0.02554000000000126,0
0.025550000000001263,0
0.025560000000001262,0
0.025570000000001265,0
0.025580000000001265,0
0.025590000000001268,0
0.025600000000001268,0
0.02561000000000127,0
0.02562000000000127,0
0.025630000000001273,0
0.025640000000001273,0
0.025650000000001276,0
0.025660000000001276,0
0.02567000000000128,0
0.025680000000001278,0
0.02569000000000128,0
0.02570000000000128,0
0.025710000000001284,0
0.025720000000001284,0
0.025730000000001287,0
0.02574000000000129,0
0.02575000000000129,0
0.025760000000001292,0
0.025770000000001292,0
0.025780000000001295,0
0.025790000000001295,0
0.025800000000001298,0
0.025810000000001297,0
0.0258200000000013,0
0.0258300000000013,0
0.025840000000001303,0
0.025850000000001302,0
0.025860000000001306,0
0.025870000000001305,0
0.025880000000001308,0
0.025890000000001308,0
0.02590000000000131,0
0.02591000000000131,0
0.025920000000001314,0
0.025930000000001313,0
0.025940000000001316,0
0.02595000000000132,0
0.02596000000000132,0
0.025970000000001322,0
0.02598000000000132,0
0.025990000000001325,0
0.026000000000001324,0
0.026010000000001327,0
0.026020000000001327,0
0.02603000000000133,0
0.02604000000000133,0
0.026050000000001333,0
0.026060000000001332,0
0.026070000000001335,0
0.026080000000001335,0
0.026090000000001338,0
0.026100000000001337,0
0.02611000000000134,0
0.02612000000000134,0
0.026130000000001343,0
0.026140000000001346,0
0.026150000000001346,0
0.02616000000000135,0
0.02617000000000135,0
0.02618000000000135,0
0.02619000000000135,0
0.026200000000001354,0
0.026210000000001354,0
0.026220000000001357,0
0.026230000000001356,0
0.02624000000000136,0
0.02625000000000136,0
0.026260000000001362,0
0.02627000000000136,0
0.026280000000001365,0
0.026290000000001364,0
0.026300000000001367,0
0.026310000000001367,0
0.02632000000000137,0
0.02633000000000137,0
0.026340000000001373,0
0.026350000000001376,0
0.026360000000001375,0
0.02637000000000138,0
0.026380000000001378,0
0.02639000000000138,0
0.02640000000000138,0
0.026410000000001384,0
0.026420000000001383,0
0.026430000000001386,0
0.026440000000001386,0
0.02645000000000139,0
0.02646000000000139,0
0.02647000000000139,0
0.02648000000000139,0
0.026490000000001394,0
0.026500000000001394,0
0.026510000000001397,0
0.026520000000001397,0
0.0265300000000014,0
0.0265400000000014,0
0.026550000000001402,0
0.026560000000001405,0
0.026570000000001405,0
0.026580000000001408,0
0.026590000000001408,0
0.02660000000000141,0
0.02661000000000141,0
0.026620000000001413,0
0.026630000000001413,0
0.026640000000001416,0
0.026650000000001416,0
0.02666000000000142,0
0.02667000000000142,0
0.02668000000000142,0
0.02669000000000142,0
0.026700000000001424,0
0.026710000000001424,0
0.026720000000001427,0
0.026730000000001426,0
0.02674000000000143,0
0.026750000000001432,0
0.026760000000001432,0
0.026770000000001435,0
0.026780000000001435,0
0.026790000000001438,0
0.026800000000001437,0
0.02681000000000144,0
0.02682000000000144,0
0.026830000000001443,0
0.026840000000001443,0
0.026850000000001446,0
0.026860000000001445,0
0.02687000000000145,0
0.026880000000001448,0
0.02689000000000145,0
0.02690000000000145,0
0.026910000000001454,0
0.026920000000001453,0
0.026930000000001456,0
0.026940000000001456,0
0.02695000000000146,0
0.026960000000001462,0
0.02697000000000146,0
0.026980000000001465,0
0.026990000000001464,0
0.027000000000001467,0
0.027010000000001467,0
0.02702000000000147,0
0.02703000000000147,0
0.027040000000001473,0
0.027050000000001472,0
0.027060000000001475,0
0.027070000000001475,0
0.027080000000001478,0
0.027090000000001477,0
0.02710000000000148,0
0.02711000000000148,0
0.027120000000001483,0
0.027130000000001483,0
0.027140000000001486,0
0.02715000000000149,0
0.02716000000000149,0
0.02717000000000149,0
0.02718000000000149,0
0.027190000000001494,0
0.027200000000001494,0
0.027210000000001497,0
0.027220000000001496,0
0.0272300000000015,0
0.0272400000000015,0
0.027250000000001502,0
0.027260000000001502,0
0.027270000000001505,0
0.027280000000001504,0
0.027290000000001507,0
0.027300000000001507,0
0.02731000000000151,0
0.02732000000000151,0
0.027330000000001513,0
0.027340000000001512,0
0.027350000000001515,0
0.02736000000000152,0
0.027370000000001518,0
0.02738000000000152,0
0.02739000000000152,0
0.027400000000001524,0
0.027410000000001523,0
0.027420000000001526,0
0.027430000000001526,0
0.02744000000000153,0
0.02745000000000153,0
0.027460000000001532,0
0.02747000000000153,0
0.027480000000001534,0
0.027490000000001534,0
0.027500000000001537,0
0.027510000000001537,0
0.02752000000000154,0
0.02753000000000154,0
0.027540000000001542,0
0.027550000000001542,0
0.027560000000001545,0
0.027570000000001548,0
0.027580000000001548,0
0.02759000000000155,0
0.02760000000000155,0
0.027610000000001553,0
0.027620000000001553,0
0.027630000000001556,0
0.027640000000001556,0
0.02765000000000156,0
0.02766000000000156,0
0.02767000000000156,0
0.02768000000000156,0
0.027690000000001564,0
0.027700000000001564,0
0.027710000000001567,0
0.027720000000001566,0
0.02773000000000157,0
0.02774000000000157,0
0.027750000000001572,0
0.027760000000001575,0
0.027770000000001575,0
0.027780000000001578,0
0.027790000000001577,0
0.02780000000000158,0
0.02781000000000158,0
0.027820000000001583,0
0.027830000000001583,0
0.027840000000001586,0
0.027850000000001585,0
0.02786000000000159,0
0.027870000000001588,0
0.02788000000000159,0
0.02789000000000159,0
0.027900000000001594,0
0.027910000000001593,0
0.027920000000001596,0
0.027930000000001596,0
0.0279400000000016,0
0.0279500000000016,0
0.0279600000000016,0
0.027970000000001605,0
0.027980000000001604,0
0.027990000000001607,0
0.028000000000001607,0
0.02801000000000161,0
0.02802000000000161,0
0.028030000000001613,0
0.028040000000001612,0
0.028050000000001615,0
0.028060000000001615,0
0.028070000000001618,0
0.028080000000001618,0
0.02809000000000162,0
0.02810000000000162,0
0.028110000000001623,0
0.028120000000001623,0
0.028130000000001626,0
0.028140000000001626,0
0.02815000000000163,0
0.02816000000000163,0
0.02817000000000163,0
0.028180000000001634,0
0.028190000000001634,0
0.028200000000001637,0
0.028210000000001637,0
0.02822000000000164,0
0.02823000000000164,0
0.028240000000001642,0
0.028250000000001642,0
0.028260000000001645,0
0.028270000000001645,0
0.028280000000001648,0
0.028290000000001647,0
0.02830000000000165,0
0.02831000000000165,0
0.028320000000001653,0
0.028330000000001652,0
0.028340000000001656,0
0.028350000000001655,0
0.028360000000001658,0
0.02837000000000166,0
0.02838000000000166,0
0.028390000000001664,0
0.028400000000001663,0
0.028410000000001667,0
0.028420000000001666,0
0.02843000000000167,0
0.02844000000000167,0
0.028450000000001672,0
0.02846000000000167,0
0.028470000000001675,0
0.028480000000001674,0
0.028490000000001677,0
0.028500000000001677,0
0.02851000000000168,0
0.02852000000000168,0
0.028530000000001682,0
0.028540000000001682,0
0.028550000000001685,0
0.028560000000001685,0
0.028570000000001688,0
0.02858000000000169,0
0.02859000000000169,0
0.028600000000001694,0
0.028610000000001693,0
0.028620000000001696,0
0.028630000000001696,0
0.0286400000000017,0
0.0286500000000017,0
0.0286600000000017,0
0.0286700000000017,0
0.028680000000001704,0
0.028690000000001704,0
0.028700000000001707,0
0.028710000000001706,0
0.02872000000000171,0
0.02873000000000171,0
0.028740000000001712,0
0.02875000000000171,0
0.028760000000001715,0
0.028770000000001718,0
0.028780000000001717,0
0.02879000000000172,0
0.02880000000000172,0
0.028810000000001723,0
0.028820000000001723,0
0.028830000000001726,0
0.028840000000001725,0
0.02885000000000173,0
0.028860000000001728,0
0.02887000000000173,0
0.02888000000000173,0
0.028890000000001734,0
0.028900000000001733,0
0.028910000000001736,0
0.028920000000001736,0
0.02893000000000174,0
0.02894000000000174,0
0.02895000000000174,0
0.02896000000000174,0
0.028970000000001744,0
0.028980000000001747,0
0.028990000000001747,0
0.02900000000000175,0
0.02901000000000175,0
0.029020000000001753,0
0.029030000000001752,0
0.029040000000001755,0
0.029050000000001755,0
0.029060000000001758,0
0.029070000000001758,0
0.02908000000000176,0
0.02909000000000176,0
0.029100000000001763,0
0.029110000000001763,0
0.029120000000001766,0
0.029130000000001766,0
0.02914000000000177,0
0.029150000000001768,0
0.02916000000000177,0
0.02917000000000177,0
0.029180000000001774,0
0.029190000000001777,0
0.029200000000001777,0
0.02921000000000178,0
0.02922000000000178,0
0.029230000000001782,0
0.029240000000001782,0
0.029250000000001785,0
0.029260000000001785,0
0.029270000000001788,0
0.029280000000001787,0
0.02929000000000179,0
0.02930000000000179,0
0.029310000000001793,0
0.029320000000001793,0
0.029330000000001796,0
0.029340000000001795,0
0.029350000000001798,0
0.029360000000001798,0
0.0293700000000018,0
0.029380000000001804,0
0.029390000000001804,0
0.029400000000001807,0
0.029410000000001806,0
0.02942000000000181,0
0.02943000000000181,0
0.029440000000001812,0
0.02945000000000181,0
0.029460000000001815,0
0.029470000000001814,0
0.029480000000001817,0
0.029490000000001817,0
0.02950000000000182,0
0.02951000000000182,0
0.029520000000001823,0
0.029530000000001822,0
0.029540000000001825,0
0.029550000000001825,0
0.029560000000001828,0
0.029570000000001827,0
0.02958000000000183,0
0.029590000000001834,0
0.029600000000001833,0
0.029610000000001836,0
0.029620000000001836,0
0.02963000000000184,0
0.02964000000000184,0
0.02965000000000184,0
0.02966000000000184,0
0.029670000000001844,0
0.029680000000001844,0
0.029690000000001847,0
0.029700000000001846,0
0.02971000000000185,0
0.02972000000000185,0
0.029730000000001852,0
0.029740000000001852,0
0.029750000000001855,0
0.029760000000001854,0
0.029770000000001857,0
0.02978000000000186,0
0.02979000000000186,0
0.029800000000001863,0
0.02981000000000186,0
0.02982000000000186,0
0.029830000000001855,0
0.029840000000001855,0
0.02985000000000185,0
0.02986000000000185,0
0.02987000000000185,0
0.029880000000001846,0
0.029890000000001846,0
0.029900000000001842,0
0.02991000000000184,0
0.029920000000001837,0
0.029930000000001837,0
0.029940000000001837,0
0.029950000000001833,0
0.029960000000001832,0
0.02997000000000183,0
0.029980000000001828,0
0.029990000000001824,0
0.030000000000001824,0
0.030010000000001823,0
0.03002000000000182,0
0.03003000000000182,0
0.030040000000001815,0
0.030050000000001815,0
0.03006000000000181,0
0.03007000000000181,0
0.03008000000000181,0
0.030090000000001806,0
0.030100000000001806,0
0.030110000000001802,0
0.0301200000000018,0
0.030130000000001798,0
0.030140000000001797,0
0.030150000000001797,0
0.030160000000001793,0
0.030170000000001793,0
0.03018000000000179,0
0.03019000000000179,0
0.030200000000001784,0
0.030210000000001784,0
0.030220000000001784,0
0.03023000000000178,0
0.03024000000000178,0
0.030250000000001775,0
0.030260000000001775,0
0.03027000000000177,0
0.03028000000000177,0
0.03029000000000177,0
0.030300000000001766,0
0.030310000000001766,0
0.030320000000001762,0
0.030330000000001762,0
0.030340000000001758,0
0.030350000000001758,0
0.030360000000001757,0
0.030370000000001753,0
0.030380000000001753,0
0.03039000000000175,0
0.03040000000000175,0
0.030410000000001745,0
0.030420000000001744,0
0.030430000000001744,0
0.03044000000000174,0
0.03045000000000174,0
0.030460000000001736,0
0.030470000000001735,0
0.03048000000000173,0
0.03049000000000173,0
0.03050000000000173,0
0.030510000000001727,0
0.030520000000001726,0
0.030530000000001722,0
0.030540000000001722,0
0.030550000000001718,0
0.030560000000001718,0
0.030570000000001717,0
0.030580000000001713,0
0.030590000000001713,0
0.03060000000000171,0
0.03061000000000171,0
0.030620000000001705,0
0.030630000000001704,0
0.030640000000001704,0
0.0306500000000017,0
0.0306600000000017,0
0.030670000000001696,0
0.030680000000001695,0
0.03069000000000169,0
0.03070000000000169,0
0.03071000000000169,0
0.030720000000001687,0
0.030730000000001687,0
0.030740000000001683,0
0.030750000000001682,0
0.03076000000000168,0
0.030770000000001678,0
0.030780000000001678,0
0.030790000000001674,0
0.030800000000001673,0
0.03081000000000167,0
0.03082000000000167,0
0.030830000000001665,0
0.030840000000001665,0
0.030850000000001664,0
0.03086000000000166,0
0.03087000000000166,0
0.030880000000001656,0
0.030890000000001656,0
0.030900000000001652,0
0.03091000000000165,0
0.03092000000000165,0
0.030930000000001647,0
0.030940000000001647,0
0.030950000000001643,0
0.030960000000001642,0
0.03097000000000164,0
0.030980000000001638,0
0.030990000000001638,0
0.031000000000001634,0
0.031010000000001633,0
0.03102000000000163,0
0.03103000000000163,0
0.031040000000001625,0
0.031050000000001625,0
0.031060000000001625,0
0.03107000000000162,0
0.03108000000000162,0
0.031090000000001616,0
0.031100000000001616,0
0.031110000000001612,0
0.03112000000000161,0
0.03113000000000161,0
0.031140000000001607,0
0.031150000000001607,0
0.031160000000001603,0
0.031170000000001603,0
0.0311800000000016,0
0.0311900000000016,0
0.031200000000001598,0
0.031210000000001594,0
0.031220000000001594,0
0.03123000000000159,0
0.03124000000000159,0
0.03125000000000159,0
0.031260000000001585,0
0.03127000000000158,0
0.031280000000001584,0
0.03129000000000158,0
0.03130000000000158,0
0.03131000000000157,0
0.031320000000001576,0
0.03133000000000157,0
0.03134000000000157,0
0.03135000000000157,0
0.03136000000000157,0
0.03137000000000156,0
0.03138000000000156,0
0.03139000000000156,0
0.03140000000000156,0
0.031410000000001555,0
0.03142000000000156,0
0.031430000000001554,0
0.03144000000000155,0
0.031450000000001546,0
0.03146000000000155,0
0.031470000000001545,0
0.03148000000000154,0
0.031490000000001545,0
0.03150000000000154,0
0.03151000000000154,0
0.03152000000000153,0
0.031530000000001536,0
0.03154000000000153,0
0.03155000000000153,0
0.03156000000000153,0
0.03157000000000153,0
0.031580000000001524,0
0.03159000000000152,0
0.03160000000000152,0
0.03161000000000152,0
0.031620000000001515,0
0.03163000000000152,0
0.031640000000001514,0
0.03165000000000151,0
0.031660000000001506,0
0.03167000000000151,0
0.031680000000001506,0
0.0316900000000015,0
0.031700000000001505,0
0.0317100000000015,0
0.0317200000000015,0
0.03173000000000149,0
0.031740000000001496,0
0.03175000000000149,0
0.03176000000000149,0
0.03177000000000149,0
0.03178000000000149,0
0.031790000000001484,0
0.03180000000000148,0
0.03181000000000148,0
0.03182000000000148,0
0.031830000000001475,0
0.03184000000000148,0
0.031850000000001474,0
0.03186000000000147,0
0.03187000000000147,0
0.03188000000000147,0
0.031890000000001466,0
0.03190000000000146,0
0.031910000000001465,0
0.03192000000000146,0
0.03193000000000146,0
0.03194000000000145,0
0.031950000000001456,0
0.03196000000000145,0
0.03197000000000145,0
0.03198000000000145,0
0.03199000000000145,0
0.032000000000001444,0
0.03201000000000144,0
0.03202000000000144,0
0.03203000000000144,0
0.032040000000001435,0
0.03205000000000144,0
0.032060000000001435,0
0.03207000000000143,0
0.03208000000000143,0
0.03209000000000143,0
0.032100000000001426,0
0.03211000000000142,0
0.032120000000001425,0
0.03213000000000142,0
0.03214000000000142,0
0.032150000000001414,0
0.03216000000000142,0
0.03217000000000141,0
0.03218000000000141,0
0.03219000000000141,0
0.03220000000000141,0
0.032210000000001404,0
0.0322200000000014,0
0.0322300000000014,0
0.0322400000000014,0
0.032250000000001396,0
0.0322600000000014,0
0.032270000000001395,0
0.03228000000000139,0
0.03229000000000139,0
0.03230000000000139,0
0.032310000000001386,0
0.03232000000000138,0
0.032330000000001385,0
0.03234000000000138,0
0.03235000000000138,0
0.032360000000001374,0
0.03237000000000138,0
0.03238000000000137,0
0.03239000000000137,0
0.03240000000000137,0
0.03241000000000137,0
0.032420000000001364,0
0.03243000000000136,0
0.032440000000001364,0
0.03245000000000136,0
0.032460000000001356,0
0.03247000000000136,0
0.032480000000001355,0
0.03249000000000135,0
0.03250000000000135,0
0.03251000000000135,0
0.032520000000001346,0
0.03253000000000134,0
0.032540000000001346,0
0.03255000000000134,0
0.03256000000000134,0
0.032570000000001334,0
0.03258000000000134,0
0.03259000000000133,0
0.03260000000000133,0
0.03261000000000133,0
0.03262000000000133,0
0.032630000000001325,0
0.03264000000000132,0
0.032650000000001324,0
0.03266000000000132,0
0.032670000000001316,0
0.03268000000000132,0
0.032690000000001315,0
0.03270000000000131,0
0.03271000000000131,0
0.03272000000000131,0
0.03273000000000131,0
0.0327400000000013,0
0.032750000000001306,0
0.0327600000000013,0
0.0327700000000013,0
0.032780000000001294,0
0.0327900000000013,0
0.03280000000000129,0
0.03281000000000129,0
0.03282000000000129,0
0.03283000000000129,0
0.032840000000001285,0
0.03285000000000128,0
0.032860000000001284,0
0.03287000000000128,0
0.032880000000001276,0
0.03289000000000128,0
0.032900000000001275,0
0.03291000000000127,0
0.03292000000000127,0
0.03293000000000127,0
0.03294000000000127,0
0.03295000000000126,0
0.032960000000001266,0
0.03297000000000126,0
0.03298000000000126,0
0.032990000000001254,0
0.03300000000000126,0
0.033010000000001254,0
0.03302000000000125,0
0.03303000000000125,0
0.03304000000000125,0
0.033050000000001245,0
0.03306000000000124,0
0.033070000000001244,0
0.03308000000000124,0
0.033090000000001236,0
0.03310000000000123,0
0.033110000000001236,0
0.03312000000000123,0
0.03313000000000123,0
0.03314000000000123,0
0.03315000000000123,0
0.03316000000000122,0
0.03317000000000122,0
0.03318000000000122,0
0.03319000000000122,0
0.033200000000001215,0
0.03321000000000122,0
0.033220000000001214,0
0.03323000000000121,0
0.033240000000001206,0
0.03325000000000121,0
0.033260000000001205,0
0.0332700000000012,0
0.033280000000001204,0
0.0332900000000012,0
0.0333000000000012,0
0.03331000000000119,0
0.033320000000001196,0
0.03333000000000119,0
0.03334000000000119,0
0.03335000000000119,0
0.03336000000000119,0
0.03337000000000118,0
0.03338000000000118,0
0.03339000000000118,0
0.03340000000000118,0
0.033410000000001175,0
0.03342000000000118,0
0.033430000000001174,0
0.03344000000000117,0
0.033450000000001166,0
0.03346000000000117,0
0.033470000000001165,0
0.03348000000000116,0
0.033490000000001165,0
0.03350000000000116,0
0.03351000000000116,0
0.03352000000000115,0
0.033530000000001156,0
0.03354000000000115,0
0.03355000000000115,0
0.03356000000000115,0
0.03357000000000115,0
0.033580000000001144,0
0.03359000000000114,0
0.03360000000000114,0
0.03361000000000114,0
0.033620000000001135,0
0.03363000000000114,0
0.033640000000001134,0
0.03365000000000113,0
0.033660000000001127,0
0.03367000000000113,0
0.033680000000001126,0
0.03369000000000112,0
0.033700000000001125,0
0.03371000000000112,0
0.03372000000000112,0
0.03373000000000111,0
0.033740000000001116,0
0.03375000000000111,0
0.03376000000000111,0
0.03377000000000111,0
0.03378000000000111,0
0.033790000000001104,0
0.0338000000000011,0
0.0338100000000011,0
0.0338200000000011,0
0.033830000000001095,0
0.0338400000000011,0
0.033850000000001094,0
0.03386000000000109,0
0.03387000000000109,0
0.03388000000000109,0
0.033890000000001086,0
0.03390000000000108,0
0.033910000000001085,0
0.03392000000000108,0
0.03393000000000108,0
0.033940000000001073,0
0.03395000000000108,0
0.03396000000000107,0
0.03397000000000107,0
0.03398000000000107,0
0.03399000000000107,0
0.034000000000001064,0
0.03401000000000106,0
0.03402000000000106,0
0.03403000000000106,0
0.034040000000001056,0
0.03405000000000106,0
0.034060000000001055,0
0.03407000000000105,0
0.03408000000000105,0
0.03409000000000105,0
0.034100000000001046,0
0.03411000000000104,0
0.034120000000001045,0
0.03413000000000104,0
0.03414000000000104,0
0.034150000000001034,0
0.03416000000000104,0
0.03417000000000103,0
0.03418000000000103,0
0.03419000000000103,0
0.03420000000000103,0
0.034210000000001024,0
0.03422000000000102,0
0.034230000000001023,0
0.03424000000000102,0
0.034250000000001016,0
0.03426000000000102,0
0.034270000000001015,0
0.03428000000000101,0
0.03429000000000101,0
0.03430000000000101,0
0.034310000000001006,0
0.034320000000001,0
0.034330000000001006,0
0.034340000000001,0
0.034350000000001,0
0.034360000000000994,0
0.034370000000001,0
0.03438000000000099,0
0.03439000000000099,0
0.03440000000000099,0
0.03441000000000099,0
0.034420000000000985,0
0.03443000000000098,0
0.034440000000000984,0
0.03445000000000098,0
0.034460000000000976,0
0.03447000000000098,0
0.034480000000000975,0
0.03449000000000097,0
0.03450000000000097,0
0.03451000000000097,0
0.03452000000000097,0
0.03453000000000096,0
0.034540000000000966,0
0.03455000000000096,0
0.03456000000000096,0
0.034570000000000954,0
0.03458000000000096,0
0.03459000000000095,0
0.03460000000000095,0
0.03461000000000095,0
0.03462000000000095,0
0.034630000000000945,0
0.03464000000000094,0
0.034650000000000944,0
0.03466000000000094,0
0.034670000000000936,0
0.03468000000000094,0
0.034690000000000935,0
0.03470000000000093,0
0.03471000000000093,0
0.03472000000000093,0
0.03473000000000093,0
0.03474000000000092,0
0.034750000000000926,0
0.03476000000000092,0
0.03477000000000092,0
0.034780000000000914,0
0.03479000000000092,0
0.034800000000000914,0
0.03481000000000091,0
0.03482000000000091,0
0.03483000000000091,0
0.034840000000000905,0
0.0348500000000009,0
0.034860000000000904,0
0.0348700000000009,0
0.034880000000000896,0
0.0348900000000009,0
0.034900000000000896,0
0.03491000000000089,0
0.03492000000000089,0
0.03493000000000089,0
0.03494000000000089,0
0.03495000000000088,0
0.034960000000000886,0
0.03497000000000088,0
0.03498000000000088,0
0.034990000000000875,0
0.03500000000000088,0
0.035010000000000874,0
0.03502000000000087,0
0.03503000000000087,0
0.03504000000000087,0
0.035050000000000865,0
0.03506000000000086,0
0.035070000000000864,0
0.03508000000000086,0
0.03509000000000086,0
0.03510000000000086,0
0.035110000000000856,0
0.03512000000000085,0
0.03513000000000085,0
0.03514000000000085,0
0.03515000000000085,0
0.03516000000000084,0
0.035170000000000846,0
0.03518000000000084,0
0.03519000000000084,0
0.035200000000000835,0
0.03521000000000084,0
0.035220000000000834,0
0.03523000000000083,0
0.03524000000000083,0
0.03525000000000083,0
0.035260000000000825,0
0.03527000000000082,0
0.035280000000000825,0
0.03529000000000082,0
0.03530000000000082,0
0.03531000000000082,0
0.035320000000000816,0
0.03533000000000081,0
0.03534000000000081,0
0.03535000000000081,0
0.03536000000000081,0
0.035370000000000804,0
0.03538000000000081,0
0.0353900000000008,0
0.0354000000000008,0
0.035410000000000795,0
0.0354200000000008,0
0.035430000000000794,0
0.03544000000000079,0
0.03545000000000079,0
0.03546000000000079,0
0.035470000000000786,0
0.03548000000000078,0
0.035490000000000785,0
0.03550000000000078,0
0.03551000000000078,0
0.03552000000000078,0
0.035530000000000776,0
0.03554000000000077,0
0.03555000000000077,0
0.03556000000000077,0
0.03557000000000077,0
0.035580000000000764,0
0.03559000000000077,0
0.03560000000000076,0
0.03561000000000076,0
0.035620000000000755,0
0.03563000000000076,0
0.035640000000000754,0
0.03565000000000075,0
0.035660000000000754,0
0.03567000000000075,0
0.035680000000000746,0
0.03569000000000074,0
0.035700000000000745,0
0.03571000000000074,0
0.03572000000000074,0
0.03573000000000074,0
0.035740000000000736,0
0.03575000000000073,0
0.03576000000000073,0
0.03577000000000073,0
0.03578000000000073,0
0.035790000000000724,0
0.03580000000000073,0
0.03581000000000072,0
0.03582000000000072,0
0.035830000000000715,0
0.03584000000000072,0
0.035850000000000715,0
0.03586000000000071,0
0.035870000000000714,0
0.03588000000000071,0
0.035890000000000706,0
0.0359000000000007,0
0.035910000000000705,0
0.0359200000000007,0
0.0359300000000007,0
0.0359400000000007,0
0.0359500000000007,0
0.03596000000000069,0
0.03597000000000069,0
0.03598000000000069,0
0.03599000000000069,0
0.036000000000000684,0
0.03601000000000069,0
0.03602000000000068,0
0.03603000000000068,0
0.036040000000000676,0
0.03605000000000068,0
0.036060000000000675,0
0.03607000000000067,0
0.036080000000000674,0
0.03609000000000067,0
0.036100000000000666,0
0.03611000000000066,0
0.036120000000000665,0
0.03613000000000066,0
0.03614000000000066,0
0.03615000000000066,0
0.03616000000000066,0
0.03617000000000065,0
0.03618000000000065,0
0.03619000000000065,0
0.03620000000000065,0
0.036210000000000644,0
0.03622000000000065,0
0.036230000000000644,0
0.03624000000000064,0
0.036250000000000636,0
0.03626000000000064,0
0.036270000000000635,0
0.03628000000000063,0
0.036290000000000634,0
0.03630000000000063,0
0.036310000000000626,0
0.03632000000000062,0
0.036330000000000626,0
0.03634000000000062,0
0.03635000000000062,0
0.03636000000000062,0
0.03637000000000062,0
0.03638000000000061,0
0.03639000000000061,0
0.03640000000000061,0
0.03641000000000061,0
0.036420000000000605,0
0.03643000000000061,0
0.036440000000000604,0
0.0364500000000006,0
0.036460000000000596,0
0.0364700000000006,0
0.036480000000000595,0
0.03649000000000059,0
0.036500000000000594,0
0.03651000000000059,0
0.03652000000000059,0
0.03653000000000058,0
0.036540000000000586,0
0.03655000000000058,0
0.03656000000000058,0
0.03657000000000058,0
0.03658000000000058,0
0.03659000000000057,0
0.03660000000000057,0
0.03661000000000057,0
0.03662000000000057,0
0.036630000000000565,0
0.03664000000000057,0
0.036650000000000564,0
0.03666000000000056,0
0.036670000000000556,0
0.03668000000000056,0
0.036690000000000556,0
0.03670000000000055,0
0.036710000000000555,0
0.03672000000000055,0
0.03673000000000055,0
0.03674000000000054,0
0.036750000000000546,0
0.03676000000000054,0
0.03677000000000054,0
0.03678000000000054,0
0.03679000000000054,0
0.036800000000000534,0
0.03681000000000053,0
0.03682000000000053,0
0.03683000000000053,0
0.036840000000000525,0
0.03685000000000053,0
0.036860000000000524,0
0.03687000000000052,0
0.03688000000000052,0
0.03689000000000052,0
0.036900000000000516,0
0.03691000000000051,0
0.036920000000000515,0
0.03693000000000051,0
0.03694000000000051,0
0.0369500000000005,0
0.036960000000000506,0
0.0369700000000005,0
0.0369800000000005,0
0.0369900000000005,0
0.0370000000000005,0
0.037010000000000494,0
0.03702000000000049,0
0.03703000000000049,0
0.03704000000000049,0
0.037050000000000485,0
0.03706000000000049,0
0.037070000000000485,0
0.03708000000000048,0
0.03709000000000048,0
0.03710000000000048,0
0.037110000000000476,0
0.03712000000000047,0
0.037130000000000475,0
0.03714000000000047,0
0.03715000000000047,0
0.037160000000000463,0
0.03717000000000047,0
0.03718000000000046,0
0.03719000000000046,0
0.03720000000000046,0
0.03721000000000046,0
0.037220000000000454,0
0.03723000000000045,0
0.03724000000000045,0
0.03725000000000045,0
0.037260000000000446,0
0.03727000000000045,0
0.037280000000000445,0
0.03729000000000044,0
0.03730000000000044,0
0.03731000000000044,0
0.037320000000000436,0
0.03733000000000043,0
0.037340000000000435,0
0.03735000000000043,0
0.03736000000000043,0
0.037370000000000424,0
0.03738000000000043,0
0.03739000000000042,0
0.03740000000000042,0
0.03741000000000042,0
0.03742000000000042,0
0.037430000000000414,0
0.03744000000000041,0
0.037450000000000414,0
0.03746000000000041,0
0.037470000000000406,0
0.03748000000000041,0
0.037490000000000405,0
0.0375000000000004,0
0.0375100000000004,0
0.0375200000000004,0
0.037530000000000396,0
0.03754000000000039,0
0.037550000000000396,0
0.03756000000000039,0
0.03757000000000039,0
0.037580000000000384,0
0.03759000000000039,0
0.03760000000000038,0
0.03761000000000038,0
0.03762000000000038,0
0.03763000000000038,0
0.037640000000000375,0
0.03765000000000037,0
0.037660000000000374,0
0.03767000000000037,0
0.037680000000000366,0
0.03769000000000037,0
0.037700000000000365,0
0.03771000000000036,0
0.03772000000000036,0
0.03773000000000036,0
0.03774000000000036,0
0.03775000000000035,0
0.037760000000000356,0
0.03777000000000035,0
0.03778000000000035,0
0.037790000000000344,0
0.03780000000000035,0
0.03781000000000034,0
0.03782000000000034,0
0.03783000000000034,0
0.03784000000000034,0
0.037850000000000335,0
0.03786000000000033,0
0.037870000000000334,0
0.03788000000000033,0
0.037890000000000326,0
0.03790000000000033,0
0.037910000000000325,0
0.03792000000000032,0
0.03793000000000032,0
0.03794000000000032,0
0.03795000000000032,0
0.03796000000000031,0
0.037970000000000316,0
0.03798000000000031,0
0.03799000000000031,0
0.038000000000000304,0
0.03801000000000031,0
0.038020000000000304,0
0.0380300000000003,0
0.0380400000000003,0
0.0380500000000003,0
0.038060000000000295,0
0.03807000000000029,0
0.038080000000000294,0
0.03809000000000029,0
0.038100000000000286,0
0.03811000000000029,0
0.038120000000000286,0
0.03813000000000028,0
0.03814000000000028,0
0.03815000000000028,0
0.03816000000000028,0
0.03817000000000027,0
0.038180000000000276,0
0.03819000000000027,0
0.03820000000000027,0
0.038210000000000265,0
0.03822000000000027,0
0.038230000000000264,0
0.03824000000000026,0
0.03825000000000026,0
0.03826000000000026,0
0.038270000000000255,0
0.03828000000000025,0
0.038290000000000254,0
0.03830000000000025,0
0.03831000000000025,0
0.03832000000000025,0
0.038330000000000246,0
0.03834000000000024,0
0.03835000000000024,0
0.03836000000000024,0
0.03837000000000024,0
0.03838000000000023,0
0.038390000000000236,0
0.03840000000000023,0
0.03841000000000023,0
0.038420000000000225,0
0.03843000000000023,0
0.038440000000000224,0
0.03845000000000022,0
0.03846000000000022,0
0.03847000000000022,0
0.038480000000000215,0
0.03849000000000021,0
0.038500000000000215,0
0.03851000000000021,0
0.03852000000000021,0
0.03853000000000021,0
0.038540000000000206,0
0.0385500000000002,0
0.0385600000000002,0
0.0385700000000002,0
0.0385800000000002,0
0.038590000000000194,0
0.0386000000000002,0
0.03861000000000019,0
0.03862000000000019,0
0.038630000000000185,0
0.03864000000000019,0
0.038650000000000184,0
0.03866000000000018,0
0.03867000000000018,0
0.03868000000000018,0
0.038690000000000176,0
0.03870000000000017,0
0.038710000000000175,0
0.03872000000000017,0
0.03873000000000017,0
0.03874000000000017,0
0.038750000000000166,0
0.03876000000000016,0
0.03877000000000016,0
0.03878000000000016,0
0.03879000000000016,0
0.038800000000000154,0
0.03881000000000016,0
0.03882000000000015,0
0.03883000000000015,0
0.038840000000000145,0
0.03885000000000015,0
0.038860000000000144,0
0.03887000000000014,0
0.038880000000000144,0
0.03889000000000014,0
0.038900000000000136,0
0.03891000000000013,0
0.038920000000000135,0
0.03893000000000013,0
0.03894000000000013,0
0.03895000000000013,0
0.038960000000000126,0
0.03897000000000012,0
0.03898000000000012,0
0.03899000000000012,0
0.03900000000000012,0
0.039010000000000114,0
0.03902000000000012,0
0.03903000000000011,0
0.03904000000000011,0
0.039050000000000105,0
0.03906000000000011,0
0.039070000000000105,0
0.0390800000000001,0
0.039090000000000104,0
0.0391000000000001,0
0.039110000000000096,0
0.03912000000000009,0
0.039130000000000095,0
0.03914000000000009,0
0.03915000000000009,0
0.03916000000000009,0
0.03917000000000009,0
0.03918000000000008,0
0.03919000000000008,0
0.03920000000000008,0
0.03921000000000008,0
0.039220000000000074,0
0.03923000000000008,0
0.03924000000000007,0
0.03925000000000007,0
0.039260000000000066,0
0.03927000000000007,0
0.039280000000000065,0
0.03929000000000006,0
0.039300000000000064,0
0.03931000000000006,0
0.039320000000000056,0
0.03933000000000005,0
0.039340000000000055,0
0.03935000000000005,0
0.03936000000000005,0
0.03937000000000005,0
0.03938000000000005,0
0.03939000000000004,0
0.03940000000000004,0
0.03941000000000004,0
0.03942000000000004,0
0.039430000000000034,0
0.03944000000000004,0
0.039450000000000034,0
0.03946000000000003,0
0.039470000000000026,0
0.03948000000000003,0
0.039490000000000025,0
0.03950000000000002,0
0.039510000000000024,0
0.03952000000000002,0
0.039530000000000017,0
0.03954000000000001,0
0.039550000000000016,0
0.03956000000000001,0
0.03957000000000001,0
0.03958000000000001,0
0.03959000000000001,0
0.0396,0
0.03961,0
0.03962,0
0.03963,0
0.039639999999999995,0
0.03965,0
0.039659999999999994,0
0.03966999999999999,0
0.039679999999999986,0
0.03968999999999999,0
0.039699999999999985,0
0.03970999999999998,0
0.039719999999999984,0
0.03972999999999998,0
0.03973999999999998,0
0.03974999999999997,0
0.039759999999999976,0
0.03976999999999997,0
0.03977999999999997,0
0.03978999999999997,0
0.03979999999999997,0
0.039809999999999963,0
0.03981999999999996,0
0.03982999999999996,0
0.03983999999999996,0
0.039849999999999955,0
0.03985999999999996,0
0.039869999999999954,0
0.03987999999999995,0
0.039889999999999946,0
0.03989999999999995,0
0.039909999999999946,0
0.03991999999999994,0
0.039929999999999945,0
0.03993999999999994,0
0.03994999999999994,0
0.03995999999999993,0
0.039969999999999936,0
0.03997999999999993,0
0.03998999999999993,0
0.03999999999999993,0
0.04000999999999993,0
0.040019999999999924,0
0.04002999999999992,0
0.04003999999999992,0
0.04004999999999992,0
0.040059999999999915,0
0.04006999999999992,0
0.040079999999999914,0
0.04008999999999991,0
0.04009999999999991,0
0.04010999999999991,0
0.040119999999999906,0
0.0401299999999999,0
0.040139999999999905,0
0.0401499999999999,0
0.0401599999999999,0
0.04016999999999989,0
0.040179999999999896,0
0.04018999999999989,0
0.04019999999999989,0
0.04020999999999989,0
0.04021999999999989,0
0.040229999999999884,0
0.04023999999999988,0
0.04024999999999988,0
0.04025999999999988,0
0.040269999999999875,0
0.04027999999999988,0
0.040289999999999875,0
0.04029999999999987,0
0.04030999999999987,0
0.04031999999999987,0
0.040329999999999866,0
0.04033999999999986,0
0.040349999999999865,0
0.04035999999999986,0
0.04036999999999986,0
0.040379999999999854,0
0.04038999999999986,0
0.04039999999999985,0
0.04040999999999985,0
0.04041999999999985,0
0.04042999999999985,0
0.040439999999999844,0
0.04044999999999984,0
0.04045999999999984,0
0.04046999999999984,0
0.040479999999999836,0
0.04048999999999984,0
0.040499999999999835,0
0.04050999999999983,0
0.04051999999999983,0
0.04052999999999983,0
0.040539999999999826,0
0.04054999999999982,0
0.04055999999999982,0
0.04056999999999982,0
0.04057999999999982,0
0.040589999999999814,0
0.04059999999999982,0
0.04060999999999981,0
0.04061999999999981,0
0.040629999999999805,0
0.04063999999999981,0
0.040649999999999804,0
0.0406599999999998,0
0.040669999999999804,0
0.0406799999999998,0
0.040689999999999796,0
0.04069999999999979,0
0.040709999999999795,0
0.04071999999999979,0
0.04072999999999979,0
0.04073999999999979,0
0.040749999999999786,0
0.04075999999999978,0
0.04076999999999978,0
0.04077999999999978,0
0.04078999999999978,0
0.040799999999999774,0
0.04080999999999978,0
0.04081999999999977,0
0.04082999999999977,0
0.040839999999999765,0
0.04084999999999977,0
0.040859999999999765,0
0.04086999999999976,0
0.040879999999999764,0
0.04088999999999976,0
0.040899999999999756,0
0.04090999999999975,0
0.040919999999999755,0
0.04092999999999975,0
0.04093999999999975,0
0.04094999999999975,0
0.04095999999999975,0
0.04096999999999974,0
0.04097999999999974,0
0.04098999999999974,0
0.04099999999999974,0
0.041009999999999734,0
0.04101999999999974,0
0.04102999999999973,0
0.04103999999999973,0
0.041049999999999726,0
0.04105999999999973,0
0.041069999999999725,0
0.04107999999999972,0
0.041089999999999724,0
0.04109999999999972,0
0.041109999999999716,0
0.04111999999999971,0
0.041129999999999715,0
0.04113999999999971,0
0.04114999999999971,0
0.04115999999999971,0
0.04116999999999971,0
0.0411799999999997,0
0.0411899999999997,0
0.0411999999999997,0
0.0412099999999997,0
0.041219999999999694,0
0.0412299999999997,0
0.041239999999999694,0
0.04124999999999969,0
0.041259999999999686,0
0.04126999999999969,0
0.041279999999999685,0
0.04128999999999968,0
0.041299999999999684,0
0.04130999999999968,0
0.041319999999999676,0
0.04132999999999967,0
0.041339999999999676,0
0.04134999999999967,0
0.04135999999999967,0
0.04136999999999967,0
0.04137999999999967,0
0.04138999999999966,0
0.04139999999999966,0
0.04140999999999966,0
0.04141999999999966,0
0.041429999999999655,0
0.04143999999999966,0
0.041449999999999654,0
0.04145999999999965,0
0.041469999999999646,0
0.04147999999999965,0
0.041489999999999645,0
0.04149999999999964,0
0.041509999999999644,0
0.04151999999999964,0
0.04152999999999964,0
0.04153999999999963,0
0.041549999999999636,0
0.04155999999999963,0
0.04156999999999963,0
0.04157999999999963,0
0.04158999999999963,0
0.04159999999999962,0
0.04160999999999962,0
0.04161999999999962,0
0.04162999999999962,0
0.041639999999999615,0
0.04164999999999962,0
0.041659999999999614,0
0.04166999999999961,0
0.041679999999999606,0
0.04168999999999961,0
0.041699999999999605,0
0.0417099999999996,0
0.041719999999999605,0
0.0417299999999996,0
0.0417399999999996,0
0.04174999999999959,0
0.041759999999999596,0
0.04176999999999959,0
0.04177999999999959,0
0.04178999999999959,0
0.04179999999999959,0
0.041809999999999584,0
0.04181999999999958,0
0.04182999999999958,0
0.04183999999999958,0
0.041849999999999575,0
0.04185999999999958,0
0.041869999999999574,0
0.04187999999999957,0
0.041889999999999566,0
0.04189999999999957,0
0.041909999999999566,0
0.04191999999999956,0
0.041929999999999565,0
0.04193999999999956,0
0.04194999999999956,0
0.04195999999999955,0
0.041969999999999556,0
0.04197999999999955,0
0.04198999999999955,0
0.04199999999999955,0
0.04200999999999955,0
0.042019999999999544,0
0.04202999999999954,0
0.04203999999999954,0
0.04204999999999954,0
0.042059999999999535,0
0.04206999999999954,0
0.042079999999999534,0
0.04208999999999953,0
0.04209999999999953,0
0.04210999999999953,0
0.042119999999999526,0
0.04212999999999952,0
0.042139999999999525,0
0.04214999999999952,0
0.04215999999999952,0
0.04216999999999951,0
0.042179999999999516,0
0.04218999999999951,0
0.04219999999999951,0
0.04220999999999951,0
0.04221999999999951,0
0.042229999999999504,0
0.0422399999999995,0
0.0422499999999995,0
0.0422599999999995,0
0.042269999999999495,0
0.0422799999999995,0
0.042289999999999495,0
0.04229999999999949,0
0.04230999999999949,0
0.04231999999999949,0
0.042329999999999486,0
0.04233999999999948,0
0.042349999999999485,0
0.04235999999999948,0
0.04236999999999948,0
0.042379999999999474,0
0.04238999999999948,0
0.04239999999999947,0
0.04240999999999947,0
0.04241999999999947,0
0.04242999999999947,0
0.042439999999999464,0
0.04244999999999946,0
0.04245999999999946,0
0.04246999999999946,0
0.042479999999999456,0
0.04248999999999946,0
0.042499999999999455,0
0.04250999999999945,0
0.04251999999999945,0
0.04252999999999945,0
0.042539999999999446,0
0.04254999999999944,0
0.042559999999999445,0
0.04256999999999944,0
0.04257999999999944,0
0.042589999999999434,0
0.04259999999999944,0
0.04260999999999943,0
0.04261999999999943,0
0.04262999999999943,0
0.04263999999999943,0
0.042649999999999424,0
0.04265999999999942,0
0.042669999999999424,0
0.04267999999999942,0
0.042689999999999416,0
0.04269999999999942,0
0.042709999999999415,0
0.04271999999999941,0
0.04272999999999941,0
0.04273999999999941,0
0.042749999999999407,0
0.0427599999999994,0
0.042769999999999406,0
0.0427799999999994,0
0.0427899999999994,0
0.042799999999999394,0
0.0428099999999994,0
0.04281999999999939,0
0.04282999999999939,0
0.04283999999999939,0
0.04284999999999939,0
0.042859999999999385,0
0.04286999999999938,0
0.042879999999999384,0
0.04288999999999938,0
0.042899999999999376,0
0.04290999999999938,0
0.042919999999999375,0
0.04292999999999937,0
0.04293999999999937,0
0.04294999999999937,0
0.04295999999999937,0
0.04296999999999936,0
0.042979999999999366,0
0.04298999999999936,0
0.04299999999999936,0
0.043009999999999354,0
0.04301999999999936,0
0.043029999999999353,0
0.04303999999999935,0
0.04304999999999935,0
0.04305999999999935,0
0.043069999999999345,0
0.04307999999999934,0
0.043089999999999344,0
0.04309999999999934,0
0.043109999999999336,0
0.04311999999999934,0
0.043129999999999336,0
0.04313999999999933,0
0.04314999999999933,0
0.04315999999999933,0
0.04316999999999933,0
0.04317999999999932,0
0.043189999999999326,0
0.04319999999999932,0
0.04320999999999932,0
0.043219999999999315,0
0.04322999999999932,0
0.043239999999999314,0
0.04324999999999931,0
0.04325999999999931,0
0.04326999999999931,0
0.043279999999999305,0
0.0432899999999993,0
0.043299999999999304,0
0.0433099999999993,0
0.0433199999999993,0
0.0433299999999993,0
0.043339999999999296,0
0.04334999999999929,0
0.04335999999999929,0
0.04336999999999929,0
0.04337999999999929,0
0.04338999999999928,0
0.043399999999999286,0
0.04340999999999928,0
0.04341999999999928,0
0.043429999999999275,0
0.04343999999999928,0
0.043449999999999274,0
0.04345999999999927,0
0.04346999999999927,0
0.04347999999999927,0
0.043489999999999265,0
0.04349999999999926,0
0.043509999999999265,0
0.04351999999999926,0
0.04352999999999926,0
0.04353999999999926,0
0.043549999999999256,0
0.04355999999999925,0
0.04356999999999925,0
0.04357999999999925,0
0.04358999999999925,0
0.043599999999999244,0
0.04360999999999925,0
0.04361999999999924,0
0.04362999999999924,0
0.043639999999999235,0
0.04364999999999924,0
0.043659999999999234,0
0.04366999999999923,0
0.04367999999999923,0
0.04368999999999923,0
0.043699999999999226,0
0.04370999999999922,0
0.043719999999999225,0
0.04372999999999922,0
0.04373999999999922,0
0.04374999999999922,0
0.043759999999999216,0
0.04376999999999921,0
0.04377999999999921,0
0.04378999999999921,0
0.04379999999999921,0
0.043809999999999204,0
0.04381999999999921,0
0.0438299999999992,0
0.0438399999999992,0
0.043849999999999195,0
0.0438599999999992,0
0.043869999999999194,0
0.04387999999999919,0
0.043889999999999194,0
0.04389999999999919,0
0.043909999999999186,0
0.04391999999999918,0
0.043929999999999185,0
0.04393999999999918,0
0.04394999999999918,0
0.04395999999999918,0
0.043969999999999176,0
0.04397999999999917,0
0.04398999999999917,0
0.04399999999999917,0
0.04400999999999917,0
0.044019999999999164,0
0.04402999999999917,0
0.04403999999999916,0
0.04404999999999916,0
0.044059999999999155,0
0.04406999999999916,0
0.044079999999999155,0
0.04408999999999915,0
0.044099999999999154,0
0.04410999999999915,0
0.044119999999999146,0
0.04412999999999914,0
0.044139999999999145,0
0.04414999999999914,0
0.04415999999999914,0
0.04416999999999914,0
0.04417999999999914,0
0.04418999999999913,0
0.04419999999999913,0
0.04420999999999913,0
0.04421999999999913,0
0.044229999999999124,0
0.04423999999999913,0
0.04424999999999912,0
0.04425999999999912,0
0.044269999999999116,0
0.04427999999999912,0
0.044289999999999115,0
0.04429999999999911,0
0.044309999999999114,0
0.04431999999999911,0
0.044329999999999106,0
0.0443399999999991,0
0.044349999999999105,0
0.0443599999999991,0
0.0443699999999991,0
0.0443799999999991,0
0.0443899999999991,0
0.04439999999999909,0
0.04440999999999909,0
0.04441999999999909,0
0.04442999999999909,0
0.044439999999999084,0
0.04444999999999909,0
0.044459999999999084,0
0.04446999999999908,0
0.044479999999999076,0
0.04448999999999908,0
0.044499999999999075,0
0.04450999999999907,0
0.044519999999999074,0
0.04452999999999907,0
0.044539999999999066,0
0.04454999999999906,0
0.044559999999999066,0
0.04456999999999906,0
0.04457999999999906,0
0.04458999999999906,0
0.04459999999999906,0
0.04460999999999905,0
0.04461999999999905,0
0.04462999999999905,0
0.04463999999999905,0
0.044649999999999045,0
0.04465999999999905,0
0.044669999999999044,0
0.04467999999999904,0
0.044689999999999036,0
0.04469999999999904,0
0.044709999999999035,0
0.04471999999999903,0
0.044729999999999034,0
0.04473999999999903,0
0.04474999999999903,0
0.04475999999999902,0
0.044769999999999026,0
0.04477999999999902,0
0.04478999999999902,0
0.04479999999999902,0
0.04480999999999902,0
0.04481999999999901,0
0.04482999999999901,0
0.04483999999999901,0
0.04484999999999901,0
0.044859999999999005,0
0.04486999999999901,0
0.044879999999999004,0
0.044889999999999,0
0.044899999999998996,0
0.044909999999999,0
0.044919999999998995,0
0.04492999999999899,0
0.044939999999998995,0
0.04494999999999899,0
0.04495999999999899,0
0.04496999999999898,0
0.044979999999998986,0
0.04498999999999898,0
0.04499999999999898,0
0.04500999999999898,0
0.04501999999999898,0
0.045029999999998974,0
0.04503999999999897,0
0.04504999999999897,0
0.04505999999999897,0
0.045069999999998965,0
0.04507999999999897,0
0.045089999999998964,0
0.04509999999999896,0
0.045109999999998956,0
0.04511999999999896,0
0.045129999999998956,0
0.04513999999999895,0
0.045149999999998955,0
0.04515999999999895,0
0.04516999999999895,0
0.04517999999999894,0
0.045189999999998946,0
0.04519999999999894,0
0.04520999999999894,0
0.04521999999999894,0
0.04522999999999894,0
0.045239999999998934,0
0.04524999999999893,0
0.04525999999999893,0
0.04526999999999893,0
0.045279999999998925,0
0.04528999999999893,0
0.045299999999998924,0
0.04530999999999892,0
0.04531999999999892,0
0.04532999999999892,0
0.045339999999998916,0
0.04534999999999891,0
0.045359999999998915,0
0.04536999999999891,0
0.04537999999999891,0
0.0453899999999989,0
0.045399999999998907,0
0.0454099999999989,0
0.0454199999999989,0
0.0454299999999989,0
0.0454399999999989,0
0.045449999999998894,0
0.04545999999999889,0
0.04546999999999889,0
0.04547999999999889,0
0.045489999999998885,0
0.04549999999999889,0
0.045509999999998885,0
0.04551999999999888,0
0.04552999999999888,0
0.04553999999999888,0
0.045549999999998876,0
0.04555999999999887,0
0.045569999999998875,0
0.04557999999999887,0
0.04558999999999887,0
0.045599999999998864,0
0.04560999999999887,0
0.04561999999999886,0
0.04562999999999886,0
0.04563999999999886,0
0.04564999999999886,0
0.045659999999998854,0
0.04566999999999885,0
0.04567999999999885,0
0.04568999999999885,0
0.045699999999998846,0
0.04570999999999885,0
0.045719999999998845,0
0.04572999999999884,0
0.04573999999999884,0
0.04574999999999884,0
0.045759999999998836,0
0.04576999999999883,0
0.045779999999998836,0
0.04578999999999883,0
0.04579999999999883,0
0.045809999999998824,0
0.04581999999999883,0
0.04582999999999882,0
0.04583999999999882,0
0.04584999999999882,0
0.04585999999999882,0
0.045869999999998814,0
0.04587999999999881,0
0.045889999999998814,0
0.04589999999999881,0
0.045909999999998806,0
0.04591999999999881,0
0.045929999999998805,0
0.0459399999999988,0
0.0459499999999988,0
0.0459599999999988,0
0.0459699999999988,0
0.04597999999999879,0
0.045989999999998796,0
0.04599999999999879,0
0.04600999999999879,0
0.046019999999998784,0
0.04602999999999879,0
0.04603999999999878,0
0.04604999999999878,0
0.04605999999999878,0
0.04606999999999878,0
0.046079999999998775,0
0.04608999999999877,0
0.046099999999998774,0
0.04610999999999877,0
0.046119999999998766,0
0.04612999999999877,0
0.046139999999998765,0
0.04614999999999876,0
0.04615999999999876,0
0.04616999999999876,0
0.04617999999999876,0
0.04618999999999875,0
0.046199999999998756,0
0.04620999999999875,0
0.04621999999999875,0
0.046229999999998744,0
0.04623999999999875,0
0.046249999999998744,0
0.04625999999999874,0
0.04626999999999874,0
0.04627999999999874,0
0.046289999999998735,0
0.04629999999999873,0
0.046309999999998734,0
0.04631999999999873,0
0.046329999999998726,0
0.04633999999999873,0
0.046349999999998726,0
0.04635999999999872,0
0.04636999999999872,0
0.04637999999999872,0
0.04638999999999872,0
0.04639999999999871,0
0.046409999999998716,0
0.04641999999999871,0
0.04642999999999871,0
0.046439999999998705,0
0.04644999999999871,0
0.046459999999998704,0
0.0464699999999987,0
0.0464799999999987,0
0.0464899999999987,0
0.046499999999998695,0
0.04650999999999869,0
0.046519999999998694,0
0.04652999999999869,0
0.04653999999999869,0
0.04654999999999869,0
0.046559999999998686,0
0.04656999999999868,0
0.04657999999999868,0
0.04658999999999868,0
0.04659999999999868,0
0.04660999999999867,0
0.046619999999998676,0
0.04662999999999867,0
0.04663999999999867,0
0.046649999999998665,0
0.04665999999999867,0
0.046669999999998664,0
0.04667999999999866,0
0.04668999999999866,0
0.04669999999999866,0
0.046709999999998655,0
0.04671999999999865,0
0.046729999999998655,0
0.04673999999999865,0
0.04674999999999865,0
0.04675999999999865,0
0.046769999999998646,0
0.04677999999999864,0
0.04678999999999864,0
0.04679999999999864,0
0.04680999999999864,0
0.046819999999998634,0
0.04682999999999864,0
0.04683999999999863,0
0.04684999999999863,0
0.046859999999998625,0
0.04686999999999863,0
0.046879999999998624,0
0.04688999999999862,0
0.04689999999999862,0
0.04690999999999862,0
0.046919999999998616,0
0.04692999999999861,0
0.046939999999998615,0
0.04694999999999861,0
0.04695999999999861,0
0.04696999999999861,0
0.046979999999998606,0
0.0469899999999986,0
0.0469999999999986,0
0.0470099999999986,0
0.0470199999999986,0
0.047029999999998594,0
0.0470399999999986,0
0.04704999999999859,0
0.04705999999999859,0
0.047069999999998585,0
0.04707999999999859,0
0.047089999999998584,0
0.04709999999999858,0
0.047109999999998584,0
0.04711999999999858,0
0.047129999999998576,0
0.04713999999999857,0
0.047149999999998575,0
0.04715999999999857,0
0.04716999999999857,0
0.04717999999999857,0
0.047189999999998566,0
0.04719999999999856,0
0.04720999999999856,0
0.04721999999999856,0
0.04722999999999856,0
0.047239999999998554,0
0.04724999999999856,0
0.04725999999999855,0
0.04726999999999855,0
0.047279999999998545,0
0.04728999999999855,0
0.047299999999998545,0
0.04730999999999854,0
0.047319999999998544,0
0.04732999999999854,0
0.047339999999998536,0
0.04734999999999853,0
0.047359999999998535,0
0.04736999999999853,0
0.04737999999999853,0
0.04738999999999853,0
0.04739999999999853,0
0.04740999999999852,0
0.04741999999999852,0
0.04742999999999852,0
0.04743999999999852,0
0.047449999999998514,0
0.04745999999999852,0
0.04746999999999851,0
0.04747999999999851,0
0.047489999999998506,0
0.04749999999999851,0
0.047509999999998505,0
0.0475199999999985,0
0.047529999999998504,0
0.0475399999999985,0
0.047549999999998496,0
0.04755999999999849,0
0.047569999999998495,0
0.04757999999999849,0
0.04758999999999849,0
0.04759999999999849,0
0.04760999999999849,0
0.04761999999999848,0
0.04762999999999848,0
0.04763999999999848,0
0.04764999999999848,0
0.047659999999998474,0
0.04766999999999848,0
0.047679999999998474,0
0.04768999999999847,0
0.047699999999998466,0
0.04770999999999847,0
0.047719999999998465,0
0.04772999999999846,0
0.047739999999998464,0
0.04774999999999846,0
0.047759999999998456,0
0.04776999999999845,0
0.047779999999998456,0
0.04778999999999845,0
0.04779999999999845,0
0.04780999999999845,0
0.04781999999999845,0
0.04782999999999844,0
0.04783999999999844,0
0.04784999999999844,0
0.04785999999999844,0
0.047869999999998435,0
0.04787999999999844,0
0.047889999999998434,0
0.04789999999999843,0
0.047909999999998426,0
0.04791999999999843,0
0.047929999999998425,0
0.04793999999999842,0
0.047949999999998424,0
0.04795999999999842,0
0.04796999999999842,0
0.04797999999999841,0
0.047989999999998416,0
0.04799999999999841,0
0.04800999999999841,0
0.048019999999998404,0
0.04802999999999841,0
0.0480399999999984,0
0.0480499999999984,0
0.0480599999999984,0
0.0480699999999984,0
0.048079999999998395,0
0.04808999999999839,0
0.048099999999998394,0
0.04810999999999839,0
0.048119999999998386,0
0.04812999999999839,0
0.048139999999998385,0
0.04814999999999838,0
0.04815999999999838,0
0.04816999999999838,0
0.04817999999999838,0
0.04818999999999837,0
0.048199999999998376,0
0.04820999999999837,0
0.04821999999999837,0
0.048229999999998364,0
0.04823999999999837,0
0.048249999999998364,0
0.04825999999999836,0
0.04826999999999836,0
0.04827999999999836,0
0.048289999999998355,0
0.04829999999999835,0
0.048309999999998354,0
0.04831999999999835,0
0.048329999999998347,0
0.04833999999999835,0
0.048349999999998346,0
0.04835999999999834,0
0.04836999999999834,0
0.04837999999999834,0
0.04838999999999834,0
0.04839999999999833,0
0.048409999999998336,0
0.04841999999999833,0
0.04842999999999833,0
0.048439999999998325,0
0.04844999999999833,0
0.048459999999998324,0
0.04846999999999832,0
0.04847999999999832,0
0.04848999999999832,0
0.048499999999998315,0
0.04850999999999831,0
0.048519999999998314,0
0.04852999999999831,0
0.04853999999999831,0
0.04854999999999831,0
0.048559999999998306,0
0.0485699999999983,0
0.0485799999999983,0
0.0485899999999983,0
0.0485999999999983,0
0.04860999999999829,0
0.048619999999998297,0
0.04862999999999829,0
0.04863999999999829,0
0.048649999999998285,0
0.04865999999999829,0
0.048669999999998284,0
0.04867999999999828,0
0.04868999999999828,0
0.04869999999999828,0
0.048709999999998276,0
0.04871999999999827,0
0.048729999999998275,0
0.04873999999999827,0
0.04874999999999827,0
0.04875999999999827,0
0.048769999999998266,0
0.04877999999999826,0
0.04878999999999826,0
0.04879999999999826,0
0.04880999999999826,0
0.048819999999998254,0
0.04882999999999826,0
0.04883999999999825,0
0.04884999999999825,0
0.048859999999998245,0
0.04886999999999825,0
0.048879999999998244,0
0.04888999999999824,0
0.048899999999998243,0
0.04890999999999824,0
0.048919999999998236,0
0.04892999999999823,0
0.048939999999998235,0
0.04894999999999823,0
0.04895999999999823,0
0.04896999999999823,0
0.048979999999998226,0
0.04898999999999822,0
0.04899999999999822,0
0.04900999999999822,0
0.04901999999999822,0
0.049029999999998214,0
0.04903999999999822,0
0.04904999999999821,0
0.04905999999999821,0
0.049069999999998205,0
0.04907999999999821,0
0.049089999999998205,0
0.0490999999999982,0
0.049109999999998204,0
0.0491199999999982,0
0.049129999999998196,0
0.04913999999999819,0
0.049149999999998195,0
0.04915999999999819,0
0.04916999999999819,0
0.04917999999999819,0
0.04918999999999819,0
0.04919999999999818,0
0.04920999999999818,0
0.04921999999999818,0
0.04922999999999818,0
0.049239999999998174,0
0.04924999999999818,0
0.04925999999999817,0
0.04926999999999817,0
0.049279999999998166,0
0.04928999999999817,0
0.049299999999998165,0
0.04930999999999816,0
0.049319999999998164,0
0.04932999999999816,0
0.049339999999998156,0
0.04934999999999815,0
0.049359999999998155,0
0.04936999999999815,0
0.04937999999999815,0
0.04938999999999815,0
0.04939999999999815,0
0.04940999999999814,0
0.04941999999999814,0
0.04942999999999814,0
0.04943999999999814,0
0.049449999999998134,0
0.04945999999999814,0
0.049469999999998134,0
0.04947999999999813,0
0.049489999999998126,0
0.04949999999999813,0
0.049509999999998125,0
0.04951999999999812,0
0.049529999999998124,0
0.04953999999999812,0
0.049549999999998116,0
0.04955999999999811,0
0.049569999999998116,0
0.04957999999999811,0
0.04958999999999811,0
0.04959999999999811,0
0.04960999999999811,0
0.0496199999999981,0
0.0496299999999981,0
0.0496399999999981,0
0.0496499999999981,0
0.049659999999998095,0
0.0496699999999981,0
0.049679999999998094,0
0.04968999999999809,0
0.049699999999998086,0
0.04970999999999809,0
0.049719999999998085,0
0.04972999999999808,0
0.049739999999998084,0
0.04974999999999808,0
0.04975999999999808,0
0.04976999999999807,0
0.049779999999998076,0
0.04978999999999807,0
0.04979999999999807,0
0.04980999999999807,0
0.04981999999999807,0
0.04982999999999806,0
0.04983999999999806,0
0.04984999999999806,0
0.04985999999999806,0
0.049869999999998055,0
0.04987999999999806,0
0.049889999999998054,0
0.04989999999999805,0
0.049909999999998046,0
0.04991999999999805,0
0.049929999999998045,0
0.04993999999999804,0
0.049949999999998045,0
0.04995999999999804,0
0.04996999999999804,0
0.04997999999999803,0
0.049989999999998036,0
0.04999999999999803,0
0.05000999999999803,0
0.05001999999999803,0
0.05002999999999803,0
0.050039999999998024,0
0.05004999999999802,0
0.05005999999999802,0
0.05006999999999802,0
0.050079999999998015,0
0.05008999999999802,0
0.050099999999998014,0
0.05010999999999801,0
0.050119999999998006,0
0.05012999999999801,0
0.050139999999998006,0
0.050149999999998,0
0.050159999999998005,0
0.050169999999998,0
0.050179999999998,0
0.05018999999999799,0
0.050199999999997996,0
0.05020999999999799,0
0.05021999999999799,0
0.05022999999999799,0
0.05023999999999799,0
0.050249999999997984,0
0.05025999999999798,0
0.05026999999999798,0
0.05027999999999798,0
0.050289999999997975,0
0.05029999999999798,0
0.050309999999997974,0
0.05031999999999797,0
0.05032999999999797,0
0.05033999999999797,0
0.050349999999997966,0
0.05035999999999796,0
0.050369999999997965,0
0.05037999999999796,0
0.05038999999999796,0
0.05039999999999795,0
0.050409999999997956,0
0.05041999999999795,0
0.05042999999999795,0
0.05043999999999795,0
0.05044999999999795,0
0.050459999999997944,0
0.05046999999999794,0
0.05047999999999794,0
0.05048999999999794,0
0.050499999999997935,0
0.05050999999999794,0
0.050519999999997935,0
0.05052999999999793,0
0.05053999999999793,0
0.05054999999999793,0
0.050559999999997926,0
0.05056999999999792,0
0.050579999999997925,0
0.05058999999999792,0
0.05059999999999792,0
0.050609999999997914,0
0.05061999999999792,0
0.05062999999999791,0
0.05063999999999791,0
0.05064999999999791,0
0.05065999999999791,0
0.050669999999997904,0
0.0506799999999979,0
0.0506899999999979,0
0.0506999999999979,0
0.050709999999997896,0
0.0507199999999979,0
0.050729999999997895,0
0.05073999999999789,0
0.05074999999999789,0
0.05075999999999789,0
0.050769999999997886,0
0.05077999999999788,0
0.050789999999997885,0
0.05079999999999788,0
0.05080999999999788,0
0.050819999999997874,0
0.05082999999999788,0
0.05083999999999787,0
0.05084999999999787,0
0.05085999999999787,0
0.05086999999999787,0
0.050879999999997864,0
0.05088999999999786,0
0.050899999999997864,0
0.05090999999999786,0
0.050919999999997856,0
0.05092999999999786,0
0.050939999999997855,0
0.05094999999999785,0
0.05095999999999785,0
0.05096999999999785,0
0.050979999999997846,0
0.05098999999999784,0
0.050999999999997846,0
0.05100999999999784,0
0.05101999999999784,0
0.051029999999997834,0
0.05103999999999784,0
0.05104999999999783,0
0.05105999999999783,0
0.05106999999999783,0
0.05107999999999783,0
0.051089999999997825,0
0.05109999999999782,0
0.051109999999997824,0
0.05111999999999782,0
0.051129999999997816,0
0.05113999999999782,0
0.051149999999997815,0
0.05115999999999781,0
0.05116999999999781,0
0.05117999999999781,0
0.05118999999999781,0
0.0511999999999978,0
0.051209999999997806,0
0.0512199999999978,0
0.0512299999999978,0
0.051239999999997794,0
0.0512499999999978,0
0.05125999999999779,0
0.05126999999999779,0
0.05127999999999779,0
0.05128999999999779,0
0.051299999999997785,0
0.05130999999999778,0
0.051319999999997784,0
0.05132999999999778,0
0.051339999999997776,0
0.05134999999999778,0
0.051359999999997775,0
0.05136999999999777,0
0.05137999999999777,0
0.05138999999999777,0
0.05139999999999777,0
0.05140999999999776,0
0.051419999999997766,0
0.05142999999999776,0
0.05143999999999776,0
0.051449999999997754,0
0.05145999999999776,0
0.051469999999997754,0
0.05147999999999775,0
0.05148999999999775,0
0.05149999999999775,0
0.051509999999997745,0
0.05151999999999774,0
0.051529999999997744,0
0.05153999999999774,0
0.051549999999997737,0
0.05155999999999774,0
0.051569999999997736,0
0.05157999999999773,0
0.05158999999999773,0
0.05159999999999773,0
0.05160999999999773,0
0.05161999999999772,0
0.051629999999997726,0
0.05163999999999772,0
0.05164999999999772,0
0.051659999999997715,0
0.05166999999999772,0
0.051679999999997714,0
0.05168999999999771,0
0.05169999999999771,0
0.05170999999999771,0
0.051719999999997705,0
0.0517299999999977,0
0.051739999999997704,0
0.0517499999999977,0
0.0517599999999977,0
0.0517699999999977,0
0.051779999999997696,0
0.05178999999999769,0
0.05179999999999769,0
0.05180999999999769,0
0.05181999999999769,0
0.051829999999997683,0
0.05183999999999769,0
0.05184999999999768,0
0.05185999999999768,0
0.051869999999997675,0
0.05187999999999768,0
0.051889999999997674,0
0.05189999999999767,0
0.05190999999999767,0
0.05191999999999767,0
0.051929999999997666,0
0.05193999999999766,0
0.051949999999997665,0
0.05195999999999766,0
0.05196999999999766,0
0.05197999999999766,0
0.051989999999997656,0
0.05199999999999765,0
0.05200999999999765,0
0.05201999999999765,0
0.05202999999999765,0
0.052039999999997644,0
0.05204999999999765,0
0.05205999999999764,0
0.05206999999999764,0
0.052079999999997635,0
0.05208999999999764,0
0.052099999999997634,0
0.05210999999999763,0
0.052119999999997633,0
0.05212999999999763,0
0.052139999999997626,0
0.05214999999999762,0
0.052159999999997625,0
0.05216999999999762,0
0.05217999999999762,0
0.05218999999999762,0
0.052199999999997616,0
0.05220999999999761,0
0.05221999999999761,0
0.05222999999999761,0
0.05223999999999761,0
0.052249999999997604,0
0.05225999999999761,0
0.0522699999999976,0
0.0522799999999976,0
0.052289999999997595,0
0.0522999999999976,0
0.052309999999997595,0
0.05231999999999759,0
0.052329999999997594,0
0.05233999999999759,0
0.052349999999997586,0
0.05235999999999758,0
0.052369999999997585,0
0.05237999999999758,0
0.05238999999999758,0
0.05239999999999758,0
0.05240999999999758,0
0.05241999999999757,0
0.05242999999999757,0
0.05243999999999757,0
0.05244999999999757,0
0.052459999999997564,0
0.05246999999999757,0
0.05247999999999756,0
0.05248999999999756,0
0.052499999999997556,0
0.05250999999999756,0
0.052519999999997555,0
0.05252999999999755,0
0.052539999999997554,0
0.05254999999999755,0
0.052559999999997546,0
0.05256999999999754,0
0.052579999999997545,0
0.05258999999999754,0
0.05259999999999754,0
0.05260999999999754,0
0.05261999999999754,0
0.05262999999999753,0
0.05263999999999753,0
0.05264999999999753,0
0.05265999999999753,0
0.052669999999997524,0
0.05267999999999753,0
0.052689999999997524,0
0.05269999999999752,0
0.052709999999997516,0
0.05271999999999752,0
0.052729999999997515,0
0.05273999999999751,0
0.052749999999997514,0
0.05275999999999751,0
0.052769999999997506,0
0.0527799999999975,0
0.052789999999997506,0
0.0527999999999975,0
0.0528099999999975,0
0.0528199999999975,0
0.0528299999999975,0
0.05283999999999749,0
0.05284999999999749,0
0.05285999999999749,0
0.05286999999999749,0
0.052879999999997485,0
0.05288999999999749,0
0.052899999999997484,0
0.05290999999999748,0
0.052919999999997476,0
0.05292999999999748,0
0.052939999999997475,0
0.05294999999999747,0
0.052959999999997474,0
0.05296999999999747,0
0.05297999999999747,0
0.05298999999999746,0
0.052999999999997466,0
0.05300999999999746,0
0.05301999999999746,0
0.05302999999999746,0
0.05303999999999746,0
0.05304999999999745,0
0.05305999999999745,0
0.05306999999999745,0
0.05307999999999745,0
0.053089999999997445,0
0.05309999999999745,0
0.053109999999997444,0
0.05311999999999744,0
0.053129999999997436,0
0.05313999999999744,0
0.053149999999997435,0
0.05315999999999743,0
0.053169999999997435,0
0.05317999999999743,0
0.05318999999999743,0
0.05319999999999742,0
0.053209999999997426,0
0.05321999999999742,0
0.05322999999999742,0
0.05323999999999742,0
0.05324999999999742,0
0.053259999999997414,0
0.05326999999999741,0
0.05327999999999741,0
0.05328999999999741,0
0.053299999999997405,0
0.05330999999999741,0
0.053319999999997404,0
0.0533299999999974,0
0.053339999999997396,0
0.0533499999999974,0
0.053359999999997396,0
0.05336999999999739,0
0.053379999999997395,0
0.05338999999999739,0
0.05339999999999739,0
0.05340999999999738,0
0.053419999999997386,0
0.05342999999999738,0
0.05343999999999738,0
0.05344999999999738,0
0.05345999999999738,0
0.053469999999997374,0
0.05347999999999737,0
0.05348999999999737,0
0.05349999999999737,0
0.053509999999997365,0
0.05351999999999737,0
0.053529999999997364,0
0.05353999999999736,0
0.05354999999999736,0
0.05355999999999736,0
0.053569999999997356,0
0.05357999999999735,0
0.053589999999997355,0
0.05359999999999735,0
0.05360999999999735,0
0.05361999999999734,0
0.053629999999997346,0
0.05363999999999734,0
0.05364999999999734,0
0.05365999999999734,0
0.05366999999999734,0
0.053679999999997334,0
0.05368999999999733,0
0.05369999999999733,0
0.05370999999999733,0
0.053719999999997325,0
0.05372999999999733,0
0.053739999999997325,0
0.05374999999999732,0
0.05375999999999732,0
0.05376999999999732,0
0.053779999999997316,0
0.05378999999999731,0
0.053799999999997315,0
0.05380999999999731,0
0.05381999999999731,0
0.053829999999997304,0
0.05383999999999731,0
0.0538499999999973,0
0.0538599999999973,0
0.0538699999999973,0
0.0538799999999973,0
0.053889999999997294,0
0.05389999999999729,0
0.05390999999999729,0
0.05391999999999729,0
0.053929999999997286,0
0.05393999999999729,0
0.053949999999997285,0
0.05395999999999728,0
0.05396999999999728,0
0.05397999999999728,0
0.053989999999997276,0
0.05399999999999727,0
0.054009999999997275,0
0.05401999999999727,0
0.05402999999999727,0
0.054039999999997264,0
0.05404999999999727,0
0.05405999999999726,0
0.05406999999999726,0
0.05407999999999726,0
0.05408999999999726,0
0.054099999999997254,0
0.05410999999999725,0
0.054119999999997254,0
0.05412999999999725,0
0.054139999999997246,0
0.05414999999999725,0
0.054159999999997245,0
0.05416999999999724,0
0.05417999999999724,0
0.05418999999999724,0
0.054199999999997236,0
0.05420999999999723,0
0.054219999999997236,0
0.05422999999999723,0
0.05423999999999723,0
0.054249999999997224,0
0.05425999999999723,0
0.05426999999999722,0
0.05427999999999722,0
0.05428999999999722,0
0.05429999999999722,0
0.054309999999997215,0
0.05431999999999721,0
0.054329999999997214,0
0.05433999999999721,0
0.054349999999997206,0
0.05435999999999721,0
0.054369999999997205,0
0.0543799999999972,0
0.0543899999999972,0
0.0543999999999972,0
0.0544099999999972,0
0.05441999999999719,0
0.054429999999997196,0
0.05443999999999719,0
0.05444999999999719,0
0.054459999999997184,0
0.05446999999999719,0
0.05447999999999718,0
0.05448999999999718,0
0.05449999999999718,0
0.05450999999999718,0
0.054519999999997175,0
0.05452999999999717,0
0.054539999999997174,0
0.05454999999999717,0
0.054559999999997166,0
0.05456999999999717,0
0.054579999999997166,0
0.05458999999999716,0
0.05459999999999716,0
0.05460999999999716,0
0.05461999999999716,0
0.05462999999999715,0
0.054639999999997156,0
0.05464999999999715,0
0.05465999999999715,0
0.054669999999997144,0
0.05467999999999715,0
0.054689999999997144,0
0.05469999999999714,0
0.05470999999999714,0
0.05471999999999714,0
0.054729999999997135,0
0.05473999999999713,0
0.054749999999997134,0
0.05475999999999713,0
0.05476999999999713,0
0.05477999999999713,0
0.054789999999997126,0
0.05479999999999712,0
0.05480999999999712,0
0.05481999999999712,0
0.05482999999999712,0
0.05483999999999711,0
0.054849999999997116,0
0.05485999999999711,0
0.05486999999999711,0
0.054879999999997105,0
0.05488999999999711,0
0.054899999999997104,0
0.0549099999999971,0
0.0549199999999971,0
0.0549299999999971,0
0.054939999999997095,0
0.05494999999999709,0
0.054959999999997095,0
0.05496999999999709,0
0.05497999999999709,0
0.05498999999999709,0
0.054999999999997086,0
0.05500999999999708,0
0.05501999999999708,0
0.05502999999999708,0
0.05503999999999708,0
0.055049999999997073,0
0.05505999999999708,0
0.05506999999999707,0
0.05507999999999707,0
0.055089999999997065,0
0.05509999999999707,0
0.055109999999997064,0
0.05511999999999706,0
0.05512999999999706,0
0.05513999999999706,0
0.055149999999997056,0
0.05515999999999705,0
0.055169999999997055,0
0.05517999999999705,0
0.05518999999999705,0
0.05519999999999705,0
0.055209999999997046,0
0.05521999999999704,0
0.05522999999999704,0
0.05523999999999704,0
0.05524999999999704,0
0.055259999999997034,0
0.05526999999999704,0
0.05527999999999703,0
0.05528999999999703,0
0.055299999999997025,0
0.05530999999999703,0
0.055319999999997024,0
0.05532999999999702,0
0.055339999999997024,0
0.05534999999999702,0
0.055359999999997016,0
0.05536999999999701,0
0.055379999999997015,0
0.05538999999999701,0
0.05539999999999701,0
0.05540999999999701,0
0.055419999999997006,0
0.055429999999997,0
0.055439999999997,0
0.055449999999997,0
0.055459999999997,0
0.055469999999996994,0
0.05547999999999699,0
0.05548999999999699,0
0.05549999999999699,0
0.055509999999996985,0
0.05551999999999699,0
0.055529999999996985,0
0.05553999999999698,0
0.05554999999999698,0
0.05555999999999698,0
0.055569999999996976,0
0.05557999999999697,0
0.055589999999996975,0
0.05559999999999697,0
0.05560999999999697,0
0.055619999999996964,0
0.05562999999999697,0
0.05563999999999696,0
0.05564999999999696,0
0.05565999999999696,0
0.05566999999999696,0
0.055679999999996954,0
0.05568999999999695,0
0.05569999999999695,0
0.05570999999999695,0
0.055719999999996946,0
0.05572999999999695,0
0.055739999999996945,0
0.05574999999999694,0
0.05575999999999694,0
0.05576999999999694,0
0.055779999999996936,0
0.05578999999999693,0
0.055799999999996935,0
0.05580999999999693,0
0.05581999999999693,0
0.055829999999996924,0
0.05583999999999693,0
0.05584999999999692,0
0.05585999999999692,0
0.05586999999999692,0
0.05587999999999692,0
0.055889999999996914,0
0.05589999999999691,0
0.055909999999996914,0
0.05591999999999691,0
0.055929999999996906,0
0.05593999999999691,0
0.055949999999996905,0
0.0559599999999969,0
0.0559699999999969,0
0.0559799999999969,0
0.055989999999996896,0
0.05599999999999689,0
0.056009999999996896,0
0.05601999999999689,0
0.05602999999999689,0
0.056039999999996884,0
0.05604999999999689,0
0.05605999999999688,0
0.05606999999999688,0
0.05607999999999688,0
0.05608999999999688,0
0.056099999999996875,0
0.05610999999999687,0
0.056119999999996874,0
0.05612999999999687,0
0.056139999999996866,0
0.05614999999999687,0
0.056159999999996865,0
0.05616999999999686,0
0.05617999999999686,0
0.05618999999999686,0
0.05619999999999686,0
0.05620999999999685,0
0.056219999999996856,0
0.05622999999999685,0
0.05623999999999685,0
0.056249999999996844,0
0.05625999999999685,0
0.05626999999999684,0
0.05627999999999684,0
0.05628999999999684,0
0.05629999999999684,0
0.056309999999996835,0
0.05631999999999683,0
0.056329999999996834,0
0.05633999999999683,0
0.056349999999996826,0
0.05635999999999683,0
0.056369999999996825,0
0.05637999999999682,0
0.05638999999999682,0
0.05639999999999682,0
0.05640999999999682,0
0.05641999999999681,0
0.056429999999996816,0
0.05643999999999681,0
0.05644999999999681,0
0.056459999999996804,0
0.05646999999999681,0
0.056479999999996804,0
0.0564899999999968,0
0.0564999999999968,0
0.0565099999999968,0
0.056519999999996795,0
0.05652999999999679,0
0.056539999999996794,0
0.05654999999999679,0
0.056559999999996786,0
0.05656999999999679,0
0.056579999999996786,0
0.05658999999999678,0
0.05659999999999678,0
0.05660999999999678,0
0.05661999999999678,0
0.05662999999999677,0
0.056639999999996776,0
0.05664999999999677,0
0.05665999999999677,0
0.056669999999996765,0
0.05667999999999677,0
0.056689999999996764,0
0.05669999999999676,0
0.05670999999999676,0
0.05671999999999676,0
0.056729999999996755,0
0.05673999999999675,0
0.056749999999996754,0
0.05675999999999675,0
0.05676999999999675,0
0.05677999999999675,0
0.056789999999996746,0
0.05679999999999674,0
0.05680999999999674,0
0.05681999999999674,0
0.05682999999999674,0
0.05683999999999673,0
0.056849999999996736,0
0.05685999999999673,0
0.05686999999999673,0
0.056879999999996725,0
0.05688999999999673,0
0.056899999999996724,0
0.05690999999999672,0
0.05691999999999672,0
0.05692999999999672,0
0.056939999999996715,0
0.05694999999999671,0
0.056959999999996715,0
0.05696999999999671,0
0.05697999999999671,0
0.05698999999999671,0
0.056999999999996706,0
0.0570099999999967,0
0.0570199999999967,0
0.0570299999999967,0
0.0570399999999967,0
0.057049999999996694,0
0.0570599999999967,0
0.05706999999999669,0
0.05707999999999669,0
0.057089999999996685,0
0.05709999999999669,0
0.057109999999996684,0
0.05711999999999668,0
0.05712999999999668,0
0.05713999999999668,0
0.057149999999996676,0
0.05715999999999667,0
0.057169999999996675,0
0.05717999999999667,0
0.05718999999999667,0
0.05719999999999667,0
0.057209999999996666,0
0.05721999999999666,0
0.05722999999999666,0
0.05723999999999666,0
0.05724999999999666,0
0.057259999999996654,0
0.05726999999999666,0
0.05727999999999665,0
0.05728999999999665,0
0.057299999999996645,0
0.05730999999999665,0
0.057319999999996644,0
0.05732999999999664,0
0.057339999999996644,0
0.05734999999999664,0
0.057359999999996636,0
0.05736999999999663,0
0.057379999999996635,0
0.05738999999999663,0
0.05739999999999663,0
0.05740999999999663,0
0.057419999999996627,0
0.05742999999999662,0
0.05743999999999662,0
0.05744999999999662,0
0.05745999999999662,0
0.057469999999996614,0
0.05747999999999662,0
0.05748999999999661,0
0.05749999999999661,0
0.057509999999996606,0
0.05751999999999661,0
0.057529999999996605,0
0.0575399999999966,0
0.057549999999996604,0
0.0575599999999966,0
0.057569999999996596,0
0.05757999999999659,0
0.057589999999996595,0
0.05759999999999659,0
0.05760999999999659,0
0.05761999999999659,0
0.05762999999999659,0
0.05763999999999658,0
0.05764999999999658,0
0.05765999999999658,0
0.05766999999999658,0
0.057679999999996574,0
0.05768999999999658,0
0.057699999999996573,0
0.05770999999999657,0
0.057719999999996566,0
0.05772999999999657,0
0.057739999999996565,0
0.05774999999999656,0
0.057759999999996564,0
0.05776999999999656,0
0.057779999999996556,0
0.05778999999999655,0
0.057799999999996556,0
0.05780999999999655,0
0.05781999999999655,0
0.05782999999999655,0
0.05783999999999655,0
0.05784999999999654,0
0.05785999999999654,0
0.05786999999999654,0
0.05787999999999654,0
0.057889999999996535,0
0.05789999999999654,0
0.057909999999996534,0
0.05791999999999653,0
0.057929999999996526,0
0.05793999999999653,0
0.057949999999996525,0
0.05795999999999652,0
0.057969999999996524,0
0.05797999999999652,0
0.05798999999999652,0
0.05799999999999651,0
0.058009999999996516,0
0.05801999999999651,0
0.05802999999999651,0
0.05803999999999651,0
0.05804999999999651,0
0.0580599999999965,0
0.0580699999999965,0
0.0580799999999965,0
0.0580899999999965,0
0.058099999999996495,0
0.0581099999999965,0
0.058119999999996494,0
0.05812999999999649,0
0.058139999999996486,0
0.05814999999999649,0
0.058159999999996485,0
0.05816999999999648,0
0.058179999999996485,0
0.05818999999999648,0
0.05819999999999648,0
0.05820999999999647,0
0.058219999999996476,0
0.05822999999999647,0
0.05823999999999647,0
0.05824999999999647,0
0.05825999999999647,0
0.058269999999996464,0
0.05827999999999646,0
0.05828999999999646,0
0.05829999999999646,0
0.058309999999996455,0
0.05831999999999646,0
0.058329999999996454,0
0.05833999999999645,0
0.058349999999996446,0
0.05835999999999645,0
0.058369999999996446,0
0.05837999999999644,0
0.058389999999996445,0
0.05839999999999644,0
0.05840999999999644,0
0.05841999999999643,0
0.058429999999996436,0
0.05843999999999643,0
0.05844999999999643,0
0.05845999999999643,0
0.05846999999999643,0
0.058479999999996424,0
0.05848999999999642,0
0.05849999999999642,0
0.05850999999999642,0
0.058519999999996415,0
0.05852999999999642,0
0.058539999999996414,0
0.05854999999999641,0
0.05855999999999641,0
0.05856999999999641,0
0.058579999999996406,0
0.0585899999999964,0
0.058599999999996405,0
0.0586099999999964,0
0.0586199999999964,0
0.05862999999999639,0
0.058639999999996396,0
0.05864999999999639,0
0.05865999999999639,0
0.05866999999999639,0
0.05867999999999639,0
0.058689999999996384,0
0.05869999999999638,0
0.05870999999999638,0
0.05871999999999638,0
0.058729999999996375,0
0.05873999999999638,0
0.058749999999996375,0
0.05875999999999637,0
0.05876999999999637,0
0.05877999999999637,0
0.058789999999996366,0
0.05879999999999636,0
0.058809999999996365,0
0.05881999999999636,0
0.05882999999999636,0
0.058839999999996354,0
0.05884999999999636,0
0.05885999999999635,0
0.05886999999999635,0
0.05887999999999635,0
0.05888999999999635,0
0.058899999999996344,0
0.05890999999999634,0
0.05891999999999634,0
0.05892999999999634,0
0.058939999999996336,0
0.05894999999999634,0
0.058959999999996335,0
0.05896999999999633,0
0.05897999999999633,0
0.05898999999999633,0
0.058999999999996326,0
0.05900999999999632,0
0.059019999999996325,0
0.05902999999999632,0
0.05903999999999632,0
0.059049999999996314,0
0.05905999999999632,0
0.05906999999999631,0
0.05907999999999631,0
0.05908999999999631,0
0.05909999999999631,0
0.059109999999996304,0
0.0591199999999963,0
0.059129999999996304,0
0.0591399999999963,0
0.059149999999996296,0
0.0591599999999963,0
0.059169999999996295,0
0.05917999999999629,0
0.05918999999999629,0
0.05919999999999629,0
0.059209999999996286,0
0.05921999999999628,0
0.059229999999996286,0
0.05923999999999628,0
0.05924999999999628,0
0.059259999999996274,0
0.05926999999999628,0
0.05927999999999627,0
0.05928999999999627,0
0.05929999999999627,0
0.05930999999999627,0
0.059319999999996265,0
0.05932999999999626,0
0.059339999999996264,0
0.05934999999999626,0
0.059359999999996256,0
0.05936999999999626,0
0.059379999999996255,0
0.05938999999999625,0
0.05939999999999625,0
0.05940999999999625,0
0.05941999999999625,0
0.05942999999999624,0
0.059439999999996246,0
0.05944999999999624,0
0.05945999999999624,0
0.059469999999996234,0
0.05947999999999624,0
0.05948999999999623,0
0.05949999999999623,0
0.05950999999999623,0
0.05951999999999623,0
0.059529999999996225,0
0.05953999999999622,0
0.059549999999996224,0
0.05955999999999622,0
0.059569999999996216,0
0.05957999999999622,0
0.059589999999996215,0
0.05959999999999621,0
0.059609999999996215,0
0.05961999999999622,0
0.059629999999996214,0
0.05963999999999621,0
0.05964999999999621,0
0.05965999999999621,0
0.059669999999996205,0
0.0596799999999962,0
0.059689999999996204,0
0.0596999999999962,0
0.0597099999999962,0
0.0597199999999962,0
0.059729999999996196,0
0.05973999999999619,0
0.05974999999999619,0
0.05975999999999619,0
0.05976999999999619,0
0.05977999999999618,0
0.059789999999996186,0
0.05979999999999618,0
0.05980999999999618,0
0.059819999999996175,0
0.05982999999999618,0
0.059839999999996174,0
0.05984999999999617,0
0.05985999999999617,0
0.05986999999999617,0
0.059879999999996165,0
0.05988999999999616,0
0.059899999999996165,0
0.05990999999999616,0
0.05991999999999616,0
0.05992999999999616,0
0.059939999999996156,0
0.05994999999999615,0
0.05995999999999615,0
0.05996999999999615,0
0.05997999999999615,0
0.059989999999996144,0
0.05999999999999615,0
0.06000999999999614,0
0.06001999999999614,0
0.060029999999996135,0
0.06003999999999614,0
0.060049999999996134,0
0.06005999999999613,0
0.06006999999999613,0
0.06007999999999613,0
0.060089999999996126,0
0.06009999999999612,0
0.060109999999996125,0
0.06011999999999612,0
0.06012999999999612,0
0.06013999999999612,0
0.060149999999996116,0
0.06015999999999611,0
0.06016999999999611,0
0.06017999999999611,0
0.06018999999999611,0
0.060199999999996104,0
0.06020999999999611,0
0.0602199999999961,0
0.0602299999999961,0
0.060239999999996095,0
0.0602499999999961,0
0.060259999999996094,0
0.06026999999999609,0
0.060279999999996094,0
0.06028999999999609,0
0.060299999999996086,0
0.06030999999999608,0
0.060319999999996085,0
0.06032999999999608,0
0.06033999999999608,0
0.06034999999999608,0
0.060359999999996077,0
0.06036999999999607,0
0.06037999999999607,0
0.06038999999999607,0
0.06039999999999607,0
0.060409999999996064,0
0.06041999999999607,0
0.06042999999999606,0
0.06043999999999606,0
0.060449999999996055,0
0.06045999999999606,0
0.060469999999996055,0
0.06047999999999605,0
0.06048999999999605,0
0.06049999999999605,0
0.060509999999996046,0
0.06051999999999604,0
0.060529999999996045,0
0.06053999999999604,0
0.06054999999999604,0
0.060559999999996034,0
0.06056999999999604,0
0.06057999999999603,0
0.06058999999999603,0
0.06059999999999603,0
0.06060999999999603,0
0.060619999999996024,0
0.06062999999999602,0
0.060639999999996023,0
0.06064999999999602,0
0.060659999999996016,0
0.06066999999999602,0
0.060679999999996015,0
0.06068999999999601,0
0.06069999999999601,0
0.06070999999999601,0
0.060719999999996006,0
0.060729999999996,0
0.060739999999996006,0
0.060749999999996,0
0.060759999999996,0
0.060769999999995994,0
0.060779999999996,0
0.06078999999999599,0
0.06079999999999599,0
0.06080999999999599,0
0.06081999999999599,0
0.060829999999995985,0
0.06083999999999598,0
0.060849999999995984,0
0.06085999999999598,0
0.060869999999995976,0
0.06087999999999598,0
0.060889999999995975,0
0.06089999999999597,0
0.06090999999999597,0
0.06091999999999597,0
0.06092999999999597,0
0.06093999999999596,0
0.060949999999995966,0
0.06095999999999596,0
0.06096999999999596,0
0.060979999999995954,0
0.06098999999999596,0
0.06099999999999595,0
0.06100999999999595,0
0.06101999999999595,0
0.06102999999999595,0
0.061039999999995945,0
0.06104999999999594,0
0.061059999999995944,0
0.06106999999999594,0
0.061079999999995936,0
0.06108999999999594,0
0.061099999999995935,0
0.06110999999999593,0
0.06111999999999593,0
0.06112999999999593,0
0.06113999999999593,0
0.06114999999999592,0
0.061159999999995926,0
0.06116999999999592,0
0.06117999999999592,0
0.061189999999995914,0
0.06119999999999592,0
0.061209999999995914,0
0.06121999999999591,0
0.06122999999999591,0
0.06123999999999591,0
0.061249999999995905,0
0.0612599999999959,0
0.061269999999995904,0
0.0612799999999959,0
0.061289999999995896,0
0.0612999999999959,0
0.061309999999995896,0
0.06131999999999589,0
0.06132999999999589,0
0.06133999999999589,0
0.06134999999999589,0
0.06135999999999588,0
0.061369999999995886,0
0.06137999999999588,0
0.06138999999999588,0
0.061399999999995875,0
0.06140999999999588,0
0.061419999999995874,0
0.06142999999999587,0
0.06143999999999587,0
0.06144999999999587,0
0.061459999999995865,0
0.06146999999999586,0
0.061479999999995864,0
0.06148999999999586,0
0.06149999999999586,0
0.06150999999999586,0
0.061519999999995856,0
0.06152999999999585,0
0.06153999999999585,0
0.06154999999999585,0
0.06155999999999585,0
0.06156999999999584,0
0.061579999999995846,0
0.06158999999999584,0
0.06159999999999584,0
0.061609999999995835,0
0.06161999999999584,0
0.061629999999995834,0
0.06163999999999583,0
0.06164999999999583,0
0.06165999999999583,0
0.061669999999995825,0
0.06167999999999582,0
0.061689999999995825,0
0.06169999999999582,0
0.06170999999999582,0
0.06171999999999582,0
0.061729999999995816,0
0.06173999999999581,0
0.06174999999999581,0
0.06175999999999581,0
0.06176999999999581,0
0.061779999999995804,0
0.06178999999999581,0
0.0617999999999958,0
0.0618099999999958,0
0.061819999999995795,0
0.0618299999999958,0
0.061839999999995794,0
0.06184999999999579,0
0.06185999999999579,0
0.06186999999999579,0
0.061879999999995786,0
0.06188999999999578,0
0.061899999999995785,0
0.06190999999999578,0
0.06191999999999578,0
0.06192999999999578,0
0.061939999999995776,0
0.06194999999999577,0
0.06195999999999577,0
0.06196999999999577,0
0.06197999999999577,0
0.061989999999995764,0
0.06199999999999577,0
0.06200999999999576,0
0.06201999999999576,0
0.062029999999995755,0
0.06203999999999576,0
0.062049999999995754,0
0.06205999999999575,0
0.062069999999995754,0
0.06207999999999575,0
0.062089999999995746,0
0.06209999999999574,0
0.062109999999995745,0
0.06211999999999574,0
0.06212999999999574,0
0.06213999999999574,0
0.062149999999995736,0
0.06215999999999573,0
0.06216999999999573,0
0.06217999999999573,0
0.06218999999999573,0
0.062199999999995724,0
0.06220999999999573,0
0.06221999999999572,0
0.06222999999999572,0
0.062239999999995715,0
0.06224999999999572,0
0.062259999999995715,0
0.06226999999999571,0
0.062279999999995714,0
0.06228999999999571,0
0.062299999999995706,0
0.0623099999999957,0
0.062319999999995705,0
0.0623299999999957,0
0.0623399999999957,0
0.0623499999999957,0
0.0623599999999957,0
0.06236999999999569,0
0.06237999999999569,0
0.06238999999999569,0
0.06239999999999569,0
0.062409999999995684,0
0.06241999999999569,0
0.06242999999999568,0
0.06243999999999568,0
0.062449999999995676,0
0.06245999999999568,0
0.062469999999995675,0
0.06247999999999567,0
0.062489999999995674,0
0.06249999999999567,0
0.06250999999999567,0
0.06251999999999566,0
0.06252999999999566,0
0.06253999999999567,0
0.06254999999999566,0
0.06255999999999566,0
0.06256999999999566,0
0.06257999999999565,0
0.06258999999999565,0
0.06259999999999565,0
0.06260999999999566,0
0.06261999999999565,0
0.06262999999999565,0
0.06263999999999564,0
0.06264999999999564,0
0.06265999999999564,0
0.06266999999999563,0
0.06267999999999564,0
0.06268999999999564,0
0.06269999999999563,0
0.06270999999999563,0
0.06271999999999563,0
0.06272999999999562,0
0.06273999999999562,0
0.06274999999999563,0
0.06275999999999562,0
0.06276999999999562,0
0.06277999999999562,0
0.06278999999999561,0
0.06279999999999561,0
0.0628099999999956,0
0.06281999999999562,0
0.06282999999999561,0
0.06283999999999561,0
0.0628499999999956,0
0.0628599999999956,0
0.0628699999999956,0
0.06287999999999559,0
0.0628899999999956,0
0.0628999999999956,0
0.0629099999999956,0
0.06291999999999559,0
0.06292999999999559,0
0.06293999999999558,0
0.06294999999999558,0
0.06295999999999559,0
0.06296999999999559,0
0.06297999999999558,0
0.06298999999999558,0
0.06299999999999557,0
0.06300999999999557,0
0.06301999999999557,0
0.06302999999999558,0
0.06303999999999557,0
0.06304999999999557,0
0.06305999999999556,0
0.06306999999999556,0
0.06307999999999556,0
0.06308999999999555,0
0.06309999999999556,0
0.06310999999999556,0
0.06311999999999555,0
0.06312999999999555,0
0.06313999999999555,0
0.06314999999999554,0
0.06315999999999554,0
0.06316999999999555,0
0.06317999999999555,0
0.06318999999999554,0
0.06319999999999554,0
0.06320999999999553,0
0.06321999999999553,0
0.06322999999999553,0
0.06323999999999554,0
0.06324999999999553,0
0.06325999999999553,0
0.06326999999999552,0
0.06327999999999552,0
0.06328999999999552,0
0.06329999999999551,0
0.06330999999999552,0
0.06331999999999552,0
0.06332999999999551,0
0.06333999999999551,0
0.06334999999999551,0
0.0633599999999955,0
0.0633699999999955,0
0.06337999999999551,0
0.0633899999999955,0
0.0633999999999955,0
0.0634099999999955,0
0.0634199999999955,0
0.06342999999999549,0
0.06343999999999549,0
0.0634499999999955,0
0.06345999999999549,0
0.06346999999999549,0
0.06347999999999548,0
0.06348999999999548,0
0.06349999999999548,0
0.06350999999999547,0
0.06351999999999548,0
0.06352999999999548,0
0.06353999999999548,0
0.06354999999999547,0
0.06355999999999547,0
0.06356999999999546,0
0.06357999999999546,0
0.06358999999999547,0
0.06359999999999547,0
0.06360999999999546,0
0.06361999999999546,0
0.06362999999999545,0
0.06363999999999545,0
0.06364999999999545,0
0.06365999999999546,0
0.06366999999999545,0
0.06367999999999545,0
0.06368999999999544,0
0.06369999999999544,0
0.06370999999999544,0
0.06371999999999543,0
0.06372999999999544,0
0.06373999999999544,0
0.06374999999999544,0
0.06375999999999543,0
0.06376999999999543,0
0.06377999999999542,0
0.06378999999999542,0
0.06379999999999543,0
0.06380999999999543,0
0.06381999999999542,0
0.06382999999999542,0
0.06383999999999541,0
0.06384999999999541,0
0.0638599999999954,0
0.06386999999999542,0
0.06387999999999541,0
0.06388999999999541,0
0.0638999999999954,0
0.0639099999999954,0
0.0639199999999954,0
0.0639299999999954,0
0.0639399999999954,0
0.0639499999999954,0
0.0639599999999954,0
0.06396999999999539,0
0.06397999999999539,0
0.06398999999999538,0
0.06399999999999538,0
0.06400999999999539,0
0.06401999999999539,0
0.06402999999999538,0
0.06403999999999538,0
0.06404999999999537,0
0.06405999999999537,0
0.06406999999999537,0
0.06407999999999538,0
0.06408999999999537,0
0.06409999999999537,0
0.06410999999999537,0
0.06411999999999536,0
0.06412999999999536,0
0.06413999999999535,0
0.06414999999999536,0
0.06415999999999536,0
0.06416999999999536,0
0.06417999999999535,0
0.06418999999999535,0
0.06419999999999534,0
0.06420999999999534,0
0.06421999999999534,0
0.06422999999999535,0
0.06423999999999534,0
0.06424999999999534,0
0.06425999999999533,0
0.06426999999999533,0
0.06427999999999533,0
0.06428999999999532,0
0.06429999999999533,0
0.06430999999999533,0
0.06431999999999533,0
0.06432999999999532,0
0.06433999999999532,0
0.06434999999999531,0
0.06435999999999531,0
0.06436999999999532,0
0.06437999999999532,0
0.06438999999999531,0
0.06439999999999531,0
0.0644099999999953,0
0.0644199999999953,0
0.0644299999999953,0
0.0644399999999953,0
0.0644499999999953,0
0.0644599999999953,0
0.0644699999999953,0
0.06447999999999529,0
0.06448999999999529,0
0.06449999999999528,0
0.0645099999999953,0
0.06451999999999529,0
0.06452999999999529,0
0.06453999999999528,0
0.06454999999999528,0
0.06455999999999527,0
0.06456999999999527,0
0.06457999999999528,0
0.06458999999999528,0
0.06459999999999527,0
0.06460999999999527,0
0.06461999999999526,0
0.06462999999999526,0
0.06463999999999526,0
0.06464999999999527,0
0.06465999999999526,0
0.06466999999999526,0
0.06467999999999526,0
0.06468999999999525,0
0.06469999999999525,0
0.06470999999999524,0
0.06471999999999525,0
0.06472999999999525,0
0.06473999999999525,0
0.06474999999999524,0
0.06475999999999524,0
0.06476999999999523,0
0.06477999999999523,0
0.06478999999999524,0
0.06479999999999524,0
0.06480999999999523,0
0.06481999999999523,0
0.06482999999999522,0
0.06483999999999522,0
0.06484999999999522,0
0.06485999999999523,0
0.06486999999999522,0
0.06487999999999522,0
0.06488999999999522,0
0.06489999999999521,0
0.06490999999999521,0
0.0649199999999952,0
0.06492999999999521,0
0.06493999999999521,0
0.0649499999999952,0
0.0649599999999952,0
0.0649699999999952,0
0.0649799999999952,0
0.06498999999999519,0
0.0649999999999952,0
0.0650099999999952,0
0.06501999999999519,0
0.06502999999999519,0
0.06503999999999518,0
0.06504999999999518,0
0.06505999999999518,0
0.06506999999999519,0
0.06507999999999518,0
0.06508999999999518,0
0.06509999999999518,0
0.06510999999999517,0
0.06511999999999517,0
0.06512999999999516,0
0.06513999999999517,0
0.06514999999999517,0
0.06515999999999517,0
0.06516999999999516,0
0.06517999999999516,0
0.06518999999999515,0
0.06519999999999515,0
0.06520999999999516,0
0.06521999999999516,0
0.06522999999999515,0
0.06523999999999515,0
0.06524999999999515,0
0.06525999999999514,0
0.06526999999999514,0
0.06527999999999515,0
0.06528999999999514,0
0.06529999999999514,0
0.06530999999999514,0
0.06531999999999513,0
0.06532999999999513,0
0.06533999999999512,0
0.06534999999999513,0
0.06535999999999513,0
0.06536999999999513,0
0.06537999999999512,0
0.06538999999999512,0
0.06539999999999511,0
0.06540999999999511,0
0.06541999999999512,0
0.06542999999999512,0
0.06543999999999511,0
0.06544999999999511,0
0.0654599999999951,0
0.0654699999999951,0
0.0654799999999951,0
0.06548999999999511,0
0.0654999999999951,0
0.0655099999999951,0
0.0655199999999951,0
0.06552999999999509,0
0.06553999999999509,0
0.06554999999999508,0
0.0655599999999951,0
0.06556999999999509,0
0.06557999999999509,0
0.06558999999999508,0
0.06559999999999508,0
0.06560999999999508,0
0.06561999999999507,0
0.06562999999999508,0
0.06563999999999508,0
0.06564999999999507,0
0.06565999999999507,0
0.06566999999999507,0
0.06567999999999506,0
0.06568999999999506,0
0.06569999999999507,0
0.06570999999999506,0
0.06571999999999506,0
0.06572999999999506,0
0.06573999999999505,0
0.06574999999999505,0
0.06575999999999504,0
0.06576999999999505,0
0.06577999999999505,0
0.06578999999999505,0
0.06579999999999504,0
0.06580999999999504,0
0.06581999999999504,0
0.06582999999999503,0
0.06583999999999504,0
0.06584999999999504,0
0.06585999999999503,0
0.06586999999999503,0
0.06587999999999503,0
0.06588999999999502,0
0.06589999999999502,0
0.06590999999999503,0
0.06591999999999502,0
0.06592999999999502,0
0.06593999999999502,0
0.06594999999999501,0
0.06595999999999501,0
0.065969999999995,0
0.06597999999999501,0
0.06598999999999501,0
0.06599999999999501,0
0.066009999999995,0
0.066019999999995,0
0.066029999999995,0
0.06603999999999499,0
0.066049999999995,0
0.066059999999995,0
0.066069999999995,0
0.06607999999999499,0
0.06608999999999499,0
0.06609999999999498,0
0.06610999999999498,0
0.06611999999999499,0
0.06612999999999498,0
0.06613999999999498,0
0.06614999999999498,0
0.06615999999999497,0
0.06616999999999497,0
0.06617999999999497,0
0.06618999999999498,0
0.06619999999999497,0
0.06620999999999497,0
0.06621999999999496,0
0.06622999999999496,0
0.06623999999999496,0
0.06624999999999495,0
0.06625999999999496,0
0.06626999999999496,0
0.06627999999999495,0
0.06628999999999495,0
0.06629999999999495,0
0.06630999999999494,0
0.06631999999999494,0
0.06632999999999495,0
0.06633999999999494,0
0.06634999999999494,0
0.06635999999999494,0
0.06636999999999493,0
0.06637999999999493,0
0.06638999999999493,0
0.06639999999999494,0
0.06640999999999493,0
0.06641999999999493,0
0.06642999999999492,0
0.06643999999999492,0
0.06644999999999492,0
0.06645999999999491,0
0.06646999999999492,0
0.06647999999999492,0
0.06648999999999491,0
0.06649999999999491,0
0.0665099999999949,0
0.0665199999999949,0
0.0665299999999949,0
0.06653999999999491,0
0.0665499999999949,0
0.0665599999999949,0
0.0665699999999949,0
0.0665799999999949,0
0.06658999999999489,0
0.06659999999999489,0
0.0666099999999949,0
0.06661999999999489,0
0.06662999999999489,0
0.06663999999999488,0
0.06664999999999488,0
0.06665999999999488,0
0.06666999999999487,0
0.06667999999999488,0
0.06668999999999488,0
0.06669999999999487,0
0.06670999999999487,0
0.06671999999999487,0
0.06672999999999486,0
0.06673999999999486,0
0.06674999999999487,0
0.06675999999999487,0
0.06676999999999486,0
0.06677999999999486,0
0.06678999999999485,0
0.06679999999999485,0
0.06680999999999485,0
0.06681999999999486,0
0.06682999999999485,0
0.06683999999999485,0
0.06684999999999484,0
0.06685999999999484,0
0.06686999999999484,0
0.06687999999999483,0
0.06688999999999484,0
0.06689999999999484,0
0.06690999999999483,0
0.06691999999999483,0
0.06692999999999483,0
0.06693999999999482,0
0.06694999999999482,0
0.06695999999999483,0
0.06696999999999483,0
0.06697999999999482,0
0.06698999999999482,0
0.06699999999999481,0
0.06700999999999481,0
0.0670199999999948,0
0.06702999999999482,0
0.06703999999999481,0
0.06704999999999481,0
0.0670599999999948,0
0.0670699999999948,0
0.0670799999999948,0
0.06708999999999479,0
0.0670999999999948,0
0.0671099999999948,0
0.0671199999999948,0
0.06712999999999479,0
0.06713999999999479,0
0.06714999999999478,0
0.06715999999999478,0
0.06716999999999479,0
0.06717999999999479,0
0.06718999999999478,0
0.06719999999999478,0
0.06720999999999477,0
0.06721999999999477,0
0.06722999999999477,0
0.06723999999999478,0
0.06724999999999477,0
0.06725999999999477,0
0.06726999999999476,0
0.06727999999999476,0
0.06728999999999476,0
0.06729999999999475,0
0.06730999999999476,0
0.06731999999999476,0
0.06732999999999476,0
0.06733999999999475,0
0.06734999999999475,0
0.06735999999999474,0
0.06736999999999474,0
0.06737999999999475,0
0.06738999999999475,0
0.06739999999999474,0
0.06740999999999474,0
0.06741999999999473,0
0.06742999999999473,0
0.06743999999999473,0
0.06744999999999474,0
0.06745999999999473,0
0.06746999999999473,0
0.06747999999999472,0
0.06748999999999472,0
0.06749999999999472,0
0.06750999999999471,0
0.06751999999999472,0
0.06752999999999472,0
0.06753999999999472,0
0.06754999999999471,0
0.06755999999999471,0
0.0675699999999947,0
0.0675799999999947,0
0.06758999999999471,0
0.0675999999999947,0
0.0676099999999947,0
0.0676199999999947,0
0.0676299999999947,0
0.06763999999999469,0
0.06764999999999469,0
0.0676599999999947,0
0.06766999999999469,0
0.06767999999999469,0
0.06768999999999468,0
0.06769999999999468,0
0.06770999999999468,0
0.06771999999999467,0
0.06772999999999468,0
0.06773999999999468,0
0.06774999999999468,0
0.06775999999999467,0
0.06776999999999467,0
0.06777999999999466,0
0.06778999999999466,0
0.06779999999999467,0
0.06780999999999467,0
0.06781999999999466,0
0.06782999999999466,0
0.06783999999999465,0
0.06784999999999465,0
0.06785999999999465,0
0.06786999999999466,0
0.06787999999999465,0
0.06788999999999465,0
0.06789999999999465,0
0.06790999999999464,0
0.06791999999999464,0
0.06792999999999463,0
0.06793999999999464,0
0.06794999999999464,0
0.06795999999999464,0
0.06796999999999463,0
0.06797999999999463,0
0.06798999999999462,0
0.06799999999999462,0
0.06800999999999463,0
0.06801999999999463,0
0.06802999999999462,0
0.06803999999999462,0
0.06804999999999461,0
0.06805999999999461,0
0.06806999999999461,0
0.06807999999999462,0
0.06808999999999461,0
0.06809999999999461,0
0.0681099999999946,0
0.0681199999999946,0
0.0681299999999946,0
0.0681399999999946,0
0.0681499999999946,0
0.0681599999999946,0
0.0681699999999946,0
0.06817999999999459,0
0.06818999999999459,0
0.06819999999999458,0
0.06820999999999458,0
0.06821999999999459,0
0.06822999999999459,0
0.06823999999999458,0
0.06824999999999458,0
0.06825999999999458,0
0.06826999999999457,0
0.06827999999999457,0
0.06828999999999458,0
0.06829999999999457,0
0.06830999999999457,0
0.06831999999999457,0
0.06832999999999456,0
0.06833999999999456,0
0.06834999999999455,0
0.06835999999999456,0
0.06836999999999456,0
0.06837999999999456,0
0.06838999999999455,0
0.06839999999999455,0
0.06840999999999454,0
0.06841999999999454,0
0.06842999999999455,0
0.06843999999999455,0
0.06844999999999454,0
0.06845999999999454,0
0.06846999999999454,0
0.06847999999999453,0
0.06848999999999453,0
0.06849999999999454,0
0.06850999999999453,0
0.06851999999999453,0
0.06852999999999453,0
0.06853999999999452,0
0.06854999999999452,0
0.06855999999999451,0
0.06856999999999452,0
0.06857999999999452,0
0.06858999999999452,0
0.06859999999999451,0
0.06860999999999451,0
0.0686199999999945,0
0.0686299999999945,0
0.06863999999999451,0
0.06864999999999451,0
0.0686599999999945,0
0.0686699999999945,0
0.0686799999999945,0
0.06868999999999449,0
0.06869999999999449,0
0.0687099999999945,0
0.0687199999999945,0
0.06872999999999449,0
0.06873999999999449,0
0.06874999999999448,0
0.06875999999999448,0
0.06876999999999447,0
0.06877999999999448,0
0.06878999999999448,0
0.06879999999999448,0
0.06880999999999447,0
0.06881999999999447,0
0.06882999999999447,0
0.06883999999999446,0
0.06884999999999447,0
0.06885999999999447,0
0.06886999999999446,0
0.06887999999999446,0
0.06888999999999446,0
0.06889999999999445,0
0.06890999999999445,0
0.06891999999999446,0
0.06892999999999445,0
0.06893999999999445,0
0.06894999999999445,0
0.06895999999999444,0
0.06896999999999444,0
0.06897999999999443,0
0.06898999999999444,0
0.06899999999999444,0
0.06900999999999444,0
0.06901999999999443,0
0.06902999999999443,0
0.06903999999999443,0
0.06904999999999442,0
0.06905999999999443,0
0.06906999999999443,0
0.06907999999999442,0
0.06908999999999442,0
0.06909999999999442,0
0.06910999999999441,0
0.06911999999999441,0
0.06912999999999442,0
0.06913999999999441,0
0.06914999999999441,0
0.0691599999999944,0
0.0691699999999944,0
0.0691799999999944,0
0.0691899999999944,0
0.0691999999999944,0
0.0692099999999944,0
0.0692199999999944,0
0.0692299999999944,0
0.06923999999999439,0
0.06924999999999439,0
0.06925999999999438,0
0.06926999999999439,0
0.06927999999999439,0
0.06928999999999438,0
0.06929999999999438,0
0.06930999999999438,0
0.06931999999999437,0
0.06932999999999437,0
0.06933999999999438,0
0.06934999999999437,0
0.06935999999999437,0
0.06936999999999437,0
0.06937999999999436,0
0.06938999999999436,0
0.06939999999999436,0
0.06940999999999437,0
0.06941999999999436,0
0.06942999999999436,0
0.06943999999999435,0
0.06944999999999435,0
0.06945999999999435,0
0.06946999999999434,0
0.06947999999999435,0
0.06948999999999435,0
0.06949999999999434,0
0.06950999999999434,0
0.06951999999999434,0
0.06952999999999433,0
0.06953999999999433,0
0.06954999999999434,0
0.06955999999999433,0
0.06956999999999433,0
0.06957999999999433,0
0.06958999999999432,0
0.06959999999999432,0
0.06960999999999432,0
0.06961999999999433,0
0.06962999999999432,0
0.06963999999999432,0
0.06964999999999431,0
0.06965999999999431,0
0.0696699999999943,0
0.0696799999999943,0
0.06968999999999431,0
0.06969999999999431,0
0.0697099999999943,0
0.0697199999999943,0
0.0697299999999943,0
0.06973999999999429,0
0.06974999999999429,0
0.0697599999999943,0
0.0697699999999943,0
0.06977999999999429,0
0.06978999999999429,0
0.06979999999999428,0
0.06980999999999428,0
0.06981999999999428,0
0.06982999999999429,0
0.06983999999999428,0
0.06984999999999428,0
0.06985999999999427,0
0.06986999999999427,0
0.06987999999999427,0
0.06988999999999426,0
0.06989999999999427,0
0.06990999999999427,0
0.06991999999999426,0
0.06992999999999426,0
0.06993999999999426,0
0.06994999999999425,0
0.06995999999999425,0
0.06996999999999426,0
0.06997999999999426,0
0.06998999999999425,0
0.06999999999999425,0
0.07000999999999424,0
0.07001999999999424,0
0.07002999999999424,0
0.07003999999999425,0
0.07004999999999424,0
0.07005999999999424,0
0.07006999999999423,0
0.07007999999999423,0
0.07008999999999423,0
0.07009999999999422,0
0.07010999999999423,0
0.07011999999999423,0
0.07012999999999422,0
0.07013999999999422,0
0.07014999999999422,0
0.07015999999999421,0
0.07016999999999421,0
0.07017999999999422,0
0.07018999999999422,0
0.07019999999999421,0
0.07020999999999421,0
0.0702199999999942,0
0.0702299999999942,0
0.0702399999999942,0
0.0702499999999942,0
0.0702599999999942,0
0.0702699999999942,0
0.0702799999999942,0
0.07028999999999419,0
0.07029999999999419,0
0.07030999999999418,0
0.07031999999999419,0
0.07032999999999419,0
0.07033999999999418,0
0.07034999999999418,0
0.07035999999999418,0
0.07036999999999417,0
0.07037999999999417,0
0.07038999999999418,0
0.07039999999999418,0
0.07040999999999417,0
0.07041999999999417,0
0.07042999999999416,0
0.07043999999999416,0
0.07044999999999416,0
0.07045999999999417,0
0.07046999999999416,0
0.07047999999999416,0
0.07048999999999415,0
0.07049999999999415,0
0.07050999999999415,0
0.07051999999999414,0
0.07052999999999415,0
0.07053999999999415,0
0.07054999999999415,0
0.07055999999999414,0
0.07056999999999414,0
0.07057999999999413,0
0.07058999999999413,0
0.07059999999999414,0
0.07060999999999414,0
0.07061999999999413,0
0.07062999999999413,0
0.07063999999999412,0
0.07064999999999412,0
0.07065999999999412,0
0.07066999999999413,0
0.07067999999999412,0
0.07068999999999412,0
0.07069999999999411,0
0.07070999999999411,0
0.07071999999999411,0
0.0707299999999941,0
0.07073999999999411,0
0.07074999999999411,0
0.0707599999999941,0
0.0707699999999941,0
0.0707799999999941,0
0.0707899999999941,0
0.07079999999999409,0
0.0708099999999941,0
0.0708199999999941,0
0.07082999999999409,0
0.07083999999999409,0
0.07084999999999408,0
0.07085999999999408,0
0.07086999999999408,0
0.07087999999999409,0
0.07088999999999408,0
0.07089999999999408,0
0.07090999999999407,0
0.07091999999999407,0
0.07092999999999407,0
0.07093999999999406,0
0.07094999999999407,0
0.07095999999999407,0
0.07096999999999407,0
0.07097999999999406,0
0.07098999999999406,0
0.07099999999999405,0
0.07100999999999405,0
0.07101999999999406,0
0.07102999999999406,0
0.07103999999999405,0
0.07104999999999405,0
0.07105999999999404,0
0.07106999999999404,0
0.07107999999999404,0
0.07108999999999405,0
0.07109999999999404,0
0.07110999999999404,0
0.07111999999999404,0
0.07112999999999403,0
0.07113999999999403,0
0.07114999999999402,0
0.07115999999999403,0
0.07116999999999403,0
0.07117999999999403,0
0.07118999999999402,0
0.07119999999999402,0
0.07120999999999401,0
0.07121999999999401,0
0.07122999999999402,0
0.07123999999999402,0
0.07124999999999401,0
0.07125999999999401,0
0.071269999999994,0
0.071279999999994,0
0.071289999999994,0
0.07129999999999401,0
0.071309999999994,0
0.071319999999994,0
0.071329999999994,0
0.07133999999999399,0
0.07134999999999399,0
0.07135999999999398,0
0.071369999999994,0
0.07137999999999399,0
0.07138999999999399,0
0.07139999999999398,0
0.07140999999999398,0
0.07141999999999397,0
0.07142999999999397,0
0.07143999999999398,0
0.07144999999999398,0
0.07145999999999397,0
0.07146999999999397,0
0.07147999999999397,0
0.07148999999999396,0
0.07149999999999396,0
0.07150999999999397,0
0.07151999999999396,0
0.07152999999999396,0
0.07153999999999396,0
0.07154999999999395,0
0.07155999999999395,0
0.07156999999999394,0
0.07157999999999395,0
0.07158999999999395,0
0.07159999999999395,0
0.07160999999999394,0
0.07161999999999394,0
0.07162999999999393,0
0.07163999999999393,0
0.07164999999999394,0
0.07165999999999394,0
0.07166999999999393,0
0.07167999999999393,0
0.07168999999999393,0
0.07169999999999392,0
0.07170999999999392,0
0.07171999999999393,0
0.07172999999999392,0
0.07173999999999392,0
0.07174999999999392,0
0.07175999999999391,0
0.07176999999999391,0
0.0717799999999939,0
0.07178999999999391,0
0.07179999999999391,0
0.0718099999999939,0
0.0718199999999939,0
0.0718299999999939,0
0.0718399999999939,0
0.07184999999999389,0
0.0718599999999939,0
0.0718699999999939,0
0.0718799999999939,0
0.07188999999999389,0
0.07189999999999389,0
0.07190999999999388,0
0.07191999999999388,0
0.07192999999999389,0
0.07193999999999388,0
0.07194999999999388,0
0.07195999999999388,0
0.07196999999999387,0
0.07197999999999387,0
0.07198999999999386,0
0.07199999999999387,0
0.07200999999999387,0
0.07201999999999387,0
0.07202999999999386,0
0.07203999999999386,0
0.07204999999999386,0
0.07205999999999385,0
0.07206999999999386,0
0.07207999999999386,0
0.07208999999999385,0
0.07209999999999385,0
0.07210999999999385,0
0.07211999999999384,0
0.07212999999999384,0
0.07213999999999385,0
0.07214999999999384,0
0.07215999999999384,0
0.07216999999999384,0
0.07217999999999383,0
0.07218999999999383,0
0.07219999999999382,0
0.07220999999999383,0
0.07221999999999383,0
0.07222999999999383,0
0.07223999999999382,0
0.07224999999999382,0
0.07225999999999382,0
0.07226999999999381,0
0.07227999999999382,0
0.07228999999999382,0
0.07229999999999381,0
0.07230999999999381,0
0.0723199999999938,0
0.0723299999999938,0
0.0723399999999938,0
0.07234999999999381,0
0.0723599999999938,0
0.0723699999999938,0
0.0723799999999938,0
0.07238999999999379,0
0.07239999999999379,0
0.07240999999999378,0
0.0724199999999938,0
0.07242999999999379,0
0.07243999999999379,0
0.07244999999999378,0
0.07245999999999378,0
0.07246999999999378,0
0.07247999999999377,0
0.07248999999999378,0
0.07249999999999378,0
0.07250999999999377,0
0.07251999999999377,0
0.07252999999999377,0
0.07253999999999376,0
0.07254999999999376,0
0.07255999999999377,0
0.07256999999999376,0
0.07257999999999376,0
0.07258999999999376,0
0.07259999999999375,0
0.07260999999999375,0
0.07261999999999375,0
0.07262999999999376,0
0.07263999999999375,0
0.07264999999999375,0
0.07265999999999374,0
0.07266999999999374,0
0.07267999999999374,0
0.07268999999999373,0
0.07269999999999374,0
0.07270999999999374,0
0.07271999999999373,0
0.07272999999999373,0
0.07273999999999373,0
0.07274999999999372,0
0.07275999999999372,0
0.07276999999999373,0
0.07277999999999372,0
0.07278999999999372,0
0.07279999999999372,0
0.07280999999999371,0
0.07281999999999371,0
0.0728299999999937,0
0.07283999999999372,0
0.07284999999999371,0
0.07285999999999371,0
0.0728699999999937,0
0.0728799999999937,0
0.0728899999999937,0
0.07289999999999369,0
0.0729099999999937,0
0.0729199999999937,0
0.0729299999999937,0
0.07293999999999369,0
0.07294999999999369,0
0.07295999999999368,0
0.07296999999999368,0
0.07297999999999369,0
0.07298999999999368,0
0.07299999999999368,0
0.07300999999999368,0
0.07301999999999367,0
0.07302999999999367,0
0.07303999999999367,0
0.07304999999999368,0
0.07305999999999367,0
0.07306999999999367,0
0.07307999999999366,0
0.07308999999999366,0
0.07309999999999366,0
0.07310999999999365,0
0.07311999999999366,0
0.07312999999999366,0
0.07313999999999365,0
0.07314999999999365,0
0.07315999999999365,0
0.07316999999999364,0
0.07317999999999364,0
0.07318999999999365,0
0.07319999999999365,0
0.07320999999999364,0
0.07321999999999364,0
0.07322999999999363,0
0.07323999999999363,0
0.07324999999999363,0
0.07325999999999364,0
0.07326999999999363,0
0.07327999999999363,0
0.07328999999999362,0
0.07329999999999362,0
0.07330999999999362,0
0.07331999999999361,0
0.07332999999999362,0
0.07333999999999362,0
0.07334999999999361,0
0.07335999999999361,0
0.07336999999999361,0
0.0733799999999936,0
0.0733899999999936,0
0.07339999999999361,0
0.0734099999999936,0
0.0734199999999936,0
0.0734299999999936,0
0.0734399999999936,0
0.07344999999999359,0
0.07345999999999359,0
0.0734699999999936,0
0.07347999999999359,0
0.07348999999999359,0
0.07349999999999358,0
0.07350999999999358,0
0.07351999999999358,0
0.07352999999999357,0
0.07353999999999358,0
0.07354999999999358,0
0.07355999999999357,0
0.07356999999999357,0
0.07357999999999357,0
0.07358999999999356,0
0.07359999999999356,0
0.07360999999999357,0
0.07361999999999357,0
0.07362999999999356,0
0.07363999999999356,0
0.07364999999999355,0
0.07365999999999355,0
0.07366999999999355,0
0.07367999999999356,0
0.07368999999999355,0
0.07369999999999355,0
0.07370999999999354,0
0.07371999999999354,0
0.07372999999999354,0
0.07373999999999353,0
0.07374999999999354,0
0.07375999999999354,0
0.07376999999999354,0
0.07377999999999353,0
0.07378999999999353,0
0.07379999999999352,0
0.07380999999999352,0
0.07381999999999353,0
0.07382999999999353,0
0.07383999999999352,0
0.07384999999999352,0
0.07385999999999351,0
0.07386999999999351,0
0.0738799999999935,0
0.07388999999999352,0
0.07389999999999351,0
0.07390999999999351,0
0.0739199999999935,0
0.0739299999999935,0
0.0739399999999935,0
0.0739499999999935,0
0.0739599999999935,0
0.0739699999999935,0
0.0739799999999935,0
0.07398999999999349,0
0.07399999999999349,0
0.07400999999999348,0
0.07401999999999348,0
0.07402999999999349,0
0.07403999999999349,0
0.07404999999999348,0
0.07405999999999348,0
0.07406999999999347,0
0.07407999999999347,0
0.07408999999999347,0
0.07409999999999348,0
0.07410999999999347,0
0.07411999999999347,0
0.07412999999999347,0
0.07413999999999346,0
0.07414999999999346,0
0.07415999999999345,0
0.07416999999999346,0
0.07417999999999346,0
0.07418999999999346,0
0.07419999999999345,0
0.07420999999999345,0
0.07421999999999344,0
0.07422999999999344,0
0.07423999999999345,0
0.07424999999999345,0
0.07425999999999344,0
0.07426999999999344,0
0.07427999999999343,0
0.07428999999999343,0
0.07429999999999343,0
0.07430999999999344,0
0.07431999999999343,0
0.07432999999999343,0
0.07433999999999343,0
0.07434999999999342,0
0.07435999999999342,0
0.07436999999999341,0
0.07437999999999342,0
0.07438999999999342,0
0.07439999999999342,0
0.07440999999999341,0
0.07441999999999341,0
0.0744299999999934,0
0.0744399999999934,0
0.07444999999999341,0
0.0744599999999934,0
0.0744699999999934,0
0.0744799999999934,0
0.0744899999999934,0
0.07449999999999339,0
0.07450999999999339,0
0.0745199999999934,0
0.0745299999999934,0
0.07453999999999339,0
0.07454999999999339,0
0.07455999999999338,0
0.07456999999999338,0
0.07457999999999337,0
0.07458999999999338,0
0.07459999999999338,0
0.07460999999999338,0
0.07461999999999337,0
0.07462999999999337,0
0.07463999999999336,0
0.07464999999999336,0
0.07465999999999337,0
0.07466999999999337,0
0.07467999999999336,0
0.07468999999999336,0
0.07469999999999336,0
0.07470999999999335,0
0.07471999999999335,0
0.07472999999999336,0
0.07473999999999335,0
0.07474999999999335,0
0.07475999999999335,0
0.07476999999999334,0
0.07477999999999334,0
0.07478999999999333,0
0.07479999999999334,0
0.07480999999999334,0
0.07481999999999334,0
0.07482999999999333,0
0.07483999999999333,0
0.07484999999999332,0
0.07485999999999332,0
0.07486999999999333,0
0.07487999999999333,0
0.07488999999999332,0
0.07489999999999332,0
0.07490999999999332,0
0.07491999999999331,0
0.07492999999999331,0
0.07493999999999332,0
0.07494999999999331,0
0.07495999999999331,0
0.0749699999999933,0
0.0749799999999933,0
0.0749899999999933,0
0.0749999999999933,0
0.0750099999999933,0
0.0750199999999933,0
0.0750299999999933,0
0.07503999999999329,0
0.07504999999999329,0
0.07505999999999328,0
0.07506999999999328,0
0.07507999999999329,0
0.07508999999999329,0
0.07509999999999328,0
0.07510999999999328,0
0.07511999999999328,0
0.07512999999999327,0
0.07513999999999327,0
0.07514999999999328,0
0.07515999999999327,0
0.07516999999999327,0
0.07517999999999327,0
0.07518999999999326,0
0.07519999999999326,0
0.07520999999999325,0
0.07521999999999326,0
0.07522999999999326,0
0.07523999999999326,0
0.07524999999999325,0
0.07525999999999325,0
0.07526999999999325,0
0.07527999999999324,0
0.07528999999999325,0
0.07529999999999325,0
0.07530999999999324,0
0.07531999999999324,0
0.07532999999999324,0
0.07533999999999323,0
0.07534999999999323,0
0.07535999999999324,0
0.07536999999999323,0
0.07537999999999323,0
0.07538999999999323,0
0.07539999999999322,0
0.07540999999999322,0
0.07541999999999321,0
0.07542999999999322,0
0.07543999999999322,0
0.07544999999999322,0
0.07545999999999321,0
0.07546999999999321,0
0.0754799999999932,0
0.0754899999999932,0
0.07549999999999321,0
0.07550999999999321,0
0.0755199999999932,0
0.0755299999999932,0
0.0755399999999932,0
0.07554999999999319,0
0.07555999999999319,0
0.0755699999999932,0
0.0755799999999932,0
0.07558999999999319,0
0.07559999999999319,0
0.07560999999999318,0
0.07561999999999318,0
0.07562999999999317,0
0.07563999999999318,0
0.07564999999999318,0
0.07565999999999318,0
0.07566999999999317,0
0.07567999999999317,0
0.07568999999999317,0
0.07569999999999316,0
0.07570999999999317,0
0.07571999999999317,0
0.07572999999999316,0
0.07573999999999316,0
0.07574999999999316,0
0.07575999999999315,0
0.07576999999999315,0
0.07577999999999316,0
0.07578999999999315,0
0.07579999999999315,0
0.07580999999999315,0
0.07581999999999314,0
0.07582999999999314,0
0.07583999999999314,0
0.07584999999999315,0
0.07585999999999314,0
0.07586999999999314,0
0.07587999999999313,0
0.07588999999999313,0
0.07589999999999313,0
0.07590999999999312,0
0.07591999999999313,0
0.07592999999999313,0
0.07593999999999312,0
0.07594999999999312,0
0.07595999999999312,0
0.07596999999999311,0
0.07597999999999311,0
0.07598999999999312,0
0.07599999999999311,0
0.07600999999999311,0
0.07601999999999311,0
0.0760299999999931,0
0.0760399999999931,0
0.0760499999999931,0
0.0760599999999931,0
0.0760699999999931,0
0.0760799999999931,0
0.0760899999999931,0
0.07609999999999309,0
0.07610999999999309,0
0.07611999999999308,0
0.07612999999999309,0
0.07613999999999309,0
0.07614999999999308,0
0.07615999999999308,0
0.07616999999999308,0
0.07617999999999307,0
0.07618999999999307,0
0.07619999999999308,0
0.07620999999999307,0
0.07621999999999307,0
0.07622999999999307,0
0.07623999999999306,0
0.07624999999999306,0
0.07625999999999306,0
0.07626999999999307,0
0.07627999999999306,0
0.07628999999999306,0
0.07629999999999305,0
0.07630999999999305,0
0.07631999999999305,0
0.07632999999999304,0
0.07633999999999305,0
0.07634999999999305,0
0.07635999999999304,0
0.07636999999999304,0
0.07637999999999304,0
0.07638999999999303,0
0.07639999999999303,0
0.07640999999999304,0
0.07641999999999304,0
0.07642999999999303,0
0.07643999999999303,0
0.07644999999999302,0
0.07645999999999302,0
0.07646999999999302,0
0.07647999999999303,0
0.07648999999999302,0
0.07649999999999302,0
0.07650999999999301,0
0.07651999999999301,0
0.076529999999993,0
0.076539999999993,0
0.07654999999999301,0
0.07655999999999301,0
0.076569999999993,0
0.076579999999993,0
0.076589999999993,0
0.076599999999993,0
0.07660999999999299,0
0.076619999999993,0
0.076629999999993,0
0.07663999999999299,0
0.07664999999999299,0
0.07665999999999298,0
0.07666999999999298,0
0.07667999999999298,0
0.07668999999999299,0
0.07669999999999298,0
0.07670999999999298,0
0.07671999999999297,0
0.07672999999999297,0
0.07673999999999297,0
0.07674999999999296,0
0.07675999999999297,0
0.07676999999999297,0
0.07677999999999296,0
0.07678999999999296,0
0.07679999999999296,0
0.07680999999999295,0
0.07681999999999295,0
0.07682999999999296,0
0.07683999999999296,0
0.07684999999999295,0
0.07685999999999295,0
0.07686999999999294,0
0.07687999999999294,0
0.07688999999999294,0
0.07689999999999295,0
0.07690999999999294,0
0.07691999999999294,0
0.07692999999999293,0
0.07693999999999293,0
0.07694999999999293,0
0.07695999999999292,0
0.07696999999999293,0
0.07697999999999293,0
0.07698999999999293,0
0.07699999999999292,0
0.07700999999999292,0
0.07701999999999291,0
0.07702999999999291,0
0.07703999999999292,0
0.07704999999999292,0
0.07705999999999291,0
0.07706999999999291,0
0.0770799999999929,0
0.0770899999999929,0
0.0770999999999929,0
0.0771099999999929,0
0.0771199999999929,0
0.0771299999999929,0
0.0771399999999929,0
0.07714999999999289,0
0.07715999999999289,0
0.07716999999999288,0
0.0771799999999929,0
0.07718999999999289,0
0.07719999999999289,0
0.07720999999999288,0
0.07721999999999288,0
0.07722999999999287,0
0.07723999999999287,0
0.07724999999999288,0
0.07725999999999288,0
0.07726999999999287,0
0.07727999999999287,0
0.07728999999999286,0
0.07729999999999286,0
0.07730999999999286,0
0.07731999999999287,0
0.07732999999999286,0
0.07733999999999286,0
0.07734999999999286,0
0.07735999999999285,0
0.07736999999999285,0
0.07737999999999284,0
0.07738999999999285,0
0.07739999999999285,0
0.07740999999999285,0
0.07741999999999284,0
0.07742999999999284,0
0.07743999999999283,0
0.07744999999999283,0
0.07745999999999284,0
0.07746999999999284,0
0.07747999999999283,0
0.07748999999999283,0
0.07749999999999282,0
0.07750999999999282,0
0.07751999999999282,0
0.07752999999999283,0
0.07753999999999282,0
0.07754999999999282,0
0.07755999999999282,0
0.07756999999999281,0
0.07757999999999281,0
0.0775899999999928,0
0.07759999999999281,0
0.07760999999999281,0
0.0776199999999928,0
0.0776299999999928,0
0.0776399999999928,0
0.0776499999999928,0
0.07765999999999279,0
0.0776699999999928,0
0.0776799999999928,0
0.07768999999999279,0
0.07769999999999279,0
0.07770999999999278,0
0.07771999999999278,0
0.07772999999999278,0
0.07773999999999279,0
0.07774999999999278,0
0.07775999999999278,0
0.07776999999999278,0
0.07777999999999277,0
0.07778999999999277,0
0.07779999999999276,0
0.07780999999999277,0
0.07781999999999277,0
0.07782999999999277,0
0.07783999999999276,0
0.07784999999999276,0
0.07785999999999275,0
0.07786999999999275,0
0.07787999999999276,0
0.07788999999999276,0
0.07789999999999275,0
0.07790999999999275,0
0.07791999999999275,0
0.07792999999999274,0
0.07793999999999274,0
0.07794999999999275,0
0.07795999999999274,0
0.07796999999999274,0
0.07797999999999274,0
0.07798999999999273,0
0.07799999999999273,0
0.07800999999999272,0
0.07801999999999273,0
0.07802999999999273,0
0.07803999999999273,0
0.07804999999999272,0
0.07805999999999272,0
0.07806999999999271,0
0.07807999999999271,0
0.07808999999999272,0
0.07809999999999272,0
0.07810999999999271,0
0.07811999999999271,0
0.0781299999999927,0
0.0781399999999927,0
0.0781499999999927,0
0.07815999999999271,0
0.0781699999999927,0
0.0781799999999927,0
0.0781899999999927,0
0.07819999999999269,0
0.07820999999999269,0
0.07821999999999268,0
0.0782299999999927,0
0.07823999999999269,0
0.07824999999999269,0
0.07825999999999268,0
0.07826999999999268,0
0.07827999999999267,0
0.07828999999999267,0
0.07829999999999268,0
0.07830999999999268,0
0.07831999999999267,0
0.07832999999999267,0
0.07833999999999267,0
0.07834999999999266,0
0.07835999999999266,0
0.07836999999999267,0
0.07837999999999266,0
0.07838999999999266,0
0.07839999999999266,0
0.07840999999999265,0
0.07841999999999265,0
0.07842999999999264,0
0.07843999999999265,0
0.07844999999999265,0
0.07845999999999265,0
0.07846999999999264,0
0.07847999999999264,0
0.07848999999999264,0
0.07849999999999263,0
0.07850999999999264,0
0.07851999999999264,0
0.07852999999999263,0
0.07853999999999263,0
0.07854999999999263,0
0.07855999999999262,0
0.07856999999999262,0
0.07857999999999263,0
0.07858999999999262,0
0.07859999999999262,0
0.07860999999999262,0
0.07861999999999261,0
0.07862999999999261,0
0.0786399999999926,0
0.07864999999999261,0
0.07865999999999261,0
0.07866999999999261,0
0.0786799999999926,0
0.0786899999999926,0
0.0786999999999926,0
0.07870999999999259,0
0.0787199999999926,0
0.0787299999999926,0
0.0787399999999926,0
0.07874999999999259,0
0.07875999999999259,0
0.07876999999999258,0
0.07877999999999258,0
0.07878999999999259,0
0.07879999999999258,0
0.07880999999999258,0
0.07881999999999258,0
0.07882999999999257,0
0.07883999999999257,0
0.07884999999999256,0
0.07885999999999257,0
0.07886999999999257,0
0.07887999999999257,0
0.07888999999999256,0
0.07889999999999256,0
0.07890999999999256,0
0.07891999999999255,0
0.07892999999999256,0
0.07893999999999256,0
0.07894999999999255,0
0.07895999999999255,0
0.07896999999999255,0
0.07897999999999254,0
0.07898999999999254,0
0.07899999999999255,0
0.07900999999999254,0
0.07901999999999254,0
0.07902999999999254,0
0.07903999999999253,0
0.07904999999999253,0
0.07905999999999253,0
0.07906999999999254,0
0.07907999999999253,0
0.07908999999999253,0
0.07909999999999252,0
0.07910999999999252,0
0.07911999999999252,0
0.07912999999999251,0
0.07913999999999251,0
0.07914999999999252,0
0.07915999999999251,0
0.07916999999999251,0
0.0791799999999925,0
0.0791899999999925,0
0.0791999999999925,0
0.0792099999999925,0
0.0792199999999925,0
0.0792299999999925,0
0.0792399999999925,0
0.0792499999999925,0
0.07925999999999249,0
0.07926999999999249,0
0.07927999999999248,0
0.07928999999999249,0
0.07929999999999249,0
0.07930999999999248,0
0.07931999999999248,0
0.07932999999999248,0
0.07933999999999247,0
0.07934999999999247,0
0.07935999999999248,0
0.07936999999999247,0
0.07937999999999247,0
0.07938999999999247,0
0.07939999999999246,0
0.07940999999999246,0
0.07941999999999245,0
0.07942999999999246,0
0.07943999999999246,0
0.07944999999999246,0
0.07945999999999245,0
0.07946999999999245,0
0.07947999999999245,0
0.07948999999999244,0
0.07949999999999245,0
0.07950999999999245,0
0.07951999999999244,0
0.07952999999999244,0
0.07953999999999244,0
0.07954999999999243,0
0.07955999999999243,0
0.07956999999999244,0
0.07957999999999243,0
0.07958999999999243,0
0.07959999999999243,0
0.07960999999999242,0
0.07961999999999242,0
0.07962999999999242,0
0.07963999999999243,0
0.07964999999999242,0
0.07965999999999242,0
0.07966999999999241,0
0.07967999999999241,0
0.0796899999999924,0
0.0796999999999924,0
0.07970999999999241,0
0.07971999999999241,0
0.0797299999999924,0
0.0797399999999924,0
0.0797499999999924,0
0.07975999999999239,0
0.07976999999999239,0
0.0797799999999924,0
0.0797899999999924,0
0.07979999999999239,0
0.07980999999999239,0
0.07981999999999238,0
0.07982999999999238,0
0.07983999999999238,0
0.07984999999999239,0
0.07985999999999238,0
0.07986999999999238,0
0.07987999999999237,0
0.07988999999999237,0
0.07989999999999237,0
0.07990999999999236,0
0.07991999999999237,0
0.07992999999999237,0
0.07993999999999236,0
0.07994999999999236,0
0.07995999999999236,0
0.07996999999999235,0
0.07997999999999235,0
0.07998999999999236,0
0.07999999999999236,0
0.08000999999999235,0
0.08001999999999235,0
0.08002999999999234,0
0.08003999999999234,0
0.08004999999999234,0
0.08005999999999235,0
0.08006999999999234,0
0.08007999999999234,0
0.08008999999999233,0
0.08009999999999233,0
0.08010999999999233,0
0.08011999999999232,0
0.08012999999999233,0
0.08013999999999233,0
0.08014999999999232,0
0.08015999999999232,0
0.08016999999999232,0
0.08017999999999231,0
0.08018999999999231,0
0.08019999999999232,0
0.08020999999999232,0
0.08021999999999231,0
0.08022999999999231,0
0.0802399999999923,0
0.0802499999999923,0
0.0802599999999923,0
0.0802699999999923,0
0.0802799999999923,0
0.0802899999999923,0
0.0802999999999923,0
0.08030999999999229,0
0.08031999999999229,0
0.08032999999999228,0
0.08033999999999229,0
0.08034999999999229,0
0.08035999999999228,0
0.08036999999999228,0
0.08037999999999228,0
0.08038999999999227,0
0.08039999999999227,0
0.08040999999999228,0
0.08041999999999228,0
0.08042999999999227,0
0.08043999999999227,0
0.08044999999999226,0
0.08045999999999226,0
0.08046999999999226,0
0.08047999999999227,0
0.08048999999999226,0
0.08049999999999226,0
0.08050999999999225,0
0.08051999999999225,0
0.08052999999999225,0
0.08053999999999224,0
0.08054999999999225,0
0.08055999999999225,0
0.08056999999999225,0
0.08057999999999224,0
0.08058999999999224,0
0.08059999999999223,0
0.08060999999999223,0
0.08061999999999224,0
0.08062999999999224,0
0.08063999999999223,0
0.08064999999999223,0
0.08065999999999222,0
0.08066999999999222,0
0.08067999999999222,0
0.08068999999999223,0
0.08069999999999222,0
0.08070999999999222,0
0.08071999999999221,0
0.08072999999999221,0
0.0807399999999922,0
0.0807499999999922,0
0.08075999999999221,0
0.08076999999999221,0
0.0807799999999922,0
0.0807899999999922,0
0.0807999999999922,0
0.0808099999999922,0
0.08081999999999219,0
0.0808299999999922,0
0.0808399999999922,0
0.08084999999999219,0
0.08085999999999219,0
0.08086999999999218,0
0.08087999999999218,0
0.08088999999999218,0
0.08089999999999219,0
0.08090999999999218,0
0.08091999999999218,0
0.08092999999999217,0
0.08093999999999217,0
0.08094999999999217,0
0.08095999999999216,0
0.08096999999999217,0
0.08097999999999217,0
0.08098999999999217,0
0.08099999999999216,0
0.08100999999999216,0
0.08101999999999215,0
0.08102999999999215,0
0.08103999999999216,0
0.08104999999999216,0
0.08105999999999215,0
0.08106999999999215,0
0.08107999999999214,0
0.08108999999999214,0
0.08109999999999214,0
0.08110999999999215,0
0.08111999999999214,0
0.08112999999999214,0
0.08113999999999214,0
0.08114999999999213,0
0.08115999999999213,0
0.08116999999999212,0
0.08117999999999213,0
0.08118999999999213,0
0.08119999999999213,0
0.08120999999999212,0
0.08121999999999212,0
0.08122999999999211,0
0.08123999999999211,0
0.08124999999999212,0
0.08125999999999212,0
0.08126999999999211,0
0.08127999999999211,0
0.0812899999999921,0
0.0812999999999921,0
0.0813099999999921,0
0.0813199999999921,0
0.0813299999999921,0
0.0813399999999921,0
0.0813499999999921,0
0.08135999999999209,0
0.08136999999999209,0
0.08137999999999208,0
0.0813899999999921,0
0.08139999999999209,0
0.08140999999999209,0
0.08141999999999208,0
0.08142999999999208,0
0.08143999999999207,0
0.08144999999999207,0
0.08145999999999208,0
0.08146999999999208,0
0.08147999999999207,0
0.08148999999999207,0
0.08149999999999206,0
0.08150999999999206,0
0.08151999999999206,0
0.08152999999999207,0
0.08153999999999206,0
0.08154999999999206,0
0.08155999999999206,0
0.08156999999999205,0
0.08157999999999205,0
0.08158999999999204,0
0.08159999999999205,0
0.08160999999999205,0
0.08161999999999205,0
0.08162999999999204,0
0.08163999999999204,0
0.08164999999999203,0
0.08165999999999203,0
0.08166999999999204,0
0.08167999999999204,0
0.08168999999999203,0
0.08169999999999203,0
0.08170999999999203,0
0.08171999999999202,0
0.08172999999999202,0
0.08173999999999203,0
0.08174999999999202,0
0.08175999999999202,0
0.08176999999999202,0
0.08177999999999201,0
0.08178999999999201,0
0.081799999999992,0
0.08180999999999201,0
0.08181999999999201,0
0.081829999999992,0
0.081839999999992,0
0.081849999999992,0
0.081859999999992,0
0.08186999999999199,0
0.081879999999992,0
0.081889999999992,0
0.081899999999992,0
0.08190999999999199,0
0.08191999999999199,0
0.08192999999999198,0
0.08193999999999198,0
0.08194999999999199,0
0.08195999999999198,0
0.08196999999999198,0
0.08197999999999198,0
0.08198999999999197,0
0.08199999999999197,0
0.08200999999999196,0
0.08201999999999197,0
0.08202999999999197,0
0.08203999999999197,0
0.08204999999999196,0
0.08205999999999196,0
0.08206999999999195,0
0.08207999999999195,0
0.08208999999999196,0
0.08209999999999196,0
0.08210999999999195,0
0.08211999999999195,0
0.08212999999999195,0
0.08213999999999194,0
0.08214999999999194,0
0.08215999999999195,0
0.08216999999999194,0
0.08217999999999194,0
0.08218999999999194,0
0.08219999999999193,0
0.08220999999999193,0
0.08221999999999192,0
0.08222999999999193,0
0.08223999999999193,0
0.08224999999999193,0
0.08225999999999192,0
0.08226999999999192,0
0.08227999999999192,0
0.08228999999999191,0
0.08229999999999192,0
0.08230999999999192,0
0.08231999999999191,0
0.08232999999999191,0
0.0823399999999919,0
0.0823499999999919,0
0.0823599999999919,0
0.08236999999999191,0
0.0823799999999919,0
0.0823899999999919,0
0.0823999999999919,0
0.08240999999999189,0
0.08241999999999189,0
0.08242999999999188,0
0.0824399999999919,0
0.08244999999999189,0
0.08245999999999189,0
0.08246999999999188,0
0.08247999999999188,0
0.08248999999999188,0
0.08249999999999187,0
0.08250999999999188,0
0.08251999999999188,0
0.08252999999999187,0
0.08253999999999187,0
0.08254999999999187,0
0.08255999999999186,0
0.08256999999999186,0
0.08257999999999187,0
0.08258999999999186,0
0.08259999999999186,0
0.08260999999999186,0
0.08261999999999185,0
0.08262999999999185,0
0.08263999999999184,0
0.08264999999999185,0
0.08265999999999185,0
0.08266999999999185,0
0.08267999999999184,0
0.08268999999999184,0
0.08269999999999184,0
0.08270999999999183,0
0.08271999999999184,0
0.08272999999999184,0
0.08273999999999183,0
0.08274999999999183,0
0.08275999999999183,0
0.08276999999999182,0
0.08277999999999182,0
0.08278999999999183,0
0.08279999999999182,0
0.08280999999999182,0
0.08281999999999182,0
0.08282999999999181,0
0.08283999999999181,0
0.0828499999999918,0
0.08285999999999182,0
0.08286999999999181,0
0.08287999999999181,0
0.0828899999999918,0
0.0828999999999918,0
0.0829099999999918,0
0.08291999999999179,0
0.0829299999999918,0
0.0829399999999918,0
0.0829499999999918,0
0.08295999999999179,0
0.08296999999999179,0
0.08297999999999178,0
0.08298999999999178,0
0.08299999999999179,0
0.08300999999999178,0
0.08301999999999178,0
0.08302999999999178,0
0.08303999999999177,0
0.08304999999999177,0
0.08305999999999177,0
0.08306999999999178,0
0.08307999999999177,0
0.08308999999999177,0
0.08309999999999176,0
0.08310999999999176,0
0.08311999999999176,0
0.08312999999999175,0
0.08313999999999176,0
0.08314999999999176,0
0.08315999999999175,0
0.08316999999999175,0
0.08317999999999175,0
0.08318999999999174,0
0.08319999999999174,0
0.08320999999999175,0
0.08321999999999175,0
0.08322999999999174,0
0.08323999999999174,0
0.08324999999999173,0
0.08325999999999173,0
0.08326999999999173,0
0.08327999999999174,0
0.08328999999999173,0
0.08329999999999173,0
0.08330999999999172,0
0.08331999999999172,0
0.08332999999999172,0
0.08333999999999171,0
0.08334999999999172,0
0.08335999999999172,0
0.08336999999999171,0
0.08337999999999171,0
0.0833899999999917,0
0.0833999999999917,0
0.0834099999999917,0
0.08341999999999171,0
0.0834299999999917,0
0.0834399999999917,0
0.0834499999999917,0
0.0834599999999917,0
0.08346999999999169,0
0.08347999999999169,0
0.0834899999999917,0
0.08349999999999169,0
0.08350999999999169,0
0.08351999999999168,0
0.08352999999999168,0
0.08353999999999168,0
0.08354999999999167,0
0.08355999999999168,0
0.08356999999999168,0
0.08357999999999167,0
0.08358999999999167,0
0.08359999999999167,0
0.08360999999999166,0
0.08361999999999166,0
0.08362999999999167,0
0.08363999999999167,0
0.08364999999999166,0
0.08365999999999166,0
0.08366999999999165,0
0.08367999999999165,0
0.08368999999999165,0
0.08369999999999166,0
0.08370999999999165,0
0.08371999999999165,0
0.08372999999999164,0
0.08373999999999164,0
0.08374999999999164,0
0.08375999999999163,0
0.08376999999999164,0
0.08377999999999164,0
0.08378999999999164,0
0.08379999999999163,0
0.08380999999999163,0
0.08381999999999162,0
0.08382999999999162,0
0.08383999999999163,0
0.08384999999999163,0
0.08385999999999162,0
0.08386999999999162,0
0.08387999999999161,0
0.08388999999999161,0
0.0838999999999916,0
0.08390999999999162,0
0.08391999999999161,0
0.08392999999999161,0
0.0839399999999916,0
0.0839499999999916,0
0.0839599999999916,0
0.08396999999999159,0
0.0839799999999916,0
0.0839899999999916,0
0.0839999999999916,0
0.08400999999999159,0
0.08401999999999159,0
0.08402999999999158,0
0.08403999999999158,0
0.08404999999999159,0
0.08405999999999159,0
0.08406999999999158,0
0.08407999999999158,0
0.08408999999999157,0
0.08409999999999157,0
0.08410999999999157,0
0.08411999999999158,0
0.08412999999999157,0
0.08413999999999157,0
0.08414999999999156,0
0.08415999999999156,0
0.08416999999999156,0
0.08417999999999155,0
0.08418999999999156,0
0.08419999999999156,0
0.08420999999999156,0
0.08421999999999155,0
0.08422999999999155,0
0.08423999999999154,0
0.08424999999999154,0
0.08425999999999155,0
0.08426999999999155,0
0.08427999999999154,0
0.08428999999999154,0
0.08429999999999153,0
0.08430999999999153,0
0.08431999999999153,0
0.08432999999999154,0
0.08433999999999153,0
0.08434999999999153,0
0.08435999999999153,0
0.08436999999999152,0
0.08437999999999152,0
0.08438999999999151,0
0.08439999999999152,0
0.08440999999999152,0
0.08441999999999152,0
0.08442999999999151,0
0.08443999999999151,0
0.0844499999999915,0
0.0844599999999915,0
0.08446999999999151,0
0.0844799999999915,0
0.0844899999999915,0
0.0844999999999915,0
0.0845099999999915,0
0.08451999999999149,0
0.08452999999999149,0
0.0845399999999915,0
0.0845499999999915,0
0.08455999999999149,0
0.08456999999999149,0
0.08457999999999148,0
0.08458999999999148,0
0.08459999999999147,0
0.08460999999999148,0
0.08461999999999148,0
0.08462999999999148,0
0.08463999999999147,0
0.08464999999999147,0
0.08465999999999146,0
0.08466999999999146,0
0.08467999999999147,0
0.08468999999999147,0
0.08469999999999146,0
0.08470999999999146,0
0.08471999999999145,0
0.08472999999999145,0
0.08473999999999145,0
0.08474999999999146,0
0.08475999999999145,0
0.08476999999999145,0
0.08477999999999145,0
0.08478999999999144,0
0.08479999999999144,0
0.08480999999999143,0
0.08481999999999144,0
0.08482999999999144,0
0.08483999999999144,0
0.08484999999999143,0
0.08485999999999143,0
0.08486999999999142,0
0.08487999999999142,0
0.08488999999999143,0
0.08489999999999143,0
0.08490999999999142,0
0.08491999999999142,0
0.08492999999999142,0
0.08493999999999141,0
0.08494999999999141,0
0.08495999999999142,0
0.08496999999999141,0
0.08497999999999141,0
0.0849899999999914,0
0.0849999999999914,0
0.0850099999999914,0
0.0850199999999914,0
0.0850299999999914,0
0.0850399999999914,0
0.0850499999999914,0
0.08505999999999139,0
0.08506999999999139,0
0.08507999999999138,0
0.08508999999999138,0
0.08509999999999139,0
0.08510999999999139,0
0.08511999999999138,0
0.08512999999999138,0
0.08513999999999138,0
0.08514999999999137,0
0.08515999999999137,0
0.08516999999999138,0
0.08517999999999137,0
0.08518999999999137,0
0.08519999999999137,0
0.08520999999999136,0
0.08521999999999136,0
0.08522999999999135,0
0.08523999999999136,0
0.08524999999999136,0
0.08525999999999136,0
0.08526999999999135,0
0.08527999999999135,0
0.08528999999999134,0
0.08529999999999134,0
0.08530999999999135,0
0.08531999999999135,0
0.08532999999999134,0
0.08533999999999134,0
0.08534999999999134,0
0.08535999999999133,0
0.08536999999999133,0
0.08537999999999134,0
0.08538999999999133,0
0.08539999999999133,0
0.08540999999999133,0
0.08541999999999132,0
0.08542999999999132,0
0.08543999999999131,0
0.08544999999999132,0
0.08545999999999132,0
0.08546999999999132,0
0.08547999999999131,0
0.08548999999999131,0
0.0854999999999913,0
0.0855099999999913,0
0.08551999999999131,0
0.08552999999999131,0
0.0855399999999913,0
0.0855499999999913,0
0.0855599999999913,0
0.08556999999999129,0
0.08557999999999129,0
0.0855899999999913,0
0.0855999999999913,0
0.08560999999999129,0
0.08561999999999129,0
0.08562999999999128,0
0.08563999999999128,0
0.08564999999999127,0
0.08565999999999128,0
0.08566999999999128,0
0.08567999999999128,0
0.08568999999999127,0
0.08569999999999127,0
0.08570999999999127,0
0.08571999999999126,0
0.08572999999999127,0
0.08573999999999127,0
0.08574999999999126,0
0.08575999999999126,0
0.08576999999999126,0
0.08577999999999125,0
0.08578999999999125,0
0.08579999999999126,0
0.08580999999999125,0
0.08581999999999125,0
0.08582999999999125,0
0.08583999999999124,0
0.08584999999999124,0
0.08585999999999123,0
0.08586999999999124,0
0.08587999999999124,0
0.08588999999999124,0
0.08589999999999123,0
0.08590999999999123,0
0.08591999999999123,0
0.08592999999999122,0
0.08593999999999123,0
0.08594999999999123,0
0.08595999999999122,0
0.08596999999999122,0
0.08597999999999122,0
0.08598999999999121,0
0.08599999999999121,0
0.08600999999999122,0
0.08601999999999121,0
0.08602999999999121,0
0.0860399999999912,0
0.0860499999999912,0
0.0860599999999912,0
0.0860699999999912,0
0.0860799999999912,0
0.0860899999999912,0
0.0860999999999912,0
0.0861099999999912,0
0.08611999999999119,0
0.08612999999999119,0
0.08613999999999118,0
0.08614999999999119,0
0.08615999999999119,0
0.08616999999999118,0
0.08617999999999118,0
0.08618999999999118,0
0.08619999999999117,0
0.08620999999999117,0
0.08621999999999118,0
0.08622999999999117,0
0.08623999999999117,0
0.08624999999999117,0
0.08625999999999116,0
0.08626999999999116,0
0.08627999999999116,0
0.08628999999999117,0
0.08629999999999116,0
0.08630999999999116,0
0.08631999999999115,0
0.08632999999999115,0
0.08633999999999115,0
0.08634999999999114,0
0.08635999999999115,0
0.08636999999999115,0
0.08637999999999114,0
0.08638999999999114,0
0.08639999999999114,0
0.08640999999999113,0
0.08641999999999113,0
0.08642999999999114,0
0.08643999999999114,0
0.08644999999999113,0
0.08645999999999113,0
0.08646999999999112,0
0.08647999999999112,0
0.08648999999999112,0
0.08649999999999113,0
0.08650999999999112,0
0.08651999999999112,0
0.08652999999999111,0
0.08653999999999111,0
0.0865499999999911,0
0.0865599999999911,0
0.08656999999999111,0
0.08657999999999111,0
0.0865899999999911,0
0.0865999999999911,0
0.0866099999999911,0
0.08661999999999109,0
0.08662999999999109,0
0.0866399999999911,0
0.0866499999999911,0
0.08665999999999109,0
0.08666999999999109,0
0.08667999999999108,0
0.08668999999999108,0
0.08669999999999108,0
0.08670999999999109,0
0.08671999999999108,0
0.08672999999999108,0
0.08673999999999107,0
0.08674999999999107,0
0.08675999999999107,0
0.08676999999999106,0
0.08677999999999107,0
0.08678999999999107,0
0.08679999999999106,0
0.08680999999999106,0
0.08681999999999106,0
0.08682999999999105,0
0.08683999999999105,0
0.08684999999999106,0
0.08685999999999106,0
0.08686999999999105,0
0.08687999999999105,0
0.08688999999999104,0
0.08689999999999104,0
0.08690999999999104,0
0.08691999999999105,0
0.08692999999999104,0
0.08693999999999104,0
0.08694999999999103,0
0.08695999999999103,0
0.08696999999999103,0
0.08697999999999102,0
0.08698999999999103,0
0.08699999999999103,0
0.08700999999999103,0
0.08701999999999102,0
0.08702999999999102,0
0.08703999999999101,0
0.08704999999999101,0
0.08705999999999102,0
0.08706999999999102,0
0.08707999999999101,0
0.08708999999999101,0
0.087099999999991,0
0.087109999999991,0
0.087119999999991,0
0.087129999999991,0
0.087139999999991,0
0.087149999999991,0
0.087159999999991,0
0.08716999999999099,0
0.08717999999999099,0
0.08718999999999098,0
0.08719999999999099,0
0.08720999999999099,0
0.08721999999999099,0
0.08722999999999098,0
0.08723999999999098,0
0.08724999999999097,0
0.08725999999999097,0
0.08726999999999098,0
0.08727999999999098,0
0.08728999999999097,0
0.08729999999999097,0
0.08730999999999096,0
0.08731999999999096,0
0.08732999999999096,0
0.08733999999999097,0
0.08734999999999096,0
0.08735999999999096,0
0.08736999999999095,0
0.08737999999999095,0
0.08738999999999095,0
0.08739999999999094,0
0.08740999999999095,0
0.08741999999999095,0
0.08742999999999095,0
0.08743999999999094,0
0.08744999999999094,0
0.08745999999999093,0
0.08746999999999093,0
0.08747999999999094,0
0.08748999999999094,0
0.08749999999999093,0
0.08750999999999093,0
0.08751999999999092,0
0.08752999999999092,0
0.08753999999999092,0
0.08754999999999093,0
0.08755999999999092,0
0.08756999999999092,0
0.08757999999999092,0
0.08758999999999091,0
0.08759999999999091,0
0.0876099999999909,0
0.08761999999999091,0
0.08762999999999091,0
0.0876399999999909,0
0.0876499999999909,0
0.0876599999999909,0
0.0876699999999909,0
0.08767999999999089,0
0.0876899999999909,0
0.0876999999999909,0
0.08770999999999089,0
0.08771999999999089,0
0.08772999999999088,0
0.08773999999999088,0
0.08774999999999088,0
0.08775999999999089,0
0.08776999999999088,0
0.08777999999999088,0
0.08778999999999088,0
0.08779999999999087,0
0.08780999999999087,0
0.08781999999999086,0
0.08782999999999087,0
0.08783999999999087,0
0.08784999999999087,0
0.08785999999999086,0
0.08786999999999086,0
0.08787999999999085,0
0.08788999999999085,0
0.08789999999999086,0
0.08790999999999086,0
0.08791999999999085,0
0.08792999999999085,0
0.08793999999999084,0
0.08794999999999084,0
0.08795999999999084,0
0.08796999999999085,0
0.08797999999999084,0
0.08798999999999084,0
0.08799999999999084,0
0.08800999999999083,0
0.08801999999999083,0
0.08802999999999082,0
0.08803999999999083,0
0.08804999999999083,0
0.08805999999999083,0
0.08806999999999082,0
0.08807999999999082,0
0.08808999999999081,0
0.08809999999999081,0
0.08810999999999082,0
0.08811999999999082,0
0.08812999999999081,0
0.08813999999999081,0
0.0881499999999908,0
0.0881599999999908,0
0.0881699999999908,0
0.08817999999999081,0
0.0881899999999908,0
0.0881999999999908,0
0.0882099999999908,0
0.08821999999999079,0
0.08822999999999079,0
0.08823999999999078,0
0.0882499999999908,0
0.08825999999999079,0
0.08826999999999079,0
0.08827999999999078,0
0.08828999999999078,0
0.08829999999999077,0
0.08830999999999077,0
0.08831999999999078,0
0.08832999999999078,0
0.08833999999999077,0
0.08834999999999077,0
0.08835999999999077,0
0.08836999999999076,0
0.08837999999999076,0
0.08838999999999077,0
0.08839999999999076,0
0.08840999999999076,0
0.08841999999999076,0
0.08842999999999075,0
0.08843999999999075,0
0.08844999999999074,0
0.08845999999999075,0
0.08846999999999075,0
0.08847999999999075,0
0.08848999999999074,0
0.08849999999999074,0
0.08850999999999073,0
0.08851999999999073,0
0.08852999999999074,0
0.08853999999999074,0
0.08854999999999073,0
0.08855999999999073,0
0.08856999999999073,0
0.08857999999999072,0
0.08858999999999072,0
0.08859999999999073,0
0.08860999999999072,0
0.08861999999999072,0
0.08862999999999072,0
0.08863999999999071,0
0.08864999999999071,0
0.0886599999999907,0
0.08866999999999071,0
0.08867999999999071,0
0.0886899999999907,0
0.0886999999999907,0
0.0887099999999907,0
0.0887199999999907,0
0.08872999999999069,0
0.0887399999999907,0
0.0887499999999907,0
0.0887599999999907,0
0.08876999999999069,0
0.08877999999999069,0
0.08878999999999068,0
0.08879999999999068,0
0.08880999999999069,0
0.08881999999999068,0
0.08882999999999068,0
0.08883999999999068,0
0.08884999999999067,0
0.08885999999999067,0
0.08886999999999066,0
0.08887999999999067,0
0.08888999999999067,0
0.08889999999999067,0
0.08890999999999066,0
0.08891999999999066,0
0.08892999999999066,0
0.08893999999999065,0
0.08894999999999066,0
0.08895999999999066,0
0.08896999999999065,0
0.08897999999999065,0
0.08898999999999065,0
0.08899999999999064,0
0.08900999999999064,0
0.08901999999999065,0
0.08902999999999064,0
0.08903999999999064,0
0.08904999999999064,0
0.08905999999999063,0
0.08906999999999063,0
0.08907999999999063,0
0.08908999999999064,0
0.08909999999999063,0
0.08910999999999063,0
0.08911999999999062,0
0.08912999999999062,0
0.08913999999999062,0
0.08914999999999061,0
0.08915999999999062,0
0.08916999999999062,0
0.08917999999999061,0
0.08918999999999061,0
0.0891999999999906,0
0.0892099999999906,0
0.0892199999999906,0
0.08922999999999061,0
0.0892399999999906,0
0.0892499999999906,0
0.0892599999999906,0
0.08926999999999059,0
0.08927999999999059,0
0.08928999999999059,0
0.0892999999999906,0
0.08930999999999059,0
0.08931999999999059,0
0.08932999999999058,0
0.08933999999999058,0
0.08934999999999058,0
0.08935999999999057,0
0.08936999999999058,0
0.08937999999999058,0
0.08938999999999057,0
0.08939999999999057,0
0.08940999999999057,0
0.08941999999999056,0
0.08942999999999056,0
0.08943999999999057,0
0.08944999999999056,0
0.08945999999999056,0
0.08946999999999056,0
0.08947999999999055,0
0.08948999999999055,0
0.08949999999999055,0
0.08950999999999056,0
0.08951999999999055,0
0.08952999999999055,0
0.08953999999999054,0
0.08954999999999054,0
0.08955999999999054,0
0.08956999999999053,0
0.08957999999999054,0
0.08958999999999054,0
0.08959999999999053,0
0.08960999999999053,0
0.08961999999999053,0
0.08962999999999052,0
0.08963999999999052,0
0.08964999999999053,0
0.08965999999999053,0
0.08966999999999052,0
0.08967999999999052,0
0.08968999999999051,0
0.08969999999999051,0
0.0897099999999905,0
0.08971999999999052,0
0.08972999999999051,0
0.08973999999999051,0
0.0897499999999905,0
0.0897599999999905,0
0.0897699999999905,0
0.08977999999999049,0
0.0897899999999905,0
0.0897999999999905,0
0.0898099999999905,0
0.08981999999999049,0
0.08982999999999049,0
0.08983999999999048,0
0.08984999999999048,0
0.08985999999999049,0
0.08986999999999049,0
0.08987999999999048,0
0.08988999999999048,0
0.08989999999999047,0
0.08990999999999047,0
0.08991999999999047,0
0.08992999999999048,0
0.08993999999999047,0
0.08994999999999047,0
0.08995999999999046,0
0.08996999999999046,0
0.08997999999999046,0
0.08998999999999045,0
0.08999999999999046,0
0.09000999999999046,0
0.09001999999999045,0
0.09002999999999045,0
0.09003999999999045,0
0.09004999999999044,0
0.09005999999999044,0
0.09006999999999045,0
0.09007999999999045,0
0.09008999999999044,0
0.09009999999999044,0
0.09010999999999043,0
0.09011999999999043,0
0.09012999999999043,0
0.09013999999999044,0
0.09014999999999043,0
0.09015999999999043,0
0.09016999999999042,0
0.09017999999999042,0
0.09018999999999042,0
0.09019999999999041,0
0.09020999999999042,0
0.09021999999999042,0
0.09022999999999042,0
0.09023999999999041,0
0.09024999999999041,0
0.0902599999999904,0
0.0902699999999904,0
0.09027999999999041,0
0.0902899999999904,0
0.0902999999999904,0
0.0903099999999904,0
0.0903199999999904,0
0.09032999999999039,0
0.09033999999999039,0
0.0903499999999904,0
0.09035999999999039,0
0.09036999999999039,0
0.09037999999999038,0
0.09038999999999038,0
0.09039999999999038,0
0.09040999999999037,0
0.09041999999999038,0
0.09042999999999038,0
0.09043999999999038,0
0.09044999999999037,0
0.09045999999999037,0
0.09046999999999036,0
0.09047999999999036,0
0.09048999999999037,0
0.09049999999999037,0
0.09050999999999036,0
0.09051999999999036,0
0.09052999999999035,0
0.09053999999999035,0
0.09054999999999035,0
0.09055999999999036,0
0.09056999999999035,0
0.09057999999999035,0
0.09058999999999034,0
0.09059999999999034,0
0.09060999999999034,0
0.09061999999999033,0
0.09062999999999034,0
0.09063999999999034,0
0.09064999999999034,0
0.09065999999999033,0
0.09066999999999033,0
0.09067999999999032,0
0.09068999999999032,0
0.09069999999999033,0
0.09070999999999033,0
0.09071999999999032,0
0.09072999999999032,0
0.09073999999999031,0
0.09074999999999031,0
0.0907599999999903,0
0.09076999999999032,0
0.09077999999999031,0
0.09078999999999031,0
0.0907999999999903,0
0.0908099999999903,0
0.0908199999999903,0
0.0908299999999903,0
0.0908399999999903,0
0.0908499999999903,0
0.0908599999999903,0
0.09086999999999029,0
0.09087999999999029,0
0.09088999999999028,0
0.09089999999999028,0
0.09090999999999029,0
0.09091999999999029,0
0.09092999999999028,0
0.09093999999999028,0
0.09094999999999027,0
0.09095999999999027,0
0.09096999999999027,0
0.09097999999999028,0
0.09098999999999027,0
0.09099999999999027,0
0.09100999999999027,0
0.09101999999999026,0
0.09102999999999026,0
0.09103999999999025,0
0.09104999999999026,0
0.09105999999999026,0
0.09106999999999026,0
0.09107999999999025,0
0.09108999999999025,0
0.09109999999999024,0
0.09110999999999024,0
0.09111999999999025,0
0.09112999999999025,0
0.09113999999999024,0
0.09114999999999024,0
0.09115999999999023,0
0.09116999999999023,0
0.09117999999999023,0
0.09118999999999024,0
0.09119999999999023,0
0.09120999999999023,0
0.09121999999999023,0
0.09122999999999022,0
0.09123999999999022,0
0.09124999999999021,0
0.09125999999999022,0
0.09126999999999022,0
0.09127999999999022,0
0.09128999999999021,0
0.09129999999999021,0
0.0913099999999902,0
0.0913199999999902,0
0.09132999999999021,0
0.0913399999999902,0
0.0913499999999902,0
0.0913599999999902,0
0.0913699999999902,0
0.09137999999999019,0
0.09138999999999019,0
0.0913999999999902,0
0.0914099999999902,0
0.09141999999999019,0
0.09142999999999019,0
0.09143999999999018,0
0.09144999999999018,0
0.09145999999999017,0
0.09146999999999018,0
0.09147999999999018,0
0.09148999999999018,0
0.09149999999999017,0
0.09150999999999017,0
0.09151999999999016,0
0.09152999999999016,0
0.09153999999999017,0
0.09154999999999017,0
0.09155999999999016,0
0.09156999999999016,0
0.09157999999999016,0
0.09158999999999015,0
0.09159999999999015,0
0.09160999999999016,0
0.09161999999999015,0
0.09162999999999015,0
0.09163999999999015,0
0.09164999999999014,0
0.09165999999999014,0
0.09166999999999013,0
0.09167999999999014,0
0.09168999999999014,0
0.09169999999999014,0
0.09170999999999013,0
0.09171999999999013,0
0.09172999999999012,0
0.09173999999999012,0
0.09174999999999013,0
0.09175999999999013,0
0.09176999999999012,0
0.09177999999999012,0
0.09178999999999012,0
0.09179999999999011,0
0.09180999999999011,0
0.09181999999999012,0
0.09182999999999011,0
0.09183999999999011,0
0.0918499999999901,0
0.0918599999999901,0
0.0918699999999901,0
0.0918799999999901,0
0.0918899999999901,0
0.0918999999999901,0
0.0919099999999901,0
0.09191999999999009,0
0.09192999999999009,0
0.09193999999999009,0
0.09194999999999008,0
0.09195999999999009,0
0.09196999999999009,0
0.09197999999999008,0
0.09198999999999008,0
0.09199999999999008,0
0.09200999999999007,0
0.09201999999999007,0
0.09202999999999008,0
0.09203999999999007,0
0.09204999999999007,0
0.09205999999999007,0
0.09206999999999006,0
0.09207999999999006,0
0.09208999999999005,0
0.09209999999999006,0
0.09210999999999006,0
0.09211999999999006,0
0.09212999999999005,0
0.09213999999999005,0
0.09214999999999005,0
0.09215999999999004,0
0.09216999999999005,0
0.09217999999999005,0
0.09218999999999004,0
0.09219999999999004,0
0.09220999999999004,0
0.09221999999999003,0
0.09222999999999003,0
0.09223999999999004,0
0.09224999999999003,0
0.09225999999999003,0
0.09226999999999003,0
0.09227999999999002,0
0.09228999999999002,0
0.09229999999999002,0
0.09230999999999003,0
0.09231999999999002,0
0.09232999999999002,0
0.09233999999999001,0
0.09234999999999001,0
0.09235999999999,0
0.09236999999999,0
0.09237999999999001,0
0.09238999999999001,0
0.09239999999999,0
0.09240999999999,0
0.09241999999999,0
0.09242999999998999,0
0.09243999999998999,0
0.09244999999999,0
0.09245999999999,0
0.09246999999998999,0
0.09247999999998999,0
0.09248999999998998,0
0.09249999999998998,0
0.09250999999998998,0
0.09251999999998999,0
0.09252999999998998,0
0.09253999999998998,0
0.09254999999998997,0
0.09255999999998997,0
0.09256999999998997,0
0.09257999999998996,0
0.09258999999998997,0
0.09259999999998997,0
0.09260999999998996,0
0.09261999999998996,0
0.09262999999998996,0
0.09263999999998995,0
0.09264999999998995,0
0.09265999999998996,0
0.09266999999998995,0
0.09267999999998995,0
0.09268999999998995,0
0.09269999999998994,0
0.09270999999998994,0
0.09271999999998994,0
0.09272999999998995,0
0.09273999999998994,0
0.09274999999998994,0
0.09275999999998993,0
0.09276999999998993,0
0.09277999999998993,0
0.09278999999998992,0
0.09279999999998993,0
0.09280999999998993,0
0.09281999999998992,0
0.09282999999998992,0
0.09283999999998992,0
0.09284999999998991,0
0.09285999999998991,0
0.09286999999998992,0
0.09287999999998992,0
0.09288999999998991,0
0.09289999999998991,0
0.0929099999999899,0
0.0929199999999899,0
0.0929299999999899,0
0.0929399999999899,0
0.0929499999999899,0
0.0929599999999899,0
0.0929699999999899,0
0.09297999999998989,0
0.09298999999998989,0
0.09299999999998988,0
0.09300999999998989,0
0.09301999999998989,0
0.09302999999998988,0
0.09303999999998988,0
0.09304999999998988,0
0.09305999999998987,0
0.09306999999998987,0
0.09307999999998988,0
0.09308999999998988,0
0.09309999999998987,0
0.09310999999998987,0
0.09311999999998986,0
0.09312999999998986,0
0.09313999999998986,0
0.09314999999998987,0
0.09315999999998986,0
0.09316999999998986,0
0.09317999999998985,0
0.09318999999998985,0
0.09319999999998985,0
0.09320999999998984,0
0.09321999999998985,0
0.09322999999998985,0
0.09323999999998984,0
0.09324999999998984,0
0.09325999999998984,0
0.09326999999998983,0
0.09327999999998983,0
0.09328999999998984,0
0.09329999999998984,0
0.09330999999998983,0
0.09331999999998983,0
0.09332999999998982,0
0.09333999999998982,0
0.09334999999998982,0
0.09335999999998983,0
0.09336999999998982,0
0.09337999999998982,0
0.09338999999998981,0
0.09339999999998981,0
0.0934099999999898,0
0.0934199999999898,0
0.09342999999998981,0
0.09343999999998981,0
0.0934499999999898,0
0.0934599999999898,0
0.0934699999999898,0
0.0934799999999898,0
0.09348999999998979,0
0.0934999999999898,0
0.0935099999999898,0
0.09351999999998979,0
0.09352999999998979,0
0.09353999999998978,0
0.09354999999998978,0
0.09355999999998978,0
0.09356999999998979,0
0.09357999999998978,0
0.09358999999998978,0
0.09359999999998977,0
0.09360999999998977,0
0.09361999999998977,0
0.09362999999998976,0
0.09363999999998977,0
0.09364999999998977,0
0.09365999999998977,0
0.09366999999998976,0
0.09367999999998976,0
0.09368999999998975,0
0.09369999999998975,0
0.09370999999998976,0
0.09371999999998976,0
0.09372999999998975,0
0.09373999999998975,0
0.09374999999998974,0
0.09375999999998974,0
0.09376999999998974,0
0.09377999999998975,0
0.09378999999998974,0
0.09379999999998974,0
0.09380999999998973,0
0.09381999999998973,0
0.09382999999998973,0
0.09383999999998972,0
0.09384999999998973,0
0.09385999999998973,0
0.09386999999998973,0
0.09387999999998972,0
0.09388999999998972,0
0.09389999999998971,0
0.09390999999998971,0
0.09391999999998972,0
0.09392999999998972,0
0.09393999999998971,0
0.09394999999998971,0
0.0939599999999897,0
0.0939699999999897,0
0.0939799999999897,0
0.09398999999998969,0
0.0939999999999897,0
0.0940099999999897,0
0.0940199999999897,0
0.09402999999998969,0
0.09403999999998969,0
0.09404999999998968,0
0.09405999999998968,0
0.09406999999998969,0
0.09407999999998969,0
0.09408999999998968,0
0.09409999999998968,0
0.09410999999998967,0
0.09411999999998967,0
0.09412999999998967,0
0.09413999999998968,0
0.09414999999998967,0
0.09415999999998967,0
0.09416999999998966,0
0.09417999999998966,0
0.09418999999998966,0
0.09419999999998965,0
0.09420999999998966,0
0.09421999999998966,0
0.09422999999998966,0
0.09423999999998965,0
0.09424999999998965,0
0.09425999999998964,0
0.09426999999998964,0
0.09427999999998965,0
0.09428999999998965,0
0.09429999999998964,0
0.09430999999998964,0
0.09431999999998963,0
0.09432999999998963,0
0.09433999999998963,0
0.09434999999998964,0
0.09435999999998963,0
0.09436999999998963,0
0.09437999999998962,0
0.09438999999998962,0
0.09439999999998962,0
0.09440999999998961,0
0.09441999999998962,0
0.09442999999998962,0
0.09443999999998962,0
0.09444999999998961,0
0.09445999999998961,0
0.0944699999999896,0
0.0944799999999896,0
0.09448999999998961,0
0.0944999999999896,0
0.0945099999999896,0
0.0945199999999896,0
0.0945299999999896,0
0.09453999999998959,0
0.09454999999998959,0
0.0945599999999896,0
0.09456999999998959,0
0.09457999999998959,0
0.09458999999998959,0
0.09459999999998958,0
0.09460999999998958,0
0.09461999999998957,0
0.09462999999998958,0
0.09463999999998958,0
0.09464999999998958,0
0.09465999999998957,0
0.09466999999998957,0
0.09467999999998956,0
0.09468999999998956,0
0.09469999999998957,0
0.09470999999998957,0
0.09471999999998956,0
0.09472999999998956,0
0.09473999999998955,0
0.09474999999998955,0
0.09475999999998955,0
0.09476999999998956,0
0.09477999999998955,0
0.09478999999998955,0
0.09479999999998955,0
0.09480999999998954,0
0.09481999999998954,0
0.09482999999998953,0
0.09483999999998954,0
0.09484999999998954,0
0.09485999999998954,0
0.09486999999998953,0
0.09487999999998953,0
0.09488999999998952,0
0.09489999999998952,0
0.09490999999998953,0
0.09491999999998953,0
0.09492999999998952,0
0.09493999999998952,0
0.09494999999998952,0
0.09495999999998951,0
0.09496999999998951,0
0.09497999999998952,0
0.09498999999998951,0
0.09499999999998951,0
0.0950099999999895,0
0.0950199999999895,0
0.0950299999999895,0
0.0950399999999895,0
0.0950499999999895,0
0.0950599999999895,0
0.0950699999999895,0
0.09507999999998949,0
0.09508999999998949,0
0.09509999999998948,0
0.09510999999998948,0
0.09511999999998949,0
0.09512999999998949,0
0.09513999999998948,0
0.09514999999998948,0
0.09515999999998948,0
0.09516999999998947,0
0.09517999999998947,0
0.09518999999998948,0
0.09519999999998947,0
0.09520999999998947,0
0.09521999999998947,0
0.09522999999998946,0
0.09523999999998946,0
0.09524999999998945,0
0.09525999999998946,0
0.09526999999998946,0
0.09527999999998946,0
0.09528999999998945,0
0.09529999999998945,0
0.09530999999998944,0
0.09531999999998944,0
0.09532999999998945,0
0.09533999999998945,0
0.09534999999998944,0
0.09535999999998944,0
0.09536999999998944,0
0.09537999999998943,0
0.09538999999998943,0
0.09539999999998944,0
0.09540999999998943,0
0.09541999999998943,0
0.09542999999998943,0
0.09543999999998942,0
0.09544999999998942,0
0.09545999999998941,0
0.09546999999998942,0
0.09547999999998942,0
0.09548999999998942,0
0.09549999999998941,0
0.09550999999998941,0
0.0955199999999894,0
0.0955299999999894,0
0.09553999999998941,0
0.09554999999998941,0
0.0955599999999894,0
0.0955699999999894,0
0.0955799999999894,0
0.09558999999998939,0
0.09559999999998939,0
0.0956099999999894,0
0.0956199999999894,0
0.09562999999998939,0
0.09563999999998939,0
0.09564999999998938,0
0.09565999999998938,0
0.09566999999998937,0
0.09567999999998938,0
0.09568999999998938,0
0.09569999999998938,0
0.09570999999998937,0
0.09571999999998937,0
0.09572999999998937,0
0.09573999999998936,0
0.09574999999998937,0
0.09575999999998937,0
0.09576999999998936,0
0.09577999999998936,0
0.09578999999998936,0
0.09579999999998935,0
0.09580999999998935,0
0.09581999999998936,0
0.09582999999998935,0
0.09583999999998935,0
0.09584999999998935,0
0.09585999999998934,0
0.09586999999998934,0
0.09587999999998933,0
0.09588999999998934,0
0.09589999999998934,0
0.09590999999998934,0
0.09591999999998933,0
0.09592999999998933,0
0.09593999999998933,0
0.09594999999998932,0
0.09595999999998933,0
0.09596999999998933,0
0.09597999999998932,0
0.09598999999998932,0
0.09599999999998932,0
0.09600999999998931,0
0.09601999999998931,0
0.09602999999998932,0
0.09603999999998931,0
0.09604999999998931,0
0.0960599999999893,0
0.0960699999999893,0
0.0960799999999893,0
0.0960899999999893,0
0.0960999999999893,0
0.0961099999999893,0
0.0961199999999893,0
0.0961299999999893,0
0.09613999999998929,0
0.09614999999998929,0
0.09615999999998928,0
0.09616999999998929,0
0.09617999999998929,0
0.09618999999998928,0
0.09619999999998928,0
0.09620999999998928,0
0.09621999999998927,0
0.09622999999998927,0
0.09623999999998928,0
0.09624999999998927,0
0.09625999999998927,0
0.09626999999998927,0
0.09627999999998926,0
0.09628999999998926,0
0.09629999999998926,0
0.09630999999998927,0
0.09631999999998926,0
0.09632999999998926,0
0.09633999999998925,0
0.09634999999998925,0
0.09635999999998925,0
0.09636999999998924,0
0.09637999999998925,0
0.09638999999998925,0
0.09639999999998924,0
0.09640999999998924,0
0.09641999999998924,0
0.09642999999998923,0
0.09643999999998923,0
0.09644999999998924,0
0.09645999999998923,0
0.09646999999998923,0
0.09647999999998923,0
0.09648999999998922,0
0.09649999999998922,0
0.09650999999998922,0
0.09651999999998923,0
0.09652999999998922,0
0.09653999999998922,0
0.09654999999998921,0
0.09655999999998921,0
0.0965699999999892,0
0.0965799999999892,0
0.09658999999998921,0
0.09659999999998921,0
0.0966099999999892,0
0.0966199999999892,0
0.0966299999999892,0
0.09663999999998919,0
0.09664999999998919,0
0.0966599999999892,0
0.0966699999999892,0
0.09667999999998919,0
0.09668999999998919,0
0.09669999999998918,0
0.09670999999998918,0
0.09671999999998918,0
0.09672999999998919,0
0.09673999999998918,0
0.09674999999998918,0
0.09675999999998917,0
0.09676999999998917,0
0.09677999999998917,0
0.09678999999998916,0
0.09679999999998917,0
0.09680999999998917,0
0.09681999999998916,0
0.09682999999998916,0
0.09683999999998916,0
0.09684999999998915,0
0.09685999999998915,0
0.09686999999998916,0
0.09687999999998916,0
0.09688999999998915,0
0.09689999999998915,0
0.09690999999998914,0
0.09691999999998914,0
0.09692999999998914,0
0.09693999999998915,0
0.09694999999998914,0
0.09695999999998914,0
0.09696999999998913,0
0.09697999999998913,0
0.09698999999998913,0
0.09699999999998912,0
0.09700999999998913,0
0.09701999999998913,0
0.09702999999998912,0
0.09703999999998912,0
0.09704999999998912,0
0.09705999999998911,0
0.09706999999998911,0
0.09707999999998912,0
0.09708999999998912,0
0.09709999999998911,0
0.09710999999998911,0
0.0971199999999891,0
0.0971299999999891,0
0.0971399999999891,0
0.0971499999999891,0
0.0971599999999891,0
0.0971699999999891,0
0.0971799999999891,0
0.09718999999998909,0
0.09719999999998909,0
0.09720999999998908,0
0.09721999999998909,0
0.09722999999998909,0
0.09723999999998909,0
0.09724999999998908,0
0.09725999999998908,0
0.09726999999998907,0
0.09727999999998907,0
0.09728999999998908,0
0.09729999999998908,0
0.09730999999998907,0
0.09731999999998907,0
0.09732999999998906,0
0.09733999999998906,0
0.09734999999998906,0
0.09735999999998907,0
0.09736999999998906,0
0.09737999999998906,0
0.09738999999998905,0
0.09739999999998905,0
0.09740999999998905,0
0.09741999999998904,0
0.09742999999998905,0
0.09743999999998905,0
0.09744999999998905,0
0.09745999999998904,0
0.09746999999998904,0
0.09747999999998903,0
0.09748999999998903,0
0.09749999999998904,0
0.09750999999998904,0
0.09751999999998903,0
0.09752999999998903,0
0.09753999999998902,0
0.09754999999998902,0
0.09755999999998902,0
0.09756999999998903,0
0.09757999999998902,0
0.09758999999998902,0
0.09759999999998901,0
0.09760999999998901,0
0.09761999999998901,0
0.097629999999989,0
0.09763999999998901,0
0.09764999999998901,0
0.097659999999989,0
0.097669999999989,0
0.097679999999989,0
0.097689999999989,0
0.09769999999998899,0
0.097709999999989,0
0.097719999999989,0
0.09772999999998899,0
0.09773999999998899,0
0.09774999999998898,0
0.09775999999998898,0
0.09776999999998898,0
0.09777999999998899,0
0.09778999999998898,0
0.09779999999998898,0
0.09780999999998898,0
0.09781999999998897,0
0.09782999999998897,0
0.09783999999998896,0
0.09784999999998897,0
0.09785999999998897,0
0.09786999999998897,0
0.09787999999998896,0
0.09788999999998896,0
0.09789999999998895,0
0.09790999999998895,0
0.09791999999998896,0
0.09792999999998896,0
0.09793999999998895,0
0.09794999999998895,0
0.09795999999998894,0
0.09796999999998894,0
0.09797999999998894,0
0.09798999999998895,0
0.09799999999998894,0
0.09800999999998894,0
0.09801999999998894,0
0.09802999999998893,0
0.09803999999998893,0
0.09804999999998892,0
0.09805999999998893,0
0.09806999999998893,0
0.09807999999998893,0
0.09808999999998892,0
0.09809999999998892,0
0.09810999999998891,0
0.09811999999998891,0
0.09812999999998892,0
0.09813999999998892,0
0.09814999999998891,0
0.09815999999998891,0
0.0981699999999889,0
0.0981799999999889,0
0.0981899999999889,0
0.09819999999998891,0
0.0982099999999889,0
0.0982199999999889,0
0.0982299999999889,0
0.09823999999998889,0
0.09824999999998889,0
0.09825999999998888,0
0.0982699999999889,0
0.09827999999998889,0
0.09828999999998889,0
0.09829999999998888,0
0.09830999999998888,0
0.09831999999998887,0
0.09832999999998887,0
0.09833999999998888,0
0.09834999999998888,0
0.09835999999998887,0
0.09836999999998887,0
0.09837999999998887,0
0.09838999999998886,0
0.09839999999998886,0
0.09840999999998887,0
0.09841999999998886,0
0.09842999999998886,0
0.09843999999998886,0
0.09844999999998885,0
0.09845999999998885,0
0.09846999999998884,0
0.09847999999998885,0
0.09848999999998885,0
0.09849999999998885,0
0.09850999999998884,0
0.09851999999998884,0
0.09852999999998883,0
0.09853999999998883,0
0.09854999999998884,0
0.09855999999998884,0
0.09856999999998883,0
0.09857999999998883,0
0.09858999999998883,0
0.09859999999998882,0
0.09860999999998882,0
0.09861999999998883,0
0.09862999999998882,0
0.09863999999998882,0
0.09864999999998882,0
0.09865999999998881,0
0.09866999999998881,0
0.0986799999999888,0
0.09868999999998881,0
0.09869999999998881,0
0.0987099999999888,0
0.0987199999999888,0
0.0987299999999888,0
0.0987399999999888,0
0.09874999999998879,0
0.0987599999999888,0
0.0987699999999888,0
0.0987799999999888,0
0.09878999999998879,0
0.09879999999998879,0
0.09880999999998878,0
0.09881999999998878,0
0.09882999999998879,0
0.09883999999998878,0
0.09884999999998878,0
0.09885999999998878,0
0.09886999999998877,0
0.09887999999998877,0
0.09888999999998876,0
0.09889999999998877,0
0.09890999999998877,0
0.09891999999998877,0
0.09892999999998876,0
0.09893999999998876,0
0.09894999999998876,0
0.09895999999998875,0
0.09896999999998876,0
0.09897999999998876,0
0.09898999999998875,0
0.09899999999998875,0
0.09900999999998875,0
0.09901999999998874,0
0.09902999999998874,0
0.09903999999998875,0
0.09904999999998874,0
0.09905999999998874,0
0.09906999999998874,0
0.09907999999998873,0
0.09908999999998873,0
0.09909999999998872,0
0.09910999999998873,0
0.09911999999998873,0
0.09912999999998873,0
0.09913999999998872,0
0.09914999999998872,0
0.09915999999998872,0
0.09916999999998871,0
0.09917999999998872,0
0.09918999999998872,0
0.09919999999998871,0
0.09920999999998871,0
0.0992199999999887,0
0.0992299999999887,0
0.0992399999999887,0
0.09924999999998871,0
0.0992599999999887,0
0.0992699999999887,0
0.0992799999999887,0
0.09928999999998869,0
0.09929999999998869,0
0.09930999999998869,0
0.0993199999999887,0
0.09932999999998869,0
0.09933999999998869,0
0.09934999999998868,0
0.09935999999998868,0
0.09936999999998868,0
0.09937999999998867,0
0.09938999999998868,0
0.09939999999998868,0
0.09940999999998867,0
0.09941999999998867,0
0.09942999999998867,0
0.09943999999998866,0
0.09944999999998866,0
0.09945999999998867,0
0.09946999999998866,0
0.09947999999998866,0
0.09948999999998866,0
0.09949999999998865,0
0.09950999999998865,0
0.09951999999998865,0
0.09952999999998866,0
0.09953999999998865,0
0.09954999999998865,0
0.09955999999998864,0
0.09956999999998864,0
0.09957999999998864,0
0.09958999999998863,0
0.09959999999998864,0
0.09960999999998864,0
0.09961999999998863,0
0.09962999999998863,0
0.09963999999998863,0
0.09964999999998862,0
0.09965999999998862,0
0.09966999999998863,0
0.09967999999998862,0
0.09968999999998862,0
0.09969999999998862,0
0.09970999999998861,0
0.09971999999998861,0
0.0997299999999886,0
0.09973999999998862,0
0.09974999999998861,0
0.09975999999998861,0
0.0997699999999886,0
0.0997799999999886,0
0.0997899999999886,0
0.09979999999998859,0
0.0998099999999886,0
0.0998199999999886,0
0.0998299999999886,0
0.09983999999998859,0
0.09984999999998859,0
0.09985999999998858,0
0.09986999999998858,0
0.09987999999998859,0
0.09988999999998859,0
0.09989999999998858,0
0.09990999999998858,0
0.09991999999998857,0
0.09992999999998857,0
0.09993999999998857,0
0.09994999999998858,0
0.09995999999998857,0
0.09996999999998857,0
0.09997999999998856,0
0.09998999999998856,0
0.09999999999998856,0
