signal_1,signal_2
-0.5+0i,-0.5+0i
0.25868143729199555-0.42788295724322634i,0.2586813406002233-0.42788224733311536i
0.23233543105053667+0.44274104699111916i,0.23233340964333038+0.4427396115166918i
-0.49908510738399925-0.030233328933674634i,-0.499081051535635-0.03023460574808575i
0.2840807803146861-0.41145842746345124i,0.28407813692651956-0.4114514020984154i
0.20513917666601533+0.4559794871737546i,0.20513203460503224+0.45597012835032547i
-0.4963437776503201-0.060356017574485735i,-0.4963276422058691-0.06035711775420535i
0.30844050942399615-0.3935281371437888i,0.30842966549061407-0.393508874383223i
0.17719220075743303+0.4675492374143611i,0.17717809508573235+0.46752393479118043i
-0.49178604288926847-0.09025782981001669i,-0.4917500671373445-0.09025586379729446i
0.33167147846605627-0.3741577034515152i,0.33164570541675403-0.37412127240125753i
0.1485967772623752+0.47740795739254516i,0.14857527925394645+0.47735831106051185i
-0.4854285824539878-0.11982933784069869i,-0.4853654413802164-0.1198200153480704i
0.3536886720644036-0.3534180138605711i,0.3536402880346961-0.3533606025923214i
0.1194575531582946+0.48551956842433686i,0.1194296927053385+0.48543696986288i
-0.4772946619211866-0.14896232263859321i,-0.47719763484309996-0.14894000537341545i
0.3744115167397733-0.331384966733832i,0.3743320206389621-0.33130399764982066i
0.08988116549948524+0.49185438549468874i,0.0898494581641011+0.49173019256533823i
-0.46741404794911146-0.17755016998258916i,-0.4672771815544174-0.17750794130587946i
0.39376417577445144-0.3081391935676726i,0.3936443928182768-0.30803342508843684i
0.05997585117123022+0.49638922589188983i,0.05994430756156718+0.49621494038928254i
-0.45582289934435366-0.20548826062069553i,-0.4556411636004622-0.20541801159601908i
0.4116758267421158-0.28376576391529634i,0.41150606418289365-0.2836353774709212i
0.02985105078925443+0.4991074940463424i,0.02982516805666729+0.49887494019201617i
-0.44256363473613536-0.23267435313160306i,-0.4423330701886826-0.23256688429025335i
0.4280809206875188-0.25835387406868027i,0.4278511323902088-0.25820054548426175i
-0.00038299180595877114+0.49999924226322334i,-0.000396256414253465+0.49970074451345897i
-0.4276847773423322-0.2590089580844067i,-0.4274026323805457-0.25885409610793536i
0.4429194220075331-0.23199652063842752i,0.4426193804445699-0.23182347512121862i
-0.0306156329943105+0.4990612071267776i,-0.030607906453470127+0.4986897656626936i
-0.4112407773953205-0.2843957021272242i,-0.4109056341323438-0.2841824305284062i
0.45613702815569235-0.20479016022608498i,0.45575650232815246-0.2046022102844757i
-0.060736234284249124+0.4962968214430203i,-0.06069778976861348+0.49584628371942935i
-0.393291812877496-0.3087416806723019i,-0.39290370037361544-0.3084582834415952i
0.46768536836620594-0.17683435643437823i,0.4672143061033457-0.17663792218677563i
-0.09063456720216675+0.4917162016771393i,-0.09055440337006189+0.4911814284265144i
-0.3739035692956853-0.33195779788693436i,-0.3734640629414156-0.33159201496392793i
0.47752218067020225-0.14823141550715657i,0.4769508937143783-0.14803452697083855i
-0.12020121668130335+0.48533611093157447i,-0.12006715378130421+0.48471313505011515i
-0.3531469993003816-0.3539590927459728i,-0.3526593052740624-0.3534982860755272i
0.4856114665563963-0.11908601193244797i,0.4849308168063471-0.1188982930182607i
-0.1493279814739341+0.4771798976002571i,-0.14912677365213048+0.4764660743850759i
-0.3310980630294953-0.37466504995271477i,-0.3305670868497121-0.374096378793321i
0.4919236227101918-0.0895048053787568i,0.4911252079723781-0.08933743945568526i
-0.17790827012149782+0.46727740992350886i,-0.17762573317962377+0.46647155718258376i
-0.3078374501268495-0.39399989459033435i,-0.30726984843294347-0.39331049865900075i
0.4964355493491072-0.05959605036645327i,0.4955118869351294-0.05946172740018309i
-0.20583749103358803+0.45566488675629235i,-0.2054586447620545+0.4547674133761208i
-0.2834502844527143-0.41189286942555625i,-0.28285449926650424-0.4110700583895682i
0.49913073475806585-0.02946920010268949i,0.4980754412656029-0.02938204551317728i
-0.23301343524828635+0.44238482494955494i,-0.23252265933764318+0.44139784657875286i
-0.25802581256701124-0.4282784938497626i,-0.2574120874144405-0.42730994161111i
0.49999931571518624+0.000765494070363894i,0.4988072813408782+0.0007900085463860108i
-0.2593366504730963+0.4274858238299931i,-0.25871785289320237+0.4264132644203075i
-0.2316570771252065-0.4430968035099177i,-0.23103745452757896-0.4419707456743189i
0.49903811358694183+0.03099738614811269i,0.49770566934199245+0.03094254916378755i
-0.28471080503765167+0.4110224073473743i,-0.28394760166589766+0.4098700853859376i
-0.2044405763821242-0.45629356975236457i,-0.20382887636171468-0.45499900263117776i
0.49625064596059454+0.06111584038042872i,0.49477572219373983+0.06096382469055598i
-0.30904304042628633+0.3930548245402811i,-0.30811894460617234+0.39183052290806564i
-0.1764759110497488-0.46782049807642345i,-0.17588769043346994-0.4663473775372564i
0.49164711377133563+0.09101063615101299i,0.49002938844847765+0.09074263862939229i
-0.33224431110034897+0.3736488290504886i,-0.3311429317195153+0.3723623475511676i
-0.1478654198013649-0.4776354048715374i,-0.1473179122476359-0.4759748433319871i
0.4852443639712416+0.1205723713375473i,0.4834853992171051+0.12016876846845685i
-0.35422971036665796+0.35287543849285435i,-0.3529349569602921+0.3515386282131262i
-0.11871380475593565-0.4857023717911829i,-0.11822584157301672-0.4838468316402299i
0.477065827876658+0.14969286267650844i,0.4751691933505176+0.14913338056148867i
-0.37491878109955784+0.33081067456132784i,-0.3734150744111571+0.329437453347261i
-0.08912774831328224-0.49199187719860205i,-0.08871966028174916-0.489935358931917i
0.46714143541963976+0.17826554166748293i,0.46511281717372727+0.17752943946632876i
-0.39423581017946946+0.3075352848221772i,-0.3925082965468654+0.30614163328578003i
-0.059215522742287224-0.49648090420332414i,-0.05890902329822922-0.4942191275718156i
0.4555075056172443+0.20618584456814182i,0.4533547991736117+0.2052521101769284i
-0.41211010557041294+0.2831344472125522i,-0.4101448734514739+0.2817383848177055i
-0.02908659395085808-0.4991530248931054i,-0.028904644229873638-0.4966836013892157i
0.44220661365951647+0.2333515950526609i,0.4399400001373208+0.2321991517124326i
-0.42847625502251957+0.2576974583257907i,-0.4262605519320622+0.2563189992421588i
0.0011487791123155344-0.499998460453038i,0.0011821227289293265-0.4973210554955085i
0.4272874351025655+0.25966337813322127i,0.42491943933289916+0.2582713005612617i
-0.4432743654527936+0.23131740662421085i,-0.44079681355050787+0.229978495180746i
0.03137994795819282-0.49901411695181513i,0.03123970301494147-0.49613060017773347i
0.41080456773691987+0.2850249039761985i,0.4083500974159462+0.28337264251844535i
-0.4564502821280897+0.2040908317752907i,-0.4537010906772219+0.2028152574907842i
0.061496279483363725-0.49620359666419217i,0.06115672242446962-0.4931181787960874i
0.39281833178304637+0.30934336028162734i,0.3902946968353542+0.30741097150050367i
-0.46795578684819616+0.17611737135791822i,-0.46492695975589665+0.17493066367378887i
0.09138756083972688-0.49157718488820734i,0.09082242673953664-0.4882965397140618i
0.3733945491452314+0.33252975193638723i,0.37082146059759086+0.33029813397328317i
-0.47774877440375163+0.14749939623161484i,-0.4744343110575328+0.14642869922079574i
0.12094440276621121-0.4851518123054043i,0.12012709864507655-0.4816851823901644i
0.3526043025316606+0.35449922669812123i,0.3500038503317982+0.3519503576851851i
-0.48579340666324244+0.11834163590312483i,-0.48218949429285723+0.11741556337769281i
0.15005863990652557-0.4769509930218049i,0.14896247034173749-0.47331027785965646i
0.33052367532221405+0.37517138571802666i,0.3279202846772448+0.3722885634597096i
-0.49206024372518137+0.088750795261368i,-0.48816543954656866+0.08799926684939303i
0.17862372664793924-0.46700473851637214i,0.17722213027751568-0.4632045639337755i
0.30723347313594895+0.3944705777661355i,0.3046538390896376+0.39123865886788595i
-0.4965263516555131+0.05883516408334238i,-0.4923417530920971+0.058289222991486964i
0.20653512703249824-0.4553494478118779i,0.20480192244495518-0.4514072155409279i
0.28281892811721426+0.4123261760823489i,0.28029192823365645+0.4087318126720722i
-0.49917538641597003+0.028704220740015395i,-0.49470478774345766+0.02839583406186951i
0.23369069731376665-0.4420277742701011i,0.23160033672125246-0.4379636907302621i
0.2573693870225821+0.42867283684006763i,0.2549259721952335+0.42470470900809176i
-0.49999765367623744-0.0015317684475278015i,-0.49524768749922093-0.0015699258777696872i
0.2599910597591004-0.42708846949882945i,0.25751888876444895-0.42292555295133694i
0.23097798425006402+0.4434507382765528i,0.22865104780843634+0.43909978035187053i
-0.49899014429104205-0.031762152735495805i,-0.49397040633307937-0.03149692980917353i
0.28533996632949826-0.41058620494189824i,0.28246248802065704-0.40635027031463045i
0.2037413010071869+0.4566057996149038i,0.20156552644777986+0.45186541839943106i
-0.4961565453123324-0.06187630189162374i,-0.4908797010856934-0.06127431674698488i
0.3096446509061167-0.39258137180516955i,0.30633979244486825-0.38830099262600826i
0.1757590118652217+0.4680898789764906i,0.17377069968824777+0.4629561620757542i
-0.49150722649625106-0.09176401105434395i,-0.48598909851246225-0.09079190926498724i
0.33281616877445225-0.37313986005063765i,0.3290635485903983-0.36884630707296684i
0.14713351999303276+0.47786094955956965i,0.14537039427974563+0.4723328619765039i
-0.4850592023542774-0.1213159040352817i,-0.4793188366415874-0.11994062796118043i
0.3547697221238228-0.35233281726744603i,0.3505509157802609-0.34805997352228407i
0.11796958240542849+0.4858832534393396i,0.1164705779234058+0.4799628206392529i
-0.47683606988741783-0.1504238335891619i,-0.4708957806958736-0.14861290127726026i
0.37542497037096145-0.33023638830224716i,0.3707237731364407-0.32602064046610574i
0.08837392659744575+0.4921274324266001i,0.0871789573703722+0.4858199081339622i
-0.46686792223131013-0.17898127718631357i,-0.46075331392969426-0.17670306910765535i
0.3947063241720711-0.3069314366017424i,0.3895090083107235-0.30281154272733907i
0.05845485996752425+0.49657063550612507i,0.05760457039166593+0.4898846525590638i
-0.45519123852826154-0.20688372683941014i,-0.44893120382900187-0.2041077786594304i
0.412543222047381-0.282503248287173i,0.4068387868328578-0.2785201821040207i
0.02832187345891124+0.4991966024615705i,0.027857373189860667+0.49214430512656226i
-0.4418487504292441-0.23402907155785146i,-0.43547544421684264-0.23072637105569743i
0.42887038860587984-0.2570412200437181i,0.42265080106776365-0.2532379921972037i
-0.0019147591302003109+0.4999957233808879i,-0.0019521751612538406+0.49259287961815823i
-0.42688928571439216-0.26031797103016485i,-0.42043807389915744-0.2564612572131727i
0.44362807342523136-0.2306385319669951i,0.4368884978537349-0.22705998872595343i
-0.03214438470144493+0.49896507382447763i,-0.031713529653371327+0.4912311660937148i
-0.41036758960428216-0.2856542191669105i,-0.4038769725757307-0.2812182815674831i
0.4567622697126771-0.20339180656390046i,0.4495012839769112-0.20008440668799232i
-0.0622563757991359+0.4961084255273842i,-0.061316476057515355+0.4880667188326886i
-0.39234412441592115-0.3099450961736798i,-0.3858556348275729-0.3049070722686598i
0.468224911946719-0.17540075515570186i,0.4604447087240179-0.17241232577315413i
-0.09214053545927303+0.4914362325963628i,-0.0906515458191832+0.48311381858930447i
-0.3728848482966159-0.33310170786574855i,-0.36644292307604914-0.32744137652358674i
0.47797405177629904-0.1467678129773975i,0.46968062284503304-0.14414728548039946i
-0.1216875004831374+0.48496559325233635i,-0.11961042754764599+0.4763934093404772i
-0.352060973845461-0.3550393109826424i,-0.34571280048876973-0.3487393798206915i
0.4859740115337618-0.11759776430871849i,0.47717731334909347-0.11539489142712916i
-0.15078914165966228+0.47672018725824505i,-0.14808637352793638+0.4679330098044312i
-0.3299487075057898-0.37567762331210014i,-0.323744044883496-0.3687240078369316i
0.4921955147998056-0.08799735900863592i,0.4829096136515851-0.08626241437126614i
-0.17933895947193876+0.4667301892612772i,-0.1759745997053256+0.45776660010476533i
-0.3066289706822974-0.3949411174885147i,-0.30061994475320575-0.3873232098950649i
0.49661579354261154-0.058074921856692205i,0.4868589886858107-0.056858383492582557i
-0.20723247383974025+0.4550321583666094i,-0.20317267761947483+0.44593448405012986i
-0.28218710360342925-0.4127592973906767i,-0.2764279786027692-0.40447022291235313i
0.49921867143906923-0.02793995613079838i,0.48901359468991895-0.027292175499813363i
-0.23436760647177557+0.4416689043467735i,-0.22958091679884518+0.43248312759301966i
-0.2567125530127715-0.4290669561273232i,-0.2512594788505497-0.42010381485863224i
0.499994623073177+0.0022972571277665634i,0.48936831347823995+0.0023263988562280025i
-0.2606450544284259+0.4266893309762618i,-0.25510273616489587+0.41746497412272615i
-0.23029854483235804-0.44380441466637366i,-0.22520928160584394-0.43416850682247127i
0.49894080879497565+0.03252606269563649i,0.4879247611047712+0.031887509275663445i
-0.285968653527884+0.41014825706470015i,-0.2796450230404798+0.40093823733558426i
-0.2030417429958062-0.45691774023457454i,-0.1983753636856667-0.4466147728677885i
0.4960610851124487+0.0626358361179847i,0.4846912709256133+0.06128171981932801i
-0.3102457302657885+0.3921062158435322i,-0.30311847840649764+0.3829666725112019i
-0.17504189569980566-0.4683589436883031i,-0.1708584682815218-0.45739921695061797i
0.49136599057835934+0.0925163885465512i,0.47968285116594045+0.09040040065075448i
-0.333387440960477+0.3726292334403728i,-0.32543794710645424+0.36361932710540384i
-0.1464014703685293-0.4780861551332365i,-0.14276172072826393-0.4664847262553856i
0.48487270722366854+0.12205836998353636i,0.47292111719576996+0.11913613603670498i
-0.3553090968827302+0.35178858725171597i,-0.34652273175871307+0.34297027164925054i
-0.11722527866683596-0.4860637771501958i,-0.1141902358633978-0.47384060040201137i
0.4766049976786774+0.15115366945566266i,0.4644341988153268+0.14738312704955134i
-0.37593047418017517+0.3296605450982563i,-0.3662968892009824+0.32109831201737304i
-0.0876200929345615-0.4922626150664222i,-0.08525071849453415-0.47944265606945163i
0.46659311821199806+0.1796958106539374i,0.4542566229476745+0.17503758743797757i
-0.3951761074621534+0.30632608611739676i,-0.3846895083613402+0.29808668419969914i
-0.05769425544557838-0.49665998379555026i,-0.056051058517492744-0.48327330667673507i
0.45487370800559535+0.20758034159124666i,0.44242917222997086+0.20199813116125745i
-0.41297556597066437+0.2818706044143603i,-0.401634968523218+0.27402273277571i
-0.02755728192157164-0.4992397908552869i,-0.026699922245003976-0.48532161685977687i
0.4414896550711067+0.23470521685179974i,0.42899872008704665+0.22816615011733668i
-0.4292637113267107+0.25638359655641463i,-0.41707317702985675+0.24899757435150177i
0.0026805392484999246-0.4999925952589914i,0.0026936584818869815-0.4855833315795912i
0.4264899392981251+0.2609711710335546i,0.4140180429610493+0.25344618063529806i
-0.44398093590880994+0.22995833405384514i,-0.43094978555425717+0.22310574727579444i
0.032908550616575216-0.49891564206563344i,0.03202069782173917-0.48406087979633133i
0.40992945320882535+0.28628208201698757i,0.3975456104574444+0.2777462573486536i
-0.4570733809913074+0.20269152202625845i,-0.44321638414524517+0.1964448490013418i
0.06301613063425784-0.4960128724616958i,0.06117266652270911-0.48076335274129367i
0.3918688010748903+0.3105453227307965i,0.37964535425206114+0.3009782531173363i
-0.4684931338441963+0.17468294530334738i,-0.453830672347632+0.16911516250387928i
0.09289309848020752-0.4912949093381225i,0.09004190000347408-0.4757064569175957i
0.3723740771318875+0.3336721001272289i,0.36038641668380017+0.3230582037223313i
-0.4781984030731467+0.14603510325524044i,-0.46275660678396063+0.14121927320987357i
0.12243011727465863-0.48477901841509774i,0.11852200236687126-0.46891244205713306i
0.35151662370273323+0.3555777801265282i,0.3398428800347052+0.34390661611832174i
-0.4861536715580732+0.11685283468879726i,-0.4699645246776013+0.11286167791865584i
0.1515190942054755-0.4764890450569199i,0.14650824480652055-0.4604100043579738i
0.3293727701154085+0.37618219734134273i,0.3180934775716909+0.3634487590953531i
-0.4923298264305508+0.08724293418257034i,-0.47543124289076544+0.08414838723228255i
0.1800535761014532-0.46645532700820225i,0.17389795689142704-0.45023416542099925i
0.30602355337037845+0.3954099484476379i,0.29522128749225435+0.381614935270709i
-0.49670426561441866+0.05731376126448159i,-0.4791401321464221+0.05518652302882021i
0.2079291390052368-0.4547145833707472i,0.20059090924392634-0.43842612739775405i
0.28155442157994925+0.41319066812850114i,0.2713134109807903+0.3983407334064258i
-0.49926098053967893+0.027174843862455115i,-0.48108116619941316+0.02608391253072001i
0.23504377032018944-0.44130978022739414i,0.22648968616247903-0.4250331049519588i
0.2560549212648502+0.4294592865810021i,0.24646063564049686+0.4135672601258255i
-0.49999061472699197-0.003063522520791259i,-0.48125094581949895-0.0030513194700610598i
0.26129824213271374-0.42628997340459507i,0.25150004678286414-0.41010813472608126i
0.22961836965239837+0.44415626764374494i,0.22075708562022361+0.4272413501837727i
-0.49889049802837554-0.033290678441950036i,-0.4796526975463343-0.0321111586644092i
0.2865964743438292-0.40971012894914405i,0.2755312734179643-0.39370986308898276i
0.20234151317549712+0.45722782667366757i,0.19429985980395034+0.43931575453012484i
-0.49596465639880016-0.06339600548319352i,-0.4762962472740898-0.06098810799249959i
0.31084588628109905-0.391630921976036i,0.29849650576909187-0.37590231302360266i
0.1743241734222134+0.46862612737475196i,0.16718865947394007+0.4497493054928403i
-0.4912237971629222-0.0932693310681082i,-0.4711979688202697-0.08957559156899358i
0.33395773550415786-0.3721185146235867i,0.32031305975888374-0.3567546310919262i
0.14566888183160562+0.4783094568583368i,0.1395254068964306+0.45850705849737733i
-0.4846852698308698-0.12280133164604079i,-0.4643807077297952-0.11776835422606863i
0.35584744256395673-0.3512443139284014i,0.3409027297978912-0.33634081548963357i
0.11648050447266192+0.48624237829438877i,0.11141385631019089+0.465560409830332i
-0.47637300260648385-0.15188393276937406i,-0.45587368066007167-0.1454628551535592i
0.37643490052724715-0.3290847105062674i,0.3601920733635584-0.31473942627349405i
0.0868658582794937+0.49239586059509055i,0.08295919882493462+0.4708871900494975i
-0.46631741482035916-0.18041070459962227i,-0.44571235078691374-0.172557654141546i
0.39564476813357696-0.3057207989952858i,0.3781126768409261-0.2920332789110763i
0.05693332014720018+0.4967473846561638i,0.0542676627563725+0.4744717327366699i
-0.4545553056081519-0.20827725139496228i,-0.43393827976197585-0.19895378896274335i
0.413406745511968-0.2812380812842993i,0.3946014016493103-0.2683091223642287i
0.026792430318945126+0.499281025767125i,0.02544611093906462+0.4763049183861309i
-0.44112971924153466-0.23538159355384422i,-0.42059895684258974-0.22455514246938638i
0.42965583144827285-0.25572615361267564i,0.40960060975719675-0.24365730297454774i
-0.0034465084843199323+0.49998751188889257i,-0.0033983634337366665+0.476384193317528i
-0.4260897876046371-0.2616245408165662i,-0.40574760590072695-0.24926879802233073i
0.4443325612617225-0.2292783786865232i,0.423058367769442-0.21817141547132496i
-0.03367283472447605+0.49886425758546926i,-0.03215884089165938+0.47471356359918737i
-0.4094905503924359-0.2869100552590539i,-0.38944297110230197-0.2730053819184191i
0.45738322442013574-0.20199154401125713i,0.4349286288556007-0.19194794246862976i
-0.06377593301997195+0.4959153734855293i,-0.060728978142950474+0.4713035640638109i
-0.39139275368909276-0.31114560275044567i,-0.371749082128087-0.2956793915352482i
0.46876006109741614-0.17396550769086738i,0.4451713918750328-0.16508588385995096i
-0.09364563895064679+0.49115165123928045i,-0.08900340736664929+0.4661712025949796i
-0.37186262766335765-0.33424249158829744i,-0.3527349998845748-0.31720950797095376i
0.4784214369540178-0.14530283299011587i,0.4537528371445056-0.13768637755397103i
-0.12317264221222862+0.4845905240256575i,-0.11687813081953621+0.4593398799574621i
-0.3509716441945756-0.3561161970721497i,-0.33247454372616314-0.33751889201904367i
0.48633199550075973-0.11610841299700539i,0.46064543838519284-0.10985231302536254i
-0.15224888664513309+0.47625600275436786i,-0.14425090925812203+0.4508392855386136i
-0.32879625531628276-0.37668667082765445i,-0.31104600127894827-0.3565354623859249i
0.4924627874884025-0.08648908675909465i,0.4658280504791045-0.08168793917846913i
-0.18076796567363357+0.4661785881962676i,-0.17102164270304304+0.4407052694596669i
-0.30541761343457463-0.3958786337492705i,-0.2885318220208656-0.3741921551295457i
0.4967913768494747-0.05655324829843818i,0.4692859727595813-0.05329846803994759i
-0.20862551170825955+0.45439515936363034i,-0.19709274210706854+0.4289796916062974i
-0.2809212743451291-0.4136218514894816i,-0.26501829583272274-0.39042716337297423i
0.4993019228046526-0.026410449935985306i,0.47101098765502936-0.024789675808942445i
-0.23571957808638236+0.4409488385487896i,-0.22236949052601185+0.41571024821525054i
-0.2553968841357127-0.42985139148636503i,-0.24059521778970192-0.40518415642504313i
0.49998523783321175+0.0038289986228967564i,0.47100137460143265+0.0037324972004960967i
-0.26195101215324773+0.4258888335150568i,-0.2467603924363705+0.4009502767389718i
-0.22893785111997375-0.444507860588901i,-0.21535554051275776-0.41841247752203453i
0.49883882129541196+0.03405443397460203i,0.46926189923409867+0.03216234618959879i
-0.2872238181181368+0.4092702574174255i,-0.27017750989268935+0.3847585397922639i
-0.20164100400310336-0.45753762241041485i,-0.18939501544390916-0.4300673194888916i
0.49586686858376444+0.06415524399784858i,0.46580377796516415+0.06039479954812927i
-0.31144550835776175+0.39115392711207897i,-0.2925367842715889+0.3671989890633848i
-0.1736062375303307-0.46889299361473286i,-0.1628118244487555-0.44010987770546817i
0.4910802557696957+0.0940212726465702i,0.4606446181477798+0.08832581305276901i
-0.3345274418812729+0.37160614059279584i,-0.31375834240868705+0.3483405101474797i
-0.14493614691502876-0.47853241841672767i,-0.13570620318296936-0.44850747985272843i
0.4844964998017944+0.1235432230737683i,0.45380833412156196+0.11585275909013328i
-0.3563851487182426+0.3506984343687485i,-0.333766785997844+0.32825664933074017i
-0.11573565238426464-0.48642062065865743i,-0.10818005768773437-0.45523369200458746i
0.47613969440129666+0.1526130576110642i,0.4453250395265078+0.14287480942711184i
-0.37693863904250413+0.32850732167157976i,-0.35249146318988744+0.3070253234212634i
-0.08611161521579816-0.49252873290576316i,-0.08033657570105567-0.46026840072387476i
0.4660404218894077+0.18112439314019768i,0.4352309163628243+0.16929331008020637i
-0.39611269590058573+0.30511401244981406i,-0.3698667213995795+0.2847285137844078i
-0.05617244667166746-0.49683440208869034i,-0.05227983418836449-0.4635978709142688i
0.45423564126913074+0.2089728904095828i,0.4235680613628463+0.1950121468699118i
-0.4138371504734787+0.28060411617529896i,-0.3858321404049209+0.2614519457987992i
-0.026027711259498265-0.4993218713061298i,-0.024114404606150247-0.46521477927430943i
0.44076855297117884+0.23605663587118855i,0.4103843103270081+0.21993810028616737i
-0.4300471388644004+0.25506732854928016i,-0.4003327449013322+0.23728475500162022i
0.004212274226571611-0.4999820374883143i,0.004055042582941809-0.4651182232944201i
0.42568844075893825+0.26227651464038515i,0.39573304115936503+0.24398118833599097i
-0.4446833394728172+0.22859710325462976i,-0.41331919575525605+0.21231914123994008i
0.03443684441801284-0.49881248471034567i,0.03212413262670568-0.46331370583234655i
0.4090504913710469+0.28753657321388404i,0.37967295641786375+0.26705499609445804i
-0.45769219008604434+0.20129030995547637i,-0.42474795928561765+0.18665001218710753i
0.06453539035965894-0.4958174930334449i,0.05998917892189285-0.45981309539633725i
0.3909155925616151+0.31174437061837895i,0.36226784627193903+0.289076990735358i
-0.46902608389395595+0.17324687979580772i,-0.43458145398885784+0.16037461762076483i
0.0943977642910108-0.49100802284176326i,0.0875475716782613-0.45463456235941296i
0.37135011027717774+0.33481131670483444i,0.34358633283243123+0.309968820877312i
-0.47864354370947765+0.14456943969437214i,-0.44278817421169975+0.13359217589028483i
0.12391468273976677-0.4844016747320813i,0.11469816133051997-0.4478024914196635i
0.35042564578581237+0.35665299635040987i,0.32370159688835337+0.3296565991451763i
-0.4865093737572911+0.11536293677420209i,-0.44934279036624714+0.10640349402757257i
0.15297812645242967-0.4760226251031785i,0.1413416352451404-0.43934737071274177i
0.3282187736472284+0.37718947838158057i,0.3026910881497342+0.34807116691448575i
-0.4925947884752662+0.0857342543011837i,-0.45422622537397445+0.07891058297556688i
0.1814817356984145-0.46590153768058895i,0.16738088629937603-0.4293056580715677i
0.3048107614827422+0.3963456080879282i,0.2806362201562229+0.3651483402786806i
-0.4968775178572638+0.05579182053717634i,-0.4574257071178048+0.051216269422840945i
0.2093211995010159-0.4540754513005268i,0.19272137194523872-0.4177196250148011i
0.2802872725706617+0.41405128225612525i,0.25762205106678027+0.3808291363542459i
-0.49934188895180137+0.02564521193910918i,-0.4589347967745298+0.023423805741677038i
0.2363946373708141-0.4405876443636419i,0.21727146241240625-0.40463717913013375i
0.2547380523554521+0.43024170571761i,0.23373695159670313+0.3950599791172631i
-0.4999788832183273-0.004595247843823664i,-0.4587533929938449-0.00436352047043382i
0.2626029721445416-0.4254874764546469i,0.2409427767497523-0.3901116655996853i
0.22825660001792628+0.444857628471094i,0.2090722614138265+0.4077928840467116i
-0.4987861695312106-0.03481889170736996i,-0.45688771198293876-0.03204277574903625i
0.28785029256497896-0.4088302077074225i,0.26365050545643853-0.37420164869289796i
0.20093982630837112+0.45784556251213865i,0.1837219353463823+0.4189856209336392i
-0.495768112710659-0.06491511408632576i,-0.45335024364915477-0.05951176753256123i
0.312044204274993-0.3906767965766426i,0.28531371850904663-0.35697067412748484i
0.1728876988947933+0.4691579775762952i,0.15778218079002718+0.42860185430180153i
-0.49093575754935104-0.09477377572343401i,-0.4481596840445841-0.08666942687060851i
0.3350961679412307-0.37109367675599314i,0.30585565765132167-0.33848701326943315i
0.1442028765241578+0.4787534750794731i,0.1313510877311832+0.4366112609735043i
-0.48430678839323416-0.12428560673179692i,-0.4413408444475731-0.11341618561753292i
0.3569218232700796-0.3501525140593647i,0.32520401187760395-0.31882339021064254i
0.1149903333354339+0.486596939618992i,0.10452825282768458+0.44298962440393397i
-0.4759054644244092-0.15334260647576553i,-0.4329245375049655-0.13965434668437535i
0.3774412977301367-0.3279299441547315i,0.3432911751092671-0.2980566928252728i
0.08535697469929845+0.49265966748088275i,0.07741439900633244+0.44771890549865223i
-0.4657625308829348-0.181838438806915i,-0.4229474409464475-0.16528844595341394i
0.39657949885139454-0.3045072921104963i,0.36005448513530375-0.2762676689641683i
0.055411245990360763+0.4969194716831632i,0.05011099204922062+0.4507872897199671i
-0.4539151065524444-0.20966882120871025i,-0.4114519394668641-0.19022560449649234i
0.4142663890314524-0.2799702747806436i,0.3754364429640008-0.2535406090004567i
0.025262735723634328+0.49936076317066885i,0.022719855647638586+0.4521892103807264i
-0.4404065479213282-0.236731906425761i,-0.398485945455119-0.21437586978004058i
0.4304372418430837-0.2544086871178417i,0.3893849118105219-0.2299630159879709i
-0.004978225492395488+0.49997460786430536i,-0.004657213596543747+0.4519253481158658i
-0.42528629051659433-0.2629286551810657i,-0.38410269932738156-0.23765254458673218i
0.4450328789051791-0.22791607356245425i,0.4018532950269961-0.20562526473788448i
-0.035200968718446496+0.4987587593559429i,-0.031918829747008826+0.450002606614455i
-0.40860966799105525-0.2881631986172597i,-0.36836055029879544-0.2599725024352539i
0.45799988645022405-0.20058938571003504i,0.4128006923648515-0.18062025115739022i
-0.06529489168526151+0.495717667129306i,-0.05896439822189423+0.4464340647860402i
-0.39043770962590757-0.312343189135489i,-0.35132271850033175-0.28125648833603717i
0.4692908107957641-0.17252862751009845i,0.4221920340451635-0.15504303322708374i
-0.09514986355044508+0.49086246027677305i,-0.08569449214707063+0.4412389056255936i
-0.3708369169897549-0.33538013834798736i,-0.3330570394166345-0.3014294037813292i
0.47886433200451595-0.1438364892945838i,0.42999819220021784-0.12899046502156844i
-0.12465662793008098+0.4842109067716742i,-0.11201122294687028+0.4344423221306398i
-0.34987902057140774-0.35718974090759925i,-0.3136356916854671-0.3204205749325544i
0.4866854150976045-0.11461797197531254i,0.4361960693382025-0.10256082519971729i
-0.15370720273020713+0.47578734844513476i,-0.1378186037726436+0.4260754007111838i
-0.32764071727708-0.37769218302916757i,-0.2931349093599818-0.3381640030365536i
0.4927254382675491-0.08498000278571541i,0.44076866357315864-0.07585344140735409i
-0.18219527531493535+0.46562261190541987i,-0.16302290440207443+0.41617498261868197i
-0.3042033897526283-0.39681243457373383i,-0.2716346797913786-0.35459859617409945i
0.49696229762179556-0.055031043973048754i,0.4437051104525686-0.04896831204597236i
-0.21001659156507235+0.45375389572577923i,-0.18753299627976805+0.40478350400319674i
-0.2796528085579966-0.4144805236266446i,-0.24921842834069502-0.3696683815195774i
0.49938048807347624-0.024880695873119432i,0.44500070130634545-0.022005726866059457i
-0.23706933740345196+0.44022463431363346i,-0.21126068641264167+0.3919488152884105i
-0.25407881828377676-0.4306317925647294i,-0.22597269117533977-0.3833226973685727i
0.499971160083373+0.0053607041799064534i,0.4446568781315923+0.004934112156983354i
-0.2632545113907613+0.4250843389592833i,-0.23412103888101793+0.37772398063138074i
-0.22757500875856723-0.44520713467545125i,-0.20198677744715934-0.3955163642712239i
0.4987321520454337+0.03558248564079189i,0.4426812051181222+0.03175146821276407i
-0.2884762870283186+0.4083884166458375i,-0.25603268277885227+0.3621670583081017i
-0.20023837255036633-0.45815321046210766i,-0.177352422185513-0.4062098346919627i
0.4956679981973213+0.06567404975992719i,0.43908731700981385+0.05834744387193352i
-0.31264236344193336+0.39019796728343303i,-0.27691810545293233+0.3453408629367776i
-0.17216895001540106-0.4694226428434961i,-0.15216343126952606-0.41536932070161536i
0.49078991202705136+0.09552527432728702i,0.4338948445851075+0.08462435070619408i
-0.3356643031634907+0.3705795601097879i,-0.29670392997220285+0.3273127105170458i
-0.14346946319335832-0.47897419053369816i,-0.12651531986948125-0.4229668992941995i
0.48411574523643736+0.12502691667245708i,0.4271293176278723+0.11048607291309213i
-0.35745785577412986+0.3496049900753597i,-0.31532117582284713+0.308154147326826i
-0.1142449398888056-0.4867728989674861i,-0.10050494576729714-0.4289805950088393i
0.4756699224115244+0.15407101344592292i,0.41882204584491506+0.13583842357476617i
-0.3779432662246191+0.3273510151046412i,-0.33270550189335835+0.2879406637760919i
-0.0846023293145022-0.49279022821902985i,-0.07423013898057045-0.43339443962604246i
0.465483351639087+0.18255127571859409i,0.4090099782701994+0.16058949221333416i
-0.39704556670460617+0.30389907519509907i,-0.34879743088599663+0.26675139437166i
-0.054650110703180294-0.4970041574457766i,-0.04778932912364209-0.4361985087969094i
0.453593311396295+0.21036347795366733i,0.39773554177678844+0.18464998234433874i
-0.41469485099263+0.2793349943817347i,-0.36354255436557137+0.24466880499586488i
-0.024497896320110818-0.4993992654752843i,-0.021281171942337508-0.43738893555352554i
0.44004331412748865+0.23740583942736i,0.3850464593956716+0.20793353777316279i
-0.430826530282889+0.25374866665795137i,-0.376891717734676+0.22177836874646167i
0.00574396967074467-0.4999667872400936i,0.005195823543052958-0.4369679007383713i
0.4248829470073048+0.2635793967026768i,0.3709955492164488+0.23035705642761345i
-0.44538156955254954+0.2272337270021177i,-0.38880118450457474+0.1981682316248321i
0.03596481501901666-0.49870464585411345i,0.03154366586007833-0.43494360047931185i
0.4081676904729003+0.28878836579311706i,0.3556405047162202+0.2518409905726466i
-0.45830670360459386+0.19988720871373328i,-0.39923277931325435+0.1739288693933121i
0.0660540444008659-0.49561746021313247i,0.057665248458458405-0.4313301909252635i
0.3899587151893635+0.31294049269095564i,0.33904365743201176+0.27230963231043204i
-0.46955463199558045+0.17180918831319753i,-0.4081540092266718+0.14915273695184827i
0.09590154415040358-0.49071652809164334i,0.08346471224209068-0.42614771054425227i
0.3703226581913324+0.33594739097731885i,0.3212717229563842+0.291691383329762i
-0.4790841921349669+0.14310241930469533i,-0.4155381629445954+0.12393391160754165i
0.12539808522844986-0.48401978479783614i,0.10884780188856734-0.4194219803714489i
0.3493313790200475+0.3577248652785434i,0.3023955312965795+0.3099190079341216i
-0.4868605099225248+0.11387195614247111i,-0.42136438761956313+0.09836773162896174i
0.15443572295393893-0.4755517375380686i,0.13372221461539213-0.41118448267801894i
0.3270616967482708+0.3781932193851095i,0.2824897426937374+0.3269298684458804i
-0.49285512737257925+0.08422476977661392i,-0.4256177430849385+0.07255043148961036i
0.1829081920351234-0.4653433757310075i,0.15799794008675616-0.4014722186134772i
0.30359510885544966+0.39727754790556336i,0.26163255005047814+0.34266614215591545i
-0.49704610675802435+0.05426935618528952i,-0.4282892333760994+0.046578775212261024i
0.21071129545493636-0.45343205759965843i,0.18158759019397522-0.39032754545277815i
0.279017492981918+0.41490801038810277i,0.23990536916248661+0.3570750190625115i
-0.4994181108929868+0.02411533932602431i,-0.4293758155173497+0.020549689227447612i
0.2377432857873541-0.43986137345630105i,0.2044067174872269-0.37779799415632065i
0.25341879265359013+0.43102008690665594i,0.21739251799161716+0.3701088797208226i
-0.49996245926034616-0.006126930040930943i,-0.42888038563442693-0.005440103844534272i
0.2639052375493074-0.42468098618065486i,0.22637412108481236-0.36393606802334394i
0.22689268812725702+0.445554814176121i,0.19418088625568755+0.3817254526035638i
-0.4986771597787001-0.036346778189023335i,-0.42681174254058574-0.03129444908801147i
0.28910140922549316-0.4079464494750535i,0.24741213893945613-0.34879902328976903i
0.19953625356105303+0.4584590013326833i,0.17035959664197423+0.3918879504554213i
-0.4955669160925286-0.0664336134437383i,-0.42318452902999965-0.05691811947738584i
0.3132395936412308-0.38971900456173714i,0.26744692539848347-0.33244863258729124i
0.17144960176469806+0.46968542458954876i,0.14601965897873953+0.4005651852069515i
-0.49064311035887376-0.09627733090066468i,-0.4180191511978317-0.08221717098843254i
0.33623145540114663-0.3700653560662621i,0.2864087130561306-0.3149509322433156i
0.14273551782958166+0.4791930000557363i,0.12125361872026737+0.40773166109819264i
-0.48392376159352946-0.12576871536219045i,-0.4113416761896848-0.10709929129550091i
0.3579928541588111-0.3490574279071996i,0.30423205796069236-0.296375954459312i
0.11349908297944014+0.4869469340854861i,0.09615520111776373+0.4133676457482343i
-0.4754334597291771-0.15479984101825306i,-0.4031837088648546-0.13147414074517488i
0.37844415253429475-0.32677210008546176i,0.3208560673080524-0.27679744545944335i
0.0838472900181772+0.4929188506080706i,0.07081895245870401+0.417459218992935i
-0.46520327562678576-0.1832644664084846i,-0.39358224793714014-0.15525368433226386i
0.3975105075527994-0.30329092733649377i,0.336224608824112-0.2562925707507744i
0.053888651782121294+0.49708689497203506i,0.045339879763143374+0.4199982993999481i
-0.45327064736959555-0.2110584232203605i,-0.3825795222340761-0.17835251344423433i
0.415122144537826-0.2786998406749437i,0.3502865011128764-0.2349416086814086i
0.023732804029613863+0.49943581392384206i,0.01981309032541272+0.4209826484567026i
-0.43967924325580093-0.2380799975005166i,-0.3702228077892624-0.20068815618506916i
0.4312146124565445-0.25308883292402834i,0.3629956843237466-0.2128276335228598i
-0.006509895778810254+0.4999570114282334i,-0.005666567516191792+0.4204158525133276i
-0.42447880199132076-0.2642303018841646i,-0.35656422655364467-0.22218137513878247i
0.4457290197829124-0.22655162938042367i,0.37431137057042113-0.19003618933825578i
-0.036728772341367455+0.49864858012602986i,-0.03100486100908856+0.41830728264817435i
-0.40772495066748127-0.2894136374804074i,-0.3416605275791501-0.2427564514863242i
0.4586122500153863-0.19918534481990346i,0.3841981736142458-0.1666549559280298i
-0.06681323753912916+0.49551530831424684i,-0.05610852565972004+0.414672032708126i
-0.38947900118973583-0.3135378440891077i,-0.3255728515920311-0.26234145444714746i
0.46981715606052-0.17109012809893975i,0.392626217407716-0.14277340816968145i
-0.0966531951410754+0.4905686624229827i,-0.08088561261537347+0.4095308358590733i
-0.36980772590240474-0.33651463746766686i,-0.30836647993351984-0.2808684950779726i
0.4793027327710923-0.14236879565286986i,0.39957122317668303-0.11848247008791228i
-0.1261394437090499+0.4838267450532058i,-0.10524582944609262+0.4029099600636806i
-0.34878311323055233-0.3582599324134641i,-0.29011056890138476-0.29827396352594276i
0.48703426700734775-0.11312645523186951i,0.4050145748046656-0.09387416500590824i
-0.15516407622815598+0.47531422872900386i,-0.1291008730495964+0.3948410829830241i
-0.32648210423324703-0.3786941504796096i,-0.2708778705778604-0.3144987489015834i
0.4929834646721894-0.08347012125169748i,0.4089433623674438-0.06904126313750977i
-0.1836208750001206+0.465062265606735i,-0.15236475343810368+0.3853611468760004i
-0.30298631103230655-0.39774251119790704i,-0.25074444127675033-0.329488441007655i
0.49712855425543145-0.053508323166861854i,0.41135040375117493-0.044076927983949896i
-0.2114057003544829+0.4531083734715051i,-0.17495410720710472+0.3745121941452024i
-0.27838171814695845-0.41533530574327365i,-0.2297893387851831-0.34319351323374775i
0.49945436650818237-0.02335070829939516i,0.41223424437250855-0.01907436289709442i
-0.23841687175509402+0.43949629843817634i,-0.1967884995311985+0.3623411842497455i
-0.2527583678274021-0.43140815203812133i,-0.20809430961360648-0.35556948600250027i
0.4999523899557855+0.006892359423285894i,0.4115991351035383+0.005873540835628535i
-0.2645555399072404+0.4242758548593614i,-0.2177907135819587+0.34889979277439187i
-0.22621003053881725-0.44590223036313037i,-0.18574346750046178-0.36657707023101416i
0.49862080204616344+0.03711020335298911i,0.4094549885883781+0.030674553041573852i
-0.28972604850363826+0.40750274302627243i,-0.2378870263164055+0.334244193509494i
-0.19883386180170615-0.45876449861217683i,-0.16282296444624256-0.37618229035127837i
0.4954644758195766+0.06719223914977915i,0.4058173142207221+0.05523744952274954i
-0.3138362842854642+0.3892383453295605i,-0.2570074696422852+0.3184348244581748i
-0.17073004664438515-0.469947886403678i,-0.13942065557448519-0.38435658651396676i
0.4904949620753875+0.09702837947320103i,0.4007071321331378+0.0794723514218675i
-0.33679801413735067+0.3695495016261097i,-0.2750860760274289+0.30153613874499313i
-0.1420014329687781-0.4794114673379857i,-0.1156257591351033-0.39107689568293125i
0.48373044710109125+0.1265094368546994i,0.3941508666282827+0.10329105781848891i
-0.35852720798271887+0.3485082646338474i,-0.2920611076852803+0.2836163414540819i
-0.11275315517123619-0.48712060877044516i,-0.09152851297798155-0.39632571140998346i
0.47519568611830987+0.15552752327689226i,0.3861802195595972+0.12660737031149744i
-0.3789443462977966+0.3261916362497198i,-0.30787526853581787+0.26474711347439944i
-0.08309224939576806-0.49304709855201134i,-0.06721982883231095-0.4000911221635813i
0.464921912689305+0.18397644499741178i,0.37683202424440465+0.14933740838087425i
-0.39797471111894656+0.30268128575579717i,-0.32247589821206324+0.2450033234748436i
-0.05312726182769037-0.4971692482736052i,-0.04279094572905367-0.40236682816834607i
0.4529467244155446+0.21175209117242474i,0.3661480805647467+0.1713999143633636i
-0.41554865947834535+0.2780632509447513i,-0.335815147454895+0.2244627291725069i
-0.022967851461175387-0.49947197263638327i,-0.018333083900966746-0.4031521367956115i
0.43931394534661783+0.23875281485763922i,0.35417497198081016+0.19271654692213452i
-0.43160187826735763+0.2524276232584609i,-0.34785013431414435+0.2032056690931408i
0.007275611205604132-0.49994684465745787i,0.006062899513696736-0.4024519366280054i
0.42407346560302217+0.2648798049924961i,0.34096386524838557+0.21321216194066994i
-0.4460756195949111+0.22586821809199883i,-0.3585430806511663+0.18131474605400208i
0.03749244807913005-0.4985921265090362i,0.030306851651039093-0.4002766504032695i
0.40728105879973375+0.2900374480062426i,0.32657029369490753+0.23281507982488575i
-0.4589169157795646+0.19848223146955013i,-0.3678614285164979+0.15887450362511332i
0.06757207850486052-0.49541277587812615i,0.054309660690713475-0.39664216712253136i
0.3889981779387135+0.31413367772256673i,0.3110539249678966+0.25145733825492783i
-0.47007877318849023+0.17036988434867792i,-0.3757779360563166+0.1359710968461503i
0.09740442394496629-0.4904204278235279i,0.07798358694361351-0.3915697536883674i
0.3692917305172946+0.3370803122822892i,0.294478314225318+0.26907492948930434i
-0.4795203442139994+0.14163405585463096i,-0.38227075268236715+0.11269195849203087i
0.12688031081853626-0.48363335219651293i,0.10124258701537726-0.3850859465145473i
0.3482338336754568+0.3587933768511221i,0.27691064378896835+0.285608021388022i
-0.48720707675825753+0.11237990678689938i,-0.3873234733212661+0.08912546219104904i
0.15589187003002827-0.47507638678100983i,0.1240026298361346-0.37722242362520647i
0.3259015502780457+0.3791934109315229i,0.25842145032910796+0.30100116138858174i
-0.493110840679133+0.0827144947758209i,-0.3909251716414164+0.06536058370524725i
0.18433293172386447-0.4647808463979741i,0.1461820033842686-0.36801585783392804i
0.3023766068977613+0.3982057591540126i,0.23908434069167414+0.3152034627386026i
-0.4972100307344436+0.05274638249760061i,-0.3930704122373361+0.04148656168309604i
0.21209941382053588-0.4527844083065838i,0.16770161097408032-0.3575077516634083i
0.27774509473097675+0.41576084448378636i,0.21897569751773457+0.3281687723609367i
-0.49948964564787046+0.02258524038150902i,-0.3937592418327312+0.01759255919010517i
0.23908970291234413-0.4391309743216404i,0.18848525602304392-0.34574425473388154i
0.2520971545409085+0.4317944228428018i,0.19817437583837036+0.3398558198011848i
-0.4999413430071925-0.00765855473682121i,-0.39299715964463117-0.006232672686664434i
0.2652050261248638-0.4238705101517696i,0.2084599142646708-0.3327759644123909i
0.2255266467811089+0.4462478182155312i,0.17676139185737041+0.3502283467839775i
-0.49856346979393323-0.037874323547241975i,-0.3907950671309766-0.029901127878877023i
0.290349812583271-0.4070588625463706i,0.2275559924268392-0.3186577105761263i
0.19813080810648973+0.4590681373779961i,0.15481960515788873+0.35925521698148577i
-0.49536106843269956-0.06795148930386374i,-0.3871691974223709-0.05332587376017i
0.31443204316072804-0.3887575549204824i,0.24570757245276792-0.3034483253997064i
0.17000989552889664+0.4702084634642665i,0.13243339558854123+0.3669105056764024i
-0.4903458583380719-0.09777998248848846i,-0.38214102481613-0.07642137371495568i
0.3373635872288958-0.3690335622054892i,0.2628526404025503-0.287210399129967i
0.141266819519474+0.47962802766205437i,0.1096883360983743+0.3731735690811547i
-0.48353619302657685-0.1272506436178069i,-0.37573715478582376-0.09910380264445978i
0.3590605251782093-0.34795906574961505i,0.2789332992371524-0.2700100228608542i
0.1120067674005076+0.48729235840907i,0.0866708627992864+0.37802909315509586i
-0.4749569929506927-0.15625562272025834i,-0.3679891950327393-0.12129135423531319i
0.37944345552763215-0.32561118916516896i,0.29389596475308943-0.2519165193660848i
0.08233681840496929+0.4931734075441445i,0.06346794353854819+0.38146712184162396i
-0.46463965430068943-0.18468877402063932i,-0.35893360817610764-0.14290453885401325i
0.3984377854999998-0.302071716089223i,0.30769154400524745-0.23300216308807406i
0.05236555181247998+0.4972496529514632i,0.04016674626308865+0.38348306472723465i
-0.4526219341080468-0.2124460443880864i,-0.3486115467471532-0.1638664709728736i
0.4159740039995703-0.27742679089060085i,0.32027559562658314-0.21334189041764734i
0.02220264959574675+0.49950617732227204i,0.016854308451178298+0.38407768420433464i
-0.43894781207092326-0.2394258541258768i,-0.3370686712169743-0.18410314507955144i
0.4319879359928024-0.2517666034184587i,0.33160847152666306-0.193013001430812i
-0.008041504968384794+0.4999347227458256i,-0.006382791123614488+0.383257062298516i
-0.4236673296073362-0.2655294687095231i,-0.3243549518498918-0.203543699072164i
0.4464209773614351-0.2251850589461451i,0.3416554395259862-0.17209485427558785i
-0.03825623125434899+0.4985337209297958i,-0.029458757047312597+0.3810325473988415i
-0.406836406725049-0.2906613601127578i,-0.3105244552327113-0.22212066419612594i
0.45922030936840963-0.1977794345182029i,0.35038678655912703-0.15066855342409027i
-0.06833095633144878+0.49530829893954975i,-0.052288897110733375+0.3774206812063792i
-0.3885166373783411-0.3147295563991111i,-0.29563511638480516-0.23977020063577642i
0.47033909195177787-0.16965002295813497i,0.35777790215711125-0.1288166330222329i
-0.09815561961332533+0.4902702604352901i,-0.0747899361420183+0.37244310629117616i
-0.3687750640605714-0.3376459782997261i,-0.2797484974049539-0.2564323179344557i
0.47973663513922643-0.1408997658397141i,0.36380934199737375-0.10662273658171603i
-0.12762107563247005+0.483438042475725i,-0.09688032265295178+0.3661264547207071i
-0.3476839324574254-0.3593267615456809i,-0.26292953365807287-0.2720510794798675i
0.48737854795591207-0.11163387676500297i,0.36846687138800815-0.08417129426641412i
-0.15661949346579113+0.47483664804634557i,-0.11848052716027475+0.358502218293935i
-0.3253204270587114-0.37969256377522004i,-0.24524626854748255-0.2865747903575057i
0.49323686428067054-0.08195945632772642i,0.37174148863154677-0.06154719902768495i
-0.18504475134951467+0.4644975545592304i,-0.13951333108115663+0.3496066009831583i
-0.3017663886962543-0.39866885489274684i,-0.22676957795701821-0.29995616794319085i
0.49729014519001574-0.05198510017106311i,0.37362942829192125-0.03883548284075586i
-0.21279282503929406+0.45245859865922633i,-0.15990410514508965+0.33948035425178663i
-0.2771080150415749-0.4161861898169863i,-0.20757288548134092-0.31215249467621353i
0.4995235574154006-0.021820501574198934i,0.3741321444655936-0.016120994286912774i
-0.2397621684943001+0.4387638377580668i,-0.17958107631059103+0.328168595978625i
-0.25143554515940714-0.4321804626201783i,-0.1877318695921962-0.3231257525266805i
0.49992892762661256+0.008423949977997199i,0.3732562742354681+0.006511921285771201i
-0.265854085492148+0.42346338880315404i,-0.19847558222559933+0.3157206137788209i
-0.2248429292714487-0.4465931411282599i,-0.16732416391344473-0.33284273874438997i
0.49850477234265445+0.038637572773110945i,0.37101358156140096+0.02897973780746804i
-0.29097309081471456+0.4066132448710399i,-0.21652231232379154+0.30218965356774796i
-0.1974274849388723-0.459371481123503i,-0.14642905179751792-0.3412751625513692i
0.4952563033606492+0.06870979791874776i,0.36742088193589273+0.0512000595431116i
-0.31502725968305434+0.38827507025679764i,-0.23365953470641943+0.28763269426643334i
-0.16928954092181728-0.47046871936571294i,-0.12512715641169653-0.3483997225162558i
0.4901954086828978+0.09853057397722555i,0.36249994820632003+0.07309192599226652i
-0.33792856416264017+0.368515974809166i,-0.24982930801866834+0.27211020959601506i
-0.14053207001918683-0.4798442447256186i,-0.10350012755284979-0.3541981644247246i
0.48334060901189413+0.1279907697066046i,0.3562773980355533+0.09457610949473337i
-0.35959319530782324+0.3474082683373053i,-0.26497767759272434+0.2556859179531111i
-0.11126031223239824-0.4874637468041765i,-0.08163032641520473-0.3586573195371842i
0.4747169899725018+0.15698257343419636i,0.348784563541639+0.1155754044390091i
-0.3799418698666045+0.3250291959879301i,-0.2790548551946652+0.23842652139882828i
-0.08158138963214331-0.49329934149390453i,-0.059600509536693665-0.3617691232016251i
0.4643561103093334+0.18539988760101508i,0.34005734372310487+0.13601490700964405i
-0.39890012042331185+0.3014606555612236i,-0.2920153817796098+0.2204014348302982i
-0.05160391433758535-0.49732967302275033i,-0.03749351314532053-0.3635306138656211i
0.4522958863952901+0.21313871703330906i,0.3301360403396781+0.15582228445237964i
-0.4163985679173797+0.2767888978000379i,-0.30381827272934947+0.2016825064355695i
-0.021437591042616083-0.49953999210704947i,-0.015391939118728451-0.3639439126078262i
0.4385804534739088+0.24009754952026358i,0.3190651779788102+0.17492803288253567i
-0.4323731755409368+0.2511042107491924i,-0.3144271451170685+0.18234373056015266i
0.008807184456240624-0.49992220992757463i,0.00662215624348509-0.3630161833835728i
0.42326000414331394+0.26617772730512645i,0.30689330909508095+0.19326572271216994i
-0.4467654830860376+0.2245005893399789i,-0.3238103266168897+0.16246095413640713i
0.03901972926106481-0.49847492773114266i,0.028467569452846956-0.3607595742534037i
0.4063906046728485+0.29128380813025495i,0.29367280486381614+0.21077223082517788i
-0.45952282088393576+0.19707539140905456i,-0.3319409457487529+0.1421115778451015i
0.06908947842444374-0.4952034419494499i,0.05006425191118555-0.35719113993535895i
0.38803398982459214+0.3153239145148181i,0.27945963273980057+0.22738795868576794i
-0.470598502553465+0.16892898141054252i,-0.33879700322406403+0.1213742531922682i
0.09890638956972753-0.4901197248164063i,0.07133360570336947-0.352332746092326i
0.3682573369306261+0.3382100699869439i,0.2643131216588918+0.2430570356255077i
-0.4799519958531591+0.14016436312520508i,-0.3443614242317267+0.10032857669302678i
0.1283613455989001-0.483242380554897i,0.09219877200223286-0.3462109558344377i
0.34713302005282876+0.3598585210398489i,0.24829571586229446+0.2577275066158457i
-0.4875490710118584+0.11088680271081214i,-0.3486220915796606+0.07905478235854597i
0.1573465540143271-0.4745965772933113i,0.11258491101955723-0.3388568989824025i
0.32473834512487154+0.380190043633728i,0.23147271836182903+0.2713515038976013i
-0.49336192599498335+0.08120344347318265i,-0.35157185968125704+0.05763343368143782i
0.18575594139303445-0.46421395496099366i,0.13241947247616495-0.33030612470170145i
0.30115526704567885+0.3991302331217389i,0.21391202509870616+0.28388540190527756i
-0.4973692882480475+0.05122291376766826i,-0.3532085494511758+0.03614511630995765i
0.21348554156991295-0.4521325094996832i,0.15163245560711464-0.3205984381781092i
0.27647008975967213+0.4166097765390766i,0.19568385087795961+0.29528995499238725i
-0.4995564925450783+0.021054929465994188i,-0.3535349242482548+0.014670132591289986i
0.24043387610926212-0.4383964538146723i,0.1701566577647389-0.30977772206339965i
0.2507731504213719+0.4325647062586769i,0.1768604481862874+0.3055304175337014i
-0.49991553465704963-0.009190107556744133i,-0.3525586470763488-0.006711800850023711i
0.2665023256723119-0.423056055974549i,0.18792791073212-0.29789174347444314i
0.2241584888001838+0.44693663408527806i,0.15751582002178602+0.3145766460514601i
-0.4984451006439247-0.039401513445561545i,-0.3502922193254023-0.027921851351486313i
0.2915954909216784-0.4061674552516399i,0.20488530391270143-0.28499194738047595i
0.19672350313520254+0.4596729649311562i,0.1377254278806136+0.32240318308456767i
-0.49515057166311305-0.06946872742098895i,-0.3467529014049596-0.04888236314603031i
0.3156215416419947-0.3877924566763677i,0.22097139361811263-0.27113323726112604i
0.16856859369945726+0.47072708929157436i,0.1175658960573929+0.3289893225924398i
-0.4900440042767436-0.09928171638407667i,-0.3419626156907525-0.06951714389301603i
0.33849255279908724-0.3679983048573645i,0.2361323977347937-0.25637374396176393i
0.1397967953780025+0.48005855381556506i,0.0971147134232226+0.3343191567583284i
-0.48314408632982175-0.12873137759031195i,-0.3359478322709744-0.08975174374231812i
0.36012482630786624-0.3468574378950643i,0.2503183751114593-0.24077458371292157i
0.11051340060445905+0.48763320934783416i,0.07644993384798576+0.33838160412995544i
-0.47447606856073726-0.15770993791883997i,-0.32873943804281164-0.10951372590233897i
0.38043919733139525-0.3244472222893451i,0.26348338907296226-0.22439960631663983i
0.08082557403589632+0.49342333590001236i,0.055649876431514374+0.3411704191084281i
-0.46407167219439854-0.18611134827583167i,-0.32037258977109717-0.1287329277224801i
0.3993613239902182-0.30084966981134187i,0.27558565453146516-0.20731513453475736i
0.05084196037618008+0.4974077440939159i,0.03479282670171129+0.3426841828687373i
-0.4519689728561636-0.2138316716886535i,-0.31088655177951174-0.14734171134349686i
0.4168219594217325-0.27615113737556374i,0.2865876682329478-0.18958969574150647i
0.020672286782984023+0.4995718527055776i,0.013956739926671671+0.3429262758668143i
-0.43821226123139284-0.24076946367057994i,-0.3003245190002865-0.165275203015787i
0.4327572051939874-0.2504420110106473i,0.2964563217456429-0.17129374692674346i
-0.009573038686514324+0.4999077420262673i,-0.006781052327616395+0.34190483215905587i
-0.4228518809805487-0.26682614346407685i,-0.2887334261608402-0.18247152023545685i
0.44710874514652066-0.2238163750852857i,0.30516299686666565-0.15249939415453406i
-0.039783331121738236+0.4984141828452281i,-0.027344131282141925+0.3396326758291342i
-0.4059440445030055-0.2919063548040653i,-0.2761637439346253-0.19887198590067623i
0.4598240588024771-0.19637166799981667i,0.31268364319344916-0.13328010759697476i
-0.06984803381798119+0.49509664094805883i,-0.047657274584541595+0.33612723988510596i
-0.38755062722379174-0.31591831488092725i,-0.26266926292918497-0.21442132874657663i
0.47085661357101494-0.1682083256034962i,0.3189988376776667-0.11371043327270221i
-0.09965712286649742+0.4899672571142858i,-0.06764673344396313+0.33141046805538693i
-0.3677389411560911-0.3387741502261968i,-0.2483068664258511-0.22906786937503473i
0.48016603503661587-0.13942941364239533i,0.32409382605082326-0.09386570262545975i
-0.12910150979478782+0.48304480268731964i,-0.08724050223357827+0.32550869997624i
-0.34658148856816284-0.3603902182917424i,-0.23313629282372564-0.242763691256064i
0.48771825471211877-0.11014025058300296i,0.3279585460816448-0.0738217410790854i
-0.1580734407835911+0.4743546108793948i,-0.10636857956917649+0.3184525403248176i
-0.3241556966561562-0.38068741354559443i,-0.21721988877440138-0.2554647961403749i
0.49348563471476115-0.080448022191839i,0.33058763269676045-0.05365457670190248i
-0.1864668909996165+0.46392848406288517i,-0.12496321991190752+0.3102767125106984i
-0.3005436341938023-0.3995914569642427i,-0.20062235402373343-0.2671312433865917i
0.4974470689089688-0.05046138928155065i,0.3319804050663293-0.03344015010576671i
-0.21417795260093025+0.4518045773872704i,-0.1429591747863172+0.30101989759510656i
-0.2758317111959257-0.4170331678619829i,-0.18341047900264623-0.2777272727729423i
0.499588060145753-0.02029009005897329i,0.33214083582607334-0.013254026692826036i
-0.2411052149950617+0.43802725914766394i,-0.16029392275122556+0.29072455916014467i
-0.2501103626948734-0.43294871706253557i,-0.16565287623056404-0.28722141043003496i
0.49990077331605415+0.009955461469609947i,0.33107750267552977+0.0068288876533143614i
-0.26715013595824905+0.42264694841589456i,-0.1769078873104503+0.27943675490037695i
-0.22347371778711117-0.4472798604864375i,-0.1474197066118439-0.29558655759973174i
0.49838406402387897+0.04016457956634324i,0.32880352265940005+0.026734626356095782i
-0.292217402257686+0.40571993052834276i,-0.19274464200280297+0.2672059357557438i
-0.19601925516112742-0.4599741522993749i,-0.1287824017187777-0.302800061993947i
0.495043482774298+0.07022671182409479i,0.3253364695046062+0.04639043636283862i
-0.3162152784570466+0.3873081511057658i,-0.2077511019657865+0.25408473344802635i
-0.1678474463672697-0.47098513684142884i,-0.10981338316277492-0.3088437715964699i
0.48989125466097894+0.10003184374082061i,0.32069827444892374+0.0657250457673275i
-0.33905594262881245+0.3674789893589111i,-0.2218777013246881+0.2401287373224313i
-0.13906138813499033-0.4802725186348527i,-0.09058578015959795-0.31370407082051477i
0.4829462346275912+0.12947090132542538i,0.3149151110587002+0.08466892384816936i
-0.36065580774483563+0.3463050115095236i,-0.23507855581865517+0.22539626143163377i
-0.10976642508306395-0.48780230984822665i,-0.07117314639401612-0.31737189900402896i
0.4742338384668043+0.1584361502617586i,0.30801726459232776+0.10315453256897078i
-0.3809358275689882+0.3238637052291172i,-0.2473116101366419+0.20994810283144286i
-0.08006976420349371-0.4935469546773338i,-0.051649177284718094-0.31984275129385337i
0.4637859498093941+0.18682159016997382i,0.30003898652261435+0.12111656862634496i
-0.39982178593246115+0.30023719606735316i,-0.2585387694994107+0.1938472920849189i
-0.050080082529932096-0.4974854301875775i,-0.032087428741133316-0.3211166620381406i
0.451640803443838+0.21452334252242594i,0.2910183348849138+0.13849219517458083i
-0.41724456833309037+0.27551194690777514i,-0.26872601508834904+0.1771588369954279i
-0.019907129426379483-0.4996033232488988i,-0.012561038490804873-0.3211981708739894i
0.4378428453933991+0.2414400307945i,0.28099700116880816+0.15522126240215836i
-0.4331404148647722+0.2497784415507632i,-0.2778435029876313+0.15994946060877357i
0.010338675048386342-0.49989288328164766i,0.006857548961524169-0.3200962717633429i
0.4224425702627558+0.26747315145918255i,0.2700201245186953+0.1712465161843587i
-0.44745115355135556+0.22313085358165824i,-0.28586564637293727+0.14228733453963952i
0.040546644230834955-0.49835305062037694i,0.026096852703387397-0.3178243452953766i
0.40549633644941974+0.29252743446769525i,0.2581360940529403+0.18651379408808352i
-0.46012441323110764+0.19566670173585646i,-0.2927711807471126+0.12424180868873846i
0.0706062299183679-0.4949894603917637i,0.04508662009818599-0.31440007463632125i
0.3870661598961898+0.31651119189698496i,0.24539634015211798+0.20097220805942137i
-0.47111381521269097+0.16748649302209184i,-0.2985432120907242+0.10588313842370337i
0.10040742692829527-0.4898144218924646i,0.06375808479774378-0.30984534556929183i
0.36721948713941605+0.33933665348817255i,0.23185511560417402+0.21457431318099987i
-0.48037914300126716+0.1386933549099183i,-0.30316924786330596+0.08728221029947181i
0.1298411756695919-0.4828468735423719i,0.08204421713151656-0.30418613112567344i
0.3460289484836242+0.36092028784803i,0.2175692675276196+0.22727626194505673i
-0.48788648947360896+0.10939265792743237i,-0.3066412108582669+0.06851026739186214i
0.15879976125419515-0.47411231357812517i,0.09987996595646939-0.2974523613662141i
0.3235720922057722+0.38118310813803113i,0.20259800102373388+0.23903794354832056i
-0.4936083809636191+0.0796916300503624i,-0.30895543598161634+0.04963863531235798i
0.1871772076872663-0.46364270674050917i,0.11720249109153064-0.2896777789242894i
0.2999311007618382+0.4000509611322802i,0.18700263553430918+0.2498231077771337i
-0.4975238778041566+0.049698964293697356i,-0.31011265009093786+0.0307384499618132i
0.21486966569384847-0.45147636729721974i,0.1339513855034274-0.28089978097519663i
0.2751924900343031+0.41745479858649426i,0.17084635490311442+0.2595994731141888i
-0.4996186509572318+0.019524420941901044i,-0.3101179350961691+0.01188038806659678i
0.24177579276264383-0.43765781882908866i,0.15006888645654992-0.2711592483435647i
0.24944679272115086+0.4333309299249425i,0.1541939521570306+0.26833881876285715i
-0.49988503445213583-0.01072157412662269i,-0.3089806745879424-0.006865598477468339i
0.26779712401611044-0.42223763129288616i,0.1655000748883803-0.2605003625064096i
0.2227882270250497+0.4476212553206198i,0.13711157003600766+0.27601706034987505i
-0.49832205343960395-0.04092833355085215i,-0.3067144843217146-0.02543054345027779i
0.2928384325496548-0.4052722359569827i,0.1801930623232181-0.2489704112913621i
0.19531435185516527+0.4602734783156774i,0.11966643831067687+0.2826143091329531i
-0.49493542775934374-0.07098531355538462i,-0.3033371269468976-0.04374672136451127i
0.31680807792123417-0.3868237188871255i,0.1940991646905424-0.2366195841080157i
0.1671257098034245+0.471241297204015i,0.10192660893122853+0.2881149146054967i
-0.4897375510078783-0.1007825184932115i,-0.298870411428745-0.061747895787034796i
0.3396183415160439-0.36695959373808473i,0.20717306247035142-0.22350075758544624i
0.13832545920177902+0.4804845744756526i,0.0839606900525248+0.29250749045649077i
-0.4827474451833016-0.1302109033825785i,-0.29334007766797393-0.07936956001025666i
0.3611857475590002-0.3457525546826512i,0.2193729466452762-0.20966927252021705i
0.10901899660698416+0.48796948370279164i,0.06583757997707067+0.29578492390902317i
-0.4739906910729284-0.15916277296481907i,-0.28677566687702233-0.09654916919557198i
0.38143136860025184-0.3232802103821637i,0.23066064999865657-0.19518270306665036i
0.07931357109443482+0.4936686333300221i,0.04762620205044919+0.297944368525926i
-0.46349933463859305-0.1875321758227804i,-0.27921037832372847-0.11322636315078267i
0.40028111435577174-0.29962479997211655i,0.2410017633586949-0.18010061912488878i
0.04931789177257867+0.4975611669156609i,0.02939524153245864+0.2989872206350449i
-0.45131176974218074-0.21521529211753873i,-0.27068091310233877-0.12934317894612565i
0.41766600284599964-0.2748728921022179i,0.25036573645033044-0.16448434290194258i
0.0191417299542343+0.4996328394573757i,0.011212885452110997+0.2989190795898575i
-0.43747259764057256-0.24211081352445207i,-0.2612273056375407-0.14484425261927436i
0.4335224128402805-0.2491150681322864i,0.2587259630797241-0.14839670063656843i
-0.011104482559300966+0.4998760695227812i,-0.006853433564520089+0.29774969214281366i
-0.4220324637641855-0.26812031397814917i,-0.2508927436704166-0.159677009267768i
0.44779231668326475-0.22244559064334912i,0.26605985043926983-0.13190177049072416i
-0.04131005761125023+0.49828996699422734i,-0.024737288527248373+0.2954928812691769i
-0.4050478723764349-0.2931486098696864i,-0.239723377514587-0.1737918408781539i
0.4604234926512219-0.19496205847705056i,0.2723488723851894-0.115064627617784i
-0.07136445576050515+0.4948803363262473i,-0.04237350343591967+0.29216645983756917i
-0.3865809797923794-0.31710410837770575i,-0.2277681194074251-0.1871422712939381i
0.47136971606113814-0.16676504956578003i,0.27757860660353156-0.09795108742147443i
-0.1011576908085392+0.489659655303746i,-0.059698391845937095+0.2877921295798504i
-0.3666993669132841-0.33989914265885185i,-0.21507843381371505-0.19968510777938556i
0.4805909284332161-0.13795775286060413i,0.28173875564443723-0.08062744801905802i
-0.13058073230169098+0.48264702937866205i,-0.07664998776882093+0.2823953658675779i
-0.34547579190952715-0.3614502926707927i,-0.2017081195683487-0.21138057869286744i
0.4880533840877194-0.10864559070399299i,0.28482315186779-0.06316023291776708i
-0.1595259045358306+0.47386812175221343i,-0.09316826806814213+0.2760052888539236i
-0.3229879239569212-0.381678690453774i,-0.18771308477021023-0.2221924568414666i
0.4937297736396782-0.07893583302929179i,0.2868297464063611-0.04561593490526527i
-0.18788728060322535+0.463355059458595i,-0.1091953655506902+0.2686545215894738i
-0.29931805900086444-0.40051030875350213i,-0.17315111536079023-0.23208816814825087i
0.49759932393951595-0.0489372047988022i,0.28776058231459223-0.028060762142565986i
-0.21556107003955952+0.4511463157938216i,-0.12467577199549408+0.2603790357668759i
-0.27455281858850056-0.4178762319291248i,-0.15808163833909447-0.241038885323837i
0.499647874093863-0.018759488117083126i,0.28762175213175895-0.010560387431716124i
-0.2424459986524908+0.4372865695199768i,-0.13955653040830437+0.25121798579298527i
-0.24878283287103117-0.43371290815489927i,-0.1425654805782314-0.24901960629529407i
0.49986792728834795+0.011486879524435837i,0.28642334014814524+0.006820298389201707i
-0.2684436791417271+0.42182654136011843i,-0.153787415837236+0.24121353192774497i
-0.22210240893625957-0.4479623819925992i,-0.12666462421890726-0.2560092172071356i
0.49825867822272124+0.04169120940127581i,0.28417934972047365+0.02401742799467832i
-0.293458971154322+0.40482280838220064i,-0.1673211041348298+0.23041065326641352i
-0.19460918568512459-0.46057250648354564i,-0.1104419596213182-0.26199053987128296i
0.4948260160579077+0.07174296662913486i,0.2809076160392771+0.040968393161905384i
-0.3174003294575337+0.386337596951287i,-0.18011332810433353+0.21885695137575129i
-0.16640377651522634-0.4714971339840952i,-0.09396103685893913-0.266950363604914i
0.48958250286420607+0.10153217467412552i,0.2766297048047646+0.05761207353063205i
-0.3401801389550873+0.36643855500776024i,-0.19212302052169777+0.2066024454254237i
-0.137589401118973-0.48069628504621076i,-0.07728581673581796-0.2708794614570743i
0.4825473276495025+0.130949817819689i,0.27137079731995967+0.07388905769456118i
-0.36171503532082483+0.345198504504894i,-0.20331244358032147+0.19369935968273339i
-0.10827150774380603-0.4881362947250822i,-0.0604804223034737-0.2737725908863824i
0.47374623613573735+0.15988824011733102i,0.2651595625592226+0.0897418558226869i
-0.38192621007636124+0.3226951749117567i,-0.2136473043626696+0.18020190426237936i
-0.07855738729687065-0.4937899357783766i,-0.043608891843882065-0.2756284790127899i
0.46321143654061214+0.18824153936118926i,0.2580280168174148+0.10511510304862408i
-0.4007396989962918+0.29901091875671515i,-0.22309685600086943+0.16616605004233218i
-0.048555780706342644-0.4976365183062599i,-0.026734934271789402-0.2764497926262858i
0.450981481709336+0.21590595464465606i,0.2500113715889602+0.1199557529081325i
-0.4180866527855135+0.274232410252525i,-0.23163398424745252+0.15164929867306634i
-0.018376480976300374-0.49966196546755026i,-0.009921687892666895-0.2762430931940111i
0.43710112802775863+0.2427802460807648i,0.24114787036762375+0.1342132601499667i
-0.43390358903809634+0.24845032810590936i,-0.2392352792370062+0.13671044861936726i
0.011870068608548973-0.4998588649949158i,0.0067685165679795605-0.2750187771644525i
0.42162117163320584+0.26876606529672575i,0.23147861509597628+0.147839752292317i
-0.44813262455564423+0.22175902367241118i,-0.24588109227971683+0.12140935818215706i
0.0420731786578922-0.4982264963205912i,0.0232743877721454-0.2727910019231142i
0.4045982625224181+0.2937683153467623i,0.22104738302853597+0.16079018934636377i
-0.46072168717495815+0.19425617567092437i,-0.2515555775879705+0.10580670645241438i
0.07212231875147251-0.49477083321334736i,0.03953589954944977-0.2695775978077457i
0.3860946972368754+0.3176954987261179i,0.20990043480452059+0.17302251117982453i
-0.4716247063298058+0.16604243272150493i,-0.2562467188974044+0.08996375314974649i
0.10190752193299044-0.48950452191706023i,0.0554945098160361-0.26539996664310517i
0.366178190884191+0.3404600522126556i,0.19808631455444511+0.18449777204614498i
-0.4808017816494211+0.1372210450146173i,-0.2599463410037824+0.07394209829512863i
0.13131978714196893-0.48244683487088724i,0.07109337183222392-0.260282967304648i
0.34492162932988113+0.36197866731066997i,0.1856556428896456+0.19518026185960197i
-0.4882193289767372+0.10789748645975046i,-0.26265010629636854+0.05780344266036228i
0.1602514781108533-0.47362360018041005i,0.08627753703552538-0.2542547888678815i
0.32240280246637587+0.38217259512422863i,0.1726609036453569+0.20503761385206729i
-0.49385020327198764+0.07817906869617572i,-0.2643574964271667+0.04160934992629716i
0.18859671726755592-0.4630671070978538i,0.10099414872492588-0.24734681194451982i
0.29870411953540094+0.4009679345443321i,0.1591562252653554+0.214040898304184i
-0.4976737979519017+0.0481745483784036i,-0.26507177931294007+0.02542101146751307i
0.21625177320192868-0.4508159878572812i,0.11519262591440739-0.23959345884856983i
0.27391230754551965+0.41829590269525774i,0.14519715773058706+0.2221647021007901i
-0.49967612030095526+0.017993729173503642i,-0.26479996172333825+0.009299014663575394i
0.2431154402782056-0.43691507629719667i,0.12882483671790246-0.23103203327437788i
0.24811809388850378+0.43409308665036317i,0.13084044594422167+0.22938719391896414i
-0.4998498426787044-0.012252940073191238i,-0.26355272776339694-0.006696884384416959i
0.26908940900419454-0.42141524378793827i,0.1418452606745329-0.2217025502046761i
0.22141587431601717+0.4483016754961837i,0.11614380049245047+0.23569017491498487i
-0.4981943293358046-0.0424547695334566i,-0.2613443636120013-0.022507982877667896i
0.294078625801826-0.40437321306429586i,0.1542111394715194-0.2116475567994559i
0.19390336749167836+0.46086967189556405i,0.10116566670306644+0.24105911483533868i
-0.49471563874058-0.0725012334734422i,-0.2581926689293106-0.03807684725742323i
0.31799164086245374-0.38585135064464604i,0.1658826155724187-0.2009119450460946i
0.16568125738268943+0.47175108237559515i,0.08596499292328384+0.24548317353497848i
-0.48942650140763033-0.10228237473042218i,-0.2541188553955675-0.05334752226096026i
0.34074094281390643-0.3659174385962603i,0.17682285831031236-0.1895427569774742i
0.13685282479972788+0.48090608564398707i,0.070600998933622+0.24895520794396886i
-0.4823462733096101-0.1316892071088201i,-0.24914743289090216-0.06826573233387623i
0.362243278974552-0.3446444264820304i,0.18699817705878916-0.17758898328743672i
0.10752356943350558+0.48830117831790776i,0.05513294540672078+0.25147176458111525i
-0.4735008650426771-0.16061411422290955i,-0.24330608387046318-0.08277907467341018i
0.38241996002238143-0.3221101643963762i,0.19637812114804096-0.16510135619257238i
0.07780082377117853+0.49390929753198476i,0.03961990530832504+0.2530330577695086i
-0.46292264700482955-0.18895124332659957i,-0.23662552653151436-0.09683720321652456i
0.4011971479641565-0.29839711806731173i,0.2049355662485279-0.15213213740483938i
0.04779336030550918+0.4977099199767787i,0.024120538122478465+0.2536429337642901i
-0.450650330934143-0.21659689268905585i,-0.2291393674085531-0.11039200292818113i
0.4185061263507746-0.2735920670672726i,0.21264678700082604-0.1387349020919513i
0.017610993474225206+0.49968913700528683i,0.00869286776454554+0.2533088210572502i
-0.4367288282404224-0.24344989109852852i,-0.22088394406919398-0.12339775378905614i
0.434283551749981-0.24778578723712613i,0.2194915157265187-0.12496431971089166i
-0.012635822213692083+0.4998397055326219i,-0.006605934976257335+0.2520416671753202i
-0.4212090856487182-0.269411968105567i,-0.21189815861724054-0.13581128392777983i
0.4484716855561457-0.2210727184855516i,0.22545298711170814-0.11087593260517191i
-0.04283639639410611+0.49816107454259495i,-0.02171976464805609+0.2498558623410923i
-0.40414789875617674-0.29438811365068945i,-0.20222330273994424-0.1475921113905833i
0.4610186052887794-0.19355061917950628i,0.23051796881132397-0.09652593325763152i
-0.07288020792695216+0.494659387104197i,-0.03659378721262055+0.24676915041262776i
-0.38560770418453116-0.31828692576042383i,-0.19190287506386133-0.15870257409065405i
0.471878394606528-0.16532020839055855i,0.23467677797877914-0.08197094108855094i
-0.1026573093561764+0.48934745789060374i,-0.05117463922919289+0.24280252756670645i
-0.36565635108886174-0.3410209450393039i,-0.18098239160779514-0.1691079475302044i
0.48101131134127595-0.13648479730631205i,0.2379232837813607-0.06726777968313284i
-0.13205872927023804+0.48224472628297166i,-0.0654106194219853+0.23798012923459097i
-0.34436685285880786-0.36250697473371984i,-0.1695091901421679-0.178776549940549i
0.4883839329374254-0.10714991115579824i,0.24025489601705377-0.05247325532315735i
-0.1609768710907072+0.47337718523064526i,-0.07925187194400617+0.2323291058417919i
-0.32181711992089823-0.3826663851963309i,-0.1575322292813885-0.18767983453823595i
0.49396927876410457-0.07742290303242738i,0.24167254000278018-0.03764393768504638i
-0.18930590682956397+0.46277728612811864i,-0.09265056068869079+0.2258794879430133i
-0.29808967461982555-0.4014254016368284i,-0.14510188314995626-0.19579246864944394i
0.4977469088526976-0.04741256102773952i,0.2421806179571661-0.022835943550590147i
-0.216942164374216+0.4504838200568586i,-0.10556103404203104+0.21866404138084813i
-0.2732713492220842-0.41871537410600573i,-0.13226973247304755-0.20309239950899777i
0.49970299869835816-0.017228710113680174i,0.2417869571528393-0.008104724357238417i
-0.24378450688293565+0.43654177582659565i,-0.11793997951122442+0.21071811313091587i
-0.24745296814713943-0.43447302872510896i,-0.11908835294980831-0.20956090659528162i
0.4998303898517623+0.013018189769663492i,0.2405027451637506+0.006495141607329658i
-0.269734702902296+0.42100217533558737i,-0.12974656771089704+0.20207946852778308i
-0.22072901558903285-0.44864069924107797i,-0.10561110177053061-0.21518264041701976i
0.4981286161159624+0.043217447950035945i,0.2383424525813424+0.020910151587329767i
-0.2946977858521308+0.4039218868523694i,-0.14094258523506156+0.19278812059407263i
-0.19319728974478267-0.46116653806028324i,-0.09189190313914006-0.2199456477228172i
0.4946039052524667+0.07325854810336771i,0.23532374362046615+0.03508807456686735i
-0.318582401562461+0.3853634169022987i,-0.15149255599121322+0.1828861522207356i
-0.1649585449149556-0.47200470598846667i,-0.07798503365881221-0.2238413831586143i
0.4892691561903058+0.1030315526960904i,0.2314673750803383+0.04897814058419985i
-0.34130114259054883+0.36539468152049714i,-0.16136385062284264+0.1724175319682107i
-0.13611612278616814-0.48111553998251877i,-0.06394490843163025-0.22686470745217024i
0.4821438918214877+0.13242750530932626i,0.2267970841684394+0.06253122246647191i
-0.36277086809462566+0.34408875770831143i,-0.1705267836973158+0.1614279242771111i
-0.10677557424486603-0.48846569830019515i,-0.04982586871289974-0.22901387225671643i
0.47325418755559273+0.16133882937262012i,0.22133946573515725+0.07570000933530865i
-0.38291300809369+0.32152361600285095i,-0.17895469838790315+0.14996449489244246i
-0.07704427310637907-0.4940282825165827i,-0.0356819719472131-0.23029049183820088i
0.4626325758949642+0.1896597218480175i,0.21512383950464642+0.08843917127236675i
-0.40165385099991735+0.29778183513828504i,-0.1866240384310299+0.13807571231743843i
-0.047031023172840664-0.49778293596079054i,-0.021566784996434243-0.23069950184137925i
0.4503179273797136+0.21728654042377518i,0.2081821079220077+0.10070551457455983i
-0.418924813371437+0.2729502998431175i,-0.19351440719261528+0.12581114612175823i
-0.016845660057967726-0.49971591821262923i,-0.007533181350026455-0.23024910541962917i
0.4363553083382248+0.24411818280074066i,0.20054860526916715+0.1124581270714086i
-0.4346626908982938+0.24711988287936895i,-0.19960861373052072+0.11322126293413136i
0.013401350764146669-0.49982015538665114i,0.006366856914912019-0.22895070706151335i
0.4207958159637344+0.27005645668337697i,0.1922599387308264+0.12365851302137461i
-0.4488098897030972+0.2203851124872685i,-0.20489270579305158+0.10035722095137942i
0.04359931821525878-0.49809526601953613i,0.020082431682362387-0.22681883449327156i
0.40369639132053453+0.29500643912142177i,0.18335482211810578+0.1342707171501522i
-0.46131463710989457+0.1928438264524639i,-0.20935598974639502+0.08727066379431418i
0.07363773069481405-0.49454756246608206i,0.03356391514187751-0.22387104908094885i
0.3851196109641147+0.3188768238871464i,0.1738739029806253+0.14426143744119732i
-0.4721311711099452+0.1645968140617164i,-0.21299103747632955+0.07401351453616577i
0.1034066605049766-0.489190027798697i,0.046763129247119485-0.22012784519799172i
0.3651334579378258+0.34158025561696315i,0.16385958385764038+0.15360012633741318i
-0.48121990783103197+0.13574744725736723i,-0.2157936803613284+0.060637770721176584i
0.13279716613882422-0.48204226829492514i,0.05963351764053632-0.2156125390644631i
0.34381107298411795+0.36303364949456407i,0.15335583843571676+0.1622590800624919i
-0.4885475863974458+0.10640130234039392i,-0.21776299046514636+0.04719530117955244i
0.16170169095950854-0.47313044168688606i,0.07213030943223073-0.21035114760146337i
0.3212304868808135+0.3831584953056917i,0.14240802339385247+0.1702135158205885i
-0.4940873906505149+0.07666577360645954i,-0.21890124914708586+0.03373764543058332i
0.19001445681138504-0.46248716143520097i,0.08421067425936542-0.2043722578796855i
0.2974743348819499+0.4018811447518273i,0.1310626867272827+0.17744163668409996i
-0.49781904728423804+0.04664968032888246i,-0.21921390333663196+0.020315816448073894i
0.21763185112266445-0.4501513773777247i,0.09583386809271506-0.1977068877734811i
0.2726295543082146+0.4191330809713554i,0.1193673733481273+0.18392468403025863i
-0.4997289000368822+0.016462868526798444i,-0.21870950976681044+0.006980107541793822i
0.2444528060829579-0.4361682331898552i,0.10696136929891711-0.19038833846169728i
0.2467870663936631+0.4348511692818719i,0.10737042876472344+0.1896469774387383i
-0.4998099596670406-0.013784191024125945i,-0.21739966750602863-0.006220095914888378i
0.2703791685080867-0.4205889011780558i,0.11755700451078104-0.18245203944335722i
0.220041443553024+0.448977888226025i,0.09512080164189006+0.1945959420137522i
-0.49806192953125544-0.04398080706732037i,-0.2152989391723886-0.01923649920714595i
0.2953160590386105-0.40347039501117626i,0.12758706390305896-0.17393538676034334i
0.19249056328724903+0.46146154007536233i,0.08266784604152935+0.19876212314489922i
-0.4944912066696072-0.07401647294780334i,-0.21242476125629195-0.032022074775372576i
0.31917221935756357-0.3848753610748934i,0.1370204055174414-0.1648775751402562i
0.1642352499938669+0.4722564400218294i,0.07006112413685756+0.2021391887716531i
-0.48911085839529206-0.10378127101911275i,-0.20879734401736483-0.04453123184247205i
0.34186034615672833-0.3648718492128263i,0.1458285483279906-0.15531942479043417i
0.13537890599296012+0.48132308336456087i,0.05735021018438106+0.20472391926606304i
-0.48194057447386446-0.1331662748947175i,-0.20443956145917883-0.05671997856150386i
0.3632974106292751-0.343533063693314i,0.15398575378647078-0.14530320358906285i
0.10602713311905113+0.4886282900801302i,0.04458449652538541+0.20651618509717867i
-0.4730065950671458-0.162063948071843i,-0.19937683192076497-0.0685460761092208i
0.38340496231956017-0.3209370953132112i,0.16146909563592807-0.13487244543083354i
0.07628734626371017+0.49414532624719554i,0.031813002373287+0.20751891248838367i
-0.4623416147054929-0.19036853746891957i,-0.19363698985682118-0.07996918418888868i
0.4021094162181249-0.2971666356190864i,0.16825851783016468-0.12407176549314942i
0.046268380283152055+0.4978540018811784i,0.019084186124985688+0.20773803732545812i
-0.44998466263985015-0.2179764604364735i,-0.18725014940850315-0.0909509974455359i
0.4193423220512489-0.27230867429165106i,0.17433688044640988-0.11294667319411976i
0.0160800917093728+0.4997407448209423i,0.006445761913105116+0.20718244761817395i
-0.43598096001144-0.244786683825169i,-0.18024856039462253-0.10145537233807896i
0.435040614779575-0.2464541808008628i,0.1796899935279895-0.10154338361570825i
-0.014167043277610314+0.49979865039707694i,-0.00605547890771767+0.2058639148617333i
-0.4203817543617952-0.2707010937237736i,-0.1726664573774101-0.11144844405571701i
0.4491468453890859-0.21969777149670605i,0.18430663884331427-0.08990862816436004i
-0.04436233314516355+0.4980275067000254i,-0.01837384067399112+0.20379701468594075i
-0.4032441320887507-0.29562485451396425i,-0.16453990247917766-0.12089873311014576i
0.46160939112984134-0.1921373633539602i,0.1881785795963792-0.07808946523711965i
-0.07439527609153909+0.4944337953555823i,-0.03046489008834267+0.20099903721972157i
-0.38463080953472745-0.31946675592798995i,-0.15590662264495347-0.12977724128037585i
0.47238264443308575-0.1638738156380945i,0.19130055817270172-0.06613309165414408i
-0.10415596443504496+0.4890306678049249i,-0.04228561604997391+0.19748988763630518i
-0.36460990347183675-0.34213954683910563i,-0.14680584206208527-0.1380575366332739i
0.48142717981537797-0.1350105608036435i,0.1936702820520117-0.05408665560800913i
-0.13353548682899+0.4818378971759827i,-0.05379458206785304+0.1932919773796376i
-0.3432546818237272-0.36356025456324975i,-0.13727811046082275-0.1457158273897615i
0.48870989815893806-0.10565322597581447i,0.19528839806606121-0.04199707186699927i
-0.1624263268304701+0.47288180592227547i,-0.06495207071939889+0.18843010660571868i
-0.3206432955364301-0.38365048850345784i,-0.12736512802946817-0.1527310244541279i
0.49420414784021416-0.07590924640054193i,0.19615845522525524-0.029910839953376317i
-0.1907227563644055+0.4621951694940304i,-0.07572021965486175+0.18293133840309406i
-0.29685849257943736-0.4023367270258042i,-0.11710956768462964-0.159084792471696i
0.4978898222633866-0.045887472277596486i,0.1962868563822589-0.01787386599857732i
-0.2183212226429198+0.4498170963941009i,-0.08606314868672892+0.17682486538471262i
-0.2719873151236468-0.4195505865170279i,-0.10655489544057485-0.1647615893279628i
0.49975343344187856-0.015697770415569766i,0.19568279904352764-0.0059312889556549795i
-0.24512072712410032+0.4357928850576306i,-0.09594707754423212+0.1701418692686784i
-0.24612078100437326-0.43522907163920843i,-0.09574518962237999-0.16974869405024945i
0.4997881613585983+0.014549377833492501i,0.19435820568074003+0.005872688175056167i
-0.27102319512331585+0.4201738580792217i,-0.10534043391495397+0.16291537408801093i
-0.2193535506351345-0.4493148058656665i,-0.08472495966493762-0.17403622312033826i
0.49799387892427566+0.04474328088842287i,0.19232764393354576+0.017494961477794314i
-0.29593383472446994+0.40301717439426554i,-0.11421395143887426+0.15518009368920213i
-0.19178358059116363-0.4617562414544268i,-0.07353896523454513-0.17761713525387599i
0.49437715244255237+0.07477344202261266i,0.18960823713245537+0.028893683010600656i
-0.31976148367773227+0.3843856201017702i,-0.12254075736425625+0.1469722741963321i
-0.16351176513038454-0.47250784809083046i,-0.062232036401134797-0.1804872247485857i
0.4889512175801304+0.1045299637346086i,0.18621956560580602+0.040028410883058516i
-0.3424189430142469+0.36434737869418454i,-0.13029644961989803+0.1383295321313076i
-0.13464156696373003-0.4815302795089461i,-0.05084889557796316-0.18264510354914748i
0.4817359309299125+0.13390394992580246i,0.1821835592680257+0.05086025198703433i
-0.3638232961569357+0.34297578153507935i,-0.1374591631037165+0.12929068889187947i
-0.10527863862602313-0.4887905174820165i,-0.03943398193128723-0.18409217222106702i
0.47275769734439255+0.1627879044134164i,0.17752438201706913+0.06135199688013471i
-0.38389621235958327+0.3203490394978279i,-0.14400962503378983+0.11989560229703189i
-0.075530435833044-0.49426199265499815i,-0.02803127894555001-0.1848325800693686i
0.4620493733052295+0.19107612432039628i,0.17226830849703595+0.07146824635862517i
-0.40256423336375086+0.2965499567473766i,-0.14993119925407056+0.11018499591433455i
-0.045505824239727516-0.49792468177699656i,-0.016684145810009716-0.18487317467999412i
0.44965014668262443+0.21866508690257686i,0.1664435938080096+0.08117552929501459i
-0.4197590422244756+0.27166562771253866i,-0.15520991943328988+0.10020028688591652i
-0.015314681038589045-0.4997651809777728i,-0.005435153270477936-0.18422344120222883i
0.4356053933245357+0.2454538283974954i,0.16008033676797825+0.09044241135557107i
-0.4354177133209684+0.24578711835776412i,-0.15983451114167802+0.08998341296874457i
0.014932507143643081-0.49977675482015477i,0.005674075434797085-0.1828954317295106i
0.4199665110005484+0.27134431350843097i,0.15321033735234643+0.09923959425410452i
-0.44948294263738026+0.21900913292079294i,-0.1637964028357432+0.07957665950102447i
0.04512504857966318-0.4979593609488462i,0.01660301796304377-0.18090368517285899i
0.40279073130809656+0.2962417941715156i,0.14586694895404106+0.10754000524063434i
-0.4619032574709065+0.19142966733579014i,-0.16708972582665765+0.06902248699974453i
0.07515245152580344-0.49431965024543i,0.027312400015828416-0.17826513805622804i
0.38414091022938085+0.32005515629298453i,0.1380849261220694+0.11531887656657265i
-0.47263320479978754+0.1631496506102849i,-0.1697113033521739+0.05836336008476251i
0.10490482857439484-0.4888709424889953i,0.03776433571721928-0.1749990266962043i
0.3640852981054478+0.34269725318765487i,0.129900268448558+0.12255381471186073i
-0.4816335176218621+0.13427257546831878i,-0.17166062891554143+0.04764157841246017i
0.1342732987945189-0.4816331776114628i,0.04792246072273519-0.17112678125907263i
0.3426972898692347+0.3640852244983922i,0.12135006128308054+0.12922485920362567i
-0.4888712586549416+0.1049041196114933i,-0.17293983409746194+0.03689911028679363i
0.1631503861894841-0.4726328427259914i,0.057752057595564725-0.1666719122168224i
0.32005515645161375+0.38414079942945545i,0.11247231395961907+0.1353145309005644i
-0.49431994087312736+0.07515175898393597i,-0.17355364608822713+0.026177429597931706i
0.1914304130128483-0.4619028751955122i,0.06722017302285417-0.16165988974961892i
0.29624175834337807+0.4027905831840174i,0.10330579622462964+0.1408078696617893i
-0.4979596244379576+0.04512437445647209i,-0.17350933522714712+0.01551735671829759i
0.21900988650361605-0.44948254209611627i,0.07629572648296631-0.1561180166658655i
0.27134424236140675+0.41996632555762137i,0.0938898735552648+0.1456924613635153i
-0.4997769896696591+0.014931853369365766i,-0.172816652874524+0.004958903963274169i
0.24578787762532692-0.4354172965164079i,0.08494961001369834-0.1500752954318586i
0.2454537227287162+0.43560517070463883i,0.08426434205426708+0.14995845427116689i
-0.49976538579145785-0.015315312608183439i,-0.17148775997816537-0.0054588738013099354i
0.2716663904230117-0.41975861121870883i,0.09315477877176746-0.1435622899213244i
0.2186649476355092+0.4496498871636866i,0.07446926360289678+0.15359856481850806i
-0.49792485526856767-0.045506431830129486i,-0.16953714673098785-0.015698022849842026i
0.2965507206463308-0.4025637902708379i,0.10088633211498983-0.13661098251076645i
0.1910759525014622+0.46204907730021416i,0.06454480194524086+0.15660807288839546i
-0.4942621336527865-0.07553101775749749i,-0.16698154374912327-0.025721828059976075i
0.32034980232648536-0.38389575933781844i,0.108121584980611-0.12925462715931696i
0.16278770120816374+0.4727573653997871i,0.054531060366480484+0.15898480673242274i
-0.48879062493326675-0.10527919329169838i,-0.16383982523066823-0.03549494365339377i
0.34297654103857833-0.36382283540094834i,0.1148401293756442-0.12152759912199433i
0.13390371661463932+0.4817355637237273i,0.044467921614311096+0.16072911770808276i
-0.48153035248366816-0.1346420928775529i,-0.16013290458354323-0.044983516752558086i
0.3643481326298328-0.34241847674697046i,0.12102388583784716-0.11346524195231321i
0.10452970170811801+0.48895081591941836i,0.03439489069672254+0.16184384505239688i
-0.47250788578520425-0.16351226090450022i,-0.15588362303725375-0.05415530332624285i
0.38438636624725026-0.319761014142269i,0.1266571447692305-0.10510371245494506i
0.07477315277646346+0.49437671726045507i,0.024350941170992797+0.162334270950114i
-0.46175624319374303-0.19178404494801576i,-0.1511166317770752-0.06297977613254625i
0.40301791055576985-0.29593336417588245i,0.13172659758663607-0.09647982425059465i
0.04474296601789607+0.49799341127660873i,0.014374365517734206+0.1622080661921174i
-0.44931477110679585-0.21935398241214044i,-0.14585826816046948-0.07142822430548741i
0.42017458209947905-0.2710227258203741i,0.13622135767728474-0.08763089061427229i
0.014549039027643124+0.49978766241998757i,0.00450263017086245+0.16147522675569417i
-0.43522899997258924-0.24612117915817863i,-0.14013642659439132-0.07947384426953757i
0.4357935948238018-0.2451202613210161i,0.1401329711891832-0.07859456724428365i
-0.015698131380093405+0.49975290450146065i,-0.00522776425103274+0.16014800167270915i
-0.4195504776681652-0.2719876787339436i,-0.13398042466828555-0.08709182170591716i
0.44981778984551046-0.21832076258109653i,0.14345541772868511-0.06940869561267085i
-0.04588785354305483+0.4978892647200925i,-0.014781416993689301+0.15824081258409686i
-0.40233658085627383-0.296858820852332i,-0.1274208651512105-0.09425940433455265i
0.46219584462970786-0.19072230426423625i,0.14618510107851485-0.06011114753866827i
-0.07590964603490291+0.4942035631976487i,-0.02412415500765306+0.15577016540959118i
-0.3836503050114135-0.3206435878073489i,-0.12048949447221073-0.10095596531633665i
0.472882460808278-0.16242588488321164i,0.1483208300901427-0.05073967161490438i
-0.10565364197982349+0.48870928801987773i,-0.03322315412228963+0.1527545545900061i
-0.3635600338834293-0.34325493755984793i,-0.11321905831155804-0.1071630571216019i
0.48183852995247284-0.13353505718874403i,0.14986378994368038-0.04133174210175267i
-0.13501099111814008+0.48142654587590616i,-0.042047053128017445+0.14921436038558875i
-0.3421392892423387-0.3646101222740391i,-0.10564315493559057-0.11286445575198231i
0.4890312766929766-0.1041555492108748i,0.15081750400679034-0.03192441088845323i
-0.163874258151548+0.4723819884763848i,-0.05056606037560755+0.1451717397379367i
-0.319466461820206-0.3846309911390535i,-0.09779608691099068-0.11804619524456252i
0.4944343786636906-0.074394877339751i,0.15118778656087037-0.022554163100495964i
-0.19213781591019716+0.46160871501966666i,-0.05875205253679594+0.1406505112244471i
-0.29562452443470727-0.40324427636737054i,-0.08971271183413823-0.12269659242845245i
0.4980280628302972-0.044361952861782274i,0.15098268669822762-0.013256776911339387i
-0.2196982319028006+0.44914615106294675i,-0.06657866520703887+0.13567603465351694i
-0.27070072834422804-0.4203818613234754i,-0.081428292708765-0.12680626194516817i
0.4997991778510783-0.01416668339107407i,0.15021242372777446-0.004067188093099774i
-0.24645464683516194+0.43503990424164274i,-0.07402137506882314+0.13027508586534184i
-0.2447862839457032-0.43598102980151066i,-0.07297834859982484-0.13036812158491326i
0.49974124220518223+0.016080429345269612i,0.14888931445872927+0.0049806401848240265i
-0.2723091437119052+0.4193415973650235i,-0.08105757337237526+0.12447572731724031i
-0.2179760269837104-0.4499846955396737i,-0.06439850618363341-0.13337738803090576i
0.49785446791220805+0.04626869389604253i,0.14702769276208266+0.013853841827589818i
-0.29716710617065434+0.4021086794988826i,-0.08766663052963895+0.11830717504404394i
-0.19036807149234622-0.46234161113143424i,-0.05572435280402086-0.13583156314327152i
0.49414575975630537+0.07628763416914135i,0.1446438218377108+0.02252076610487449i
-0.32093756473731216+0.3834042157266132i,-0.09382995165699015+0.11179966259299157i
-0.16206345073996958-0.47300655556904836i,-0.04699129163136728-0.1377304109524057i
0.4886286900176274+0.10602739372664871i,0.14175579964122584+0.030951089337466216i
-0.34353352973529305+0.36329665635806907i,-0.09953102294197831+0.10498430253891596i
-0.13316574749080096-0.48194049973303876i,-0.038234399506133-0.13907592556901527i
0.48132344880360983+0.13537913781224792i,0.1383834579485547+0.039115919591321435i
-0.36487230963040534+0.34185958643080794i,-0.10475544874943388+0.09789294618922752i
-0.10378071493646104-0.4891107492220216i,-0.02948828803097421-0.13987229025415363i
0.47225677016184436+0.16423545163972153i,0.1345482555579484+0.046987894023594746i
-0.3848758136463777+0.31917145642043543i,-0.10949097942222961+0.09055804208926771i
-0.07401588968467626-0.4944910640001832i,-0.020786968455731865-0.140125827927226i
0.46146183424493625+0.19249073348496887i,0.13027316614858123+0.05454126856000165i
-0.403470837543584+0.2953152951455329i,-0.1137275297718592+0.0830124939371564i
-0.043980198221446415-0.49806175442455125i,-0.012163720877726443-0.13984494342315157i
0.44897814588538815+0.22004158114299438i,0.12558256133175016+0.06175199961874778i
-0.42058933151514427+0.2703784059178165i,-0.11745718829326508+0.07528951851309472i
-0.013783558286855707-0.4998097533006356i,-0.003650968255834399-0.13904005784147738i
0.4348513900248657+0.24678717033559955i,0.12050208944547494+0.06859781763301658i
-0.43616864922001114+0.2444520470494843i,-0.12067421717746321+0.0674225042216224i
0.016463523376682138-0.49972866370275304i,0.004719844288863226-0.13772353535991164i
0.4191332645269197+0.2726296236849699i,0.1150585506550935+0.07505829216138937i
-0.4501517770416922+0.21763109788695995i,-0.12337504323351897+0.05944487083612289i
0.046650355431674145-0.49781878238403066i,0.012918364440687809-0.13590960291275875i
0.4018812909849915+0.2974743689028707i,0.1092797689323047+0.08111488841361807i
-0.4624875427336169+0.19001371159320501i,-0.12555823986895864+0.05138993102345101i
0.07666646702833693-0.49408709869041423i,0.020915441509189236-0.13361426316072825i
0.3831586042180696+0.32123048488463357i,0.10319446149191143+0.08675101505743155i
-0.47313080268759766+0.16170095594926762i,-0.12722450031396704+0.04329075421271098i
0.10640201208049449-0.48854726898266465i,0.028683228715821445-0.13085520120226268i
0.3630337212243471+0.34381103444137806i,0.09683210627023515+0.09195206321065642i
-0.48204260714006086+0.1327964434895802i,-0.1283766023100325+0.03518003335606883i
0.135748171255111-0.48121956665993654i,0.03619527859404808-0.1276516854985728i
0.3415802904384152+0.3651333824528117i,0.09022280803097965+0.09670543656146624i
-0.48919034271146467+0.1034059523245516i,-0.12901936451761895+0.02708995511123204i
0.16459755020434644-0.4721308079678394i,0.04342663118275334-0.12402446350378366i
0.3188768222096004+0.385119498276305i,0.08339716368390569+0.1010005725980382i
-0.49454785175727195+0.0736370390380803i,-0.12915959492995147+0.019052073954827723i
0.19284457258277815-0.4613142538624869i,0.05035389472699783-0.11999565250901997i
0.29500640148778096+0.4036962413055539i,0.07638612739854006+0.10482895496704393i
-0.4980955280937024+0.04359864507661905i,-0.12880603161105383+0.011097190713540057i
0.22038586641151445-0.44880948828967293i,0.05695531863531713-0.11558862622400613i
0.27005638376812857+0.42079562863380926i,0.069220876089725+0.10818411701808074i
-0.49982038874795104+0.013400698070235428i,-0.12796927610546008+0.0032552359757123477i
0.24712064237527154-0.43466227332461793i,0.06321085847865843-0.11082789763232612i
0.2441180754074874+0.43635508384213795i,0.06193267584382539+0.11106163662827324i
-0.4997161214702958-0.016846290455335082i,-0.1266617198946137-0.0044448411799426915i
0.27295106266801183-0.4189243817024142i,0.06910223285242802-0.10573899866651548i
0.2172863994822945+0.4503176660022603i,0.05455274984419059+0.11345912243754755i
-0.4977831078342243-0.0470316295034445i,-0.12489746430057676-0.011975178729383067i
0.2977825990373234-0.40165340735203536i,0.07461297196005873-0.10034835725680155i
0.1896595484108591+0.4626322780559097i,0.04711214834185479+0.11537619166054457i
-0.49402842184003626-0.07704485368807358i,-0.12269223426152198-0.01930910114202586i
0.32152437871725487-0.3829125546272736i,0.07972845781352021-0.09468317231250233i
0.16133862461125362+0.47325385380813567i,0.039641621202671416+0.11681443967545396i
-0.4884658040270404-0.1067761274897355i,-0.12006328642495916-0.026421212363670402i
0.3440895169836378-0.36277040700593177i,0.08443595598346233-0.08877128719777236i
0.13242727050985456+0.48214352285023654i,0.032171493545137216+0.11777740162319852i
-0.48111561118907653-0.1361166472063381i,-0.11702931202432294-0.033287482025596664i
0.36539543511488803-0.34130067610372805i,0.08872463886874389-0.08264106226373082i
0.103031289254543+0.48926875280877247i,0.024731544964174554+0.11827050628227556i
-0.4720047418773872-0.16495903912803705i,-0.11361033502179241-0.03988532459458127i
0.3853641625946862-0.3185819319214192i,0.0925856004920052-0.07632124699676758i
0.07325825752059209+0.4946034684000906i,0.01735089281518375+0.11830102251486815i
-0.4611665379634649-0.19319775247893206i,-0.10982760601531841-0.04619367121215132i
0.4039226224506036-0.29469731531231713i,0.09601186286447375-0.0698408523384031i
0.04321713182620446+0.4981281468546714i,0.010057880009932442+0.11787799860872118i
-0.44864066262211033-0.22072944568760594i,-0.10570349242063729-0.05219303400581625i
0.42100289868445856-0.2697342337224482i,0.09899837399908398-0.06322902372506346i
0.013017849798417747+0.4998298893620872i,0.002879967751269317+0.11701219486629613i
-0.43447295518123785-0.24745336457292422i,-0.10126136544942223-0.05786556268994383i
0.43654248481572155-0.243784041316815i,0.10154199768631346-0.05651491538699323i
-0.0172290721514268+0.4997024682751122i,-0.0041563663924108025+0.11571600981816335i
-0.418715263369606-0.2732717110610965i,-0.0965254844129527-0.06319509330938565i
0.4504845126284074-0.2169417046623589i,0.10364149518154445-0.04972756643411197i
-0.04741294327032003+0.497746349900238i,-0.011025724699623313+0.114003400460961i
-0.4014252535763838-0.2980900010846539i,-0.0915208788862286-0.0681671890146741i
0.4627779602843396-0.18930545519108286i,0.10529749898618367-0.04289577924292586i
-0.07742330354423371+0.49396869279119315i,-0.01770387945088482+0.11188979694176808i
-0.38266619981691474-0.32181741035358546i,-0.08627322927095758-0.07276917279345874i
0.4733778390411805-0.160976429715169i,0.10651247893715181-0.036048000642946824i
-0.10715032793436494+0.4883833215517075i,-0.02416785671220118+0.10939201213022336i
-0.3625067521769772-0.34436710673325943i,-0.08080874629669445-0.07699015211866589i
0.4822453578919191-0.1320583003096522i,0.10729070085039351-0.02921220638330702i
-0.13648522828964416+0.48101067624339683i,-0.030396013464026702+0.10652814653699114i
-0.34102068558293275-0.36565656801276997i,-0.07515404999812955-0.08082103550951576i
0.4893480655233099-0.10265689491711882i,0.10763817799374409-0.022415789340635532i
-0.16532065146467784+0.47187773758390894i,-0.03636810782492798+0.10331748905242434i
-0.31828662981715894-0.3856078839008117i,-0.06933604870271541-0.08425454103686694i
0.4946599690737511-0.07287981006285615i,0.10756261569282194-0.01568545190776571i
-0.19355107218618725+0.4610179282090773i,-0.042065362152096386+0.09978041399219276i
-0.29438778176679226-0.40414804114390945i,-0.06338181855688996-0.08728519683914497i
0.49816162925600227-0.04283601709774779i,0.10707334940009659-0.009047102979692101i
-0.22107317923022016+0.4484709903604175i,-0.04747051883445072+0.09593827494738762i
-0.2694116009588258-0.421209190723589i,-0.0573184841109012-0.08990933374940967i
0.49984023149663376-0.012635463409897515i,0.10618127658229443-0.002525759928418473i
-0.2477862534968902+0.4342828404455805i,-0.052567888628154105+0.09181329594503099i
-0.24344948949577877-0.43672889615466676i,-0.05117310047169165-0.09212507016742183i
0.49968963283186474+0.017611329935623858i,0.10489878280442723+0.003854544067908191i
-0.2735925365990573+0.41850540100400635i,-0.057343391418658164+0.0874284604310853i
-0.21659645756322732-0.450650361975988i,-0.04497253752092431-0.09393228934325959i
0.4977103843881745+0.04779367265644327i,0.1032396624099299+0.010070847003741211i
-0.2983975886160679+0.40119641069271456i,-0.0617845893280523+0.08280739859186437i
-0.18895077573330182-0.4629226415974394i,-0.038743366680414025-0.095332609270348i
0.4939097293654162+0.07780111033181361i,0.10121903421572379+0.01610133902372523i
-0.3221106337033334+0.38241921298759846i,-0.06588071212097088+0.07797427353135737i
-0.16061361533656923-0.4735008237426045i,-0.0325117506907303-0.09632934541617875i
0.4883015765298136+0.10752382861838833i,0.09885325265828977+0.021925437120002462i
-0.3446448922929621+0.3622425243734906i,-0.069622674896824+0.07295366682113187i
-0.13168867821838315-0.4823461968047599i,-0.026303336850262714-0.09692746654800778i
0.48090644931384724+0.13685305512358859i,0.0961598148419631+0.027523853300854707i
-0.36591789866973423+0.3407401828713187i,-0.07300308809021747+0.06777046393659554i
-0.10228181723463642-0.48942639051474146i,-0.020143154141718404-0.09713354393835512i
0.47175141070929805+0.16568145746587737i,0.09315726395382426+0.03287865601395325i
-0.3858518027602264+0.31799087782263913i,-0.07601625983524521+0.062449740088055046i
-0.07250064887573879-0.4947154944022373i,-0.014055514651094787-0.09695569426124523i
0.46086996422831344+0.19390353606521082i,0.08986508952029844+0.037973324639724367i
-0.40437365503066974+0.29407786192041874i,-0.07865819078238774+0.05701664694764031i
-0.042454159436448397-0.49819415261698835i,-0.008063919660666908-0.09640351651461161i
0.4483019312949317+0.221416010226223i,0.08630362498937622+0.042792796903073936i
-0.4214156734509341+0.2690886465399087i,-0.08092656148933436+0.051496300763586356i
-0.012252306172807093-0.4998496347628941i,-0.0021909707725053305-0.09548802332695477i
0.4340933055157602+0.2481181961012457i,0.08249394312876517+0.04732350908483614i
-0.43691549154766796+0.24311468148456905i,-0.08282071253853204+0.045913672341712564i
0.017994385094224324-0.4996758824857975i,0.0035417136072686145-0.09422156702737408i
0.41829608436311433+0.27391237514997874i,0.07845774973454085+0.05155342894764356i
-0.4508163866388254+0.21625102031903623i,-0.08434161756494794+0.04029347936028304i
0.04817522445583655-0.497673531644462i,0.009113576120761694-0.09261776087704553i
0.4009680788865864+0.29870415174740966i,0.07421727614680852+0.05547208132422985i
-0.46306748741433723+0.18859597251387195i,-0.08549184940706896+0.034660081468851564i
0.07817976299293194-0.4938499099836011i,0.014505192373069721-0.09069139587743943i
0.3821727021494139+0.32240279863128785i,0.06979517106879533+0.059070566349532214i
-0.47362396010327357+0.16025074367509257i,-0.08627553962238482+0.029037378604271608i
0.10789819697176573-0.4882190103174777i,0.019698336664956635-0.08845835358559191i
0.36197873716388446+0.3449215889249668i,0.06521439218319819+0.062341570350914914i
-0.4824471725462034+0.13131906517508685i,-0.0866983316355976+0.023448712937816814i
0.1372217696784869-0.4808014393222091i,0.024676041329238074-0.08593551537984268i
0.34046008517503046+0.3661781135205511i,0.06049809805519002+0.06527936944359036i
-0.48950483557231805+0.10190681454031192i,-0.0867673278132892+0.017916774846566175i
0.16604316942203398-0.47162434212417603i,0.0294226494877084-0.0831406686303922i
0.31769549521378926+0.38609458266086305i,0.055669540804624607+0.06787982591036937i
-0.49477112116393906+0.07212162798498697i,-0.0864910307826951+0.012463513279757643i
0.19425692224886934-0.46072130296051117i,0.033923861076903664-0.08009241023782723i
0.2937682759093482+0.4045981106165684i,0.05075196002126859+0.0701403774764321i
-0.498226756975977+0.04207250650874467i,-0.08587927933458987+0.0071100508670102255i
0.2217597779323811-0.4481322222752041i,0.03816677202298691-0.07681004800951814i
0.26876599061531437+0.4216209824166647i,0.04576847838601115+0.07206001962043199i
-0.49985909686444474+0.011869416999752677i,-0.08494317927078633+0.00187660409014925i
0.24845108782440078-0.4339031707006012i,0.04213990647808477-0.07331350034820665i
0.242780136965422+0.4371009016562131i,0.040741999448167525+0.07363928109306782i
-0.49966216716591505-0.0183771101969012i,-0.08369502957561191-0.003217591186014096i
0.27423317318605833-0.41808622045866295i,0.045833242062720464-0.06962319472954166i
0.21590581203146164+0.4509812184744446i,0.03569510799434784+0.07488019284293602i
-0.4976366885585671-0.048556385772834575i,-0.08214824430749383-0.008154348555996832i
0.29901168265004524-0.4007392547989811i,0.04923822809106968-0.06575996544544391i
0.1882413643088106+0.46321113686893733i,0.03064997342783692+0.07578625057706032i
-0.4937900734248115-0.07855796653173405i,-0.08031727062189425-0.012916594049479762i
0.3226959375061257-0.38192575617092595i,0.052347796787793006-0.06174495108831798i
0.15988803380314884+0.4737459005871847i,0.025628256559178726+0.07636237120975346i
-0.4881363987251537-0.10827205956405409i,-0.07821750334964274-0.017488423030287265i
0.34519926354629804-0.3617145739051281i,0.05515636753680811-0.05759949224697033i
0.13094958153548886+0.4825469569152715i,0.020651020188810848+0.076614843478345i
-0.4806963544825593-0.13758992404194453i,-0.07586519656580487-0.021855150837978045i
0.3664393082551979-0.340179672254477i,0.05765984423349969-0.053345029879060604i
0.10153190982137045+0.4895820977642608i,0.015738643841236664+0.07655127302774466i
-0.4714971680658494-0.1664042691640118i,-0.07327737259302013-0.02600335702188037i
0.3863383421849599-0.317399859716698i,0.059855605842425996-0.04900300481667885i
0.07174267471383666+0.49482557753797585i,0.010910742987377589+0.07618052228760828i
-0.4605725045492168-0.19460964679360493i,-0.07047172889005894-0.02992092304820809i
0.40482354341163734-0.293458500629075i,0.06174249029235577-0.04459475885149385i
0.04169089202848336+0.49825820735083326i,0.0061860930676583634+0.07551264548601962i
-0.44796234351250175-0.2221028373537397i,-0.067466543281103-0.033597063391906275i
0.4218272640321909-0.2684432100907534i,0.06332077186938927-0.04014143783388417i
0.011486538392361662+0.499867425250929i,0.0015825586030812995+0.0745588191620833i
-0.43371283273308997-0.248783227566451i,-0.06428057798377729-0.03702234995601995i
0.4372872777267795-0.24244553332907998i,0.06459213229687483-0.035663897206496376i
-0.018759851223277862+0.4996473421913901i,-0.0028829723448148222+0.0733312685563872i
-0.41787611930485086-0.27455317865420853i,-0.06093298289457859-0.040188729792498594i
0.4511470074803858-0.21556061068336002i,0.06555962571759201-0.03118261037701729i
-0.048937588013540506+0.49759876358176003i,-0.007194648131522724+0.07184319027303365i
-0.40051015880215596-0.2993183836559389i,-0.057443198588654786-0.043089536129267136i
0.46335573263040886-0.18788682943204732i,0.06622763781932095-0.026717580317537928i
-0.07893623441340791+0.4937291863405436i,-0.01133770769917125+0.07010867161982967i
-0.38167850318734897-0.32298821255002763i,-0.053830859487367266-0.045719492739071076i
0.4738687744825211-0.15952546373753154i,0.0666018393691474-0.022288254758900793i
-0.10864600825182918+0.4880527714597051i,-0.015298528781457165+0.06814260704398638i
-0.36145006823783965-0.3454760439213029i,-0.05011569764134117-0.048074711715754656i
0.482647659815515-0.1305803040261677i,0.06668913444469574-0.017913445327976344i
-0.13795818450735+0.4805902921815131i,-0.019064669996538726+0.06596061208967512i
-0.33989888134393464-0.3666995819582385i,-0.04631744756912651-0.05015268475329963i
0.4896602616767798-0.10115727715986046i,0.06649760367183279-0.013611250953881437i
-0.16676549319502978+0.47136905797739076i,-0.022624906710211997+0.06357893531050231i
-0.31710381060036097-0.38658115762030404i,-0.04245575258195954-0.051952268051840715i
0.49488091695316133-0.07136405878921194i,0.06603644279803943-0.009398985846020669i
-0.19496251192854708+0.46042281460697004i,-0.025969260581747117+0.06101436857489411i
-0.2931482761828869-0.4050480128733201i,-0.038550073013743844-0.05347366100297632i
0.49829052028694015-0.04130967930685142i,0.06531589694878222-0.005293112322501232i
-0.2224460517208904+0.4477916206230952i,-0.029089022734808213+0.05828415620507185i
-0.26811994506628156-0.4220325669526372i,-0.03461959676202755-0.05471837883384431i
0.4998765939932436-0.011104124842992419i,0.0643471909303783-0.0013091787420371481i
-0.24911553461176217+0.43352170077471064i,-0.0319767705260998+0.055405903391089605i
-0.24211041020081128-0.43747266367972926i,-0.0306831525308414-0.05568921941553795i
0.49963333372301455+0.01914206523660023i,0.06314245595749259+0.0025382372338229567i
-0.2748733617397496+0.41766527684411986i,-0.03462637791423926+0.052397484320060035i
-0.21521485532135215-0.45131179892713197i,-0.0267591261495389-0.05639022446628477i
0.4975616297044404+0.04931820285724803i,0.06171465319585429+0.006235579848459697i
-0.29962527051226784+0.4002803765376731i,-0.03703301946119227+0.049276950457472296i
-0.18753170661577045-0.4634993273992982i,-0.022865380323629215-0.05682663540353127i
0.4936690634850983+0.07931385630620716i,0.06007749452167165+0.009770360756053201i
-0.3232806795661955+0.3814306211292676i,-0.03919316802774899+0.04606243941214374i
-0.15916227252731804-0.47399064797264456i,-0.019019178153849854-0.05700484412126919i
0.4879698801867457+0.10901925436534235i,0.05824536090787311+0.013131198682025745i
-0.3457530202567868+0.3611849926337896i,-0.041104586253409306+0.042772084809223836i
-0.13021037300920887-0.4827473669165212i,-0.015237110738704993-0.0569323389897834i
0.48048493637428763+0.1383256880266739i,0.05623321885422045+0.016307853123281757i
-0.3669600534617587+0.33961758136254494i,-0.04276631193902199+0.03942392758652958i
-0.10078195958814784-0.4897374383977886i,-0.01153502915333524-0.05661764639421503i
0.4712416237297014+0.1671259083206909i,0.054056535283123555+0.019291252002517544i
-0.3868241705411823+0.3168073147845184i,-0.04417863747789426+0.03603582911855954i
-0.07098472762721555-0.49493528175481316i,-0.007927981074120087-0.05607026814599556i
0.4602737688102354+0.19531451880155104i,0.051731191325898714+0.02207351322004448i
-0.4052726773517979+0.2928376686857107i,-0.045343083507416504+0.032625386559872856i
-0.040927722207059064-0.4983218751117108i,-0.004430152293889246-0.05530061511710052i
0.4476215092577282+0.2227883612528384i,0.04927339542503132+0.02464796007577755i
-0.42223806027637995+0.2677963616835881i,-0.04626236697867495+0.029209850785076933i
-0.010720939067697638-0.4998848249902478i,-0.0010548133471452357-0.054319937461305604i
0.4333311469120647+0.24944689320236219i,0.04669959617696789+0.027009130563111133i
-0.4376582332946013+0.2417750342145893i,-0.0469403638657175+0.025806047286686663i
0.019525077928679052-0.4996184116646535i,0.0021857285615010237-0.05314025179894041i
0.4174549783663147+0.27519255586445457i,0.044026395336852805+0.029152780565217265i
-0.4514767651912211+0.21486891316945772i,-0.04738206675918153+0.022430300374536187i
0.049699641340802764-0.4975236100933603i,0.005280172159449784-0.051774265752239125i
0.40005110358364626+0.29993113116325576i,0.041270461401685735+0.031075881012747962i
-0.4636430860701139+0.1871764634036916i,-0.04759353761066262+0.019098361001436193i
0.07969232521685737-0.4936080863510759i,0.008218259099976031-0.05023530022695954i
0.38118321327639615+0.3235720865304353i,0.038448444181490654+0.03277660908983572i
-0.4741126724183855+0.15879902739843105i,-0.047581855914465815+0.015825338519424217i
0.10939336920607029-0.48788616957423847i,0.010990805236933219-0.048537209842749604i
0.3609203558253967+0.34602890621553783i,0.03557689075937784+0.0342543336025797i
-0.4828472100433221+0.1298404543904712i,-0.04735506263216249+0.012625636649348944i
0.1386940802344884-0.4803787995225277i,0.013589726097556433-0.04669430191950137i
0.3393366845925372+0.367219407896499i,0.03267216323086326+0.03550959465074965i
-0.48981473428589156+0.10040672032862612i,-0.04692210018256125+0.009512893923802144i
0.16748723027498172-0.4711134499483317i,0.016008056498918226-0.044721254429840804i
0.3165111865512834+0.38706604343167295i,0.0297503586006029+0.036544077769087344i
-0.4949897469976775+0.0706055400472377i,-0.046292748835250454+0.0064999288396683326i
0.19566744875580105-0.4601240280546036i,0.018239964281988274-0.04263303332883707i
0.29252739322825444+0.4054961826527492i,0.02682723120075967+0.03736058272926788i
-0.49835330985315873+0.040545973076111685i,-0.04547755985973046+0.0035986899318626252i
0.22313160817164915-0.44745075040905147i,0.020280758165421447-0.040444809671035295i
0.2674730750136856+0.42244237915999705i,0.023918117979758867+0.03796298721718491i
-0.49989311365585254+0.010338024529444108i,-0.044487785794231606+0.0008202109544036332i
0.24977920148608948-0.4331399957687604i,0.022126889749255738-0.038171876922026435i
0.24143991995946856+0.4378426171471423i,0.02103786699318775+0.03835620562259867i
-0.49960352338469205-0.019907757465684545i,-0.043335308208619285-0.001825428671184053i
0.27551270994416355-0.4172441353538464i,0.023775949726309906-0.03582956886699864i
0.21452319824023305+0.45164053835260204i,0.018200769410169366+0.03854614319932908i
-0.49748559881578347-0.0500806863280098i,-0.0420325633442675-0.004329138006793861i
0.3002379599491819-0.39982134119126733i,0.025226658386222605-0.033433178512108086i
0.1868214135053945+0.4637856483065349i,0.015420495328835045+0.03853964587388327i
-0.49354709064408164-0.08007034208746636i,-0.0405924660203395-0.006682843241744649i
0.32386446769767097-0.3809353732301707i,0.02647885052363373-0.030997878366064557i
0.1584359423980739+0.47423350111892887i,0.01271003367351356+0.03834444599871265i
-0.4878024121191722-0.1097669754748882i,-0.03902833220069879-0.00887951075099375i
0.3463057703112586-0.36065534600784366i,0.02753345488782293-0.02853864247918763i
0.1294706635600911+0.48294586213248347i,0.010081636424235405+0.03796910436303671i
-0.48027258629896413-0.13906190955723255i,-0.03735380061846772-0.010913164516209524i
0.36747974225370267-0.3390554757201694i,0.0283924683360538-0.026070170605285138i
0.10003157748072025+0.4898908478450473i,0.00754676740599366+0.03742294878931321i
-0.47098516911432037-0.16784793744851223i,-0.03558275385621595-0.012778897885945457i
0.38730889587510653-0.31621480862220214i,0.02905892487695984-0.023606814838235686i
0.07022641858039028+0.49504304258954995i,0.005116055841294152+0.036716009656970056i
-0.45997414852617735-0.19601971464098783i,-0.03372923927883564-0.014472879678605003i
0.40572066498346065-0.2922169317527983i,0.02953685981321543-0.021162509060092313i
0.04016426094894485+0.4983835915444377i,0.0027992548446870466+0.035858952706727336i
-0.4472798201441953-0.22347414452085454i,-0.03180739021335465-0.015992354659156823i
0.4226476704057631-0.26714966704192844i,0.029831269214556335-0.018750701520997084i
0.009955119181285055+0.4999002697342271i,0.0006052050126112776+0.03486300948895752i
-0.43294863976211967-0.2501107556576014i,-0.029831347765321866-0.017335638447462245i
0.43802796656687426-0.24110474992010458i,0.029948064972798824-0.016384290853279693i
-0.0202904542288323+0.49958752676766954i,-0.0014581967641225145+0.033739905827701276i
-0.41703305334951557-0.27583206948632755i,-0.027815183654924507-0.018502106942503125i
0.45180526818373595-0.21417749360607558i,0.02989402570968819-0.014075565802889588i
-0.05046177346347408+0.4974465071497996i,-0.0033840231642503042+0.032501788678435825i
-0.39959130512202634-0.300543957037453i,-0.025772824447841566-0.01949218037266878i
0.4639291562453513-0.18646644030135284i,0.029676743826230256-0.011836148940893956i
-0.08044842444312161+0.4934850460935395i,-0.0051663369020655756+0.03116115176224069i
-0.3806872243925422-0.3241559834083504i,-0.02371797754586512-0.02030730210737345i
0.47435526252472615-0.15807300056804494i,0.029304568998463853-0.009676944596256204i
-0.11014066889481333+0.48771764084618147i,-0.006800205748079082+0.029730760361803898i
-0.360389991983309-0.3465817387162749i,-0.02166405929077066-0.02094991238963813i
0.4830454319475386-0.12910108220972338i,0.02878654843937886-0.007608091228591062i
-0.13942984594712762+0.4801653976356848i,-0.00828171208371626+0.02822357566556791i
-0.33877388705380995-0.3677391543214503i,-0.019624125521724184-0.021423417172636995i
0.4899678622233338-0.09965671001345658i,0.028132364259824086-0.005638918436200936i
-0.16820876978233654+0.47085595443093964i,-0.009607956996260523+0.02665267904540385i
-0.3159180152709207-0.38755080316306856i,-0.01761080491181981-0.0217321522656062i
0.4950972202282607-0.06984763774459316i,0.027352268272686508-0.003777908770533967i
-0.19637212189049666+0.45982337979866317i,-0.010777058946794007+0.025031196650426767i
-0.29190601931611926-0.4059441831091018i,-0.015636235393177253-0.02188134301574495i
0.49841473471343106-0.03978295381422583i,0.026457014594406258-0.0020326645033935495i
-0.22381683648999617+0.4471080482270665i,-0.011788147070138807+0.02337222469501437i
-0.26682577278916886-0.4228519822829898i,-0.01371200396252258-0.021877059772764114i
0.499908264999635-0.009572682062425477i,0.02545779040585458-0.00040987946787385737i
-0.25044247770408057+0.4327564923725552i,-0.012641349191595328+0.021688755812745444i
-0.24076905862845713-0.4382123253962194i,-0.011849090140376169-0.0217261694014618i
0.4995723454070159+0.020672620881793884i,0.024366145240843202+0.0010846839317509062i
-0.27615160711305814+0.41682123277017846i,-0.013337774670461065+0.019993606839911995i
-0.2138312332248321-0.45196900018532404i,-0.010057813337007369-0.021436283125039698i
0.49740820525711316+0.05084227019028854i,0.023193919174951987+0.002446212472008847i
-0.3008501403370957+0.3993605856310111i,-0.013879492204875209+0.01829934838252701i
-0.18611087745813684-0.4640716631246439i,-0.008347784357256319-0.021015700997733092i
0.4934237643740732+0.08082585789475251i,0.0219531702899759+0.0036708545811140907i
-0.3244476913446715+0.38043844942984884i,-0.014269502756224201+0.01661823650936163i
-0.15770943593349848-0.47447602366202335i,-0.006727861254297765-0.020473353319695995i
0.487633604101492+0.11051365693249705i,0.0206561017901127+0.00475572751203175i
-0.34685790322665816+0.3601240710642152i,-0.01451170777420756+0.014962146900610367i
-0.12873084573761065-0.48314400630322274i,-0.005206109719533356-0.01981873931983669i
0.48005891394095507+0.1397970227004075i,0.01931498914500816+0.0056989192271797206i
-0.36799876422554734+0.3384917924404347i,-0.014610872925456162+0.013342511767356907i
-0.09928115607360385-0.4900438899518864i,-0.0037897681721340004-0.01906186344342161i
0.47072741400755613+0.16856879064756264i,0.01794210763199695+0.006499485030180472i
-0.38779290786328513+0.3156207784141629i,-0.01457258754932168+0.011770259841136214i
-0.06946814016647651-0.49515042399514186i,-0.0024852176874723127-0.018213169590724592i
0.45967325358617295+0.19672366845149847i,0.016549660645329742+0.007157439005721349i
-0.40616789606937714+0.2915947270809899i,-0.014403220083985618+0.010255759715713582i
-0.039400900859344806-0.4984449207100049i,-0.001297956878868147-0.017283473660733694i
0.44693688615974025+0.22415862134291936i,0.015149709133893323+0.007673740353777915i
-0.42305648427313786+0.26650156347733134i,-0.01410986972426879+0.008808766804737314i
-0.00918947134386186-0.4999153236524264i,-0.00023258182184151716-0.016283894759904775i
0.4325649213668645+0.25077324916873317i,0.013754102520943704+0.008050274729096417i
-0.43839686748995976+0.24043311781253196i,-0.013700314589415157+0.007438374159315779i
0.02105558751404013-0.499556251778702i,0.0007072289154285845-0.015225785440205693i
0.41660995443055016+0.27647015381352197i,0.012374411449744053+0.00828983072079638i
-0.45213290650103094+0.21348478940970994i,-0.013182956694582615+0.006152967368909469i
0.051223591779468586-0.497369019137784i,0.0015187240974175364-0.01412066133312628i
0.39913037368225623+0.3011552956348434i,0.011021862687761461+0.008396071630140459i
-0.46421433329878276+0.18575519758517778i,-0.012566764033716753+0.004960183747286318i
0.08120413950426902-0.49336163006242484i,0.002200084490023745-0.012980130547036473i
0.3801901468856621+0.3247383376079623i,0.009707276509311245+0.00837350272682342i
-0.47459693504622386+0.15734582074407027i,-0.01186121009390731+0.0038668759828174807i
0.11088751475077377-0.48754874987675545i,0.00275042238611024-0.011815823194167597i
0.35985858714210645+0.34713297592059034i,0.008441006862293278+0.008227434185440662i
-0.4832427158769468+0.1283606250129336i,-0.011076211132109244+0.0028790804091617i
0.1401650891050453-0.4799516512274924i,0.003169776026570892-0.010639321410658506i
0.33821009923438317+0.36825725580779944i,0.007232884609034418+0.007963939924031632i
-0.49012003594369424+0.0989056837683225i,-0.010222061554260359+0.002001990028531476i
0.16892971921025096-0.4705981362351811i,0.0034590989807810678-0.009462090228523186i
0.3153239073371702+0.3880338714712879i,0.006092164114286035+0.007589812585651052i
-0.4952037272066196+0.06908878945376627i,-0.00930936774430312+0.0012399323953651133i
0.19707613886536482-0.45952243475036614i,0.0036202445749793826-0.008295409652111277i
0.29128376509055126+0.4063904489854246i,0.0050274734352553285+0.0071125149217216984i
-0.4984751855375111+0.03901905910568797i,-0.008348980696355522+0.0005963524434597335i
0.22450134425428592-0.4467650790870299i,0.0036559454812503333-0.007150308283676322i
0.2661776490976378+0.423259811154755i,0.0040467683492163625+0.006540127852391996i
-0.4999224388029169+0.00880653503188129i,-0.007351927807300955+0.00007380031457302921i
0.2511049708955977-0.43237275569171785i,0.0035697886032544034-0.006037498833095102i
0.24009743696796026+0.43858022335370617i,0.0031572904338805887+0.005881295494176715i
-0.49954019067701566-0.021438217896107684i,-0.006329344189346931-0.0003260757787084469i
0.27678966093349633-0.4163981342911821i,0.003366185417545422-0.004967315835617175i
0.21313857108484827+0.45229561944882074i,0.0023655293944017815+0.005145167458751543i
-0.49732984002389574-0.05160451686295857i,-0.005292403862626114-0.0006025316482825619i
0.3014614194257582-0.3988996751437852i,0.0030503379511538442-0.003949655888877816i
0.18539970932727+0.46435580697674284i,0.0016771898087334927+0.00434133873882534i
-0.49329947577831257-0.08158196616117794i,-0.004252251186707504-0.0007557242016496411i
0.3250299583248887-0.3799414151000453i,0.0026282005969628795-0.0029939207062833015i
0.15698236402433646+0.4747166508270928i,0.0010971624401859262+0.0034797875074915057i
-0.48746384734365933-0.11126086119200948i,-0.0032199328869370277-0.0007867035314273104i
0.3474090268936257-0.35959273325524577i,0.002106437988203994-0.0021089632684043575i
0.1279905304637443+0.483340234758029i,0.0006295002425231477+0.00257081116631546i
-0.47984431061548083-0.14053258993718226i,-0.0022063310268843703-0.0006974000905174731i
0.3685167273456217-0.33792809705172305i,0.0014923791720291668-0.0013030373372283615i
0.09853030631365545+0.490195000153421i,0.0002773991589416071+0.001624960984604704i
-0.47046874982806197-0.16929003043228413i,-0.0012220972718412035-0.000490607044408722i
0.38827581455619253-0.3150267897599872i,0.0007939683395195115-0.0005837505801362991i
0.0687095033507659+0.495255861513839i,0.00004318379187285804+0.0006529756778202296i
-0.4593714755100955-0.19742794278717657i,-0.00027758878034418705-0.00016995791578611812i
0.40661397874632166-0.2909726203359784i,0.000019712385566819304+0.00004197846864545514i
0.038637252915473874+0.4985042982587165i,-0.0000717020041173648-0.0003342857231172474i
-0.4465930989228743-0.22484335431882607i,0.0006171939488756222+0.00026010034034494334i
0.423464110105418-0.2658536167162575i,-0.0008213744132373593+0.0005679594015039197i
0.008423606538010914+0.49992842250372627i,-0.00006669957888557783-0.001325911357784592i
-0.43218038344050397-0.2514359363871307i,0.0014526669582331153+0.0007943386705346453i
0.4387645443844208-0.23976170367353783i,-0.0017198283013322325+0.0009887646992616014i
-0.02182086680292722+0.4995230225653349i,0.00005786500985862088-0.0023110040232780446i
-0.41618607341602304-0.2771083715546834i,0.002219720137247472+0.001426781483866365i
0.4524592885604851-0.21279236641146893i,-0.0026657962144294818+0.0012997600967058285i
-0.051985485315188734+0.49728958203332807i,0.00030078642404507086-0.0032787483094557724i
-0.39866870115970793-0.3017667097268266i,0.002909771663478729+0.0021507462376789206i
0.4644982257474155-0.1850443011297717i,-0.0036490978939860558+0.0014971304097791383i
-0.08195985944102302+0.4932362743415085i,0.000659990356865973-0.004218477032618035i
-0.37969237273593837-0.3253207119686777i,0.0035148193041945144+0.0029588868262744854i
0.4748372986019604-0.15661905383850588i,-0.004659289614057713+0.001577900705603939i
-0.11163429583548456+0.4873779328564358i,0.0011325486574607676-0.00511973662259027i
-0.3593265333625142-0.34768418074090157i,0.004027488321182591+0.003843240532592731i
0.48343867055477935-0.12762064874325385i,-0.005685729181750991+0.0015399527202317456i
-0.14090019879699828+0.4797359965936716i,0.0017146991737425107-0.0059723511245751105i
-0.33764571327096254-0.36877527534571064i,0.004441075738984433+0.004795278285794451i
0.4902708642760485-0.0981552075611737i,-0.006717641867221841+0.0013820364531055898i
-0.16965046768101977+0.47033843176018314i,0.0024018701951329245-0.006766484485165747i
-0.3147292549578781-0.38851681142869443i,0.004749590755788421+0.005805957951960326i
0.4953088768689783-0.06833056116105991i,-0.007744186915589558+0.0011037768915935031i
-0.19777988884242917+0.45921962941002903i,0.003188709354305374-0.007492700801514112i
-0.29066102282543693-0.4068365434404311i,0.004947791096201572+0.006865780370749957i
0.4985342713696852-0.038255854948641366i,-0.008754524291247892+0.000705675843471368i
-0.22518552067231706+0.44642027958786024i,0.00406911682512075-0.008142022223780134i
-0.2655290962736772-0.42366742902419186i,0.005031215126003332+0.007964847837933425i
0.4999352442185661-0.008041149441239834i,-0.009737881304873384+0.00018910887978621594i
-0.25176707032009227+0.4319872224208209i,0.0050362826328781-0.0087059842135873i
-0.23942544736769691-0.43894787436219307i,0.004996209570694602+0.009092924722276755i
0.49950666845626135+0.022202982506487945i,-0.010683618774939552-0.0004436825849928621i
-0.27742726072227253+0.41597327670378526i,0.006082727872890528-0.009176687875219016i
-0.21244560425936884-0.45262195958253587i,0.004839952702060355+0.010239499895360465i
0.4972501124861258+0.05236586035174276i,-0.011581296378746499-0.0011896040243534107i
-0.3020721865947862+0.3984370466052375i,0.007200349614332986-0.009546849091637801i
-0.1846883015953021-0.4646396434019362i,0.004560472879984197+0.011393850644617278i
0.4931738343345451+0.08233710090686809i,-0.012420736852840604-0.002044725267498121i
-0.3256116580860108+0.37944270720116624i,0.008380469248363505-0.009809844214011071i
-0.1562551191904114-0.4749569462553461i,0.004156662360240876+0.012545107733168854i
0.48729275143010303+0.11200702229444251i,-0.013192088709192085-0.0030043026047949914i
-0.3479595308329222+0.35905976962182934i,0.009613884022803712-0.009959752071212009i
-0.12725011028938935-0.4835361112422859i,0.0036282863028816127+0.013682321265020317i
0.4796283860121956+0.14126704533587836i,-0.013885887141610395-0.004062805409219585i
-0.3690340212124923+0.3373628266708496i,0.010890921490225127-0.009991392084642371i
-0.0977794207764893-0.4903457423008962i,0.0029759869399528+0.01479452701078268i
0.4702087863688724+0.1700100909046151i,-0.014493112806533398-0.005213947129730929i
-0.38875800563464874+0.3144312798475675i,0.012201496582215093-0.009900358293593179i
-0.06795090072714363-0.4953609191040492i,0.0022012828855878124+0.015870812847418838i
0.45906842419213884+0.1981309717897668i,-0.015005248173515428-0.006450720490900157i
-0.4070593027815152+0.29034904877163065i,0.013535171009939348-0.009683049117140624i
-0.03787370972297499-0.4985632882570515i,0.0013065635958159061+0.016900384965482226i
0.44624806842635806+0.2255267776361698i,-0.01541433115334981-0.0077654367123455035i
-0.4238709377600567+0.2652042640732024i,0.014881214679948357-0.009336692700149501i
-0.007657917374576745-0.49994113046319055i,0.00029507900967366076+0.017872633499009086i
0.4317946360714128+0.2520972515521155i,-0.01571300572579741-0.009149768541697986i
-0.4391313872014432+0.23908894487267945i,0.0162286688045327-0.008859367713235965i
0.02258589948602288-0.4994894034113323i,-0.0008290755727588961+0.018777197236546923i
0.4157610204866204+0.27774515700654634i,-0.015894569304236997-0.010594796876033903i
-0.452784804410175+0.2120986620302036i,0.01756641037785517-0.008250019499408016i
0.052747061469108375-0.49720976022861507i,-0.0020609792960591595+0.019604027076807473i
0.39820589782373894+0.3023766336730273i,-0.015953016591134326-0.012091060729046057i
-0.4647812237390205+0.18433218839733062i,0.01888321768262344-0.007508471483452825i
0.08271519166634214-0.49311054343071364i,-0.003394910136252501+0.020343447899041644i
0.3791935122974345+0.32590154091825796i,-0.015883079695988546-0.013628610284757323i
-0.47507674344184075+0.15589113735078497i,0.020167836487241523-0.00663543178385669i
0.11238061958287801-0.48720675439181316i,-0.004824373743281846+0.020986218526422313i
0.3587934410790271+0.34823378767810365i,-0.01568026430625724-0.015197062763408141i
-0.4836336863351386+0.1268795909311108i,0.021409046590193898-0.005632494991024151i
0.1416347824843037-0.47951999844601667i,-0.0063421365916208+0.021523589470494087i
0.3370803396739054+0.3692916475139427i,-0.015340881721569955-0.016785660811302578i
-0.49042073768038014+0.09740371894707367i,0.022595728366910983-0.004502139099676289i
0.17037062268965616-0.47007840582109606i,-0.00794026327010428+0.02194735815596439i
0.31413366871441684+0.3889980576963552i,-0.014862076582273858-0.018383333114001702i
-0.4954130597824979+0.0675713904397264i,0.02371692897452404-0.0032477176074607672i
0.19848297935658693-0.4589165286939304i,-0.009610157721515794+0.022249921337820548i
0.2900374031680568+0.40728090122164023i,-0.014241850144852828-0.019978756921273464i
-0.49859238288519514+0.037491778928013336i,0.024761927871741547-0.0018734468158668866i
0.22586897332491263-0.44607521474436806i,-0.011342608222868136+0.02242432443681116i
0.2648797250251269+0.42407327072909734i,-0.013479078978970745-0.021560422162810264i
-0.49994707203041255+0.007274962880546599i,0.02572030131457016-0.00038438839339514577i
0.25242838361018727-0.43160145767024916i,-0.013127835878744536+0.02246430753470785i
0.23875270059049733+0.4393137133532523i,-0.012573528983663021-0.02311669682582751i
-0.49947216963728264-0.02296847712434627i,0.026581985493711446+0.001213572715507736i
0.27806401416949367-0.41554822521064066i,-0.014955546382612733+0.022364347787381535i
0.2117519435604431+0.4529464556149705i,-0.011525864643476253-0.024635893259407803i
-0.49716941364474615-0.053127863076079994i,0.027337337986219984+0.002913754929125411i
0.3026820495972445-0.39797426530664337i,-0.016814984784780312+0.022119698031491344i
0.18397626511755122+0.464921607528453i,-0.010337653468961898-0.026106335065792404i
-0.49304723115144267-0.0830928245658296i,0.027977197202286152+0.004708711085532957i
0.3261923984493045-0.378943891109141i,-0.01869499299065942+0.02172642137942617i
0.1555273123242001+0.47519534517717354i,-0.009011365589820498-0.027516424235824514i
-0.48712070757614545-0.11275370269485803i,0.028492939517875626+0.006590263766863984i
0.34850902293901-0.35852674562026987i,-0.02058406969939521+0.021181421616951034i
0.126509196137936+0.4837300710906043i,-0.007550368493001023-0.028854708184394177i
-0.4794115314516041-0.14200195137902294i,0.028876533795274224+0.00854954471838864i
0.3695502537985429-0.3367975468299206i,-0.022470432480665416+0.02048246923872599i
0.09702811041005074+0.490494551834823i,-0.005958916922105835-0.030109946342059102i
-0.4699479150538224-0.17073053458085802i,0.029120593006359084+0.010577038169643517i
0.38923908915340033-0.31383581427996216i,-0.024342081676692807+0.019628222978345492i
0.06719194326166186+0.4954640323134749i,-0.004242137978406367-0.03127117596098202i
-0.4587644911572359-0.19883431801553322i,0.029218422687546996+0.012662627845402417i
0.40750347631620676-0.2897255780568466i,-0.02618686580726682+0.01861824671172845i
0.03710988225949252+0.4986203263608019i,-0.0024060114875205305-0.03232777679693232i
-0.4459021862936213-0.22621045389721567i,0.029164065970797+0.014795647435881578i
0.4242765754686282-0.264555071277557i,-0.027992548147840236+0.017453021635429944i
0.006892014836238747+0.4999518832952044i,-0.000457345719246638-0.033269534334359i
-0.43140807097855605-0.25275875731782593i,0.02895234495172097+0.016964934278271972i
0.43949700426641874-0.2384164071942665i,-0.029746874144697545+0.016133953644687133i
-0.02335107458218791+0.4994538301897779i,0.0015962514289284348-0.03408670122839487i
-0.415335187453531-0.278382072880804i,0.0285788981736737+0.019158885985590783i
0.45310906247245897-0.21140524209936867i,-0.03143763932663936+0.014663375859580344i
-0.053508709268198174+0.49712798970513455i,0.003746405651663721-0.03477005664604466i
-0.3977423555741125-0.3029866302481643i,0.028040214025539904+0.02136551974400671i
0.46506293579571656-0.18362042526450095i,-0.03305275736982643+0.01304454627153407i
-0.08347052522184797+0.4929828734192476i,0.005984013704091592-0.035310963198782956i
-0.3786939575545154-0.32648238729968815i,0.02733365987082348+0.023572533986312885i
0.4753148781901733-0.1551636371946347i,-0.03458032797116707+0.011281640506347754i
-0.1131268750557125+0.48703365067872906i,0.008299284942693913-0.03570142117019209i
-0.3582597023563294-0.3487833596484391i,0.026457506746353488+0.02576737213711695i
0.483827371946578-0.12613901752106535i,-0.03600870418611038+0.009379739723949137i
-0.14236922925726592+0.4793020930855308i,0.010681786742511176-0.03593411975513764i
-0.3365143705836378-0.3698079353067176i,0.025410949490432138+0.027937288114679555i
0.49056926499116127-0.0966527838950571i,-0.0373265588887777+0.007344813698951394i
-0.1710905733603186+0.4698164948222261i,0.013120493575140005-0.03600248504117367i
-0.3135375408181011-0.3894791733509089i,0.02419412218244986+0.030069413265228145i
0.49551588488885484-0.0668128432768251i,-0.038522950016132824+0.005183699149820256i
-0.19918579957203536+0.45861156910744433i,0.015603839513659882-0.03590072447840556i
-0.289413298395501-0.40772508549224284i,0.022808108798764225+0.03215082439796416i
0.49864912913381615-0.03672839704237293i,-0.03958738426320791+0.0029040734078260326i
-0.22655209142234684+0.4457283211603892i,0.018119773913443077-0.035623867600753145i
-0.2642299276894995-0.4244788995230341i,0.0212549490128589+0.03416861258301205i
0.499957531396829-0.006509541353322677i,-0.04050987890340664+0.0005144235399389734i
-0.2530893000281033+0.4312138981393341i,0.020655820001785716-0.035167802779453826i
-0.23807958902872048-0.4396793036743059i,0.01953763909140958+0.03610995237015828i
0.4994363034871493+0.023733135747785215i,-0.041281021416377-0.0019759889377531877i
-0.2787003105950059+0.4151214166032591i,0.023199136094560823-0.03452930980855673i
-0.21105798142950077-0.4532706709905506i,0.01766012786171662+0.037962171083503415i
0.49708735287522665+0.05388895904226594i,-0.04189202661603906-0.0045571675977178995i
-0.30329139781607317+0.3975097681280397i,0.025736579144707523-0.03370608814212359i
-0.183263992378562-0.4652032629005123i,0.015627307749943555+0.03971281784602319i
0.4929192757121812+0.0838475711590908i,-0.0423347909828327-0.0072184247103016545i
-0.3267725688660408+0.37844340378855534i,0.02825477031533077-0.03269678062356435i
-0.1547993359472497-0.47543341123901206i,0.013445000913602716+0.04134973198858996i
0.48694732537158164+0.11349933643550295i,-0.042601943917202845-0.009948428725033744i
-0.3490578927364783+0.35799209829541634i,0.03074016225967723-0.03150099256917535i
-0.12576818056168543-0.4839236780536903i,0.011119940515640768+0.0428611105002188i
0.47919335662864165+0.14273574213648932i,-0.04268689564568066-0.012735255404969i
-0.3700658147064007+0.33623069464946753i,0.03317910778117206-0.030119306090154115i
-0.096276767791034-0.4906429926118445i,0.00865974721118029+0.04423557418010862i
0.4696857456811243+0.17144979556481935i,-0.042583881526436794-0.015566442376845034i
-0.389719454797545+0.31323883024852794i,0.035557929539227026-0.02855328956017796i
-0.06643302354895755-0.4955667651059771i,0.006072900941372185+0.04546223215751486i
0.4584592863046357+0.1995364156083982i,-0.04228800251809638-0.01842904684268106i
-0.40794688912209687+0.28910064544869246i,0.03786299046058676-0.0268055021589622i
-0.0363461631310901-0.4986769766419361i,0.0033687081517994005+0.04653074445254832i
0.4455550625223398+0.22689281729203833i,-0.041795261593491694-0.021309706182482107i
-0.4246814130932498+0.26390447564673974i,0.04008076451172287-0.024879493445820213i
-0.006126291533929379-0.499962245180336i,0.0005572645752844223+0.047431382259578374i
0.43102029825506466+0.2534188879263555i,-0.041102595899097816-0.02419470116300884i
-0.4398617855353667+0.237742528010492i,0.04219790748502985-0.02277979794115508i
0.024115999482196754-0.49941786718993586i,-0.0023505862591961077+0.04815508564508888i
0.41490818450202105+0.2790175534772459i,-0.04020790448085797-0.027070021454199657i
-0.4534324528003982+0.21071054404015385i,0.0442013274506406-0.020511924717851876i
0.054270036111508796-0.4970458348605451i,-0.005343298608764868+0.04869351836340483i
0.39727768468457325+0.3035951338151887i,-0.03911007141799977-0.029921433142876805i
-0.46534375207039175+0.18290744919551188i,0.04607825452621972-0.018082342028577975i
0.08422546752140578-0.492854828812464i,-0.008408673987070372+0.049039119506758065i
0.3781933188654227+0.32706168554431486i,-0.03780898422807216-0.03273454792282999i
-0.4755520931020923+0.15443499087120832i,0.04781630961938931-0.015498457018978017i
0.11387266968915333-0.4868601863291396i,-0.011533914300599005+0.049185151720550234i
0.35772492763286895+0.34933133115663406i,-0.03630554742877538-0.03549489363137626i
-0.4840201177485237+0.12539736604494497i,0.04940357180136025-0.012768590600501322i
0.14310314657875717-0.479083845229289i,-0.01470567841033242+0.04912574573036262i
0.3359474165142307+0.3703225733068568i,-0.0346016911650527-0.03818798579502116i
-0.49071683667377397+0.09590083996126311i,0.05082864397582485-0.009901947580070737i
0.17180992718989233-0.46955426358389973i,-0.017910141860983855+0.048855940944137935i
0.3129404818537642+0.3899585930577023i,-0.03270037483328619-0.0407993998409453i
-0.4956177427606637+0.06605335724635589i,0.052080716514326546-0.006908582166810275i
0.1998879570258535-0.4583063155719034i,-0.02113305950413218+0.048371721911062746i
0.28878831915824577+0.40816753100423864i,-0.030605585658189067-0.04331484362680058i
-0.49870490079627855+0.03596414687706347i,0.05314962853796286-0.003799358998580395i
0.22723448254792628-0.4453811638556464i,-0.024359830726791203+0.047670050437763116i
0.2635793149775537+0.42488275024846545i,-0.02832233220192719-0.04572022993860576i
-0.4999670131071497+0.005743322449697018i,0.05402592653552125-0.0005859098529114855i
0.2537494272092391-0.43082610894321405i,-0.027575566983606446+0.04674889318249101i
0.23740572344782818+0.4400430802617604i,-0.0258566328091909-0.0480017486055891i
-0.49939946090389037-0.024498520788465615i,0.054700920019804936+0.0027194137719145153i
0.2793357576919741-0.4146944160888701i,-0.030765161318863747+0.04560724456900759i
0.21036332868092633+0.45359304074276185i,-0.023215499016022604-0.050145937881413756i
-0.49700432118398385-0.05465071067032015i,0.05516673393700059+0.0061035919996015615i
0.30389983900766654-0.39704512036508643i,-0.03391335955395977+0.044245144883560225i
0.18255109423568233+0.4654830446514602i,-0.02040691397429872-0.05213975474357851i
-0.4927903591308624-0.0846029031215691i,0.05541635755846492+0.009552991616992761i
0.32735177716107466-0.3779428106195146i,-0.03700483280697515+0.04266369344080757i
0.15407080095375422+0.47566957967648316i,-0.01743980596764429-0.053970643766685825i
-0.48677299603709884-0.11424548597267607i,0.05544368959999895+0.013053424569883058i
0.34960574812362377-0.3574573931075242i,-0.040024251003442125+0.04086505672755344i
0.12502667448542557+0.4841153674714802i,-0.014324017118078316-0.05562660423084806i
-0.4789742528690937-0.14346998009236378i,0.055243579330737154+0.01659020965248538i
0.37058031191251534-0.3356638356653093i,-0.0429563570315893+0.03885247145665523i
0.09552500386845775+0.4907895000778719i,-0.01107026740584847-0.05709625513365213i
-0.4694226696797895-0.1721694363746772i,0.05481186345188648+0.02014823711351456i
0.390198710626113-0.3126418933597832i,-0.045786041190957624+0.036630242487276594i
0.06567375255582755+0.4956675530347128i,-0.007690114147541251-0.058368897782845416i
-0.4581532011643255-0.20023882712681096i,0.05414539854478031+0.023712035887035618i
0.40838914934491843-0.2884758166192627i,-0.04849841558070403+0.034203735591808865i
0.03558216331582553+0.49873167476173574i,-0.004195907099493958-0.05943457565714063i
-0.4452070887408553-0.22757543042538983i,0.05324208890787733+0.02726584314277647i
0.42508505887016546-0.263254042913059i,-0.05107888807282344+0.03157936507398868i
0.005360358450408831+0.49997065188847506i,-0.0006007393748230474-0.06028413123427338i
-0.43063170962465636-0.25407920603462175i,0.05210090962343144+0.03079367583854913i
0.4402253393385159-0.2370688731082952i,-0.053513235516244546+0.028764576267057078i
-0.024881063205162424+0.4993799502903891i,0.0030816056172153525-0.06090925949864361i
-0.4144804034478554-0.27965316151062625i,0.05072192471640088+0.034279403946798674i
0.4537545838213377-0.2100161336883462i,-0.055787675819957014+0.025767822964965166i
-0.055031431026595384+0.49696173168181057i,0.006836710981336642-0.06130255785534829i
-0.3968122770592672-0.3042037071521517i,0.049106300290723576+0.03770682501821585i
0.4656232810902839-0.18219482606903636i,-0.05788893856734984+0.02259853986365917i
-0.08498040760755146+0.4927248457049993i,0.010649586649136547-0.06145757219331525i
-0.37769198821869454-0.327640998498715i,0.04725631255122521+0.041059739737781625i
0.475787996807139-0.1537067642959467i,-0.05980433381944233+0.019267110113170786i
-0.11461839254719966+0.48668479754425065i,0.01450473293074676-0.061368838857260605i
-0.3571895089772785-0.34987926512276823i,0.04517535064301673+0.044322028122628546i
0.48421153247485643-0.12465620244870468i,-0.06152181877189065+0.015784828104522426i
-0.14383692354064506+0.4788636911835741i,0.01838620702503545-0.061031922306478865i
-0.33537986960982047-0.37083712451265183i,0.04286791426427799+0.04747772600679595i
0.4908630615680922-0.09514945311579637i,-0.06303006193938634+0.012163857638224746i
-0.17252907330441541+0.4692901485155997i,0.022277692193208562-0.06044344825770926i
-0.31234288403617827-0.39043787989766043i,0.040339606032495014+0.05051110145515662i
0.4957182423450581-0.06529449833611933i,-0.0643185045513307+0.008417185643287695i
-0.20058984088442763+0.45799920459773413i,0.02616256928709975-0.05960113212967242i
-0.2881628577365734-0.40860980092530663i,0.037597118608689875+0.05340673074780734i
0.4987593069278493-0.03520059443106412i,-0.06537741885444333+0.004558571637057714i
-0.22791653591441535+0.4450321794388869i,0.030023990311248798-0.0585038026280022i
-0.2629282792297166-0.4252863861636261i,0.034648216608554966+0.05614957357674376i
0.49997512632525204-0.004977872173268206i,-0.066197963031142+0.0006024931367950847i
-0.25440915441859735+0.4304365267859716i,0.03384495368712144-0.057151420331289476i
-0.23673149624280573-0.4404066064678773i,0.03150171335382425+0.05872504709891441i
0.49936125116007557+0.025263066244745672i,-0.06677223245713954-0.003435912746455147i
-0.27997074478330913+0.4142656604635585i,0.03760838087862019-0.055545091161638825i
-0.2096683777584783-0.45391512832101966i,0.02816744254132894+0.061119098493626234i
0.4969199279519622+0.05541155196712662i,-0.06709330703757278-0.007540911282491487i
-0.3045077625582996+0.39657875890220035i,0.04129719403034497-0.05368707464639867i
-0.18183796317547968-0.4657625163306368i,0.024656224931111397+0.06331827567783471i
0.4926600908960905+0.08535725447521092i,-0.06715529437810183-0.01169623539835706i
-0.3279304127892713+0.3774405485707749i,0.04489439426397196-0.051580786901462665i
-0.15334209986696987-0.4759054141412573i,0.02097983017840035+0.06530979583993346i
0.4865973291678546+0.11499058534986903i,-0.06695336856574652-0.015885153973415046i
-0.3501529786288756+0.35692106710538773i,0.04838314027365694-0.04923079829072099i
-0.12428507046284762-0.4843067031000075i,0.01715093395725208+0.06708161146144684i
0.4787538298731732+0.1442030993180866i,-0.06648380435357752-0.02009054285492221i
-0.3710941350235858+0.33509540700168294i,0.05174682685853389-0.046642825740595556i
-0.09477321122008106-0.4909356380949501i,0.01318307054594361+0.06862247350623474i
0.46915829685320404+0.17288789111612135i,-0.06574400656376363-0.024294958282160096i
-0.39067724632848994+0.31204344080853713i,0.05496916302920337-0.04382371971319885i
-0.06491452287764493-0.4957679600689999i,0.009090581065847805+0.0699219914685913i
0.45784584564060415+0.2009399867168867i,-0.06473253454476807-0.028480712394822454i
-0.4088306467608618+0.28784952882881043i,0.05803424932558888-0.04078144586624802i
-0.0348182754201673-0.49878598479766023i,0.004888557586306852+0.07097068998486113i
0.44485787495175155+0.22825672748983877i,-0.06344912154055281-0.0326299504904407i
-0.4254879026661667+0.26260221039684295i,0.0609266539857196-0.03752506145242961i
-0.0045946081966816155-0.49997866760569554i,0.0005927833278733568+0.07176006172772698i
0.4302419151852103+0.2547381458875049i,-0.06189468885246787-0.03672472968625031i
-0.4405880556367267+0.23639387986249077i,0.06363148760874754-0.03406468653525651i
0.025645873142120607-0.4993416437859019i,-0.0037803307848644527+0.07228261631829952i
0.4140514544808711+0.28028733128380334i,-0.06007135469788977-0.0407470986330298i
-0.4540758455933295+0.20932044846745923i,0.066134475961027-0.030411470122564573i
0.0557925014131021-0.496877244572063i,-0.00821381295187193+0.072531925008262i
0.3963457429763151+0.3048107846253436i,-0.05798243769357373-0.044679177922191136i
-0.4659019130134029+0.1814809933513209i,0.06842203058109199-0.026577551342477364i
0.08573495289507424-0.49259448860763466i,-0.012690200422124947+0.0725026609027043i
0.3771895759767393+0.3282187605978334i,-0.055632454916000905-0.04850324082279143i
-0.47602297956568246+0.15297739497170668i,0.07048131684807865-0.02257601580982329i
0.11536365106626756-0.4865090489413799i,-0.017191612213065907+0.07219063451371016i
0.35665305683194803+0.3504255960554117i,-0.05302711451554527-0.052201793982102326i
-0.4844020064903306+0.12391396426555609i,0.07230031918828907-0.018420847353572786i
0.14457016760737415-0.47864319567073776i,-0.021699824310192153+0.07159282445519569i
0.33481134038817995+0.37135002351099916i,-0.05017330288605235-0.05575765772206276i
-0.49100833014490064+0.09439706091585544i,0.0738679031063833-0.014126875297711967i
0.1732476192026611-0.46902571444282404i,-0.026196347019347158+0.0707074031108927i
0.3117443579536252+0.3909154685404215i,-0.04707906641622787-0.05915404556430359i
-0.4958177742201088+0.06453470412084604i,0.0751738737407946-0.009709717508967205i
0.20129105868703379-0.45769180111131735i,-0.03066250413313879+0.06953375712954502i
0.2875365247841428+0.40905033001193836i,-0.0437535878739708-0.06237464261839257i
-0.49881273821474953+0.0344361772901178i,0.07620903065759223-0.005185719444955589i
0.22859785910761896-0.44468293293473954i,-0.03507951356328006+0.06807250262428863i
0.2622764311596526+0.4256882421156556i,-0.040207157499398-0.06540368247167562i
-0.49998226184597616+0.004211628114232013i,0.0769652186129004-0.0005718894554105788i
0.2550680892943677-0.4300467167874912i,-0.03942856908258326+0.06632549497673514i
0.23605651818173262+0.44076831723390686i,-0.0364511389065763-0.06822602222437421i
-0.499322065159233-0.026028334528552473i,0.07743537403116432+0.004114169392848739i
0.28060487956524854-0.41383671493912266i,-0.043690922813880824+0.0642958331703105i
0.20897273947886072+0.4542353687638027i,-0.03249792991794019-0.0708272153205749i
-0.49683456419105143-0.0561730453533032i,0.07761356696494054+0.008854330679673738i
0.30511477622771005-0.3961122490394158i,-0.04784796809825487+0.06198785860185603i
0.18112421005731513+0.46604011307651183i,-0.0283609184787738-0.07319358183430517i
-0.492528862127393-0.08611218765586179i,0.07749503832136287+0.013630018880991227i
0.3285080835790872-0.37693818302660465i,-0.051881322371796976+0.059407148345251105i
0.15261284358279031+0.4761393498741916i,-0.024054433821941047-0.07531227587997513i
-0.48642071598989617-0.1157361970246353i,0.07707623216091092+0.018422286186506116i
0.35069919215437684-0.35638468575320026i,-0.055772909678564596+0.05656050286573015i
0.1235429794201188+0.48449612028453704i,-0.019593693075209227-0.07717134982815933i
-0.4785324789719397-0.1449366622993205i,0.07635482289559016+0.023211891555490357i
0.37160689202013897-0.3345269741981053i,-0.05950504244753252+0.05345592820859974i
0.09402100079597736+0.49107984211439226i,-0.014994743524742699-0.07875981502073019i
-0.4688930186355479-0.17360672230922217i,0.07532973723588501+0.02797938166906618i
0.39115466996799947-0.3114450382047527i,-0.06306050216318064+0.05010261271100228i
0.06415494548193296+0.49586642176745155i,-0.010274400768834718-0.0800676986939577i
-0.4575376112685034-0.20164145693927593i,0.07400117075883925+0.03270517342746053i
0.4092709895201537-0.2872233477526088i,-0.0664226185628656+0.04651089831020803i
0.03405411042256823+0.4988383424164814i,-0.005450183015227037-0.0810860968339993i
-0.44450781278827356-0.22893827109263964i,0.07237059899329505+0.03736963763240454i
0.42588955272217477-0.2619505438333011i,-0.06957534699919667+0.04269224654643438i
0.0038286517555705113+0.4999847281073905i,-0.0005402417938098336-0.08180722270639386i
-0.42985130666518706-0.25539727014471614i,0.070440782942501+0.0419531834880897i
0.44094954276507237-0.2357191140626313i,-0.07250334361254278+0.03865919938240754i
-0.02641081831245426+0.4993013835605544i,0.004436710626493102-0.08222445081952191i
-0.4136217294213982-0.2809216255146071i,0.06821576898884806+0.04643634354896542i
0.4543958465487127-0.20862505421559588i,-0.07519203796712094+0.03442533498552612i
-0.056553636299185805+0.4967908095237377i,0.00946147681186078-0.08233235610151106i
-0.39587847434423445-0.3054179290161619i,0.06570088315050902+0.05079985873924396i
0.46617925637211133-0.1807675169230486i,-0.07762770281412892+0.03000521864162209i
-0.08648949242744056+0.4924621936204309i,0.014514452409435085-0.08212674809054687i
-0.3766864741322555-0.32879653469185005i,0.06290271968475476+0.0550247630671371i
0.47625665001250006-0.15224844881562555i,-0.07979752065688338+0.025414348991692787i
-0.11610883431161326+0.4863313767270914i,0.01957570673241837-0.08160469996008175i
-0.35611596326944445-0.35097188687849235i,0.0598291240580058+0.0590924676567729i
0.4845911485341553-0.12317221744283062i,-0.08168964680595066+0.020669099804587573i
-0.14530326787239087+0.4784207950023345i,0.02462506534019527-0.08076457222272236i
-0.33424222099713924-0.37186283330426884i,0.056489170327849926+0.06298484372233797i
0.49115225124947487-0.09364522933259639i,-0.0832932686266661+0.01578665751934897i
-0.17396595401256273+0.4687593977802213i,0.029642194259063073-0.07960603097971797i
-0.31114529582431794-0.3913929220712051i,0.05289313300725691+0.0666843041122076i
0.4959159473384046-0.06377554058905961i,-0.08459866069723884+0.010784954810611818i
-0.20199199960226263+0.45738254162812164i,0.03460668548051074-0.07813006060665792i
-0.2869097125844106-0.4094906814363073i,0.04905245350607779+0.07017388305579679i
0.4988648037177347-0.033672461453594885i,-0.0855972356127402+0.005682600449124027i
-0.22927884134280718+0.4443318609568506i,0.039498143366890816-0.07633897079035237i
-0.26162416311068526-0.4260898813674673i,0.04497970126931794+0.073437313752443i
0.49998802883870236-0.003446156276245419i,-0.08628159018859069+0.0004988057468990932i
-0.2557266211043502+0.4296551156565943i,0.044296271588963015-0.0742363978565419i
-0.23538118166220318-0.44112977591695623i,0.04068852975563878+0.07645910344981181i
0.49928151217942907+0.026792759638518425i,-0.08664554683662248-0.004746692107225302i
-0.2812385513637815+0.413406016316209i,0.048980960215952905-0.0718273003531993i
-0.2082768062881433-0.45455532552552097i,0.03619362742297452+0.07922460566916979i
0.4967478392876657+0.056933624836339576i,-0.0866841899073274-0.010033709500970708i
-0.30572126940552213+0.3956440276655171i,0.05353237257673355-0.06911794887945492i
-0.18041022736976145-0.466317398443551i,0.031510663910785525+0.08172008924612648i
0.49239628231879856+0.08686613668640364i,-0.08639389681336736-0.015341698306742878i
-0.32908517898899425+0.3764341509599176i,0.05793103151029876-0.0661159101755804i
-0.15188342462616375-0.47637295053219464i,0.026656231630497636+0.0839328038684052i
0.4862427661037393+0.11648075504172826i,-0.08577236377184459-0.020649829898233656i
-0.35124477823240857+0.3558466861036879i,0.062157904625015845-0.06283002551486563i
-0.12280079391230281-0.4846851827864334i,0.021647782996611003+0.08585104180640452i
0.4783098098708782+0.1456691031090888i,-0.08481862602591464-0.025937080918666405i
-0.37211897251295667+0.3339569743825056i,0.06619448818910179-0.059270383463495495i
-0.09326876517495336-0.4912236760036478i,0.016503563551093572+0.08746419554801114i
0.46862644483537397+0.17432436406156862i,-0.08353307243018179-0.031182320434838078i
-0.3916313712383261+0.3108451227466781i,0.07002288927946528-0.055448287099580405i
-0.06339541296478382-0.4959645021048431i,0.01124254125266179+0.08876281106615985i
0.457228107957365+0.20234167194230201i,-0.08191745430871424-0.036364398103693026i
-0.4097105674034827+0.2865957106540835i,0.07362590582234599-0.05137621580721747i
-0.033290060929884346-0.4988903117011495i,0.00588433222035277+0.08973863646580828i
0.4441565122579043+0.22961849542887014i,-0.07997488851934513-0.04146223297238268i
-0.42629039890966364+0.2612974805456561i,0.07698710416716184-0.04706778178566499i
-0.003062881738134793-0.49999039758513897i,0.00044912323743026116+0.09038466577645826i
0.4294594941672046+0.2560550130539368i,-0.07770985468315374-0.04645490252864359i
-0.44131019068926236+0.23504301308613745i,0.0800908938445539-0.042537681437485285i
0.02717550610747721-0.499260733914609i,-0.0050424086630331336+0.09069517767678237i
0.4131908384638348+0.28155447850897786i,-0.07512818656346075-0.05132173161588154i
-0.45471497675053657+0.20792838835857796i,0.08292259917071351-0.03780164182245323i
0.05731444308510064-0.49670399094543805i,-0.010569179195705759+0.09066576895940695i
0.3954100814455126+0.3060235746942489i,-0.07223705760428192-0.05604238082661329i
-0.4664557013295471+0.18005283425246785i,0.08546852737274803-0.03287636238635274i
0.08724363362037973-0.492329525259594i,-0.016109782055924532+0.09029338256630885i
0.3761822930518073+0.32937275521932036i,-0.06904496066372247-0.060596933988868854i
-0.4764893984132009+0.1515183633322486i,0.08771603292394542-0.02777945219513571i
0.11685354972091883-0.486153345524061i,-0.021642576029386303+0.0895763300483702i
0.35557783873608795+0.35151657210443554i,-0.06556168200336053-0.06496598436280185i
-0.4847793489764182+0.12242939951510845i,0.08965357779330661-0.02252936292536412i
0.14603583180172758-0.4781980539059877i,-0.02714577361049507+0.08851430832659196i
0.3336721219581621+0.37237398848344383i,-0.06179826961994701-0.06913071916912535i
-0.4912952153580057+0.09289239592426174i,0.09127078733054614-0.017145317881215903i
0.17468368523479674-0.4684927633584568i,-0.03259753075348253+0.08710841065685275i
0.3105453082399755+0.39186867516395146i,-0.05776699603065973-0.0730730020769811i
-0.4960131522834762+0.06301544531620576i,0.09255850152589906-0.011647237326556087i
0.2026922711716026-0.45707299107957033i,-0.037976037374238165+0.0853611317251131i
0.2862820317942068+0.40992928995940736i,-0.053481315647784876-0.07677545328652892i
-0.4989158941285194+0.032907884507622595i,0.09350882140335409-0.0060556604376002555i
0.22995909020829766-0.4439805285347491i,-0.04325960821625176+0.08327636682520434i
0.2609710857993722+0.4264897387708865i,-0.0489558169026302-0.08022152685084742i
-0.4999928181037766+0.0026798942495556677i,0.09411515032632399-0.00039166419736139487i
0.25638435748953886-0.42926328851790463i,-0.04842677369123293+0.08085940509704768i
0.23470509745490048+0.4414894174631267i,-0.04420616930184722-0.08339558489253801i
-0.49923998312969076-0.027557903986852417i,0.09437223001618093+0.005323220432559148i
0.28187136787823164-0.412975129811176i,-0.05345637030387972+0.07811691682879177i
0.20758018900533629+0.454873433649653i,-0.03924906562194425-0.0862829683829114i
-0.49666014425916677-0.05769485283746752i,0.09427617110642196+0.011067094714432613i
0.30632684985482916-0.3951756600849037i,-0.05832763027076248+0.07505693485217203i
0.17969562597417904+0.46659280757535415i,-0.034102159469518126-0.0888700641654163i
-0.49226274259525943-0.08762066400362539i,0.09382447807838833+0.01681778035127558i
0.3296613068510628-0.3759300177591367i,-0.06302026994566606+0.07168883008615909i
0.15115345389466917+0.47660465136136465i,-0.02878399845553166-0.09114436792034569i
-0.4860638707407885-0.11722582185997102i,0.09301606844830758+0.02255290934848756i
0.3517893447689721-0.35530863362497256i,-0.06751457666762858+0.06802328130939818i
0.12205812486693268+0.4848723259562953i,-0.023313953251726506-0.09309454278445782i
-0.4780862139063195-0.1464019842346458i,0.0918512860999701+0.028250015142324534i
0.3726299844866547-0.33338697309808885i,-0.07179149365361136+0.06407223926725546i
0.09251611530812318+0.49136557521943647i,-0.017712142815894536-0.09471047335710024i
-0.46835896689202794-0.17504237889513835i,0.09033190868234478+0.03388662461067804i
0.39210695820709723-0.3102452600477098i,-0.07583270256508079+0.059848885244059166i
0.06263553629443208+0.49606063664524763i,-0.011999356090159063-0.09598331484359662i
-0.4569177272472614-0.2030421942888314i,0.08846114901681786+0.03944035057667002i
0.41014898856558-0.2859681832116753i,-0.07962070338668571+0.05536758425543502i
0.03252573792094904+0.49894032832392954i,-0.0061969704925217-0.09690553710687917i
-0.4438043649987864-0.23029896310830136i,0.08624365048449632+0.04488898441229734i
0.42669004947424166-0.26064458627200704i,-0.08313889126579228+0.050643833039312545i
0.002296909127244451+0.49999411181983977i,-0.0003268675367282237-0.097470963419698i
-0.4290668694244598-0.2567129372776866i,0.08368547638987456+0.05021058834780726i
0.44166960774922337-0.2343671427251622i,-0.08637162997374133+0.04569420304712429i
-0.027940325546858547+0.4992181307376444i,0.005588654071172369-0.09767480373196374i
-0.4127591734330682-0.28218745298783554i,0.0807940933230999+0.05538358709260956i
0.455032844636142-0.20723201673681i,-0.08930432166326505+0.04053627865882753i
-0.05807531079962197+0.4966152248350698i,0.011526967499343684-0.09751368229090654i
-0.3949409561930287-0.306629284444362i,0.07757834856900529+0.06038685837540796i
0.4667308564232049-0.1793385112222567i,-0.09192347261154125+0.0351885908665806i
-0.08799776551830668+0.4921949196306087i,0.017465208649207142-0.09698565947554467i
-0.37567742473224475-0.3299489850340424i,0.07404844163681609+0.06519982201478763i
0.47672083340780574-0.150788704440394i,-0.09421675465479151+0.02967054669203805i
-0.11759818636071515+0.4859733915442093i,0.02338036842775763-0.09609024773152723i
-0.35503907530837037-0.3520612146610313i,0.07021589000987369+0.06980252713676711i
0.4849662165616638-0.12168707643108194i,-0.09617306203802112+0.024002354621293243i
-0.14676824849042652+0.477973408698522i,0.02924938604681154-0.09482842151734402i
-0.3331014354227626-0.37288505205498623i,0.06609348923986266+0.0741757371627261i
0.49143683132117644-0.09214012666304319i,-0.09778256342246464+0.018204946359365582i
-0.1754012019992082+0.46822424759734227i,0.03504924295737332-0.09320262119846072i
-0.3099447874222402-0.39234429090818773i,0.06169526753459642+0.07830101219973137i
0.49610899801337266-0.062255984291514674i,-0.09903674881337789+0.012299895222679628i
-0.2033922625658646+0.45676158598617034i,0.040757057023624865-0.09121675085168666i
-0.285653874700151-0.4103677187579187i,0.057036435012361275+0.082160788475446i
0.4989656185133522-0.03214401245194657i,-0.09992847119201347+0.006309331503220708i
-0.23063899492188142+0.443627372286976i,0.046350176538953354-0.08887616996804291i
-0.2603175915719216-0.4268893775935161i,0.05213332781920278+0.08573845447153307i
0.49999623881608485-0.001914408037862225i,-0.10045198265768582+0.000255855151883276i
-0.25704168772054586+0.4288696720849766i,0.05180627368612343-0.08618767906855701i
-0.23402865796001496-0.44184880523438136i,0.047003347327908465+0.08901842342278785i
0.4991970872935826+0.028322201572477217i,-0.10060296490889421-0.005837553859180871i
-0.28250371843768146+0.4125424922292248i,0.05710343704510437-0.08315949927340174i
-0.20688328007880663-0.45519125659561266i,0.04166489465910487+0.09198620186388434i
0.49657108849743925+0.05845516336479932i,-0.10037855391621471-0.011947627124546717i
-0.3069319069686185+0.39470558319071886i,0.062220262755165213-0.07980124589082764i
-0.17898079836113093-0.4668679040315207i,0.03613730078534498+0.09462845392178741i
0.49212785245622676+0.08837420363136173i,-0.09977735866415921-0.018050900964024764i
-0.3302368566273857+0.37542422040132295i,0.06713594394265135-0.07612389611792932i
-0.15042332391493093-0.4768360160238554i,0.03044075249865402+0.09693306106932693i
0.4858836395069146+0.11796983152539588i,-0.09879947386418998-0.024123810764203224i
-0.3523332813002138+0.35476896537370084i,0.07183035803235845-0.07213975097071366i
-0.1213153648404271-0.48505911356082343i,0.024596214540202124+0.09888917707410415i
0.47786130078901584+0.14713373975061525i,-0.09744648656658457-0.030142786109667776i
-0.3731403175561095+0.33281540747646354i,0.07628415156855338-0.06786239158574552i
-0.09176344377532361-0.49150710363461597i,0.018625348207844207+0.10048727789677686i
0.46809019461922324+0.1757592009194365i,-0.09572147662466624-0.03608434630625001i
-0.3925818205723077+0.309643887309521i,0.08047882218148956-0.0633066300599791i
-0.06187570806767109-0.49615638936890116i,0.012550426772989091+0.10171920631378382i
0.4566060790525698+0.20374145812941247i,-0.09362901099100816-0.041925195896128066i
-0.4105866427916433+0.2853392026919673i,0.0843967973465805-0.05848845501897053i
-0.0317615340029877-0.4989899563732649i,0.006394248052515091+0.10257821106143068i
0.44345098102329467+0.23097810832853635i,-0.0911751318513597-0.04764231976373719i
-0.42708889429207514+0.2599902983384557i,0.08802150959629641-0.053424972126516646i
-0.0015311265339955915-0.49999743500857674i,0.00018004449433412097+0.10305898032122789i
0.42867304254430066+0.2573694770664626i,-0.088367338628331-0.05321307743238587i
-0.4420281839155221+0.23368994035971696i,0.09133746785921971-0.048134339770703985i
0.028704884022207916-0.49917513833542004i,-0.006068608853531554+0.10315766938992592i
0.41232634452804817+0.28281898326021726i,-0.08521456391291744-0.05861529615404398i
-0.4553498402735836+0.20653437677840636i,0.09433032461641618-0.042635700182311255i
0.05883584684363094-0.49652607560670614i,-0.0123278881107062+0.10287192240220033i
0.394470708873626+0.30723349263951016i,-0.08172714340784398-0.06382736239910831i
-0.4670051118213571+0.17862298530264892i,0.09698693858250164-0.036949106261420714i
0.08875149553790723-0.4920599412551018i,-0.01857381568130217+0.10220088799874055i
0.3751714795442755+0.33052365857819466i,-0.07791677999229858-0.06882831135892224i
-0.47695134526716865+0.15005790964627824i,0.0992954326371041-0.03109544440681751i
0.11834235166996715-0.48579307941556504i,-0.024782356325640346+0.10114522885811611i
0.35449928343652903+0.35260424906457233i,-0.07379650204272466-0.07359791408157755i
-0.48515214166531606+0.1209436857266821i,0.10124524675201252-0.025096353660264296i
0.1475001254061249-0.47774842411282675i,-0.030929513787789187+0.0997071250365164i
0.33252977191607985+0.3733944586139765i,-0.069380616168956-0.07811676187074731i
-0.49157748962058684+0.0913868591082087i,0.1028271856801514-0.0189741414939417i
0.17611811180839432-0.46795541533270224i,-0.0369914275768338+0.09789027108562809i
0.3093433439662519+0.3928182039821662i,-0.06468465454884206-0.08236634758826324i
-0.4962038751170855+0.06149559509112873i,0.10403346119403507-0.0127516965840938i
0.20409158132876598-0.4564498912843784i,-0.04294446949838878+0.0956998669451599i
0.28502485196222654+0.4108044025973465i,-0.059725317067750056-0.08632914351357379i
-0.49901436756943995+0.03137928287305852i,0.10485772868425898-0.006452398927332452i
0.23131816307440542-0.44327395724794927i,-0.04876533953320433+0.09314260263284115i
0.25966329114776593+0.42728723269187496i,-0.05452040849161629-0.08998867542718449i
-0.4999986817814774+0.0011481352314442004i,0.10529511795191666-0.00010002766784860951i
0.2576982194411857-0.4284758314871612i,-0.05443116066179822+0.09022663678095498i
0.23335147395081574+0.4422063741816809i,-0.04908877092356564-0.09332959260057257i
-0.4991532155856282-0.029087214807903022i,0.10534225805315828+0.0062813329859187274i
0.2831352107445559-0.4121096687912622i,-0.05991957223784318+0.08696156909451967i
0.20618569032985193+0.4555072294118854i,-0.043450211814457906-0.09633773339178671i
-0.49648106302531314-0.05921611884019952i,0.10499729607894318+0.01266738936794451i
0.30753604851335425-0.39423536229171485i,-0.06520882151848637+0.08335840683202056i
0.17826535539395855+0.46714112296078625i,-0.03762542781688079-0.09900018616403579i
-0.49199200303207286-0.08912831800736322i,0.10425990977842685+0.019033735090340894i
0.3308114361536604-0.3749183242790406i,-0.07027785296699453+0.0794295254349023i
0.14969264558619488+0.47706547977101116i,-0.03163592479010172-0.10130534526383964i
-0.4857024636388748-0.11871434649811372i,0.10313131396023649+0.02535594850853757i
0.3528761957360055-0.35422924682190926i,-0.07510639495184879+0.07518862345693554i
0.12057212476166632+0.48524398095595433i,-0.025503934280122934-0.10324296181573066i
-0.47763546186056327-0.1478659321458603i,0.10161426063199559+0.03160969051265856i
0.37364957971003754-0.33224384306450805i,-0.07967504347689014+0.07065067196871531i
0.09101036152869055+0.49164669671131556i,-0.01925232681433403-0.10480418911192044i
-0.4678205194614637-0.17647639265836473i,0.09971303286471628+0.03777080223983348i
0.39305556640590006-0.30904257014892733i,-0.08396534258908107+0.06583185863613944i
0.06111553925342891+0.4962501958453379i,-0.01290452236408002-0.10598162239786449i
-0.4562935549183948-0.2044410260291439i,0.09743343239513479+0.043815402302050714i
0.4110231382409175-0.28471033477655217i,-0.08795986112388653+0.06074952669426001i
0.030997060155195377+0.4990376315269131i,-0.006484398340905364-0.10676933287786652i
-0.44309675197445986-0.23165749370187882i,0.0947827610052693+0.04971998312553523i
0.4274865416134683-0.25933618248597456i,-0.0916422654632943+0.05542210905976195i
0.0007651449412875433+0.4999988029377542i,-0.000016195502994756062-0.10716289578893044i
-0.4282784052646503-0.25802619508560853i,0.09176979574484755+0.05546150600098681i
0.44238552753294674-0.23301297178453861i,-0.09499738799779218+0.049869057845971225i
-0.02946957055349811+0.4991301926030116i,0.00647557784235037-0.10715941241586044i
-0.41189274357820865-0.2834506320501468i,0.08840475808798895+0.061017494448803736i
0.4556655721052111-0.205837034326057i,-0.09801129100126542+0.04411076956390726i
-0.059596440246538984+0.4964349792637215i,0.012966242946807061-0.10675752594577394i
-0.3939997314045347-0.307837762067824i,0.0846992771412153+0.0663661255101126i
0.4672780760666358-0.17790782237830105i,-0.10067132564670903+0.03816850631138349i
-0.08950521272456155+0.4919230262439781i,0.0194310486403298-0.10595743108598334i
-0.3746648494888891-0.3310983387092058i,0.08066634704490419+0.0714863185826518i
0.4771805426365586-0.14932754487038394i,-0.10296618591070812+0.03206431326923849i
-0.11908643471649694+0.4856108453554012i,0.025845269858025013-0.10476087739523537i
-0.35395885520096826-0.35314723824672284i,0.07632027873475677+0.07635782143040552i
0.4853367330372584-0.12020079335194536i,-0.10488595713577568+0.02582093283964413i
-0.14823185164547698+0.47752153647099016i,0.03218430626846293-0.10317116630461323i
-0.33195752359329966-0.37390377117098017i,0.07167664625365007+0.08096129300739036i
0.49171679911233-0.09063415923296905i,-0.10642215904176229+0.019461715775796647i
-0.17683480379412705+0.46768470298950565i,0.0384237805963767-0.1011931418306771i
-0.30874137009707026-0.39329197747973177i,0.06675222782729646+0.08527838274894853i
0.4962973925581258-0.060735843704968484i,-0.10756778300064343+0.013010529665266213i
-0.20479061663335302+0.45613634349973287i,0.044539636233744004-0.09883317501003779i
-0.28439535587020326-0.41124090465888774i,0.06156494193914852+0.08929180599837112i
0.4990617503685258-0.03061526177106337i,-0.10831732341273186+0.006491665140636737i
-0.23199698388619594+0.4429187200410971i,0.05050823373564698-0.09609914211059309i
-0.25900857687598455-0.42768486733826483i,0.056133778661151705+0.09298541525251844i
0.49999975618034653-0.00038264183402733615i,-0.10866680304692067-0.00007025979909669447i
-0.25835434192489665+0.4280802034427381i,0.0563064458018524-0.09300039670087365i
-0.23267393783007476-0.4425636876718513i,0.05047872651699614+0.09634426692734348i
0.49910797729488887+0.02985137769235898i,-0.10861379223267079-0.006650396964680531i
-0.28376623413104374+0.41167509630703436i,0.06191175035087846-0.08954773568462576i
-0.20548781220912227-0.4558229155628948i,0.04462069517335026+0.09935468336270588i
0.4963896772401415+0.0599761532724184i,-0.10815742181706253-0.013223766252102113i
-0.30813966388539893+0.39376343428538413i,0.06730232130111886-0.08575335943300019i
-0.1775496895652009-0.46741402792788916i,0.038581434272210016+0.10200430980548217i
0.4918548038276686+0.08988144115643229i,-0.10729838982614084-0.019765354614323064i
-0.3313854348956119+0.3744107663734874i,0.07245711668280168-0.08163082617148198i
-0.14896181143674708-0.4772946062702341i,0.032383448733821964+0.10428216613082285i
0.4855199527478903+0.11945780082545025i,-0.10603896179601821-0.02625021532299906i
-0.3534184776163693+0.35368791503015384i,0.07735596371550903-0.07719500080271492i
-0.11982879718840994-0.48542849191372783i,0.026049910874513266+0.1061786930831465i
0.4774083068369767+0.1485969954966196i,-0.10438296476563802-0.032653567112465774i
-0.37415816056742013+0.33167071699749884i,0.08197964049841204-0.07246199836971509i
-0.09025726114907673-0.4917859183278035i,0.019604569697293503+0.1076857928411867i
0.4675495512376183+0.1771923882233581i,-0.1023357749493935-0.03895089279852582i
-0.3935285854101882+0.30843974577101513i,0.08630995397425945-0.06744912238637187i
-0.060355422449185486-0.49634362006025595i,0.013071657725016736+0.10879686373498237i
0.4559797647641434+0.20513933214081215i,-0.09990429913422734-0.04511803696657954i
-0.41145886470311827+0.28408001673515954i,0.09032981384354588-0.06217479828364626i
-0.030232708985153067-0.499084917878812i,0.006475795756297549+0.10950682896689938i
0.442741287869542+0.23233555342846987i,-0.09709694987192594-0.05113130232731331i
-0.42788338131928716+0.2586806760435326i,0.09402330212202395-0.05665850224029509i
0.0000006430397614942684-0.49999977980996135i,-0.00015810406679974187+0.10981215921376815i
0.4278825676975794+0.25868152558845037i,-0.09392361456319104-0.05696754434354767i
-0.44274202857692846+0.23233467438221617i,0.09737573805262477-0.050920685686260014i
0.030233992532649828-0.49908485785167545i,-0.0068049364831335325+0.10971088901248185i
0.41145798078704227+0.28408083366977155i,-0.09039561855550508-0.06260426373889712i
-0.45598043020409035+0.20513842681015454i,0.10037373810222715-0.04498269578495745i
0.060356698409870124-0.49634350022565643i,-0.01343950222723285+0.1092026268573832i
0.3935276340769448+0.30844052710569125i,-0.0865256824016943-0.0680196965075817i
-0.4675501393324541+0.17719145992141838i,0.10300527079392528-0.038866692217487606i
0.09025852449592786-0.491785739124284i,-0.020036607628977687+0.1082885589637201i
0.37415714494092744+0.3316714598728894i,-0.08232787345047289-0.07319290105502171i
-0.47740881579207933+0.14859604762058448i,0.10525970614693667-0.032595560607244i
0.11983004294056718-0.48542825399709644i,-0.026571164290602495+0.1069714466778653i
0.3534174010558317+0.3536886167276537i,-0.07781755196371992-0.07810384211068575i
-0.4855203810582556+0.11945683684413927i,0.10712785951857307-0.026192822937378887i
0.14896303467773903-0.4772943105111637i,-0.033018288433070246+0.1052556175413132i
0.331384300983226+0.3744114243251849i,-0.07301131197806762-0.08273347106801043i
-0.4918551502834177+0.0898804645976035i,0.1086020296659865-0.019682545326142328i
0.17755088546093753-0.467413675408731i,-0.03935339950518161+0.10314695004181351i
0.3081384764132445+0.3937640460834582i,-0.06792691715017954-0.08706380242100223i
-0.4963899409309474+0.05997516770985799i,0.10967603086927573-0.013089243536088964i
0.2054889760255855-0.4558225075737177i,-0.04555231765181424+0.10065285211118646i
0.28376499708720626+0.4116756597125667i,-0.06258323184590603-0.09107798598329626i
-0.4991081576133099+0.029850386732803002i,0.11034521898220138-0.006437786602542782i
0.23267506495064258-0.4425632257057205i,-0.05159135964240836+0.09778223345531245i
0.2583530594788729+0.4280807163939061i,-0.05700014775321407-0.09476037459296273i
-0.49999985282404724-0.0003836345640920015i,0.11060651130201747+0.0002467010254917009i
0.2590096628183264-0.42768435308577823i,-0.05744743286722133+0.09454547182731261i
0.23199566037363487+0.4429191806607196i,-0.05119850631737608-0.09809658702503572i
-0.4990617633413849-0.030616252638670752i,0.11045840017532078+0.00693893843264535i
0.2843963963026832-0.4112403400019887i,-0.06309812701691533+0.09095437338005408i
0.2047892565401897+0.4561367501021396i,-0.04520001731407375-0.10107356585365355i
-0.4962973221702212-0.0607368290839683i,0.10990096028306218+0.01361358786896611i
0.3087423608545988-0.3932913644848223i,-0.06852180307069511+0.08702212725858952i
0.17683341174016584+0.4676850540867066i,-0.03902717389210682-0.10367963002662552i
-0.4917166459788044-0.09063513551729695i,0.10893584957376448+0.02024535465961889i
0.3319584606925766-0.37390311208135873i,-0.07369767922938814+0.08276325461693454i
0.14823043236748543+0.4775218307781201i,-0.032703164431892084-0.10590452193720362i
-0.4853364980760674-0.12020175696881963i,0.10756630384051537+0.02680908698491121i
0.3539597348550594-0.35314653547437447i,-0.07860591344267526+0.07819355226668143i
0.11908499305086984+0.48561108179542195i,-0.02625178157902816-0.10773944880063664i
-0.4771802270651121-0.14932849229338024i,0.10579712496342197+0.03327987512372147i
0.37466566812108476-0.3310975948259757i,-0.08322768219377295+0.07333003118698217i
0.08950375358962392+0.4919232039516212i,-0.01969732882373774-0.10917711816667613i
-0.46727768139734344-0.17790875014025787i,0.10363466286549043+0.03963314975571369i
0.39400048566143964-0.3078369797960059i,-0.08754525522051226+0.0681908501466876i
0.05959496862454547+0.4964350975886528i,-0.01306452500710223-0.1102117674236016i
-0.45566510013994566-0.20583793903176356i,0.10108679125588284+0.0458447789218229i
0.41189343034201303-0.2834498142525197i,-0.09154206586870302+0.06279524470950303i
0.02946809147240062+0.4991302511122129i,-0.006378407143288404-0.11083918717407197i
-0.4423849803564518-0.2330138501231604i,0.09816287725999832+0.05189116324817492i
0.4282790216645404-0.25802534475496064i,-0.09520277679178682+0.05716345191192823i
-0.0007666264262399525+0.49999880141710684i,0.0003357680461819541-0.11105673838863087i
-0.427485921585728-0.2593370312431692i,0.09487374506124452+0.05774932904599223i
0.44309729539712384-0.2316566139500556i,-0.09851334073021215+0.051316630921546154i
-0.030998538979956358+0.499037569981982i,0.007052623484961588-0.11086336326831452i
-0.4110224479885202-0.28471115084623244i,0.0912316337037966+0.06339701890900087i
0.4562940230175858-0.20444012007565943i,-0.1014610561243697+0.045276779999595534i
-0.061117010363687385+0.49625007450135106i,0.013746761576649454-0.1102595897739069i
-0.3930548088124263-0.30904335054462817i,0.08725014922981719+0.06881277944040366i
0.4678209101665862-0.17647546381862006i,-0.10403461733645887+0.039066650106821796i
-0.0910118198983674+0.49164651601234i,0.020392864115494118-0.10924752980548441i
-0.3736487579055072-0.3322445849303161i,0.08294421134779323+0.07397604575358227i
0.4776357733842517-0.14786498381901036i,-0.10622415927894555+0.0327096555052597i
-0.12057356541130723+0.48524374156327066i,0.02696579186667493-0.1078308710421183i
-0.3528753130854238-0.35422994744291436i,0.07832999485107002+0.07886722240423065i
0.4857026944835331-0.11871338215462773i,-0.10802129627062468+0.026229781720683132i
-0.14969406360119347+0.47706518256069397i,0.033440683411462335-0.10601486247775449i
-0.3308104962447024-0.3749189810912703i,0.07342486602719339+0.08346776042658285i
0.4919921519953556-0.08912734117632468i,-0.10941915496506646+0.01965149124112049i
-0.17826674594254124+0.4671407690204977i,0.03979305285592526-0.10380629371520839i
-0.30753505514323637-0.3942359728915183i,0.06824731431903484+0.08776023016272158i
0.4964811292045256-0.059215133096390746i,-0.11041240122091514+0.012999627335803041i
-0.20618704868076076+0.455506820036895i,0.04599888600684515-0.1012134681058905i
-0.28313416790613977-0.41211023094410604i,0.06281687951811207+0.09172838959155652i
0.49915319838102995-0.02908622375872352i,-0.1109972608085074+0.0062993163863662915i
-0.2333527954906221+0.4422059108701256i,0.05203473462518504-0.09824616984820636i
-0.2576971313083652-0.4284763431358072i,0.057154074788619114+0.09535724788286694i
0.4999985808984767+0.001149127959179637i,-0.11117153387279739-0.0004241308721317855i
-0.25966457139775434+0.42728671713927646i,0.057877808375695984-0.09491562518223615i
-0.23131703398683284-0.4432744165199829i,0.051280305837531945+0.09863312392167928i
0.4990141830196725+0.03138027364639245i,-0.11093460309828318-0.007145318798700194i
-0.28502608659478423+0.41080383669040577i,0.0635060641011758-0.09123445784259455i
-0.2040904157759702-0.45645029649906105i,0.04521778656179289+0.1015436995692893i
0.49620360721837103+0.06149658028425578i,-0.11028743554774198-0.013838866578306928i
-0.3093445288207066+0.3928175897918598i,0.0688982920611976-0.08721663895470716i
-0.1761169144133515-0.46795576500712216i,0.03898945151762063+0.10407806744904227i
0.491577138995767+0.09138783511574489i,-0.10923257817247631-0.020479507833338222i
-0.3325309030139256+0.3733937983879776i,0.07403419878811429-0.08287743158253533i
-0.14749890090833997-0.4777487169673256i,0.03261886556977635+0.10622677306784704i
0.48515170923997425+0.12094464897685864i,-0.10777414701795546-0.02704218971074426i
-0.3545003569959862+0.3526035452190246i,0.07889448622732118-0.07823333015738351i
-0.11834110490812935-0.4857933143784211i,0.026130131089726893+0.10798185110780885i
0.476950832266243+0.15005885661401286i,-0.10591781017451062-0.033502171043594514i
-0.37517249199413016+0.3305229136888708i,0.08346092684457533-0.07330199503834954i
-0.08875023143218319-0.49206011746645184i,0.01954779308132407+0.10933685574662304i
0.46700451976465795+0.17862391252244597i,-0.10367076454847288-0.03983511919009398i
-0.39447165686629904+0.3072327094323857i,0.08771643440001459-0.06810218247456946i
-0.05883457037765802-0.4965261924216921i,0.012896742620660925+0.11028688489003427i
0.4553491709702314+0.20653528085703915i,-0.10104170655445055-0.04601720515903987i
-0.4123272249518461+0.2828181646014939i,0.09164513010680765-0.06265367025802615i
-0.028703600224856574-0.4991751953265492i,0.006202119003129028+0.1108285982248291i
0.442027439457327+0.23369081798864583i,-0.09804079685417005-0.0520251966382288i
-0.42867385253480345+0.2573686259520803i,0.09523240391163243-0.05697717937292913i
0.0015324126070246635-0.4999974319672863i,-0.0005107890044348084+0.1109602290264171i
0.42708807704588136+0.25999114630593545i,-0.0946796192917635-0.057836548551538934i
-0.4434517179738376+0.23097722787320818i,0.09846497065465756-0.05109429196379138i
0.031762817287666334-0.49898989331068433i,-0.007216642405572426+0.11068158968068133i
0.4105857553906685+0.2853400178948007i,-0.09097113419881749-0.06342949078100124i
-0.45660674062378287+0.2037405515552272i,0.10133092088798835-0.04502736595886866i
0.061876983510175065-0.49615626651581257i,-0.013890151307623319+0.1099940709057226i
0.3925808659065055+0.3096446667644155i,-0.08692962626552223-0.06878311270242257i
-0.4680907787475928+0.17575827154406665i,0.10381976615387495-0.038799446698953986i
0.09176470635052766-0.491506921440609i,-0.020506173944526914+0.10890063468498054i
0.373139298761594+0.3328161483309487i,-0.08257064719611-0.07387744419669696i
-0.4778618056944358+0.14713279097517595i,0.10592247854698605-0.0324341759331783i
0.1213166095702948-0.4850588726926498i,-0.02703981498879439+0.10740580094902594i
0.35233220174778296+0.35476966491656703i,-0.0779109533879563-0.07869353281398042i
-0.48588406369920056+0.11796886682199809i,0.10763152440876596-0.025955698553752703i
0.15042454588673207-0.47683571736298935i,-0.033466522755917175+0.10551562806881724i
0.33023571991018513+0.3754248760725435i,-0.07296843889365262-0.08321351678414093i
-0.49212819474056996+0.08837322653040589i,0.10894089202626625-0.01938856745023841i
0.1789819927454203-0.46686754867093283i,-0.03976218490973725+0.10323768724864338i
0.3069307168889926+0.3947061925908185i,-0.06776206394429586-0.08742069358453561i
-0.4965713479787791+0.05845417744205572i,0.10984611323259079-0.012757646870957708i
0.20688444214709703-0.4551908458357703i,-0.04590322228410223+0.10058103093165535i
0.28250247899325776+0.41254305312806067i,-0.062311779329987126-0.09129958379480706i
-0.49919726337988146+0.028321210436000083i,0.11034427883132095-0.006088014684656394i
0.23402978310208233-0.4418483405784891i,-0.05186668044450935+0.09755615535541627i
0.25704040308960596+0.4288701824298997i,-0.05663844694992526-0.09483598998823968i
-0.4999963312204955-0.001915400760938957i,0.11043404779268622+0.00059513606070942i
0.26031867531267583-0.42688886074201526i,-0.057630318623460276+0.09417495741846757i
0.23063766944807038+0.4436278302103428i,-0.05076375685965797-0.09801705042999663i
-0.49896562725526733-0.03214500312868218i,0.11011565019496128+0.007266595883050542i
0.285654912716013-0.4103671516022641i,-0.06317269567458858+0.09045068604204146i
0.2033909007422947+0.4567619898121779i,-0.04471014115676699-0.10083128737428292i
-0.4961089234183536-0.06225696929645763i,0.10939088391011698+0.013901237515541304i
0.30994577555696434-0.39234367552392546i,-0.06847325270364245+0.08639788823317528i
0.17539980845201666+0.46822459584816056i,-0.038500685058539375-0.10326864977500594i
-0.4914366740197616-0.09214110239149789i,0.10826310505851754+0.020474114062039576i
0.33310236970264695-0.3728843906941588i,-0.07351239204856085+0.08203235007679273i
0.1467668279618449+0.4779737000997026i,-0.032159035536023124-0.10532055024773751i
-0.48496597748706183-0.12168803931230092i,0.1067372122827955+0.02696055626296893i
0.35503995195679827-0.3520605097439353i,-0.07827155229662691+0.07737103290467348i
0.11759674369171527+0.4859736250293484i,-0.0257093078780498-0.10697989614468616i
-0.47672051379248015-0.15078965095064517i,0.10481962491637366+0.0333362684806363i
0.375678240183506-0.3299482391403721i,-0.08273327904341443+0.07243200490837294i
0.08799630563088545+0.49219509434525127i,-0.01917599056657615-0.10824111462873633i
-0.4667304577943638-0.17933943789771856i,0.10251825514679216+0.03957742301898215i
0.3949417071053689-0.30662850030376826i,-0.0868812911164585+0.0672343684813344i
0.05807383867878768+0.49661534013983555i,-0.01258384885077251-0.1091001716574709i
-0.4550323688101488-0.20723292018624825i,0.0998424742985075+0.045660752400396916i
0.4127598567009174-0.28218663346993633i,-0.09070054200560076+0.061798183592223964i
0.02793884622238893+0.4992181862105668i,-0.005957827411705609-0.1095545848131707i
-0.44166905682494983-0.23436801964233941i,0.09680307338349804+0.05156363923149375i
0.42906748218979796-0.2567120853815659i,-0.09417727626222398+0.056144387507119545i
-0.0022983905992097764+0.49999410725791216i,0.0006770474875953804-0.10960342994008421i
-0.42668942582538744-0.2606454334477827i,0.09341221809120902+0.05726420330033171i
0.4438049046616024-0.23029808195153334i,-0.09729908065073949+0.05029471119240369i
-0.03252721647641138+0.4989402637438465i,0.007295765970799117-0.10924734157582082i
-0.410148294831985-0.2859689975457495i,0.08968339841170861+0.0627413855598374i
0.4569181914750679-0.20304128709607175i,-0.10005492985757111+0.04427159274298144i
-0.06263700688006593+0.49606051228334447i,0.013873432240122866-0.10848850718891377i
-0.39210619728508184-0.31024603855996946i,0.08563137310733858+0.06797502866561471i
0.46835935362839726-0.17504144898632323i,-0.10243522658570337+0.03809808819184939i
-0.0925175728997692+0.4913653915308245i,0.02038536159799806-0.10733065526011928i
-0.37262915951841985-0.3333877129395132i,0.08127210926885928+0.07294595375134913i
0.4780865213784095-0.1464010350128423i,-0.10443183588615494+0.031797780066817646i
-0.122059564487984+0.4848720836131958i,0.02680717640881978-0.10577903726997796i
-0.35178845913110046-0.35530933208805915i,0.07662271721139913+0.07763603314104918i
0.48606409746583035-0.11722485679892383i,-0.1060381136017355+0.025394684068538176i
-0.1511548706342831+0.47660435125064937i,0.033114900616379235-0.10384040367991192i
-0.32966036414216204-0.3759306722878103i,0.07170138098411413+0.0820282587148136i
0.49226288738598384-0.08761968663504388i,-0.10724892882277348+0.018913154250730552i
-0.1796970150052497+0.46659245079529965i,0.03928505243943636-0.10152297401856428i
-0.3063258538823621-0.3951762682838704i,0.06652728478458138+0.08610680566330746i
0.49666020622814877-0.057693866738101195i,-0.10806068027928939+0.012377787088587817i
-0.2075815456021592+0.4548730215059211i,0.045294734876383635-0.0988364012087814i
-0.2818703226445834-0.4129756894546886i,0.06112053558492007+0.08985709138562123i
0.49923996169259727-0.027556912765401863i,-0.10847130661899936+0.005813324824918945i
-0.23470641701046643+0.44148895146398665i,0.051121723659781-0.09579173029385842i
-0.2563832671773687-0.4292637975579078i,0.055502082291426044+0.09326582930570429i
0.4999927129815054+0.0026808869656452894i,-0.10848029054572839-0.0007554415145106554i
-0.2609723638422269+0.42648922062169525i,0.056744552313026816-0.09240135174417048i
-0.22995795916523343-0.44398098510837514i,0.04969363177258919+0.09632107740397959i
0.4989157053482199+0.032908875085436384i,-0.10808865681794484-0.007303769044737071i
-0.28628326400481463+0.4099287215563684i,0.06214259397414192-0.0886789495468624i
-0.2026911038943295-0.4570733935159554i,0.04371756210243901+0.09901228128283938i
0.49601288017845047+0.0630164301306538i,-0.1072989641321409-0.013807059494031708i
-0.31054649046652755+0.39186805858717644i,0.06729613966586785-0.08463944430209216i
-0.1746824863526018-0.4684931101848565i,0.037596833376422556+0.10133031160757555i
0.49129486056648825+0.0928933713713459i,-0.1061152909408207-0.020240954837579206i
-0.33367325023176947+0.37237332598933887i,0.07218647270665032-0.0802989315690837i
-0.146034606059558-0.4781983438531665i,0.03135489646596177+0.10326749578776828i
0.48477891243924076+0.1224303620251109i,-0.10454321527936232-0.026581431709504843i
-0.35557890928530644+0.3515158661174449i,0.07679593897373425-0.07567461572383855i
-0.11685230196201798-0.48615357753093646i,0.025015600085186503+0.10481764378800085i
0.4764888813703494+0.15151930938279584i,-0.10258978870035607-0.03280489421643912i
-0.37618330231643926+0.3293720083230536i,0.08110801274741085-0.07078473960806453i
-0.08724236876856276-0.4923296984771205i,0.018603096549131646+0.10597606798113605i
0.46645510531562334+0.18005376038142074i,-0.10026350443774967-0.03888826478349922i
-0.39541102608963513+0.30602278962202556i,0.08510735788429852-0.06564851026511369i
-0.05731316612673548-0.4967041047397137i,0.012141746606854267+0.10673959698192509i
0.4547143035891429+0.2079292911767019i,-0.09757425994630284-0.04480907267268068i
-0.41319171538800925+0.28155365813382566i,0.0887798840873507-0.06028602107381267i
-0.027174222073236193-0.4992607878691957i,0.005656023735579427+0.10710658342353523i
0.44130944248632736+0.23504388928950556i,-0.09453331398444369-0.050545539824292385i
-0.4294603005198176+0.2560541603780766i,0.09211279806111099-0.054718170604892195i
0.003064167791684086-0.4999903915025859i,-0.0008295817170938859+0.10707690566436394i
0.42628957804573614+0.26129832692774i,-0.09115323843023737-0.05607666368407823i
-0.4441572454456039+0.2296176135727296i,0.09509464936212228-0.0489665785369427i
0.033291343938784995-0.4988902456037163i,-0.0072906581563936335+0.10665196343739969i
0.40970967652501944+0.2865965241174879i,-0.08744786504124391-0.061382296692046714i
-0.45722876565455217+0.20234076413309637i,0.09771537077683821-0.04305349897987128i
0.0633966878762206-0.4959643762344179i,-0.013702967744767315+0.105834667479001i
0.3916304132480069+0.310845900314476i,-0.08343222738882003-0.06644322212369407i
-0.4686270249927123+0.17432343362149i,0.09996631308214245-0.03700173156322824i
0.09327002696574485-0.49122349082086236i,-0.02004254040693561+0.10462942319847342i
0.37211795055906216+0.3339577132091327i,-0.07912249821650448-0.07124122599024087i
-0.4783103107227935+0.1456681534431486i,0.10184027406702024-0.03083453065470668i
0.12280203760728309-0.48468493896897735i,-0.02628576646048399+0.10304210847390712i
0.3512436956972984+0.3558473834853555i,-0.07453592248986181-0.0757591647215007i
-0.48624318617488155+0.11647978962529637i,0.10333152171774115-0.02457551308056034i
0.15188464531638976-0.4763726489723352i,-0.032409487503672216+0.10108004568341522i
0.3290840394767294+0.3764348043445082i,-0.06969074642191417-0.07998102837320614i
-0.4923966204294408+0.08686515905248995i,0.10443581149311883-0.018248564724513548i
0.18041142023047793-0.46631704024486786i,-0.03839108520058558+0.09875196810410701i
0.3057200767286755+0.3956446346619234i,-0.06460614277368515-0.08389199911974152i
-0.4967480945580209+0.056932638562664666i,0.10515039764067222-0.011877746385013288i
0.20827796659643905-0.45455491199886777i,-0.044208567613514514+0.09606798083358935i
0.28123730952948567+0.41340657470308473i,-0.059302132743564606-0.08747850481326472i
-0.4992816840328702+0.026791768334420773i,0.10547403852910577-0.005487199272384022i
0.23538230481429442-0.4411293085756627i,-0.049840652743730424+0.09303951641067533i
0.2557253342996327+0.429655623390483i,-0.05379950477201018-0.09072826741118763i
-0.49998811700387286-0.0034471489830182047i,0.10540699599696073+0.0008989494724394489i
0.26162524463876463-0.42608936192180247i,-0.05526684895437187+0.08967928533284247i
0.22927751391926826+0.4443323161796641i,-0.048119730599486-0.09363034609550708i
-0.4988648082295406-0.0336734519301619i,0.10495102874172861+0.007256680857402742i
0.28691074817299617-0.4094901117872193i,-0.06046753196312973+0.08600122168829039i
0.2019906360601498+0.45738294267393986i,-0.0422848789255933-0.09617517492991699i
-0.4959158685378876-0.06377652521070164i,0.1041093797979267+0.013562177339846293i
0.31114628132604716-0.391392304303365i,-0.06542401810746595+0.08202042413936726i
0.17396455898430185+0.46875974318138847i,-0.03631752702575093-0.09835459492336183i
-0.4911520897825642-0.0936462044960209i,0.10288675817658964+0.01979191497544389i
0.33424315244794567-0.37186216967844204i,-0.07011863360149911+0.07775309251235253i
0.14530184610563396+0.47842108349483065i,-0.030240670688878073-0.10016188039203573i
-0.48459090534930344-0.12317317957935779i,0.10128931476216685+0.025922754049031743i
0.35611683690306495-0.35097117982326465i,-0.07453477952100523+0.07321646026553551i
0.11610739065186354+0.4863316072551581i,-0.024077632844968777-0.10159175953556547i
-0.47625632635721216-0.1522493944042485i,0.09932461258586257+0.031932027828386916i
0.3766872863940126-0.32879578679474i,-0.07865699227151739+0.06842872312325218i
0.08648803180032025+0.4924623653404341i,-0.017851971255375097-0.10264042916691864i
-0.46617885378837987-0.18076844250331878i,0.09700159161696374+0.03779762909105777i
0.395879221904046-0.30541714301415207i,-0.082470999313743+0.06340896417809488i
0.05655216369241037+0.4967909218072559i,-0.011587385641002314-0.10330556355975333i
-0.45439536686737436-0.2086259564002867i,0.09433052823550889+0.04349809408479516i
0.4136224091859631-0.2809208042841277i,-0.08596376994092954+0.058177075776798856i
0.026409338757579448+0.499301435996678i,-0.005307624624454582-0.10358631740103576i
-0.4409489880991082-0.2357199895501339i,0.09132298957066042+0.049012683593912955i
0.42985191578930565-0.25539641669111823i,-0.08912356092359242+0.052753678517059i
-0.0038301332015617806+0.49998472050422593i,0.0009636071385894981-0.10348332286082593i
-0.42588892545897683-0.26195138941970686i,0.08799178290943303+0.05432146079705547i
0.4445083486852598-0.22893738853919698i,-0.09193995685887875+0.04716003769312435i
-0.03405558869577213+0.4988382748018527i,0.007202741265761702-0.10299868081513097i
-0.4092702923127893-0.28722416034343445i,0.08435090039960609+0.05940536561618285i
0.45753807161965165-0.20164054851575564i,-0.09440390508398028+0.04141797753696182i
-0.0641564155300571+0.4958662943887995i,0.013386437022933387-0.10213594628133806i
-0.39115390572550124-0.31144581482626454i,0.0804154592890469+0.06424628527213325i
0.46889340139861746-0.17360579134006435i,-0.09650774503583581+0.03554979360942976i
-0.09402245759682945+0.49107965543786813i,0.01949167140385018-0.1009001081492293i
-0.37160606389685963-0.3345277120082017i,0.07620163796076211+0.06882712077878335i
0.47853278238862884-0.14493571219147278i,-0.09824523196244996+0.02957816370189143i
-0.1235444179999858+0.4844958749932966i,0.02549582755737238-0.09929756331339053i
-0.3506983035384448-0.3563853820518128i,0.07172660803915444+0.07313184912547914i
0.48642093859227703-0.1157352312550848i,-0.09961155491462888+0.023526057613346276i
-0.15261425903463993+0.47613904686589537i,0.031376781213470456-0.09733608533526271i
-0.32850713808000864-0.37693883526557925i,0.06700846285775626+0.07714558091611827i
0.4925290027432834-0.08611120975891069i,-0.10060334897056446+0.017416646171122343i
-0.18112559755875424+0.4660397534600404i,0.03711298476885623-0.0950247877848831i
-0.305113777663159-0.39611285483183767i,0.062066142592363344+0.08085461325274149i
0.49683462194830463-0.056172058907634714i,-0.10121870166942666+0.01127320986472867i
-0.20897409430978242+0.4542349538551981i,0.04268354870403724-0.09237408243336895i
-0.28060383194709565-0.41383727206805176i,0.056919356375717434+0.0842464776718219i
0.4993220394889295-0.02602734314413445i,-0.10145715365383598+0.005119047462382892i
-0.23605783574159028+0.44076784855155665i,0.048068320015967024-0.0893956324874779i
-0.2550669968139989-0.43004722321407435i,0.051588501720895+0.0873099829625019i
0.499982152484505+0.0042126208093579785i,-0.10131969354475663-0.0010226150217545378i
-0.2622777069842952+0.42568772137473576i,0.05324795736402155-0.08610230107698959i
-0.22859672612059648-0.444683386805673i,0.04609458159001757+0.09003525271758092i
0.4988125452047738+0.03443716766311352i,-0.10080874709571816-0.007128714644743619i
-0.2875377545621526+0.40904975911813723i,0.05820400264176113-0.08250809522400533i
-0.2012898896971567-0.45769220076562794i,0.0404591194530311+0.09241375749033591i
0.4958174979104092+0.06453568854737149i,-0.09992816069648551-0.013176440776046443i
-0.31174553754209566+0.3909148495829655i,0.06291894870287755-0.07862810554078786i
-0.17324641884548403-0.46902605841794875i,0.03470407268796316+0.09443834145271424i
0.4910079711890993+0.09439803579333189i,-0.09868317931893354-0.019143322908392605i
-0.33481246582787627+0.37134935875500696i,0.06737630298660383-0.07447844191894036i
-0.144568940633242-0.47864348270787527i,0.028851744679195657+0.09610324347347103i
0.4844015658444984+0.12391492602635017i,-0.09708041902026221-0.025007316691452505i
-0.35665412436179705+0.35042488793360504i,0.0715606468057704-0.07007616548794164i
-0.11536240232293218-0.48650927799009736i,0.02292469597393547+0.0974041125578759i
0.4760224584848412+0.15297834009618672i,-0.09512783414021139-0.030746887850301295i
-0.3771905820475926+0.3282180117016341i,0.07545769007956267-0.0654392171349972i
-0.08573368730995337-0.492594658829712i,0.016945654859315915+0.09833801761395501i
0.465901313046932+0.18148191838073663i,-0.09283467935011529-0.03634109366089695i
-0.39634668426393804+0.3048099976953908i,0.07905432131255001-0.06058634289076435i
-0.05579122397524733-0.49687735534456057i,0.010937427723092627+0.09890345153355014i
0.45407516857929586+0.20932135001660007i,-0.09021146673177954-0.04176966166627201i
-0.4140523278981081+0.28028650919992265i,0.08233865264200073-0.05553701649693338i
-0.025644588883959207-0.49934169470343975i,0.004922809560160862+0.0991003295997176i
0.440587303695158+0.23639475463207366i,-0.08726991808362945-0.04701306532997751i
-0.4302427178932818+0.2547372916581705i,0.08530005979643179-0.05031135948154932i
0.00459589421776288-0.49997865848193734i,-0.0010755050152924158+0.09892998225510698i
0.4254870781912936+0.2626030551855865i,-0.08402291267015931-0.05205259633722754i
-0.4448586043706436+0.22825584424116369i,0.0879292168298555-0.04493005907664352i
0.034819558140330276-0.49878591566599517i,-0.007035009895966994+0.09839514228882376i
0.4088297524123552+0.28785034054515046i,-0.08048443064820307-0.05687043326934121i
-0.4578464994585097+0.20093907768118208i,0.09021812551826357-0.0394142843198316i
0.06491579724513125-0.49576783118242007i,-0.012933474395210915+0.09749992652177265i
0.390676285021729+0.31204421648194025i,-0.07666949242004482-0.06144970639320239i
-0.4691588730349828+0.17288695962006756i,0.09216013932715614-0.033785600687326195i
0.09477447221369958-0.49093544992512517i,-0.018749028604277778+0.09624981209254314i
0.3710931099189876+0.3350961437935172i,-0.0725940941788674-0.06577455832464532i
-0.4787543266678005+0.1442021487705598i,0.0937499818815934-0.028065883610018286i
0.12428631311034968-0.48430645633555824i,-0.024460246857132037+0.09465160746747023i
0.35015189312033024+0.35692176231931133i,-0.06827513992610487-0.06983020034269459i
-0.4865977451148281+0.1149896192294651i,0.09498375989307294-0.02227723122714366i
0.15334331926324624-0.4759051096852359i,-0.030046228976193797+0.09271341831937692i
0.3279292704917212+0.3774411996626031i,-0.06373037025339644-0.07360296415052443i
-0.49266042483077593+0.08535627631751605i,0.09585897052031922-0.016441876733253678i
0.18183915450051016-0.4657621552972217i,-0.035486678983260606+0.09044460843977124i
0.3045065672945106+0.3965793634892166i,-0.05897828819348042-0.07708034889861629i
-0.4969201790098548+0.055410565351778185i,0.096374503164055-0.010582100674173842i
0.20966953629497154-0.4539147120314379i,-0.04076198097170348+0.08785575586870609i
0.2799695005698807+0.4142662163332336i,-0.05403808245478845-0.08025106330594015i
-0.4993614187799641+0.02526207478233245i,0.09653063571843878-0.004720143545874045i
0.2367326173934622-0.44040613644557025i,-0.04585327184932951+0.08495860444504873i
0.25440786545126365+0.4304370319040609i,-0.04892954836354942-0.08310506273582596i
-0.49997521025127256-0.0049788648544192345i,0.09632902532449153+0.0011218809528225832i
0.2629293585340531-0.42528586412867353i,-0.050742510675506385+0.08176601099762629i
0.22791520655269087+0.44503263195687504i,-0.04367300684487743-0.08563358110459267i
-0.49875930721042144-0.03520158469816573i,0.09577269369299249+0.006922071667344652i
0.28816389088724625-0.4086092287881328i,-0.05541254433164806+0.07829188841431975i
0.20058847563565296+0.4579996028595997i,-0.03828922178057905-0.087829157522802i
-0.4957181593407009-0.06529548256521901i,0.09486600708620783+0.012658824393850443i
0.31234386689474614-0.3904372597520417i,-0.0598471692804306+0.07455114484176023i
0.17252767680726228+0.46929049106387494i,-0.03279931608621543-0.08968565759099231i
-0.4908628959381191-0.09515042770503787i,0.09361465106914346+0.018310914611974868i
0.33538079822189026-0.37083645862805525i,-0.06403118918647911+0.07055961928274918i
0.1438355005481405+0.4788639767646793i,-0.02722468685337303-0.09119828929409762i
-0.4842112851829549-0.1246571638315096i,0.09202560016182447+0.023857578219351652i
0.3571903795869753-0.34987855593604555i,-0.06795046818943937+0.06633401387182382i
0.11461694790933283+0.4866850251130816i,-0.021586919905000564-0.09236361346112909i
-0.4757876691158442-0.15370770895406655i,0.09010708254420244+0.02927858995340859i
0.37769279728240746-0.32764024860518526i,-0.07159197963920455+0.061891823121380266i
0.08497894625352387+0.4927250144287517i,-0.015907704112205618-0.09317954877911039i
-0.46562287455635837-0.1821957505454278i,0.08786853998472624+0.03455433919709996i
0.39681302125861706-0.3042029192961034i,-0.07494385012277194+0.057251260441598555i
0.055029957946782754+0.49696184094302776i,-0.01020874581985579-0.09364537137254948i
-0.4537541002900741-0.21001703459982238i,0.08532058318220465+0.03966590287763515i
0.4144810797018393-0.2796523385752744i,-0.07799539863233494+0.052431182246847036i
0.02487958343285171+0.4993799996892221i,-0.004511683726062375-0.09376170898200574i
-0.44022478093698425-0.23706974715790669i,0.08247494272822382+0.04459511518079928i
0.4306323151009218-0.2540783510315567i,-0.08073717074503176+0.047451009969355064i
-0.0053618398574390436+0.49997064124414514i,0.0011619954433017049-0.0935305297971133i
-0.42508442799942847-0.26325488690215926i,0.07934441591424496+0.049324633818062916i
0.44520762086606597-0.22757454648355577i,-0.08316096770582578+0.04233065030770574i
-0.03558364129381411+0.4987316041131966i,0.006791040128998867-0.09295512602106196i
-0.40838844867124546-0.28847662745921365i,0.07594280962311663+0.05383800259927627i
0.45815365763357835-0.2002379174810559i,-0.08525987032657194+0.03709041404302557i
-0.06567522205356216+0.49566742264050767i,0.012354515672309418-0.09204009226461646i
-0.39019794307122185-0.31264266808325847i,0.07228487955950275+0.05811971008030605i
0.46942304846505023-0.17216850435391423i,-0.08702825763597528+0.03175093375973499i
-0.09552645986576036+0.49078931041518786i,0.01783188426682225-0.0907912988883964i
-0.37057948064288065-0.33566457143715356i,0.06838626608714829+0.06215524407237672i
0.4789745522266175-0.14346902910738898i,-0.08846182023710554+0.026333080810198063i
-0.12502811201152378+0.48411511923440115i,0.02320308281574709-0.08921586043212251i
-0.34960485653888856-0.3574580872351283i,0.06426342695327955+0.06593114181807662i
0.4867732145138128-0.11424451950368637i,-0.08955756835093977+0.020857881863754372i
-0.15407221510547223+0.47566927377345025i,0.028448598392764462-0.08732209928881894i
-0.32735082888160955-0.37794346056266925i,0.05993356719156707+0.06943503565790045i
0.49279049556968274-0.08460192470542625i,-0.09031383454647193+0.015346435380298404i
-0.18255248019538492+0.46548268220194744i,0.033549541016064395-0.08511950480056975i
-0.3038988378613203-0.39704572374527847i,0.05541456650482394+0.07265569403069726i
0.49700437472805-0.05464972388760751i,-0.0907302711795451+0.009819828346838876i
-0.21036468173414874+0.4535926230731789i,0.03848771345793764-0.08261868797007002i
-0.27933470770006597-0.4146949706979871i,0.05072490443723948+0.07558305767151277i
0.4993994309997011-0.024497529250384363i,-0.0908078425842065+0.0042990536123830225i
-0.23740703900052898+0.4400426089005987i,0.043245677826137044-0.07983133199906972i
-0.25374833257184154-0.4308266127516248i,0.04588358365304484+0.07820827089074683i
0.499966899506588+0.005744315114543061i,-0.0905488120816251-0.0011950718480064012i
-0.2635805885729279+0.42488222692070454i,0.04780681866803188-0.07677013888060487i
-0.22723334762849565-0.44538161501962803i,0.04091005164443478+0.08052370783951991i
0.4987047035575214+0.035965137035946636i,-0.08995672389242297-0.006641987414961845i
-0.28878954649303346+0.40816695762503374i,0.052155402364413135-0.0734487722867209i
-0.19988678633526089-0.45830671244038934i,0.035824121195958826+0.08252299368718718i
0.49561746224796727+0.06605434127571969i,-0.08903638005874628-0.01202146773447041i
-0.31294165879399954+0.3899579717253749i,0.0562766325963948-0.06988179700712144i
-0.17180872536991576-0.46955460470452176i,0.030645889935724514+0.08420102065837651i
0.4907164735561407+0.09590181425998236i,-0.08779381250208464-0.017313699746009707i
-0.33594853911037087+0.3703219062952168i,0.060156701686379314-0.06608461520668427i
-0.14310191838509517-0.4790841293536917i,0.025395659305425054+0.0855539588982558i
0.48401967299725596+0.12539832704750442i,-0.086236250362147-0.02249935752931269i
-0.35772599213424655+0.3493306209066577i,0.06378283763221335-0.06207339978126944i
-0.11387141997402034-0.48686041241754974i,0.020093853281532317+0.08657926215623704i
0.4755515679872355+0.1544359350607509i,-0.08437208278054144-0.027559674680820892i
-0.37819432173397255+0.32706093465521247i,0.067143346672454-0.05786502510128407i
-0.08422420121577612-0.4928549960374953i,0.014760937178867345+0.08727566829961106i
0.465343148156088+0.18290837311670893i,-0.0822108173105722-0.03247651394280432i
-0.3972786226077797+0.303594345034892i,0.07022765124009707-0.0534769954414486i
-0.054268758207070694-0.49704594261022517i,0.009417336865393035+0.08764319468980573i
0.4534317719391619+0.21071144431185035i,-0.07976303415144481-0.03723243382122552i
-0.41490905440504056+0.27901672969235247i,0.0730263231819386-0.0489273714027625i
-0.02411471501308507-0.49941791506994737i,0.004083358713219675+0.08768312847482408i
0.4398610298613049+0.23774340133807983i,-0.07704033642092477-0.041810751942446905i
-0.4310210973119786+0.25341803215156455i,0.07553111214101639-0.044234694638977314i
0.006127577509556031-0.4999622330154587i,-0.001220889394314124+0.08739801187201453i
0.4246805850142521+0.26390531883421464i,-0.07405529669544052-0.04619560491394459i
-0.4455557881664956+0.22689193265911828i,0.07773496902009887-0.03941791120478764i
0.036347445549559876-0.49867690447668817i,-0.0064755756859824895+0.08679162253539294i
0.407945991311024+0.28910145541035015i,-0.07082140006049896-0.05037200447006076i
-0.4584599362380404+0.19953550535472608i,0.07963206446496397-0.03449629384660279i
0.06643429735961592-0.4955666332044522i,-0.011661220450682849+0.08586894912135812i
0.38971849018244753+0.3132396040202564i,-0.06735298392699572-0.054325889700572075i
-0.4696863178828533+0.1714488630215329i,0.0812178023271156-0.029489363558964705i
0.0962780279747277-0.4906428014567459i,-0.016758770013228577+0.0846361621856511i
0.3700647864598026+0.336231429399594i,-0.06366517488066169-0.05804417517727937i
-0.4791938493622352+0.14273479071629697i,0.08248882808648417-0.02441681073055714i
0.12576942214912995-0.4839234283445637i,-0.021749668451143112+0.08310058056270918i
0.34905680426376834+0.35799279133507067i,-0.059773822842288896-0.06151479481194006i
-0.48694773719139917+0.11349836962019433i,0.08344303223553427-0.019298416203322347i
0.15480055403721477-0.4754331038896855i,-0.02661592677688677+0.08127063339622448i
0.32677142379300883+0.3784440525815099i,-0.05569543282562372-0.0647267412975844i
-0.49291960546869196+0.08384659248679506i,0.08407954864697716-0.014153972566328126i
0.18326518215580806-0.4652028990357525i,-0.03134018932221406+0.07915581800635499i
0.3032901999756422+0.39751037029999053i,-0.051447094587737045-0.06767010100439094i
-0.497087599719216+0.053887972094503654i,0.08439874796774403-0.009003206002949985i
0.21105913818240066-0.4532702519419462i,-0.03590579707472149+0.07676665379512812i
0.27869906401320477+0.4151219699505152i,-0.04704641047340592-0.07033608422095514i
-0.4994364668728275+0.023732144136361794i,0.0844022261021273-0.0038656990054346534i
0.23808070816650195-0.4396788309753953i,-0.04029684773085003+0.07411463240630568i
0.2530880089093336+0.4312144006368822i,-0.04251142176038431-0.07271705065165483i
-0.49995761108382747-0.006510533999534964i,0.08409278786677572+0.001239185734777868i
0.2642310047590457-0.4244783749036924i,-0.044498252244796935+0.07121216437014793i
0.2265507601339961+0.44572877096930363i,-0.03786053381654924-0.07480653010106589i
-0.4986491251880675-0.036729387090714896i,0.08347442591958687+0.006292379959587172i
0.2894143290976464-0.4077245108723516i,-0.0484957876687656+0.06807252247625345i
0.1991844326284949+0.4586119645816178i,-0.03311244038262437-0.07659923829662035i
-0.49551579768235215-0.06681382710414471i,0.08255229508332718+0.011275182706419626i
0.3135385210233654-0.3894785508333307i,-0.052276146096664006+0.06470978212955066i
0.1710891754064621+0.4698168345143928i,-0.028286047295622774-0.07809108782117775i
-0.49056909520059555-0.09665375790096839i,0.08133268220296525+0.01616933111621297i
0.33651529634733723-0.36980726716959944i,-0.055826979540848996+0.061138758955182435i
0.1423678050514515+0.4793023757525631i,-0.02340039596824814-0.07927919414753i
-0.4838271205508632-0.12613997814112485i,0.07982297169315873+0.020957068913814908i
0.35826056993301325-0.3487826483368761i,-0.05913694058937172+0.05737494392744363i
0.11312542945236942+0.48703387528618686i,-0.018474586938273092-0.08016187678712478i
-0.47531454646686255-0.15516458091338503i,0.07803160694906056+0.02562121229897879i
0.3786947634116724-0.32648163541677544i,-0.06219571870983779+0.053434436306302784i
0.08346906315371125+0.49298303914516406i,-0.013527703799401516-0.08073865558543776i
-0.4650625253163278-0.1836213486283365i,0.07596804780941979+0.030145212998662244i
0.39774309640509814-0.30298584054547084i,-0.06499407208481031+0.049333874672007776i
0.05350723572825661+0.49712809594302376i,-0.008578737821312542-0.0810102422162085i
-0.45310857509672364-0.211406141729174i,0.07364272427596295+0.03451321824489929i
0.4153358601896686-0.27838124824830257i,-0.06752385488306942+0.04509036635407767i
0.0233495946054125+0.4994538765508548i,-0.003646513561511954-0.08097852694624169i
-0.43949644213547595-0.2384172797977825i,0.07106698670703972+0.038710127456896413i
0.43140867280036743-0.2527579007733176i,-0.06977803989057371+0.04072141555549422i
-0.006893496191321125+0.49995186960980753i,0.0012503842346289161-0.08064656076153852i
-0.4242759409971887-0.2645559136614293i,0.06825305271649834+0.042721645421238255i
0.4459027146411438-0.22620956857528599i,-0.07175073644472517+0.03624485047610285i
-0.03711135992931097+0.4986202526790137i,0.006093682156824707-0.08001853296402688i
-0.40750277218371717-0.2897263871383118i,0.06521395102074105+0.046534331780122i
0.45876494373939114-0.19883340715608042i,-0.0734372036353789+0.03167874974116841i
-0.06719341219613181+0.4954638989049392i,0.010865487795580062-0.07909974436612995i
-0.389238318294236-0.313836587098129i,0.061963462487763604+0.0501356466541833i
0.469948289856801-0.17072960151723698i,-0.07483385875596309+0.027041368441642073i
-0.09702956559105533+0.4904943591877579i,0.015548357280192911-0.07789657622772676i
-0.36954941939127095-0.3367982805566063i,0.0585160586516601+0.05351399224377388i
0.4794118267462351-0.14200099952584622i,-0.0759382810077897+0.022351064092069745i
-0.12651063259769013+0.4837298199100153i,0.020125360429413073-0.07641645509658308i
-0.3485081283947557-0.35852743757034955i,0.05488683796468554+0.05665875027041248i
0.4871209219242243-0.11275273553549983i,-0.07674921048039184+0.01762622281009903i
-0.1555287251634306+0.4751950363822739i,0.024580143266958804-0.07466781372914894i
-0.3261914473992689-0.3789445387503744i,0.05109146006626246+0.05956031513836246i
0.49304736341099414-0.08309184563967781i,-0.07726654245006735+0.0128851860183815i
-0.18397764952342588+0.46492124224929954i,0.028896987666870405-0.07266004828357678i
-0.3026810458794157-0.39797486626894163i,0.04714607835447778+0.062210122714990934i
0.49716946297420433-0.053126875965584464i,-0.07749131705791827+0.008146177965206716i
-0.21175329482418348+0.452946035188328i,0.03306086790735643-0.07040347199074358i
-0.27806296181460116-0.41554877729473955i,0.043067271150499575+0.0646006746474718i
0.49947213549856967-0.022967485441907874i,-0.0774257044474785+0.003427234354604623i
-0.23875401412461095+0.43931323931770205i,0.03705750392631903-0.06790926552224197i
-0.25242728682695137-0.4316019588557577i,0.03887197174997588+0.06672555815260023i
0.49994695419090873+0.0072759555057957895i,-0.07707298546014897-0.0012538676302149465i
-0.26488099638019547+0.4240727448194058i,0.040873411087015955-0.06518942428628487i
-0.22586783648464184-0.4460756631971624i,0.03457739765785414+0.06857946123574711i
0.4985921814185892+0.03749276886349091i,-0.07643752800447104-0.005879677634152456i
-0.29003862804901925+0.4072803253624113i,0.044495946278282426-0.062256702893459075i
-0.19848180697718226-0.45891692277286555i,0.030200979304179486+0.070158183314339i
0.4954127750685182+0.06757237406269304i,-0.07552475923228898-0.010433138501369179i
-0.31413484299628736+0.38899743399498665i,0.0479133501903488-0.05912455704421955i
-0.17036941941907602-0.47007874408401235i,0.025760288538313997+0.07145864124051593i
0.4904203704034049+0.0974046926578915i,-0.07434113367130686-0.014897650453546886i
-0.33708145941686946+0.3692909782529138i,0.05111478562440045-0.05580708309873839i
-0.14163355308355519-0.479520279655017i,0.021272967197568486+0.0724788707368873i
0.4836332374816909+0.12688055116641597i,-0.07289409747922516-0.019257132829660642i
-0.35879450254285894+0.3482330753066226i,0.05409037171171624-0.052318955597379396i
-0.11237936890859315-0.4872069775177933i,0.01675665604369917+0.07321802327819106i
0.4750762142969787+0.15589208059652848i,-0.07119204899943542-0.023496083153691328i
-0.37919451195518494+0.3259007880432987i,0.05683121393612009-0.04867536300646764i
-0.082713924653005-0.4931107076571283i,0.01222892435681255+0.07367635847046486i
0.46478061588163405+0.18433311120163776i,-0.06924429581232586-0.027599633309727412i
-0.3982068323746427+0.30237584304978926i,0.05932942987192386-0.044891941969289514i
-0.05274578311099712-0.49720986495446584i,0.007707200471245156+0.0738552319976352i
0.45278411970720844+0.21209956101600647i,-0.06706100848926047-0.03155360261766762i
-0.4157618868681748+0.2777443315283711i,0.061578170568019897-0.040984710346239815i
-0.022584614818932508-0.4994894482533676i,0.0032087035317804285+0.07375707922341104i
0.4391306278010625+0.2390898167500758i,-0.06465317126846698-0.03534454761734357i
-0.43179543147058635+0.25209639423989894i,0.06357163752752469-0.036969999330852196i
0.007659203291762812-0.49994111525730767i,-0.0012496232587664658+0.07338539455377342i
0.4238701060837886+0.2652051056514951i,-0.06203252988309023-0.03895980838412724i
-0.44624879028988396+0.22552589162730685i,0.06530509525120905-0.03286438493001171i
0.03787499182679879-0.4985632130588974i,-0.005651177637912119+0.07274470668220231i
0.4070584015153848+0.2903498569710041i,-0.05921153678180307-0.04238755121502005i
-0.45906907023585924+0.19813006032666972i,0.06677487933163341-0.028684619096954213i
0.06795217396810219-0.4953607841888169i,-0.009979761274653226+0.07184054985602933i
0.38875703771935016+0.31443205171035893i,-0.056203293991215986-0.045616807540655245i
-0.4702093545860978+0.17000915732284777i,0.06797840010374534-0.024447560804810704i
0.09778068013751429-0.49034554816231735i,-0.014219640510600474+0.07067943131778825i
0.3690329898326274+0.3373635593723724i,-0.053021493877273174-0.04863750893564607i
-0.4796288746810476+0.14126609305194932i,0.06891414187610861-0.020170107346352606i
0.12725135080420688-0.4835358585908247i,-0.01835560461975303+0.06926879509020087i
0.3479584394053457+0.35906046048071016i,-0.049680358069437186-0.05144051811702944i
-0.4872931591198161+0.1120060547933024i,0.0695816577853234-0.015869126142298254i
0.15625633596171648-0.47495663601559834i,-0.02237302136780074+0.06761698228737952i
0.3256105102473262+0.37944335368915816i,-0.04619457481703556-0.05401765583827898i
-0.493174159910703+0.08233612172915586i,0.06998156033411804-0.011561387336131006i
0.18468948981268088-0.4646392767092465i,-0.026257889664980206+0.06573318814780445i
0.3020709861880375+0.3984376463564718i,-0.04257923505148106-0.05636172360433381i
-0.49725035511481275+0.052364873080828815i,0.07011550769120992-0.0072634974477447005i
0.21244675921690276-0.45262153777884195i,-0.029996889120379337+0.06362741599687727i
0.27742601178288073+0.41597382752343i,-0.03884976743123064-0.058466522151180866i
-0.49950682760711324+0.0222019907553601i,0.06998618584816255-0.0029918343515818i
0.23942656448118405-0.43894739899111546i,-0.03357742632020097+0.061310428357875826i
0.2517657770610866+0.43198772229311244i,-0.03502187264834509-0.06032686565182352i
-0.4999353196667118-0.008042142043198008i,0.06959728674502212+0.0012375161628813871i
0.2655301710974083-0.4236669018253846i,-0.03698767766767554+0.05879369544038419i
0.22518418746891722+0.44642072668348054i,-0.031111457276225437-0.06193859162866442i
-0.4985342631965703-0.03825684476893253i,0.06895348249254105+0.00540882199921469i
0.29066205106846565-0.40683596634321595i,-0.04021662863816282+0.05608934124429819i
0.1977785202160348+0.45922002209279983i,-0.027134567437746247-0.06329856657059339i
-0.49530878546206597-0.06833154457736662i,0.068060395834131+0.009506764291397558i
0.31473023249972326-0.3885161865449994i,-0.043254109319267785+0.05321008752556155i
0.16964906828266302+0.4703387685930543i,-0.023107322571369108-0.06440468727109759i
-0.4902706903274016-0.09815618097461434i,0.06692456700523466+0.013516494641918998i
0.3376466361766872-0.36877460496234177i,-0.04609082612249932+0.05016919587667466i
0.14089877339032345+0.47973627634397886i,-0.01904584957005746-0.06525587792161394i
-0.4834384150585281-0.12762160859155264i,0.06555341716169098+0.01742368984365719i
0.3593273978971266-0.3476834673111745i,-0.04871838957008915+0.04698040818081438i
0.11163284927931555+0.4873781545004132i,-0.014966217563919854-0.06585208301185666i
-0.47483696285066435-0.15661999660903012i,0.06395520856161457+0.02121460388103698i
0.3796931753780599-0.32531995810343894i,-0.05112933807796977+0.043657885703061096i
0.08195839667158175+0.49323643706803416i,-0.010884373612488448-0.06619425610615981i
-0.46449781132733337-0.18504522337238588i,0.06213900169742097+0.024876117019191745i
0.3986694386144599-0.3017659181848995i,-0.05331715767339701+0.04021614708566319i
0.051984011328030794+0.497289685246893i,-0.006816079566389906-0.0662843445815939i
-0.4524587973457696-0.21279326475116064i,0.06011460958579973+0.02839578180375029i
0.4161867426270844-0.2771075452327718i,-0.05527629760345505+0.03667000551666045i
0.021819386634659904+0.4995230658882214i,-0.0027768503510232374-0.06612527042995786i
-0.43876397853025983-0.23976257482276936i,0.05789254943364514+0.03176186580846312i
0.4321809816012966-0.2514350783092182i,-0.05700218180833728+0.033034505342298605i
-0.008425087828159844+0.49992840577739134i,0.0012181060833397022-0.06572090724144458i
-0.4234634720401484-0.26585445748699654i,0.05548399190710379+0.034963390983012176i
0.44659362348683335-0.22484246762510968i,-0.05849121625104449+0.02932485839368184i
-0.03863873026417111+0.4985042215443714i,0.005153946909783667-0.06507605350294797i
-0.4066132711625411-0.2909734276513648i,0.05290070823914565+0.03799016946901524i
0.45937192419998885-0.19742703072257475i,-0.05974079211268756+0.025556380296982702i
-0.06871097170910206+0.49525572509222526i,0.009016250446163417-0.064196402358319i
-0.38827504040090716-0.315027560665593i,0.050155015418010866+0.040832835768314375i
0.4704691206443244-0.16928909633456207i,-0.060749284880031104+0.02174442703420581i
-0.09853176066562225+0.4901948045237834i,0.01279106983551195-0.06308850799163696i
-0.36851588980946076-0.3379288287263646i,0.04725971970502537+0.04348287516410983i
0.47984460184353106-0.14053163722473672i,-0.06151604936904879+0.017904332018112458i
-0.1279919658445906+0.483339980636288i,0.016464984183080643-0.061759748807401836i
-0.3474081293991648-0.3595934230213078i,0.04422805873505175+0.04593264831224454i
0.48746405756017436-0.11125989335135916i,-0.0620414107450961+0.01405134394040868i
-0.15698377553873713+0.47471633914322464i,0.02002514696018986-0.060218287593601545i
-0.3250290045141254-0.37994206043327994i,0.04107364245666938+0.048175411936915345i
0.4932996038564372-0.08158098673420439i,-0.062326651616771235+0.010200565646719216i
-0.1854010921672411+0.46435543887137676i,0.023459331498366875-0.05847302886476619i
-0.30146041314678373-0.39890027368254977i,0.03781039317181052+0.050205335582196996i
0.49732988513736626-0.05160352943394421i,-0.062373995296472674+0.006366894285252604i
-0.2131399205473419+0.45229519626906467i,0.02675597341117005-0.05653357359232911i
-0.276788606226413-0.41639868384508144i,0.03445248493606646+0.05201751438796829i
0.49954015230318294-0.02143722607861901i,-0.06218658533617764+0.0025649629684543233i
-0.24009874847207582+0.4385797466482163i,0.029904209795599625-0.05441017153888075i
-0.25110387197773365-0.4323732542496207i,0.0310142825812741+0.05360797787597288i
0.4999223167246597+0.008807527608217855i,-0.06176846146174766-0.0011909158216400634i
-0.26617891820138595+0.4232592826680689i,0.032893915080039256-0.05211367142110309i
-0.2245002055047619-0.44676552482442816i,0.02751028062123276+0.054973694748895574i
0.4984749798440306+0.03902004880846895i,-0.06112453204336734-0.00488680486313162i
-0.29128498750710985+0.4063898706515766i,0.03571573340111495-0.04965546913345294i
-0.19707496480906855-0.45952282603605243i,0.023955042299577928+0.05611257372224027i
0.4952034382931127+0.06908977266110428i,-0.06026054325317329-0.008509194648214447i
-0.3153250789505723+0.388033245406732i,0.038361107407751394-0.047047454270764205i
-0.16892851450127752-0.4705984716372174i,0.02036313903583991+0.05702346042555564i
0.49011966450990757+0.09890665688210043i,-0.05918304507389332-0.012045053461697226i
-0.3382112161145793+0.36825658430366315i,0.040822303406821824-0.0443019551930803i
-0.14016385850966562-0.4799519295184514i,0.016749090521727083+0.057706130425965285i
0.48324226292461536+0.1283615844719727i,-0.057899354334305875-0.01548187489637364i
-0.3598596455593477+0.34713226143429077i,0.0430924327812104-0.04143168287999448i
-0.11088626312999172-0.4875489700382117i,0.01312730571459055+0.05816127844305717i
0.47459640187540575+0.15734676303716222i,-0.05641751495834162-0.018807722630196196i
-0.38019114332414844+0.3247375827542125i,0.04516546962765966-0.03844967382472026i
-0.0812028717960327-0.49336179128868185i,0.009512024968919232+0.05839050383979905i
0.4642137215031019+0.1857561192639341i,-0.05474625562492358-0.022011272303500435i
-0.3991313048530031+0.30115450317608417i,0.0470362645783869-0.03536923221988681i
-0.05122231298059887-0.4973691208388226i,0.005917263539658773+0.05839629248932163i
0.45213221796184355+0.21348568710118188i,-0.05289494504487483-0.02508185034843042i
-0.41661081728342536+0.2764693266498124i,0.04870055478717893-0.03220387168781444i
-0.02105430266194544-0.49955629358234027i,0.0023567566830915445+0.05818199513199077i
0.4383961043694708+0.24043398823155393i,-0.050873545069504464-0.02800946963713875i
-0.4325657131017495+0.2507723903271374i,0.05015497007723365-0.02896725680759787i
0.009190757189621368-0.4999153054056806i,-0.001156093427878672+0.05775180235119539i
0.423055649006488+0.2665024034385431i,-0.04869256185284017-0.030784861830185018i
-0.4469376042367783+0.2241577339664293i,0.05139703526450649-0.02567314468987806i
0.03940218263557249-0.4984448424796505i,-0.004608268767036838+0.05711071630954779i
0.4061669913557308+0.2915955335104937i,-0.04636299529572875-0.03339950632183772i
-0.4596738957350629+0.19672275578753118i,0.05242516868664416-0.022335326847663595i
0.06946941282486835-0.4951502860674682i,-0.007987184300313751+0.05626451939983816i
0.3877919366559531+0.31562154836077305i,-0.0438962870052878-0.035845655694549595i
-0.47072797823586193+0.1685678560360766i,0.05323867698354539-0.018967571607933203i
0.09928241459922335-0.49004369283164995i,-0.011280734428346715+0.055219739976859104i
0.36799772972117895+0.3384925230864769i,-0.041304267007402466-0.038116357610707786i
-0.48005939854139623+0.13979606956167986i,0.05383774619136296-0.015583567304187093i
0.12873208516724108-0.4831437507117988i,-0.014477336853150198+0.053983615347245i
0.3468568088535422+0.36012475973583846i,-0.03859909945310538-0.04020547308576782i
-0.487634007658192+0.1105126887546065i,0.05422342922695728-0.012196866484463416i
0.15771065137380633-0.4744757105347671i,-0.017565973708623818+0.05256405220460506i
0.32444654075019125+0.3804390936068107i,-0.03579322756170724-0.042107691102983416i
-0.49342408576774044+0.08082487822081472i,0.05439762985472292-0.008820831362764524i
0.186112064103579-0.46407129360746663i,-0.020536229807928037+0.05096958470648827i
0.3008489373743801+0.3993611829559002i,-0.03289931804462836-0.04381853954611541i
-0.4974084436691376+0.05084128260548969i,0.05436308324196378-0.005468580734343118i
0.21383238637524274-0.4519685756304999i,-0.02337832787458516+0.04920933039802258i
0.27615035582688147+0.41682178105704204i,-0.02993020525372551-0.045334392442596405i
-0.49957250032246486+0.02067162900027049i,0.05412333322275735-0.002152938566856231i
0.2407701737062475-0.43821184735743696i,-0.026083160638475406+0.04729294419446279i
0.25044118231606055+0.4327569896148986i,-0.02689883529685887-0.04665247352566332i
-0.4999083362091376-0.00957367461081263i,0.05368270640330709+0.001113615529825492i
0.26682684535608003-0.42285145250966605i,-0.02864231969252029+0.04523057064122124i
0.2238155013831436+0.44710849260519603i,-0.023818210361257336-0.04777085613980358i
-0.4984147223139441-0.03978394339717564i,0.05304628325420576+0.0043189937624404i
0.2919070450894633-0.4059436035399794i,-0.031048121020958917+0.04303279467537437i
0.19637075159317693+0.4598237696863457i,-0.020701333482025974-0.04868845952945409i
-0.4950971246227136-0.0698486207406566i,0.05221986634670408+0.0074515453598922666i
0.3159189901392546-0.3875501759191218i,-0.03329362712528679+0.04071059111695746i
0.16820736895169666+0.47085628840135324i,-0.017561153988992176-0.049405041566220366i
-0.4899676841191551-0.09965768282528986i,0.051209945900927104+0.010500099355135063i
0.33877480709198066-0.3677384816981232i,-0.03537266568949399+0.038275273121719015i
0.13942841935205397+0.48016567446664127i,-0.014410513859861886-0.0499211879847706i
-0.48304517235406585-0.12910204127725255i,0.05002366282411966+0.013454004785152759i
0.360390853466819-0.3465810231750801i,-0.03727984474174562+0.03573843982928157i
0.11013922139847857+0.4877178595245985i,-0.011262095201571534-0.05023829821209819i
-0.47435492274951363-0.15807394238149453i,0.04866876942609031+0.016303168163530432i
0.3806880238111783-0.3241552275678616i,-0.039010564285369184+0.033111923441895015i
0.08044696098518817+0.4934852058191478i,-0.00812836907465239-0.0503585678888098i
-0.46392873788938294-0.1864673614140897i,0.04715358800745351+0.019038088093388472i
0.3995920391927064-0.300543163663722i,-0.040561024387566647+0.030407735969211137i
0.050460299042017126+0.49744660733807194i,-0.005021545867529922-0.050284968194582697i
-0.45180477313556816-0.21417839064722227i,0.04548696752353914+0.021649886902175137i
0.4170337190283032-0.2758312414827619i,-0.04192822972989121+0.027638015873671266i
0.020288973882048644+0.4995875670519598i,-0.0019535274189034497-0.05002122210276961i
-0.4380273969957241-0.24110561960687538i,0.043678238533360725+0.024130339193958104i
0.4329492342553629-0.250109896054339i,-0.04310999063987986+0.02481497484927135i
-0.009956600393514453+0.49990024996711213i,0.0010641389231722316-0.04957177770132346i
-0.42264702875356946-0.26715050619164304i,0.04173716664843495+0.026471897229310204i
0.447280340918751-0.2234732564636742i,-0.04410492063841548+0.021950844963627654i
-0.04016573796357201+0.4983835117982566i,0.0040203041271989-0.04894177872870756i
-0.40571995395594806-0.29221773729452893i,0.03967390470074458+0.02866771305764375i
0.4599745933186815-0.19601880137979788i,-0.04491243055234173+0.01905782638945384i
-0.07022788634972824+0.4950429031561395i,0.006904259021790361-0.04813703248420792i
-0.3873081184318835-0.31621557760801167i,0.03749894385261945+0.03071165734177039i
0.47098553593946996-0.16784700232545666i,-0.04553271925634362+0.01614803594677841i
-0.10003303099091601+0.48989064923467385i,0.009705773401173368-0.04716397528199028i
-0.3674789015974309-0.33905620533589964i,0.03522306387375748+0.032598334829561475i
0.48027287345678354-0.13906095599446056i,-0.04596676112231709+0.013233456671518101i
-0.12947209784947422+0.4829456050719761i,0.012415132549130748-0.04602963562739076i
-0.3463048698759323-0.36065603358341414i,0.032857282812084145+0.034323096442723466i
0.4878026182012342-0.10976600696203034i,-0.046216290268107904+0.010325888619422867i
-0.1584373525753136+0.47423318654901847i,0.015023171050618253-0.04474159530218425i
-0.32386351113604983-0.3809360162493499i,0.030412806285602417+0.03588204796786896i
0.49354721453866135-0.0800693621688641i,-0.04628378171067982+0.007436901106929177i
-0.18682279476740038+0.4637852773784126i,0.01752130377349829-0.04330794855292814i
-0.30023695111942417-0.399821937300881i,0.0279009766217928+0.037272055350125705i
0.4974856397119267-0.050079698589744766i,-0.04617242954136589+0.004577786582178449i
-0.21452454588973166+0.4516401124237052i,0.01990155391642439-0.041737259582946495i
-0.275511652895706-0.417244682372389i,0.025333222069644678+0.03849074660452103i
0.4996034807751834-0.019906765522454933i,-0.04588612225280693+0.0017595163103629068i
-0.2414412294221941+0.4378421377761881i,0.022156578032882096-0.04003851855402122i
-0.24977810044482907-0.4331404916943788i,0.02272100630680955+0.0395365103751097i
0.4998929873390718+0.010339017047551666i,-0.045429415358508925-0.0010073019522191268i
-0.2674743418551192+0.4224418481012775i,0.02427968795559341-0.038221096308433546i
-0.22313046752447738-0.44745119342687084i,0.020075778460918004+0.04040849118634001i
0.49835309993381793+0.040546962536906844i,-0.04480750145649025-0.003712464131541324i
-0.29252861316985335+0.40549560184971123i,0.02626486955994821-0.036294698025540494i
-0.1956662730345498-0.4601244165433688i,0.01740892385966361+0.04110658144533398i
0.49498945388643867+0.07060652282971859i,-0.044026177898322236-0.006346207703911904i
-0.3165123554861378+0.3870654150098065i,0.02810679831971556-0.034269316029736985i
-0.16748602413983926-0.4711137824863406i,0.014731715718932897+0.04163141026754773i
0.4898143586978627+0.1004076928362306i,-0.04309181223389347-0.008899247117687758i
-0.33933779860040014+0.3672187341555584i,0.02980085162294144-0.03215518196823479i
-0.13869284845694474-0.48037907489283366i,0.01205526797203464+0.0419843292116692i
0.48284675299544133+0.12984141306423883i,-0.04201130561037968-0.011362806639844713i
-0.36092141118703036+0.3460281896211258i,0.03134311783064368-0.02996271857776487i
-0.10939211665145568-0.48788638676910445i,0.009390489436017647+0.04216739502245036i
0.47411213522569906+0.15879996873002705i,-0.04079205431128363-0.01372865051130599i
-0.3811842064871829+0.3235713297049799i,0.03273040207554514-0.02770249125895786i
-0.07969105682653738-0.4936082445756622i,0.006748039503216988+0.04218334949253891i
0.4636424703409638+0.1871773839482465i,-0.03944190962778279-0.015989110308040226i
-0.40005203136641393+0.2999303368764136i,0.03396022881262235-0.02538515967587974i
-0.04969836211409437-0.4975237087686327i,0.004138285537486147+0.04203559656604545i
0.45147607282135854+0.21486980955817328i,-0.037969136260212956-0.018137109418397867i
-0.41745583768332933+0.27519172702297456i,0.035030841147576784-0.023021429595918828i
-0.01952379290455611-0.4996184504295026i,0.001571262145252693+0.04172817681770723i
0.4376574664602497+0.24177590316706726i,-0.03638236945205856-0.020166184560880554i
-0.4333319349761476+0.24944603283944844i,0.035941196983472166-0.020622005182045742i
0.01072222482904528-0.499884803702811i,-0.000943367518534864+0.04126573945187921i
0.4222372214262714+0.26779720001983554i,-0.03469057106254484-0.02207050428051451i
-0.4476222235424562+0.2227874725170501i,0.03669096203958022-0.018197541945356492i
0.0409290036427436-0.49832179384989106i,-0.0033963482601652105+0.0406535119752479i
0.40527176919821045+0.29283847333777646i,-0.03290298478659867-0.023844884376101442i
-0.4602744070591857+0.19531360494527977i,0.03728049980994527-0.015758600560799144i
0.07098599969017916-0.4949351408159939i,-0.005778867034461503+0.03989726770605448i
0.38682319605001586+0.31680808280772127i,-0.031029090732698144-0.025484800224827197i
-0.47124218396470974+0.1671249726882585i,0.0377108585421832-0.013315601743113952i
0.10078321726563289-0.4897372382977452i,-0.00808258468323236+0.03900329129069223i
0.36695901584167956+0.33961830994624953i,-0.02907855956998568-0.02698639598495997i
-0.48048541690268726+0.13832473404209356i,0.037983755329660154-0.010878782373343715i
0.13021161134110254-0.4827471083875339i,-0.010299665110705668+0.03797834240582452i
0.3457519229474861+0.3611856791116921i,-0.027061206455798407-0.028346490671556552i
-0.48797027960756173+0.10901828551978832i,0.03810155742217633-0.008458153058752133i
0.15916348662430413-0.47399033196081874i,-0.012422801794443081+0.03682961783053641i
0.3232795262258014+0.38143126298915364i,-0.02498694495374095-0.029562581114215787i
-0.49366938069417543+0.07931287614523841i,0.038067260871805196-0.006063457300761516i
0.18753289167722212-0.4634989550611016i,-0.014445241543181149+0.035564712078587274i
0.29962406500395844+0.40028097143061075i,-0.02286574115036987-0.030632841819859646i
-0.49756186389848206+0.049317214967833096i,0.03788446664137152-0.0037041324365506756i
0.21521600665289994-0.45131137162516244i,-0.016360805426362136+0.034191576785406325i
0.27487210811761487+0.4176658225930563i,-0.02070756817561319-0.03155612177724154i
-0.49963348440252425+0.01914107323399058i,0.0375573543132229-0.0013892725103276248i
0.24211152323152274-0.43747218297772883i,-0.01816390681358908+0.032718479048219166i
0.24911423710596853+0.43352219538243897i,-0.018522361328225684-0.03233193825334281i
-0.4998766609643517-0.011105117328492878i,0.037090653545500445+0.0008724067799485459i
0.26812101536538885-0.4220320346097689i,-0.019849566475921385+0.031153958920461022i
0.22244471472219898+0.4477920622795633i,-0.016319974002872023-0.032960467644912075i
-0.4982905036621145-0.0413106686431717i,0.03648961343176599+0.003072600925452978i
0.29314929947600177-0.40504743083773054i,-0.021413424714693808+0.029506786263479357i
0.19496113997224657+0.4604232016959051i,-0.014110134609852314-0.033442533461130526i
-0.4948808171507945-0.07136504135580579i,0.03575996992791392+0.005203447115369988i
0.3171047827851168-0.3865805280219935i,-0.022851750497345925+0.027785917159468695i
0.1667640909443382+0.47136938908221315i,-0.011902404672137235-0.033779591525637094i
-0.48966007941965867-0.10115824936095569i,0.03490791151737816+0.0072575522999411965i
0.3398997985049994-0.3666989071012666i,-0.02416144759353864+0.02600045008956826i
0.1379567567363506+0.4805905660905212i,-0.009706138277212362-0.03397371249791578i
-0.4826473961281753-0.13058126230392528i,0.03394004329202196+0.009228018708072636i
0.3614509266612443-0.3454753262753568i,-0.025340057718529763+0.024159582080130273i
0.10864455982799781+0.4880529871705095i,-0.007530443053355257-0.03402756182527838i
-0.47386843068749845-0.1595264045850664i,0.03286334963158351+0.011108466732445236i
0.3816792993740796-0.32298745474138346i,-0.026385760704348032+0.022272565018345365i
0.07893477027980134+0.4937293430637354i,-0.005384142831346954-0.03394437724727734i
-0.4633553103433984-0.18788774940626116i,0.03168515566911666+0.012893055107914641i
0.40051088948095737-0.299317588457851i,-0.0272973717326523+0.02034866233566449i
0.04893611317070651+0.49759886074379933i,-0.0032757421433980754-0.03372794398436771i
-0.4511465086043296-0.21556150641754168i,0.030413087733637+0.014576498322055011i
0.41787678144419954-0.27455234897676095i,-0.0280743356762339+0.018397106253863774i
0.018758370710955263+0.4996473794367058i,-0.0012133927011855042-0.03338256775195397i
-0.43728670444490303-0.24244640154522698i,0.02905503296396132+0.01615408120995115i
0.43371342355228676-0.24878236644590684i,-0.02871671860892916+0.01642705578414403i
-0.011488019513685999+0.4998674024432189i,0.0007951380155376742-0.03291304574952062i
-0.4218266188000124-0.26844404761156704i,0.027619098289692088+0.017621670698702154i
0.4479628604918492-0.2221019479414309i,-0.029225196556048084+0.014447555664349148i
-0.041692368696093995+0.49825812457356405i,0.0027424959392093355-0.03232463578239983i
-0.40482282894798305-0.29345930438958856i,0.02611356897625915+0.018975724680481653i
0.460572945439239-0.19460873234439874i,-0.029601041569443397+0.012467496413334445i
-0.07174414188131667+0.4948254350940767i,0.004621767254486522-0.03162302368076983i
-0.3863375614620129-0.3174006267754927i,0.024546866931100454+0.020213298006411265i
0.4714975308955254-0.16640333302440002i,-0.029846105222777846+0.010495575674625127i
-0.10153336247706954+0.4895818961750154i,0.006426502800693631-0.030814289186736683i
-0.36643846448762263-0.3401803998044471i,0.022927508967214207+0.02133204560679785i
0.4806966375665353-0.1375889696377965i,-0.029962799633544184+0.008540261013962203i
-0.13095101472086354+0.4825466969184101i,0.008150739951521935-0.02990487048576119i
-0.34519836017947464-0.36171525928375303i,0.02126406521868945+0.02233022275649426i
0.4881366006699107-0.10827109038807932i,-0.02995407612875121+0.006609754327037375i
-0.15988944263090848+0.473745583134184i,0.00978902189924123-0.028901527563274458i
-0.32269497820354187-0.3819263968700136i,0.019565117900226765+0.02320668251710017i
0.49379019313376527-0.07855698613070085i,-0.02982340168095095+0.004711958004813014i
-0.1882427439808033+0.46321076312153925i,0.01133641428336901-0.0278113045710251i
-0.2990106712798898-0.400739848473848i,0.01783922059928133+0.023960870400495132i
0.49763672523608143-0.04855539773458989i,-0.029574733250410868+0.0028544429943018245i
-0.21590715785623293+0.45098078980040424i,0.012788519116592624-0.026641491390541647i
-0.2742321138070649-0.41808676493671393i,0.016094858285196294+0.024592816310620033i
0.49966212032021295-0.018376118137241167i,-0.0292124901776292+0.0010444188825964368i
-0.24278144437538368+0.4371004196242934i,0.014141485973696554-0.025399584583042003i
-0.24844998467099516-0.43390366398927993i,0.01434040821464468+0.025103123832495806i
0.4998589663094083+0.011870409450315277i,-0.02874152477807395-0.0007112938786318922i
-0.2687672551834599+0.42162044879089566i,0.015392020422279757-0.024093247916200024i
-0.22175863539918425-0.4481326625692861i,0.012584101906856186+0.025492956949150578i
0.49822654283182904+0.04207349571826688i,-0.0281670912979886-0.002406289501991128i
-0.293769493365454+0.40459752734979154i,0.016537389687048966-0.022730272658361802i
-0.1942557448746152-0.4607216886487086i,0.010833988355512424+0.025764024278325384i
0.4947708238568018+0.0721226103333864i,-0.027494813396205117-0.004034600051847963i
-0.3176966614600414+0.3860939518875842i,0.0175754255524356-0.021318537830118625i
-0.16604196187296014-0.47162467179503575i,0.009097898636892848+0.025918560931518158i
0.4895044558326554+0.1019077864326148i,-0.026730650322278643-0.005590716207471483i
-0.3404611963010208+0.36617743754912996i,0.0185045245211068-0.019865970601579862i
-0.13722053673125773-0.4808017117692772i,0.007383412065860303+0.025959308108083414i
0.48244671140614614+0.1313200230545846i,-0.025880861965768623-0.007069605530970737i
-0.36197978946092213+0.3449208702291686i,0.019323645258594715-0.018380507021291705i
-0.10789694349599208-0.48821922454371514i,0.005697824042664509+0.02588949054663845i
0.47362341889284393+0.16025168403635726i,-0.024951972955143033-0.008466728181462728i
-0.38217369212409624+0.3224020398412309i,0.020032303366684778-0.01687005325947427i
-0.07817849393335022-0.49385006520503166i,0.004048115724311456+0.02571279196493759i
0.4630668677565802+0.18859689191558476i,-0.023950735987634-0.009778050029388936i
-0.40096900327358354+0.29870335563994i,0.020630563540307994-0.015342447544197831i
-0.048173944814213276-0.4976736272930417i,0.002440925644498737+0.025433328627609292i
0.45081569044386927+0.21625191539658134i,-0.022884094573310098-0.01100005313751617i
-0.4182969401371196+0.2739115446385082i,0.021119029174487103-0.013805422964245136i
-0.017993099911051663-0.4996759182114935i,0.0008825233958396385+0.02505562118868703i
0.43691472100573436+0.24311554896234666i,-0.021759145377746005-0.012129743587811746i
-0.4340940899025609+0.24811733422508964i,0.021498829499249646-0.012266571306774492i
0.0122535918367572-0.4998496104349658i,-0.0006212145226019206+0.02458456496264138i
0.4214148310243231+0.2690894832433226i,-0.0205831003479029-0.013164656646059158i
-0.4483026417815621+0.2214151201394785i,0.02177160433135818-0.010733308091529647i
0.04245544051864461-0.49819406832446567i,-0.002064826600564313+0.0240253987836716i
0.40437274344474833+0.29407866478749334i,-0.01936324880522383-0.01410285926868911i
-0.46087059857225+0.19390262102521333i,0.021939486542159808-0.009212838956275522i
0.07250192033041722-0.4947153504535945i,-0.0034432858741779435+0.02338367261823429i
0.3858508249934548+0.3179916439152255i,-0.018106919688456905-0.01494294996879312i
-0.47175196694666727+0.16568052082128065i,0.022005082350750074-0.007712127540389674i
0.10228307405126541-0.4894261874367688i,-0.004752017077184439+0.022665214100247723i
0.36591685794276607+0.34074090938584656i,-0.01682144412644128-0.01568405607063136i
-0.4809069257666118+0.13685210030211004i,0.021971449560993395-0.006237865005181866i
0.13168991544000014-0.4823459353406357i,-0.005986911329061717+0.02187609416201118i
0.34464379205685863+0.3622432086512286i,-0.015514118517944568-0.01632582839402663i
-0.48830197181191404+0.10752285911426465i,0.021842073869616015-0.004796441320566598i
0.1606148280779212-0.47350050484917516i,-0.007144338315487154+0.021022591936686662i
0.3221094776269334+0.38241985252438365i,-0.01419216829171755-0.016868433421883284i
-0.4939100423878425+0.07780012969301392i,0.02162084338068187-0.0033939184382108735i
0.1889519591987227-0.46292226644171797i,-0.008221155928848152+0.0201111591101144i
0.29839638057256235+0.4011970031481167i,-0.012862712515223048-0.017312543015542185i
-0.4977106143629519+0.047792684471685i,0.021312021469088813-0.0020360054613148635i
0.21659760706418857-0.45064993193088365i,-0.009214717348851806+0.019148383900864555i
0.27359128065181404+0.41850594420989295i,-0.011532729515037397-0.017659321753802935i
-0.4996897792749373+0.01761033782123909i,0.020920218142389844-0.0007280359107446255i
0.24345060046804723-0.43672841279396013i,-0.01012287555563813+0.01814095484766966i
0.2477849538845841+0.43428333241405104i,-0.010209023665728303-0.01791041198211378i
-0.4998402942296357-0.01263645582319577i,0.020450360056148652+0.0005250528235838654i
0.2694126689791666-0.42120865581617273i,-0.010943985280094638+0.017095624582816292i
0.2210718403513214+0.4484714292910785i,-0.008898193497147523-0.018067916668637794i
-0.49816160840691065-0.04283700617815281i,0.019907659343161115+0.001718737768324633i
0.2943888025691562-0.40414745664731494i,-0.011676902408268075+0.016019173768664664i
0.19354969858286536+0.4610183124956311i,-0.007606601262543441-0.018134380173566684i
-0.49465986507641757-0.07288079219075817i,0.019297581421239097+0.002848926323036079i
0.318287599308295-0.3856072519540461i,-0.012320980868797108+0.014918375372231788i
0.16531924780617835+0.47187806582003167i,-0.006340344101750202-0.018112767047177823i
-0.4893478791158733-0.10265786649835115i,0.018625811947793714+0.003911969832621599i
0.3410215998573659-0.36565589092848694i,-0.012876067044104317+0.013799959449746562i
0.13648379935520197+0.4810109472278849i,-0.005105226924986904-0.01800643898063131i
-0.4822450901141035-0.13205925778864427i,0.01789822309219685+0.004904674733130203i
0.3625076075313026-0.3443663869892972i,-0.013342491757631402+0.012670578609252662i
0.1071488785957139+0.4883835342928741i,-0.00390673713355136-0.017819130041379142i
-0.4733774912304906-0.1609773695879586i,0.01712083929880959+0.005824311240152323i
0.3826669927633497-0.32181665058389797i,-0.01372105990062414+0.011536774314764702i
0.07742183874777836+0.4939688465104969i,-0.0027500212839486086-0.017554920332257855i
-0.46277753407116673-0.18930637401813888i,0.016299802714659292+0.006668619561102255i
0.4014259808555314-0.2980892040696722i,-0.014013037772825284+0.0104049441901431i
0.047411468019033814+0.49774644403513224i,-0.0016398637918202373-0.017218208219829927i
-0.45048400993006127-0.21694259908116872i,0.015441338456012046+0.007435813624732685i
0.41871592196238394-0.2732708797175533i,-0.014220138221863906+0.009281310474827732i
0.017227591486543375+0.4997025024811035i,-0.0005806677614661161-0.016813681283313488i
-0.43654190782941577-0.2437849080541896i,0.014551719887516799+0.008124582333246939i
0.4344735423199262-0.24745250194318036i,-0.014344503676100745+0.008171889776849321i
-0.013019330815853297+0.4998298635139965i,0.00042356198414284613-0.016346286140465745i
-0.42100224987926826-0.2697350696065005i,0.013637234086247554+0.008734088354289312i
0.4486411758004806-0.22072855492851612i,-0.014388687175137612+0.007082464261185435i
-0.043218608133856695+0.4981280610470915i,0.0013692336091653376-0.01582119731102665i
-0.40392190455843047-0.29469811728407036i,0.01270414766075378+0.00926396448184935i
0.46116697494595094-0.1931968368502922i,-0.014355631511112668+0.00601855440355337i
-0.07325972407336157+0.4946033229470404i,0.002253180654222897-0.015243785281808649i
-0.3853633786002606-0.318582697046001i,0.011758673092298551+0.009714307606673517i
0.4720051007072684-0.16495810198065522i,-0.01424864660221595+0.0049853934312115026i
-0.10303274104302895+0.48926854824254795i,0.003072672068584778-0.014619583940178498i
-0.36539458824484594-0.34130140158111055i,0.010806935761691791+0.010085670348056748i
0.4811158901956359-0.13611569196977144i,-0.014071385227560865+0.00398790356327915i
-0.13242870257868702+0.48214325991946205i,0.0038254198562555496-0.013954257544553896i
-0.3440886106947131-0.3627710901811789i,0.00985494182064099+0.010379050409870383i
0.4884660018316809-0.10677515765974002i,-0.013827817259562253+0.003030674153546294i
-0.1613400320772282+0.47325353347502497i,0.004509584318798238-0.013253567401578209i
-0.321523416683629-0.3829131930002573i,0.008908547061329083+0.010595877734294712i
0.4940285373613248-0.0770438728138109i,-0.01352220253635392+0.002117941828787481i
-0.18966092648080723+0.46263190149274447i,0.005123776889537043-0.012523338419897934i
-0.2977815851371797-0.40165399858658435i,0.007973426931995287+0.010737999536924892i
0.4977831402918494-0.047030641174493494i,-0.013159062522383289+0.0012535727052352687i
-0.21728774347062468+0.4503172345871004i,0.005667060565544735-0.01176942570989422i
-0.27295000096934263-0.418924923634864i,0.007055047839718379+0.010807663316673904i
0.4997160703879238-0.016845298288555598i,-0.012743150910242565+0.000441046755183892i
-0.24411938075333206+0.4363545991537775i,0.006138947955488699-0.010997681397360931i
-0.24711953712099144-0.4346627639717279i,0.006158639874371744+0.010807497943143611i
0.49982025395496815+0.013401690443938699i,-0.012279423320939105-0.0003165556152711589i
-0.2700576460520351+0.4207950924459998i,0.006539396972920131-0.010213921816962193i
-0.22038472200393275-0.4488099258558855i,0.005289171079908464+0.010740492932844747i
0.4980953097258406+0.043599634025584255i,-0.011773006263176483-0.0010165647275518276i
-0.2950076164478848+0.4036956555805129i,0.0068688042159107-0.009423895248378548i
-0.19284339356748856-0.46131463674649775i,0.004451323390750541+0.0106099760337923i
0.49454755025611075+0.07363802094317859i,-0.011229165514827118-0.0016567304925464627i
-0.31887798575722215+0.3851188651575345i,0.007127996084993997-0.00863325035435255i
-0.16459634125359174-0.47213113476845703i,0.003649470342167404+0.010419589245508499i
0.48918995882281585+0.10340692359243164i,-0.010653274091565046-0.0022352289462529333i
-0.3415813986730227+0.3651327042572548i,0.007318217702125119-0.007847505475412275i
-0.13574693715068528-0.48121983618121095i,0.0028876566541611174+0.010173263408359313i
0.48204214191123923+0.13279740056581835i,-0.01005077996864749-0.0027506664437560472i
-0.36303477044783017+0.3438103136509395i,0.007441119703765493-0.007072018930913076i
-0.10640075769624324-0.48854748023826355i,0.0021695797785819273+0.009875191502346349i
0.473130257463588+0.16170189533137544i,-0.00942717372204059-0.0032020815077529875i
-0.38315959094827334+0.3212297241370969i,0.007498742991203598-0.006311960470195616i
-0.07666519731232133-0.4940872509072327i,0.0014985734890251648+0.009529800800982792i
0.4624869191521522+0.19001462984344702i,-0.00878795625449586-0.0035889443393891936i
-0.40188221196846+0.2974735709822457i,0.007493501530764521-0.0055722840111655314i
-0.04664907538806315-0.49781887500502064i,0.0008775935825604404+0.009141724030660828i
0.45015107702726+0.21763199164493435i,-0.008138606770823805-0.003911154010613547i
-0.41913411675080176+0.2726287915113037i,0.007428163305633273-0.004857701796491553i
-0.01646223804743871-0.49972869638896156i,0.00030920575155904287+0.008715769689967626i
0.43616787497681103+0.24445291304442052i,-0.007484551164446623-0.004169033368565108i
-0.43485217072794075+0.24678630695429057i,0.0073058295295396454-0.004172660089901079i
0.013784843840425026-0.499809725932445i,-0.00020442432712521074+0.008256891686670969i
0.42058848551902095+0.27037924098054456i,-0.006831130974406811-0.004363321693608692i
-0.4489788525681705+0.2200406897136477i,0.007129912240523054-0.003521316526803116i
0.04398147893721427-0.4980616671021174i,-0.000661538649547719+0.007770158452630789i
0.4034699225329676+0.2953160962200816i,-0.006183573068337319-0.004495165163490037i
-0.46146246467882324+0.19248981726983344i,0.0069041104003601484-0.0029075192247010025i
0.07401716051821944-0.4944909170430688i,-0.001060792263879266+0.007260721698604005i
0.384874832612261+0.31917222057521544i,-0.005546960202509376-0.004566105186637553i
-0.47225732239727136+0.16423451399175154i,0.006632384631963494-0.0023347877496220043i
0.10378197087952132-0.4891105431680264i,-0.0014012563580385407+0.006733784971876731i
0.3648712658053993+0.3418603108693409i,-0.0049262026049687385-0.004578064677842452i
-0.4813239211771853+0.13537818216283248i,0.006318930733129325-0.0018062960251384811i
0.13316698358961263-0.4819402353362321i,-0.0016824190537631306+0.00619457217981321i
0.3435324265817964+0.36329733842922074i,-0.004326010722003196-0.004533332359364431i
-0.4886290811582197+0.10602642357305472i,0.00596815211038426-0.0013248572605247906i
0.1620646621133884-0.4730062337970092i,-0.0019041839164811974+0.005648296241792543i
0.32093640593484035+0.3834048529342959i,-0.003750869261751417-0.004434545179881335i
-0.494146068590061+0.07628665306171473i,0.005584631281353168-0.0008929109642401562i
0.19036925334971233-0.46234123316170994i,-0.002066866201613944+0.005100128030613932i
0.2971658956023743+0.40210926951118964i,-0.0032050126617175845-0.004284668952593635i
-0.49785469366648083+0.046267705425215314i,0.005173100597995498-0.000512512098292968i
0.21797717464238017-0.4499842627554713i,-0.0021711868690580186+0.004555165762277367i
0.27230788545042417+0.419342138022763i,-0.002692402099339715-0.004086977322166569i
-0.4997413844113612+0.016079437128420943i,0.0047384123462500104-0.00018532241818531523i
0.24478739284818535-0.4359805437866349i,-0.002218264408525246+0.004018404990136095i
0.2464533451276239+0.43504039356623936i,-0.0022167041565836036-0.0038450291780041442i
-0.499799236346303-0.014167675722856337i,0.004285508380051172+0.00008739596789493839i
0.2707017940748624-0.4203813238565319i,-0.002209604529093333+0.0034947093557530897i
0.2196968911553437+0.4491465872636824i,-0.0017812712408664584-0.0035626446385672392i
-0.4980280377580534-0.04436294167698965i,0.0038193894493416545+0.0003047847981237595i
0.2956255427358241-0.4032436894152578i,-0.0021470877767113556+0.0029887822444156684i
0.19213644067182875+0.46160909650023385i,-0.001389123855479997-0.003243879738040154i
-0.49443427047328453-0.07439585901974403i,0.0033450843825868237+0.0004663916030411607i
0.31946742860770694-0.38463035684976443i,-0.0020329551534411117+0.0025051394881913237i
0.1638728530974974+0.4723823138407281i,-0.0010429348031325318-0.0028929999525902396i
-0.48903108613789176-0.10415652016312581i,0.00286761928440784+0.0005721693984526684i
0.3421402006206434-0.36460944296880016i,-0.0018697918218718835+0.00204808325365729i
0.13500956103274925+0.48142681393333187i,-0.0007450153963092597-0.0025144527087196463i
-0.48183825808761227-0.13353601385998465i,0.0023919869082866716+0.0006224741363833792i
0.36356088615973137-0.3432542157246249i,-0.0016605089873641603+0.001621677245052665i
0.10565219173903834+0.48870949778941075i,-0.0004973037379070551-0.0021128390207656228i
-0.4728821089861033-0.1624268237724354i,0.0019231163628600162+0.0006180599363491293i
0.38365109470919434-0.32064282608374917i,-0.0014083240595237504+0.0012297233466047031i
0.07590818058842955+0.4942037139116224i,-0.00030135512508125065-0.001692884408435183i
-0.46219541449529-0.1907232219355115i,0.0014658433081305758+0.000560072130180069i
0.4023373047280257-0.296858022027937i,-0.0011167392025354158+0.000875739820207621i
0.04588637789624536+0.4978893558269584i,-0.00015833461850165125-0.001259409248354664i
-0.44981728333050996-0.21832165567614015i,0.0010248807949822625+0.0004500381644125475i
0.41955113270727473-0.27198684573210774i,-0.0007895183916645103+0.0005629411665232782i
0.01569665057562894+0.4997529356678071i,-0.00006901180830152387-0.0008172987159561944i
-0.43579301413939947-0.24512112657148358i,0.00060479089771773+0.00028985641479869817i
0.43522958342434176-0.24612031502733137i,-0.00043066310032335387+0.0002942197489660758i
-0.014550519928206745+0.49978763353175876i,-0.000033757796968441994-0.00037147247560629065i
-0.4201739297282835-0.2710235600598201i,0.0002099572849534936+0.00008178297773081177i
0.44931528047845515-0.2193530903146298i,-0.00004438674857238788+0.00007212927096780451i
-0.044744441952651065+0.4979933224395233i,-0.000052544408322406625+0.00007314572230414598i
-0.40301718924273244-0.29593416435134845i,-0.0001554411308641592-0.0001715834867197531i
0.4617566762636746-0.19178312814853565i,0.00036491195025254965-0.00010112981255852756i
-0.07477461870167523+0.49437656879961855i,-0.0001249456206090681+0.0005116583785371201i
-0.3843855789896203-0.3197617773254562i,-0.0004874553307929596-0.00046731877592686723i
0.47250824061100505-0.16351132275814345i,0.0007926766029427691-0.00022372287848043703i
-0.10453115261668228+0.48895060837813387i,-0.00025014121065096786+0.0009392243584009888i
-0.3643472826661881-0.34241920014495597i,-0.0007823899854218445-0.0008021919366843982i
0.4815306274092751-0.13464113681753254i,0.0012342215635539053-0.00029419165252447636i
-0.13390514755440633+0.4817352978615067i,-0.00042692258500741517+0.0013510886247852768i
-0.34297563183697444-0.36382351636640586i,-0.0010368257884092386-0.0011726857260965888i
0.48879081859501655-0.10527822281678381i,0.0016847610242422702-0.00031146260969755544i
-0.16278910730006085+0.47275704218957204i,-0.0006537007632359409+0.001742611436493027i
-0.32034883757176275-0.38389639537870657i,-0.0012476402138949282-0.001575018631338844i
0.49426224498440763-0.07553003641921059i,0.002139438616759587-0.0002748532182351374i
-0.19107732895734944+0.4620486979248154i,-0.0009285164676876561+0.0021092968604974082i
-0.29654970422663096-0.40256437905952i,-0.0014120265922273347-0.0020051683306799893i
0.4979248835050814-0.045505443219747366i,0.002593357369304256-0.00018407599809121183i
-0.2186662897757018+0.4496494530114554i,-0.0012490522638409264+0.0024468204504455855i
-0.27166532641554747-0.41975915060047075i,-0.001527511407019424-0.0024588964711744206i
0.49976533047197763-0.015314320343595913i,0.003041609861917349-0.00003924037593118572i
-0.24545502599910984+0.4356046833643862i,-0.001612646685047975+0.0027510559481326697i
-0.2457867702814618-0.43541778451734414i,-0.0015919697255727845-0.0029317746320662043i
0.4997768506390775+0.014932845656896284i,0.003479308422863976+0.00015914767039076842i
-0.27134550235014404+0.41996578681280317i,-0.0020163102657658307+0.0030181008697564076i
-0.21900874023330666-0.44948297693035255i,-0.0016036386841433643-0.0034192113372194803i
0.49795940184751364+0.04512536313559901i,0.003901615208454129+0.00041018817385736863i
-0.2962429707969941+0.4027899950062085i,-0.002456743397930215+0.0032443008445043405i
-0.19142923236850493-0.4619032552717421i,-0.0015611289593233982-0.00391647997483319i
0.49431963517985367+0.07515274043651787i,0.004303772009527182+0.000712591931805781i
-0.32005631729060124+0.38414016397113426i,-0.0029303559161376505+0.003426272579405618i
-0.16314917584931116-0.4726331666532986i,-0.0014634341669298653-0.0044187474783326935i
0.4888708706199914+0.10490509024583489i,0.0046811296293580535+0.001064687425015321i
-0.3426983952029743+0.3640845440850635i,-0.0034332883087780704+0.0035609253313483216i
-0.13427206354539514-0.48163344420441245i,-0.001309938140177199-0.004921103618673283i
0.4816330483077238+0.1342735317323149i,0.00502917668001162+0.0014644298656745077i
-0.3640863442464453+0.3426965303093395i,-0.003961434444243227+0.0036454807747095448i
-0.10490357329435504-0.4888711507719717i,-0.0011004200495208698-0.005418590755363895i
0.47263265556639644+0.16315058900441953i,0.00534356764718951+0.0019094123269510531i
-0.3841418937067619+0.3200543935951069i,-0.00451046569386041+0.0036774911611139947i
-0.0751511811661868-0.49431979945620674i,-0.0008350573373336039-0.005906233891329367i
0.4619026299706681+0.19143058442594346i,0.005620150077340848+0.0023968788965488667i
-0.40279164888030905+0.29624099444522267i,-0.005075856326308457+0.003654855676399724i
-0.045123768146993926-0.49795945054137597i,-0.0005144264514760818-0.006379070875288602i
0.4494822388091234+0.21901002535080843i,0.005854990745242859+0.002923739786577396i
-0.4199673596672246+0.27134347968037786i,-0.005652910041985773+0.003575834908881704i
-0.014931221681308227-0.49977678446656737i,-0.00013950137278508933-0.006832182594643411i
0.4354169353828494+0.24578798286173095i,0.0060444006653691705+0.003486588322338199i
-0.4356061703374732+0.24545296351913515i,-0.0062367875101533325+0.0034390633524255974i
0.015315966468795988-0.4997651505695752i,0.00028835005751299593-0.007260723001942173i
0.41975819266586134+0.2716664611267433i,0.006184958816135313+0.004081719723290672i
-0.44965084955584206+0.21866419413899313i,-0.006822534766692461+0.0032435598776246574i
0.045507104576130636-0.49792459142546963i,0.000767371993512083-0.007659948818811773i
0.40256331493610836+0.29655075602188063i,0.006273534452503178+0.004705151580539456i
-0.4620499998240659+0.1910752069387207i,-0.007405112326025903+0.0029887361144734772i
0.07553170603260842-0.49426184269078965i,0.001295428595649723-0.008025248762835028i
0.3838952280664104+0.3203498017076296i,0.006307307889423852+0.005352645926733395i
-0.4727582455736106+0.16278696577087218i,-0.007979424857160428+0.0026744027002996926i
0.1052798936828106-0.4887903084539313i,0.001870014158510746-0.008352172145168143i
0.3638222492427703+0.3429765038908179i,0.006283789646151059+0.00601973278631209i
-0.4817363992207815+0.13390299345741857i,-0.008540351270944942+0.0023007733573024076i
0.13464280192721825-0.48153001218193714i,0.002488265306349123-0.008636456689755196i
0.3424178369527925+0.3643480585523481i,0.0062008378495476135+0.006701735086631359i
-0.4889516045764599+0.1045289929406488i,-0.009082775063515357+0.001868466774803372i
0.1635129751235843-0.4725075234431999i,0.0031469751969660726-0.00887405542876808i
0.31976032215914607+0.3843862549743694i,0.006056673803076342+0.007393794803662965i
-0.49437745708565456+0.0747724604557663i,-0.009601614759511379+0.0013785062821932918i
0.19178476082846607-0.4617558606742457i,0.0038426096645782543-0.009061162533372455i
0.29593262164185874+0.40301776195793926i,0.0058498956371948645+0.008090900209736218i
-0.4979941004568406+0.04474229214080336i,-0.010091854298022266+0.000832317309500926i
0.21935469643982458-0.44931437034642674i,0.004571325222628265-0.009194237944072904i
0.271021934558488+0.42017439618373875i,0.0055794899663017235+0.00878791408520526i
-0.4997882993274648+0.014548385523491917i,-0.010548573204349106+0.00023172264347265205i
0.24612188782574448-0.43522858297472355i,0.005328988838193768-0.009270030670694256i
0.2451194233326296+0.4357933717337595i,0.005244841487171835+0.009479602750991644i
-0.4997534876996927-0.015698762656522675i,-0.01096697639154545-0.00042106450202177346i
0.27198837855365476-0.41955004649560046i,0.006111199380775957-0.009285600638488756i
0.21831988003857047+0.4498175298608158i,0.004845740463933484+0.010160665774719134i
-0.49788979296914126-0.0458884608183254i,-0.011342423437334367-0.0011234495716045425i
0.29685950836883146-0.4023361376236808i,0.0069133106398293395-0.009238338963884034i
0.19072137950298032+0.46219554816502906i,0.004382388055006407+0.010825766199611508i
-0.4942040354586664-0.0759102276234121i,-0.011670457184365195-0.0018724678696653576i
0.3206442596103044-0.38364985187759726i,0.007730455797487532-0.00912598655097471i
0.16242492039313794+0.47288212841178456i,0.0038553994480228946+0.011469561142517784i
-0.48870970345890896-0.10565419628997116i,-0.01194683151488164-0.002664797826427962i
0.3432555902964318-0.3635595730434295i,0.008557573235571134-0.008946650907983023i
0.13353405560515522+0.48183816230382914i,0.0032658047795214584+0.012086732605348i
-0.48142690386693976-0.13501151665815342i,-0.012167538154691513-0.003496776267649736i
0.3646107526611987-0.342138822919396i,0.009389433549153165-0.008698821091514073i
0.10415451330481965+0.4890308746008544i,0.002615047827084023+0.012672018342866097i
-0.4723822886036439-0.16387475353494008i,-0.012328832365849007-0.004364415616811668i
0.3846315959755249-0.3194659922576263i,0.010220667632786973-0.008381380695490824i
0.074393810007884+0.49443394306281063i,0.0019049824725448+0.013220242629204711i
-0.4616089570791318-0.19213827986084164i,-0.012427257392642808-0.005263422948982561i
0.40324485254539466-0.29562405388765245i,0.011045795699924794-0.007993618811111597i
0.0443608571157629+0.49802759477800734i,0.0011378669458707196+0.013726346765641181i
-0.44914633506310114-0.21969866325960136i,-0.012459667531358003-0.00618922080626848i
0.42038240584017084-0.2707002590714623i,0.011859257091179059-0.007535238894004235i
0.014165562346545313+0.49979867852348475i,0.0003163558702539319+0.014185419173091214i
-0.4350400304034418-0.24645504455630224i,-0.012423249700726228-0.0071369696758774095i
0.4359815397698631-0.2447858182013277i,0.012655440722855479-0.007006365484881703i
-0.016081572480083073+0.4997407128928456i,-0.0005565098601955622+0.014592724914459688i
-0.41934166612108653-0.27230950687866073i,-0.012315543397072885-0.008101592023439175i
0.4499851681991005-0.21797556700891396i,0.013428716023692206-0.006407548740425749i
-0.046269855832075074+0.49785391001542045i,-0.0014773153280463929+0.01494373449439832i
-0.402108691491909-0.2971674339907548i,-0.012134458925795904-0.009077797766314562i
0.4623420438578877-0.1903676195072032i,0.014173464204948583-0.005739766741747954i
-0.07628881154852299+0.4941451747799653i,-0.002442285912793201+0.015234151787171954i
-0.38340417180703085-0.3209378565478409i,-0.011878293808972214-0.010060111064260803i
0.4730069458846185-0.16206300893531594i,0.014884109706946733-0.0050044255585829965i
-0.10602858313499317+0.48862807956573284i,-0.003447303620821001+0.015459940947194828i
-0.36329655758092183-0.3435337850051127i,-0.011545747277548021-0.011042898298040739i
0.48194084531502074-0.1331653180202163i,0.015555151663863894-0.004203357058295727i
-0.13538033579114836+0.48132281457338877i,-0.004487925352138167+0.015617352161372808i
-0.34185943405189523-0.36487252796210246i,-0.011135932765669964-0.012020397100372083i
0.4891110479114163-0.10378029990838758i,0.016181195228013687-0.003338814459768895i
-0.16423665469940646+0.472256113937543i,-0.005559403021256595+0.015702946107617997i
-0.3191712518917155-0.38487599477771584i,-0.010648388334228286-0.012986746298074031i
0.4944913138095989-0.07401549115470266i,0.016756982595076797-0.0024134656432614017i
-0.19249193811707335+0.46146115789128994i,-0.006656705440281078+0.01571361698981305i
-0.29531504010981036-0.4034709813484646i,-0.010083084960556783-0.01393601661937542i
0.4980619535454752-0.04397981818478559i,0.017277423572684195-0.001430384238297183i
-0.22004278383339898+0.4489774513407966i,-0.007774541863396806+0.015646614026017296i
-0.27037810220272995-0.42058943800406723i,-0.009440432641434926-0.014862242016153247i
0.4998099001100536-0.013783198671043023i,0.017737625536471815-0.00039303852254619415i
-0.2467883675772906+0.4348506792942999i,-0.008907387083515355+0.015499561273844813i
-0.24445169666081754-0.4361687185400367i,-0.008721284267003861-0.01575945144737616i
0.49972875676908873+0.016463860718843083i,0.018132922620182686+0.0006947218245794338i
-0.2726308119908739+0.4191325396745841i,-0.010049507963917199+0.015270475684621943i
-0.2176307030013022-0.450151809475903i,-0.007926937233887713-0.016621700967249436i
0.49781882047238346+0.04665066872889173i,0.01845890398957594+0.001828681059318553i
-0.2974755448186151+0.4018805541267704i,-0.011194991280352704+0.014957783286164046i
-0.19001327454998534-0.46248753870008197i,-0.007059132776693034-0.017443105959533092i
0.49408708076708047+0.07666675459731342i,0.018711441053807676+0.0030042747373019477i
-0.3212316450011886+0.3831578575137836i,-0.012337772742246856+0.014560333402716442i
-0.16170047924219397-0.47313076273784216i,-0.006120053008028371-0.018217873358202713i
0.48854719421891857+0.10640227233208681i,0.0188867134725643+0.004216609028940677i
-0.3438121754075322+0.36303296686984954i,-0.013471667055460554+0.014077410829782934i
-0.13279592975751317-0.4820425319570478i,-0.0051123156682571025-0.018940333694098976i
0.48121943443506465+0.13574840270014582i,0.018981233822509352+0.005460481902033659i
-0.3651345009874357+0.34157953065755564i,-0.01459039888348492+0.013508745891132774i
-0.103405404341847-0.4891902331070961i,-0.004038966597268882-0.01960497280742758i
0.47213061787141064+0.1645977514590702i,0.018991870792568605+0.0067304060778096845i
-0.3851205911803594+0.3188760592460864i,-0.01568763455905694+0.012854522315233i
-0.07363645970443689-0.49454770866941694i,-0.002903469951604751-0.02020646306695336i
0.46131400569585546+0.19284474237392074i,0.01891587078413886+0.008020633657689761i
-0.40369730547379606+0.29500563759696735i,-0.016757014393953964+0.012115382878614082i
-0.04359803740646631-0.49809535258276494i,-0.0017096962012465172-0.02073969393846588i
0.4488091820667049+0.22038600358094884i,0.018750877799508105+0.009325182309571972i
-0.4207966610661572+0.2700556212087637i,-0.017792185431223104+0.011292432774225793i
-0.013400065181702503-0.4998201819929901i,-0.00046190795120472583-0.02119980174756892i
0.43466190927164094+0.24712074588425254i,0.018494951509515252+0.010637862894484974i
-0.43635608165464934+0.24411731643344703i,-0.01878683448132136+0.010387240673603606i
0.016846945351830622-0.49971588476471024i,0.0008352563563006165-0.02158219848508416i
0.4189239602573887+0.2729511316009767i,0.01814658339976746+0.01195230840701132i
-0.450318626437687+0.21728564633433378i,-0.019734721281587597+0.00940183746261794i
0.04703230311694534-0.4977828425810188i,0.0021768007928570253-0.021882599507268445i
0.4016529291629519+0.29778263260524274i,0.017704710903514644+0.01326200409603099i
-0.462633198493787+0.18965880330841212i,-0.020629711617185246+0.008338712641644744i
0.07704554265912616-0.49402812954668807i,0.0035573922717270475-0.022097049987723265i
0.3829120205497824+0.32152437626052055i,0.017168729438531087+0.014560318626083625i
-0.4732547317743736+0.1613378897443115i,-0.02146581024109607+0.007200808392147773i
0.10677682840268446-0.4884654862999821i,0.0049713827664083195-0.022221949983189535i
0.3627698181002099+0.3440894779744761i,0.016538502275005383+0.01584053613404612i
-0.48214435602617245+0.13242654803095089i,-0.022237193431001917+0.005991511322836132i
0.13611735660182542-0.4811152697278167i,0.006412833324299988-0.022254077981430184i
0.3413000336306007+0.36539535915929167i,0.015814368171463544+0.017095889030852157i
-0.48926953903965714+0.10303058127087623i,-0.022938241021828887+0.00471464191969981i
0.1649597535156629-0.4720043784682919i,0.007875539770860881-0.02219061280601881i
0.3185812373377449+0.3853640494338558i,0.014997146726119905+0.01831959139375059i
-0.4946042057029735+0.07325756608631431i,-0.02356356775451816+0.003374441735294541i
0.19319846835002702-0.46116615447321924i,0.009353059991116186-0.022029153760123852i
0.29469657026565677+0.40392247196189507i,0.014088141401678429+0.019504872791029946i
-0.49812883342565745+0.043216458934904264i,-0.024108053784053493+0.001975558363587771i
0.22073015952807185-0.4486402609908885i,0.01083874266728582-0.021767738899159953i
0.2697334400450358+0.4210027108818316i,0.013089140192472261+0.020645012378328963i
-0.4998305235829385+0.013017197375824515i,-0.024566874193016456+0.000523028257421952i
0.24745407287609417-0.43447253741560155i,0.012325757343827523-0.02140486133055911i
0.24378320101885204+0.43654225984968886i,0.012002413913876122+0.021733373103565126i
-0.49970304871916954-0.017229702254490838i,-0.024935527360917382-0.0009777425438175435i
0.2732724103405678-0.41871483153516265i,0.013807125684229987-0.02093948344776406i
0.21694081992465813+0.45048425078548454i,0.010830712105113584+0.022763435856200897i
-0.49774687533764267-0.04741354928471225i,-0.02520986204421544-0.0025209996984987787i
0.2980906878870468-0.401424809790226i,0.01527575377757789-0.02037104901487574i
0.1893045283570873+0.4627776619859949i,0.009577256547826072+0.02372883339599883i
-0.4939691621933869-0.0774238837889657i,-0.025386103027318398-0.004100663771259461i
0.3218180812711807-0.3826657462398739i,0.01672446534721662-0.019699493028113985i
0.16097546328237639+0.4733775048422936i,0.008245732414068275+0.02462338389660871i
-0.4883837340951969-0.10715088082275409i,-0.025460875210894088-0.005710355268452417i
0.3443677584164695-0.3625062910057147i,0.018146035708831387-0.018925249290410173i
0.13205729692047477+0.4822449884787504i,0.006840277068653406+0.02544112394032887i
-0.48101103131276673-0.13648575233512025i,-0.025431226010497635-0.007343421394102673i
0.36565719718239653-0.34102021904190166i,0.019533226320922224-0.018049255645860296i
0.10265585734921312+0.48934766171098887i,0.005365466561958447+0.026176340802086563i
-0.4718780347740753-0.16532114528622363i,-0.02529464594583056-0.008992964411305038i
0.38560848736004716-0.3182861601504635i,0.02087881976704331-0.017072956831546564i
0.07287874121895818+0.49465953180329336i,0.003826299860359921+0.02682360386319457i
-0.46101816732676854-0.19355153451339227i,-0.02504908730882241-0.01065187148581864i
0.40414861579003475-0.29438731122997475i,0.02217565500630184-0.015998304915193367i
0.04283491999505015+0.49816115959086593i,0.002228180872361402+0.02737779499867952i
-0.4484711714248826-0.22107360890792904i,-0.024692980807139955-0.01231284588099942i
0.42120973355932884-0.2694111318106136i,0.023416662726459217-0.014827757298292157i
0.012634341169008328+0.49983973061882736i,0.0005768983391181798+0.027834137785940898i
-0.4342829636885186-0.24778664948943133i,-0.02422525008868474-0.013968439366166461i
0.4367294042991581-0.24344902398981716i,0.024594900632610925-0.01356427227563346i
-0.01761247410210165+0.49968910203762185i,-0.0011213963315446099+0.028188225387220035i
-0.4185054668687183-0.27359289799403197i,-0.023645324062047394-0.015611085694073875i
0.4506508326753227-0.21659599793983234i,0.025703588503821668-0.012211302153574865i
-0.04779483545566862+0.49770982508321004i,-0.0028602131984857594+0.028436046963728222i
-0.4011964198324807-0.2983979146276897i,-0.022953146937702184-0.017233134997355126i
0.462923072234743-0.18895032421126215i,0.026736142850226144-0.010772783940781834i
-0.0778022884027576+0.4939091430597822i,-0.004632749789143879+0.0285740124853806i
-0.38241916626328876-0.3221109236753041i,-0.022149185924980563-0.018826888948696135i
0.47350121184761235-0.1606131741050259i,0.027686211004071676-0.009253127636597634i
-0.10752501854413402+0.48830096483237323i,-0.006431918861895318+0.028598975806785023i
-0.3622424228504129-0.3446451457008728i,-0.021234436530405763-0.02038463652507065i
0.4823465400628569-0.13168824942881846i,0.028547704479863035-0.007657202153515442i
-0.13685425344383556+0.4809058139263863i,-0.008250377811979008+0.028508255887505038i
-0.3407400278153211-0.3659181151229849i,-0.0202104254138298-0.02189869021264818i
0.48942668677543316-0.10228140299300034i,0.02931483144125037-0.005990318921446426i
-0.16568266068960502+0.4717507534202977i,-0.010080559595805647+0.028299656042533913i
-0.31799067069547715-0.3858519820034553i,-0.019079210769922677-0.023361422486035763i
0.4947157416870196-0.07250025123474207i,0.02998212811553053-0.004258213232502224i
-0.19390474068345373+0.46086928690640516i,-0.011914705040704444+0.02797148111742244i
-0.29407760437440583-0.40437379694468745i,-0.01784338021385156-0.024765302393274877i
0.49819434912658783-0.04245378038805038i,0.030544489000600916-0.0024670233958351035i
-0.22141721272491263+0.44830123588205856i,-0.013744896399973927+0.027522552491524247i
-0.26908834041187-0.42141577805316055i,-0.01650604616142577-0.026102932076569742i
0.49984977888385274-0.012251947640926623i,0.030997195713895555-0.0006232677826024047i
-0.24811939297406993+0.43409259402007055i,-0.015563092006546746+0.026952220822292934i
-0.24311432878911893-0.43691555899206824i,-0.01507083870552843-0.027367083058044167i
0.49967597279637743+0.01799472126075034i,0.03133594433827054+0.001266180148650863i
-0.2739135629112142+0.4182953588516134i,-0.017361161872647458+0.026260376453528387i
-0.21625062324120592-0.45081641721534604i,-0.013541896002203103-0.028550732119904457i
0.49767356691984843+0.04817553649001881i,0.03155687112585989+0.0031941187460631224i
-0.29870532694467683+0.4009673414775706i,-0.01913092407757906+0.025447457420774543i
-0.18859553340111293-0.4630674815478455i,-0.011923852191345315-0.029647096609282716i
0.4938498892003838+0.07818004921609498i,0.031656576427721766+0.005153046868419875i
-0.32240395785818643+0.38217195500471957i,-0.020864181781202213+0.024514454997751834i
-0.16025026502868622-0.47362391835200246i,-0.010221822888433327-0.030649668999680198i
0.48821893265739713+0.10789845579969151i,0.03163214672443959+0.007135194280477041i
-0.344922728833541+0.3619779824809762i,-0.02255276069687736+0.02346291673869556i
-0.13131854964099068-0.4824470955997088i,-0.008441388295109565-0.03155225054335559i
0.4808013041751507+0.1372219996272121i,0.03148117464088246+0.00913255361264923i
-0.3661792308335419+0.34045932517895966i,-0.024188546854512518+0.02229494698269552i
-0.10190626489947677-0.4895047242489553i,-0.006588573987637825-0.03234898385220988i
0.47162414909040284+0.16604336911328077i,0.031201776836841034+0.011136913750143725i
-0.38609567418370144+0.3176947321490514i,-0.025763524482052935+0.021013204797563384i
-0.0721210471431796-0.4947709764078679i,-0.0046698294532484495-0.033034384248653466i
0.4607210518521269+0.1942570904150892i,0.030792609674356562+0.013139894509264451i
-0.4045991732490664+0.2937675120316683i,-0.027269813832178535+0.01962089935235069i
-0.042071897485913806-0.4982265798537069i,-0.002692004455101496-0.03360336973264367i
0.4481319131168407+0.2217599134213938i,0.030252882572158288+0.015132982451894964i
-0.42162201316436054+0.2687652281833929i,-0.028699708780200638+0.01812178271932022i
-0.011868782918977666-0.4998588885609312i,-0.0006623233170028268-0.034051289416465624i
0.4339028037293282+0.24845118960361035i,0.029582368967614313+0.017107567683067287i
-0.4371018976413298+0.2427793782326685i,-0.030045714019145096+0.01652014011791521i
0.018377766120839523-0.49966192898022377i,0.001411642770962533-0.03437395028495697i
0.4180857961231208+0.27423324034623237i,0.028781414817057344+0.019054981471126883i
-0.45098217694642134+0.2159050592377482i,-0.03130058167880863+0.014820777624992888i
0.04855706024521922-0.4976364218991197i,0.0035220053150936824-0.03456764214561404i
0.4007387737577382+0.2990117144086423i,0.02785094457613305+0.020966534525288155i
-0.46321205521449493+0.18824061967227462i,-0.03245734719716418+0.013029007387275573i
0.07855865618996832-0.4937897798042313i,0.005660589829094055-0.03462916064048717i
0.38192521929007006+0.3226959332101587i,0.026792464612910356+0.02283355576140106i
-0.47374677633988993+0.15988729951207659i,-0.03350936427483098+0.011150630383517893i
0.10827276098996752-0.48813607975473017i,0.007818968764827832-0.034555828199739395i
0.36171398225509577+0.34519922267472425i,0.025608064017882792+0.024647431383507067i
-0.4825477877645625+0.13094885974030634i,-0.03445033874650357+0.00919191679531642i
0.13759063377430228-0.4806960118663514i,0.009988495926102077-0.034345512825412115i
0.34017902710613585+0.36643923042082543i,0.024300412786543032+0.026399644106305117i
-0.4895828815639026+0.10153120262677409i,-0.03527436120709545+0.007159584056642031i
0.1664049837111809-0.47149680359444973i,0.012160342221201574-0.033996644603048735i
0.3173991625366971+0.3863382271358649i,0.022872757361973087+0.028081812341937337i
-0.49482631231391533+0.07174198417109089i,-0.03597593823503448+0.005060772663128748i
0.19461036264633227-0.46057212009319815i,0.014325532602985568-0.03350822984850094i
0.29345775307447663+0.4048233910320863i,0.021328913536745077+0.029685729173608368i
-0.49825889130842327+0.041690220127914054i,-0.036550022060516774+0.0029030198327369768i
0.22210355099799461-0.4479619410155727i,0.01647498403908475-0.032879862807346213i
0.2684424140029697+0.4218270743430633i,0.019673256725325+0.031203400938443624i
-0.49986805678149526+0.01148588705607233i,-0.0369920385326243+0.0006942311196688345i
0.2487839354962845-0.43371241420498047i,0.01859954434913887-0.032111734834887225i
0.24244469072713323+0.43728705088549213i,0.01791070963010493+0.0326270852426612i
-0.49964791987811913-0.018760480148440093i,-0.0372979132459731-0.0015573499067605661i
0.27455387738458414-0.4178756868139585i,0.020690031741116246-0.031204640995597683i
0.21555972375649465+0.45114674378031616i,0.016046727336027026+0.033949328233629124i
-0.49759928620488325-0.048938192762743485i,-0.03746409569501071-0.0038431737972150462i
0.299319069735486-0.4005097144679759i,0.022737274874610365-0.030159984032108695i
0.187885900531718+0.4633554324998216i,0.01408727988056503+0.035163000955649094i
-0.49372965288180204-0.07893681331029326i,-0.03748758133211958-0.0061544190414250565i
0.3229888825736723-0.38167804917271775i,0.02473215327558926-0.028979775665337448i
0.15952449536879745+0.4738684384830013i,0.012038832357395557+0.03626133461935965i
-0.48805318110607493-0.10864655971464703i,-0.037365931414337306-0.008482027432973084i
0.3454766945427294-0.36144960674102i,0.026665637924435145-0.027666635199078762i
0.13057929883852568+0.4826472886399127i,0.009908322623525121+0.03723795461850839i
-0.48059064432818177-0.1379587070547473i,-0.03709729053272-0.010816740833721139i
0.36670020990213426-0.33989841459057135i,0.028528831837274463-0.02622378541429527i
0.10115623793754888+0.4896598561466742i,0.007703136690768012+0.03808691313241735i
-0.4713693522299696-0.16676598545147137i,-0.03668040172807001-0.013149139184663492i
0.3865817596943469-0.317103340835335i,0.03031301045949845-0.02465504575035559i
0.07136298844102124+0.49488047801585433i,0.005431081893301517+0.038802720157807155i
-0.4604230507829382-0.19496297262935014i,-0.036114619106965166-0.015469679603526906i
0.4050485859798604-0.29314780566210086i,0.03200966169016383-0.02296482278255314i
0.04130858085547934+0.4982900490119899i,0.0031003579335113136+0.03938037281973041i
-0.4477917987524669-0.2224464797168515i,-0.03539991788264086-0.017768736403598686i
0.4220331081000336-0.2681194760484037i,0.03361052535647866-0.021158098017371313i
0.01110300141398246+0.4998760915685495i,0.0007195259183950209+0.03981538281807958i
-0.4335218210999262-0.2491159288733643i,-0.03453690177628459-0.020036641863173874i
0.43747316999329744-0.2421099449390101i,0.03510763195894559-0.019240413038995482i
-0.01914321042629702+0.49963280145047173i,-0.0017025244915762241+0.040103801873601436i
-0.41766533981915743-0.27487372136092825i,-0.03352680772566434-0.022263727570658007i
0.45131226765966437-0.2152143960550501i,0.03649334050989385-0.017217852052574083i
-0.04931936651104604+0.4975610689951735i,-0.004156609690126624+0.04024224504540327i
-0.4002803828263885-0.2996255947137283i,-0.03237150785962262-0.02444036616671662i
0.4634997559411179-0.18753125556244934i,0.03776037529108386-0.015097021881533081i
-0.07931503505995022+0.49366847585429835i,-0.006633288349786067+0.04022791180058903i
-0.3814305716029639-0.32328096769826375i,-0.03107350870887909-0.026557013302068083i
0.47399103386115526-0.1591618318744035i,0.03890186135981569-0.012885029487911015i
-0.10902044479961479+0.48796926724812506i,-0.00912289911583672+0.04005860472593655i
-0.36118488836802876-0.3457532718017873i,-0.029635947635609117-0.02860424962744196i
0.48274770784521925-0.13020994490606558i,0.03991135863748432-0.010589457096026126i
-0.1383268866793143+0.4804842998341744i,-0.011615599614611097+0.03973274578128745i
-0.33961742363321223-0.36696026803590875i,-0.028062586476490195-0.03057282263099062i
0.4897377322247043-0.10078154613821394i,0.040782894419795206-0.008218335010885832i
-0.1671271116994622+0.4712409653807951i,-0.01410140661442845+0.03924939000456599i
-0.3168071050631525-0.38682434789599673i,-0.02635780240617013-0.03245368813802425i
0.494935526510349-0.0709843308803044i,0.041510994153872355-0.005780112233468549i
-0.19531572339692047+0.4602730905250463i,-0.016570237171385914+0.03860823658908434i
-0.2928374086341191-0.4052728173749983i,-0.024526576040408293-0.034238051288292944i
0.49832206900584924-0.04092734415185849i,0.04209071033418876-0.003283624985324i
-0.2227895635508211+0.44762081298172496i,-0.019011950586894328+0.03780963726486718i
-0.2677960531477653-0.42223816299230604i,-0.022574476810440256-0.03591740680727937i
0.49988496641910246-0.01072058162449142i,0.04251764937667261-0.0007380632648251277i
-0.2494480896973807+0.4333304346565544i,-0.021416390999246058+0.03685460192722234i
-0.24177467921796095-0.43765829886412094i,-0.020507645652279388-0.037483578389950825i
0.4996184992163383+0.0195254129150381i,0.04278799633838229+0.0018470644332234602i
-0.27519374307216765+0.41745425220108257i,-0.023773430427645802+0.035744801467506394i
-0.21486851390547626-0.4514767939111421i,-0.01833277506674794-0.038928757018249764i
0.4975236425531567+0.04969995210764418i,0.0428985373588487+0.004461968094063073i
-0.29993230563330986+0.40005036562938123i,-0.026073012084096965+0.03448256777310015i
-0.18717602222780896-0.4636430783720979i,-0.016057086617890532-0.04024553803724589i
0.49360806270587765+0.07969261009014376i,0.04284667970839854+0.00709661470671278i
-0.32357324485909134+0.38118246569693i,-0.028305193766260776+0.03307089087579601i
-0.15879854681947878-0.474112628867368i,-0.013688305949054954-0.04142695681925885i
0.48788608901625957+0.10939362660652321i,0.04263046933864338+0.009740768178482509i
-0.3460300450581273+0.36091960081978536i,-0.030460191142948755+0.0315134132401692i
-0.12983993706147917-0.4828471313354454i,-0.011234635407249248-0.042466522850443354i
0.48037866145225894+0.1386943086833688i,0.04224860584057819+0.012384030476774591i
-0.367220523979664+0.339335924387013i,-0.03252842074328505+0.0298144211959703i
-0.1004061690371135-0.4898146212459569i,-0.008704724377373858-0.04335825208027835i
0.47111325397673376+0.16748742839950037i,0.041700454726560914+0.015015883828377275i
-0.38706713356534483+0.31651042339110785i,-0.034500542460770826+0.02797883353109041i
-0.0706049577050121-0.49498960057612673i,-0.006107637438535528-0.04409669738103223i
0.46012377400453125+0.19566761529414325i,0.040986056963594+0.017625733800833036i
-0.40549724374182405+0.29252662936950236i,-0.03636750138447127+0.02601218727410536i
-0.04054536270861284-0.4983531311225958i,-0.0034528204647775096-0.04467697697164733i
0.44745043831590176+0.2231317419775918i,0.04010613569692571+0.020202953085613654i
-0.4224434082156613+0.26747231271498784i,-0.0381205687714515+0.023920620707861686i
-0.01033738926467212-0.49989290380711915i,-0.0007500648022415398-0.04509480066850502i
0.4331396258803432+0.24977930153319605i,0.039062100114860554+0.022736925798730087i
-0.4378436112978112+0.24143916147374722i,-0.03975138197717105+0.02171085366781816i
0.01990841440861596-0.4996032837225085i,0.001990530336101419-0.04534649383420802i
0.4172437081294775+0.27551277532954044i,0.037856046417816834+0.02521709211109716i
-0.45164149485442795+0.2145224458064561i,-0.04125198316410641+0.019390165191008262i
0.05008136165065438-0.49748533075397483i,0.004758597108441442-0.04542901890476183i
0.39982085730008754+0.30023798989678263i,0.03649075586704127+0.02763299301845166i
-0.4637865645534485+0.18682066934038258i,-0.042614856613082286+0.016966368593353508i
0.08007103242411584-0.49354679570040316i,0.0075435397572161415-0.04533999438539186i
0.38093483354869667+0.3238644615611357i,0.034969689900934964+0.029974315058952542i
-0.4742343746521768+0.158435208688387i,-0.043832964466898564+0.014447784064657201i
0.10976767740488963-0.4878020919097551i,0.010334576632343526-0.04507771121555821i
0.36065475161676097+0.3463057275762804i,0.03329698231956126+0.032230934785713254i
-0.4829466906496264+0.12946994245402804i,-0.04489978074164098+0.011843208881872526i
0.13906261961750616-0.48027224253240186i,0.01312078335305892-0.04464114641458615i
0.3390548279003772+0.367479662539909i,0.03147742855063756+0.034392962801484836i
-0.4898916292083848+0.10003087108045541i,-0.045809323447642034+0.00916188535212676i
0.1678486521462249-0.47098480358541484i,0.015891136930922138-0.04402997393059045i
0.3162141088501255+0.3873087789374513i,0.029516472022981566+0.03645078716352802i
-0.49504377483394496+0.0702257289342813i,-0.046556184669334914+0.006413466607405014i
0.19602043046633585-0.45997376310937205i,0.018634560671394636-0.043244572626989i
0.29221618169498553+0.4057205107131216i,0.027420187686034356+0.03839511596835476i
-0.49838427288450704+0.04016359004403633i,-0.04713555846122802+0.0036079803827668705i
0.22347485795990701-0.44727941678671423i,0.02133996966703466-0.04228603135296938i
0.2671488685489522+0.4226474788305393i,0.025195262726622338+0.040217018928484956i
-0.49990089857087594+0.009954468936036699i,-0.04754326642583179+0.0007557909194145466i
0.25011146320516053-0.4329482204768425i,0.023996316691725503-0.04115615105645653i
0.2411039050197893+0.4380277378510846i,0.02284897454647724+0.04190796775668397i
-0.4995881016939425-0.02029108197156595i,-0.04777578084864299-0.0021324408572320876i
0.2758327676587557-0.4170326202076105i,0.02659263830261719-0.03985744391070995i
0.21417660449607678+0.45180500262761786i,0.020389166076168235+0.043459875177253866i
-0.4974470269560307-0.05046237694318826i,-0.04783024527509561-0.005045798726025775i
0.3005446423854216-0.39959086024537105i,0.029118100954472596-0.03839312943833337i
0.18646550934111428+0.4639288542839621i,0.017824218513001967+0.044865132388864415i
-0.4934855097717779-0.08044900198810367i,-0.04770449242476291-0.007973153959118988i
0.32415665252946296-0.3806867699459584i,0.03156204692999741-0.036767127629319454i
0.15807203027016428+0.47435492472635077i,0.015163021581960754+0.046116644809117785i
-0.487718047593881-0.11014121892826076i,-0.04739705934896641-0.010903209338589659i
0.34658238826751814-0.36038953016664044i,0.033914039889461504-0.03498404906260878i
0.12910007523075742+0.4830450590116097i,0.012414941429942778+0.047207865937471796i
-0.4801657468586405-0.13943036699291828i,-0.04690719974926917-0.01382454422150068i
0.3677397810314284-0.33877342009387157i,0.03616390984347268-0.03304918205359619i
0.09965566914419907+0.489967454977873i,0.009589786274302872+0.04813282918035863i
-0.47085624574546275-0.16820926047043047i,-0.04623489338604222-0.016725660468799388i
0.38755140384397463-0.31591754541334977i,0.038301797354197885-0.0309684768628239i
0.06984656589986155+0.4950967796268472i,0.006697769936953515+0.048886177490204234i
-0.45982361303298475-0.19637258096195054i,-0.0453808525183831-0.019595029048738735i
0.40594475466838453-0.2919055488171567i,0.04031819677257403-0.028748527013926554i
0.03978185402219467+0.4984142618317129i,0.0037494734050501277+0.04946319067862962i
-0.44710822342196593-0.2238172628015695i,-0.04434652532905929-0.02242113712164604i
0.4228525217346704-0.2668253039074033i,0.04220399832216327-0.026396547781452957i
0.009571557453544571+0.4999077610313919i,0.0007558045684588263+0.04985981027331908i
-0.4327566097812114-0.25044287023242007i,-0.04313409630077212-0.02519253540975286i
0.4382128298718187-0.2407685936165586i,0.04395052884422101-0.023920351921659148i
-0.020673767086255873+0.49957181165979114i,-0.002272043707212714+0.050072661797823936i
-0.4168212928572437-0.27615196495844263i,-0.04174648352287603-0.027897885653565407i
0.4519694669443612-0.21383077432130895i,0.0455495910232896-0.02132832273146268i
-0.050843434690032385+0.4974076431474287i,-0.005322637005321712+0.05009907436395609i
-0.39936058907090927-0.3008504627267289i,-0.04018733292071154-0.030526007954867533i
0.4640720895646639-0.1861104268791432i,0.046993500918189754-0.018629384532627833i
-0.08082703732252605+0.49342317542224506i,-0.00838434410665819+0.04993709747729691i
-0.3804383971043086-0.3244479776355099i,-0.03846100941268736-0.03306592780583426i
0.47447640732812135-0.1577089958647242i,0.04827512362953544-0.015832970689684037i
-0.11051484786641791+0.48763298992606674i,-0.011445382881180508+0.04958551496768391i
-0.3601239640590427-0.3468581529077643i,-0.036572585013474664-0.03550692260411329i
0.4831443448970285-0.1287304183262827i,0.049387906942021866-0.012948989281171375i
-0.13979822167648573+0.48005827625278696i,-0.014493867136731047+0.04904385596833956i
-0.3384916320415404-0.36799897691995986i,-0.034527823914651874-0.037838567454820934i
0.4900441813399749-0.09928074342062863i,0.05032591278749257-0.009987786554362556i
-0.1685699941723776+0.4707267546035463i,-0.017517854233424588+0.04831240287945331i
-0.31562056610285505-0.38779308332939777i,-0.032333164587206954-0.040050780062473444i
0.4951506662168406-0.06946774431875086i,0.05108384638323877-0.006960108303705214i
-0.19672487301498306+0.45967257434269265i,-0.020505393268181963+0.047392196264498254i
-0.2915944645285536-0.40616803420182357i,-0.029995698963127676-0.04213386451868891i
0.49844511198456926-0.039400523802265594i,0.0516570829091758-0.003877059322738189i
-0.22415982343120539+0.44693618902576504i,-0.023444573630473826+0.04628503664031062i
-0.2665012525389131-0.4230565851031767i,-0.02752314876601731-0.04407855379525679i
0.49991546238555634-0.009189114994060294i,0.052041691597220927-0.0007500610881555811i
-0.25077444527701054+0.4325642083568414i,-0.026323573727788107+0.04499348313496507i
-0.24043276052035023-0.4383969311853606i,-0.024923839073082328-0.045876050756654005i
0.49955633656837695+0.021055921315712458i,0.05223445711660228+0.0024091921570270204i
-0.2764713404588648+0.41660922761702557i,-0.029130709677597674+0.04352084900057163i
-0.21348438796561764-0.45213293336546023i,-0.022206669202975177-0.04751806751149072i
0.49736904877939264+0.05122390127467663i,0.05223289814963457+0.0055887787466589196i
-0.3011564693689565+0.3991296351882916i,-0.03185448376175164+0.04187119398137925i
-0.1857547543526053-0.4642143237706924i,-0.019381081035729997-0.04899686292845372i
0.4933616035531746+0.08120442302362907i,0.052035283063891116+0.008776596179558097i
-0.32473949502979926+0.38018939887706416i,-0.03448363243924906+0.040049313550882926i
-0.1573453382393756-0.4745968896972462i,-0.01645702488243888-0.05030527814925795i
0.48754866641934147+0.11088777071996236i,0.05164064259852297+0.011960408764950409i
-0.34713411368880126+0.3598578318195013i,-0.03700717371415086+0.0380607250448768i
-0.1283601058961939-0.48324263540980417i,-0.013444923033180959-0.05143676993875529i
0.479951510233016+0.14016531605056104i,0.05104877949463913+0.01512789613230768i
-0.3682583706529583+0.3382093388251633i,-0.039414453657250305+0.03591165073068308i
-0.09890513083359945-0.490119921189626i,-0.010355631122164817-0.05238544172069529i
0.4705979373253041+0.16892991576480648i,0.05026027501226425+0.018266702408064342i
-0.38803496020785677+0.3153231440873427i,-0.04169519188260924+0.033608997865831734i
-0.06908820561888071-0.4952035791223404i,-0.007200397458893079-0.05314607215667668i
0.45952217775869664+0.19707630377289065i,0.04927649228918613+0.021364485857957267i
-0.40639150852341205+0.29128300125651885i,-0.04383952578359182+0.03116033581245291i
-0.03901844740154231-0.4984750052017102i,-0.003990820483414912-0.05371414113550059i
0.44676476405972965+0.224501476374527i,0.04809957651015125+0.024408968790813123i
-0.42326083851102414+0.2661768869379413i,-0.04583805333733187+0.0285738702863198i
-0.00880589859136735-0.49992222741231007i,-0.0007388045123978443-0.05408585305040679i
0.4323723828873346+0.25110506920828657i,0.04673245186805668+0.027387987517565618i
-0.4385812156628909+0.24009667873501264i,-0.04768187429167707+0.025858414831898748i
0.021438875849573547-0.4995399495419661i,0.0025434860493345063-0.05425815725249938i
0.41639770417970273+0.27678972454208645i,0.0451788153122671+0.03028954215808822i
-0.45229657397381257+0.21313781901669276i,-0.04936262955458836+0.02302335962684696i
0.05160519302723196-0.49732957056361826i,0.005843673849852226-0.05422876558005135i
0.39889918840491606+0.30146144756070525i,0.043443127092609043+0.033101846088122576i
-0.46435672111870707+0.1853989656393889i,-0.050872538612734726+0.020078637731098217i
0.08158265716747079-0.49329917951568025i,0.009149216895342429-0.053996166875138404i
0.37994087262072446+0.32502995034646665i,0.041530598121074944+0.03581337481912997i
-0.47471752213497914+0.15698163090154416i,-0.05220443481344935+0.017034688906883984i
0.11126156361721803-0.4874635258996304i,0.012447457825329418-0.05355963841133579i
0.3595921361263975+0.34740898229426814i,0.03944717418675128+0.03841291410536195i
-0.483341060937542+0.12798981005219134i,-0.05335179835246257+0.013902421146834173i
0.14053330031641484-0.47984396570316706i,0.01572567395878421-0.052919254168782744i
0.33792744656426565+0.3685166457517791i,0.03719951707278614+0.04088960707473785i
-0.4901957790754152+0.09852960071297472i,-0.05430878681872739+0.010693170057471259i
0.16929074527154025-0.4704683832464581i,0.018971127907921707-0.05207588990586796i
0.3150260874001084+0.3882756957296988i,0.034794982637435114+0.04323300018332229i
-0.4952565912221112+0.06870881460638888i,-0.055070263157202426+0.007418656255077518i
0.19742865857613426-0.45937108913749725i,0.022171118553167765-0.051031224989924746i
0.29097186777969686+0.4066138225852668i,0.03224159593415647+0.04543308779720137i
-0.4985049769771647+0.038636583011145295i,-0.05563182092066056+0.0040909409398832i
0.2248440675436878-0.4465926947100035i,0.02531303217042313-0.049787740962763734i
0.2658528158232888+0.42346391664452027i,0.029548023458472312+0.04748035521050555i
-0.49992904864284965+0.008422957388528877i,-0.05598980669236389+0.0007223798228789293i
0.2514366435434825-0.4321799634033706i,0.028384393500155026-0.048348716830360336i
0.23976085648048953+0.43876431379489966i,0.02672354262165258+0.049365819913948075i
-0.49952359472804997-0.021821493358718413i,-0.056141339572744246-0.002674424412826325i
0.2771090691603192-0.41618563962854693i,0.03137291654723648-0.04671822107969444i
0.21279147512438684+0.45245902114943526i,0.02377800856333089+0.05108107093483173i
-0.4972900990200823-0.05198608752112796i,-0.05608432763500974-0.006086670927281989i
0.3017673943344923-0.3986682557461293i,0.034266554900629784-0.044901100439348286i
0.1850433681160671+0.4644979219566826i,0.02072181842666881+0.0526183060767159i
-0.4932367351546692-0.08196043563005906i,-0.0558174812668856-0.009501410620673566i
0.3253213801786858-0.3796919178630438i,0.03705355136318179-0.042902965414162754i
0.1566180816182911+0.47483695900652384i,0.017565873230847486+0.05397036689498813i
-0.4873783367039416-0.11163484443577709i,-0.05534032332825063-0.012905596911746647i
0.34768482921357297-0.35932607123170734i,0.039722486683741405-0.040730172637793396i
0.12761963998012052+0.48343829586064846i,0.01432153748617611+0.05513077125332534i
-0.4797363428919312-0.14090071833766976i,-0.05465319606747213-0.01628613719291384i
0.36877590081359646-0.33764524611020824i,0.042262327186734894-0.038389804100439295i
0.09815416505244484+0.4902704553176789i,0.011000596707141557+0.0560937433154773i
-0.47033872013621075-0.16965095679753855i,-0.05375726475245195-0.019629944753637166i
0.3885174107085337-0.31472878501354834i,0.044662471098057155-0.03588964332224941i
0.06832948782755285+0.495308434606218i,0.007615212988063417+0.056854240836849326i
-0.4592198597028091-0.197780346281603i,-0.05265451798587862-0.02292399096088296i
0.4068371134447996-0.29066055235409016i,0.04691279337075782-0.033238148555894874i
0.03825475382397894+0.4985337968842616i,0.004177878814765738+0.057407979631071165i
-0.446420451848937-0.22518594529687874i,-0.051347764687859426-0.026155357483527875i
0.42366796677280094-0.2655286275338009i,0.04900368881943925-0.03044442311447016i
0.008040023660748546+0.49993473871012806i,0.0007013692936621011+0.05775145509794028i
-0.43198733691411023-0.2517674611128627i,-0.049840627742845804-0.029311288346557305i
0.43894837699279676-0.23942498261144224i,0.05092611337854386-0.02751818293320666i
-0.022204129717251636+0.4995061332379891i,-0.0028013070130392323+0.0578819607109081i
-0.41597333390460806-0.27742761678988176i,-0.04813753432163984-0.032379241600797526i
0.4526224243614047-0.21244514572430828i,0.05267162330679253-0.024469721485366122i
-0.05236702568879703+0.497249548979924i,-0.006316958450793567+0.057797603374479124i
-0.3984370471985804-0.3020725071709438i,-0.04624370290303562-0.03534694039462625i
0.4646400677338616-0.18468785149624145i,0.054232412167826094-0.021309872184135544i
-0.08233828099989673+0.4931732440658403i,-0.009832261633914645+0.05749731557449473i
-0.3794426520791747-0.3256119425343098i,-0.04416512703348593-0.03820242323581776i
0.4749573276931382-0.15625467971128407i,0.055601345425681264-0.018049968413256803i
-0.11200821371912856+0.48729213602226135i,-0.013333813598665723+0.05698086425731611i
-0.35905965988054367-0.3479597786491683i,-0.041908555876781904-0.04093409323419041i
0.48353644749572905-0.12724968357526462i,0.0567719925030201-0.014701801339482344i
-0.14126824462643583+0.47962774718058165i,-0.016808184538343363+0.05624885638717464i
-0.33736266360619294-0.36903423202654845i,-0.039481471619281415-0.04353076611918262i
0.49034603124513004-0.09777900892572183i,0.057738656159906095-0.011277575669704212i
-0.17001129456647263+0.4702081259145715i,-0.020241970907291126+0.055302741144527316i
-0.31443106495060336-0.3887581792117901i,-0.03689206380938445-0.04598171683075455i
0.4953611587873448-0.06795050578369444i,0.058496399061528245-0.0077898635247061i
-0.19813217631235566+0.45906774399536576i,-0.023621848678438685+0.054144808742013585i
-0.29034878372310713-0.40705943902328834i,-0.034149200722984045-0.04827672448719424i
0.4985634769079535-0.0378733336689321i,0.05904106741436794-0.0042515566098865745i
-0.2255279795057714+0.4462473704395773i,-0.026934626537543714+0.052778185848473554i
-0.2652039507374004-0.4238710367046393i,-0.03126239785923751-0.05040611553938433i
0.4999412664970006-0.007657562122900531i,0.05936931156200761-0.0006758168710288223i
-0.2520984472647201+0.43179392231219194i,-0.03016729879681756+0.051206827625504686i
-0.23908858529059063-0.4391314490235045i,-0.02824178368315792-0.052360804927900594i
0.49948948543590804+0.02258623209849954i,0.059478603443910316+0.0029239741699494024i
-0.2777463430806762+0.41576029303024775i,-0.03330709781097045+0.04943550639495985i
-0.21209825841206126-0.452784829420237i,-0.025098062743383855-0.05413233506687456i
0.4972097870494643+0.05274736968840237i,0.05936725083312874+0.0065342671981269635i
-0.30237780666247716+0.39820515879562857i,-0.036341545680024664+0.0474697969698249i
-0.18433174311452102-0.4647812123823214i,-0.02184247630470277-0.05571291248694132i
0.49311051405536654+0.08271547382773911i,0.05903440828183999+0.010141397801187505i
-0.325902697424707+0.37919276386534784i,-0.0392585050254101+0.04531605869472488i
-0.15589065292716905-0.47507669629670524i,-0.018486760645639748-0.05709544197861135i
0.4872066680334535+0.11238087411702413i,0.05848008471699496+0.013731639866609047i
-0.3482349243635518+0.35879268544514i,-0.042046228628969604+0.042981414256038845i
-0.1268790700337884-0.48363360411086187i,-0.015043103181566058-0.05827355808718742i
0.4795198545263619+0.14163500792294897i,0.05770514764188659+0.017291259465936213i
-0.36929276111292614+0.33707957906674946i,-0.044693407728438696+0.040473725335105i
-0.09740316437662264-0.4904206212146319i,-0.011524096583266981-0.05924165382074942i
0.4700782039725134+0.1703708176710276i,0.05671132391331657+0.0208065690089109i
-0.38899914502789673+0.31413290538072397i,-0.04718921876783495+0.03780156519124617i
-0.06757080511995364-0.49541291003825677i,-0.007942691069702962-0.059994906443703346i
0.4589162687607819+0.19848314263037237i,0.055501197078014444+0.024263981448407648i
-0.40728195920089016+0.2900366393645363i,-0.0495233684068396+0.03497418827422677i
-0.03749116589525528-0.4985922009472251i,-0.004312145061826401-0.06052930023997961i
0.4460748967835802+0.2258691037568358i,0.0540782012660224+0.027650064316198646i
-0.4240742963786228+0.26487896301020786i,-0.0516861365998226+0.03200149697830627i
-0.007274325272557142-0.4999468591012929i,-0.0006459743916282519-0.060841646142049496i
0.4316010819511048+0.2524284801861594i,0.05244661165293092+0.030951593369538857i
-0.43931470381393356+0.23875194261606297i,-0.05366841756241518+0.02889400566216084i
0.02296913607987844-0.4994719270330065i,0.0030420997328422057-0.0609295981344245i
0.41554779221379357+0.2780640759993237i,0.05061153151696963+0.034155605629490084i
-0.45294740815646356+0.21175119186359026i,-0.05546175845171089+0.025662802070546355i
0.053128540073343306-0.4971691427899053i,0.006738203800006836-0.06079166635330588i
0.3979737757223589+0.30268207591789786i,0.048578875931004635+0.03724945159367975i
-0.464922519559182+0.1839755219124036i,-0.05705839559493011+0.022319506304672335i
0.08309351623298758-0.4930469335740136i,0.010428365893455768-0.06042722681732983i
0.3789433458347703+0.3261923886276945i,0.046355352143416656+0.0402208464089264i
-0.4751962142538143+0.15552657979380546i,-0.058451288110991574+0.018876227498761795i
0.11275440560638864-0.4871203849018982i,0.014098570201401048-0.059836527737967216i
0.3585261457569661+0.34850897647431545i,0.043948436715580935+0.043057919792741525i
-0.4837308949270269+0.12650847642627713i,-0.05963414877959742+0.015345518370147486i
0.14200266206825415-0.4794111853981522i,0.01773481191830964-0.059020692372018686i
0.336796893678609+0.36955017032404053i,0.041366349497179+0.04574926449726217i
-0.4904953283104564+0.09702740561419922i,-0.06060147202333786+0.011740327819470427i
0.17073124955265515-0.46994754742433664i,0.021323152317893772-0.057981718392675234i
0.313835109336579+0.3892389684378064i,0.038618024533718744+0.04828398311445665i
-0.49546475948106894+0.067191255424104i,-0.06134855887965814+0.008073951766052575i
0.1988350337590892-0.4587641038338468i,0.02484977377528287-0.056722473769792635i
0.2897248230068649+0.4075033182645248i,0.03571307801352138+0.050651733027702074i
-0.49862100245355234+0.03710921336065437i,-0.061871538851603146+0.004359982411282148i
0.22621116689889925-0.44590178123053065i,0.028301034515755264-0.0552466891643339i
0.26455426798981846+0.42427638012249513i,0.03266177337380859+0.05284276932182737i
-0.49995250673321917+0.006891366787238496i,-0.06216738853856995+0.0006122561298070524i
0.25275946407403993-0.43140765019488486i,0.03166352286790658-0.05355894685611846i
0.2384155577141424+0.43949677180395375i,0.02947498369752482+0.05484798547153839i
-0.4994543995858585-0.023351699946533085i,-0.06223394696132875-0.00315519980545936i
0.27838276991080674-0.4153347530259311i,0.03492411080052666-0.05166466623832171i
0.21140434864127436+0.4531087932076103i,0.02616415154392985+0.05665895163671097i
-0.49712850386985274-0.05350931019608725i,-0.06206992750870782-0.0069282214531973235i
0.3029873141068081-0.3977419096291669i,0.03807000652476186-0.04957008592623768i
0.18361949020379284+0.46506263017711413i,0.022741246366876265+0.0582679504023421i
-0.4929833313652985-0.0834711000509069i,-0.06167492644702845-0.010692563172614902i
0.3264830545900264-0.37869350226095494i,0.041088805946408104-0.047282242541798074i
0.1551626630589162+0.4753145367994856i,0.01921871968500564+0.0596680098109823i
-0.4870340516245436-0.1131274222190778i,-0.061049427947224344-0.014433953112047718i
0.34878400703415857-0.3582592399170975i,0.04396854275721702-0.04480894624904336i
0.12613800698093816+0.4838269954963845i,0.015609458177604224+0.0608529335460268i
-0.4793024364581367-0.14236974728931873i,-0.060194805598640065-0.018138148995129732i
0.36980855952434716-0.3365139032278277i,0.04669773695919279-0.042158753129253934i
0.09665173975434718+0.49056885432234376i,0.01192673488889076+0.06181732813560712i
-0.4698167802593442-0.17109106090204818i,-0.059113320392790616-0.02179099398064354i
0.3894797712217631-0.3135370707927989i,0.04926544162162209-0.0393409344974664i
0.06681176846232223+0.4955154409675211i,0.008184158731600702+0.06255662705853807i
-0.4586117964588144-0.19918625537601242i,-0.05780811517469179-0.02537847237128614i
0.4077256539340534-0.2894128279575616i,0.05166128767735168-0.03636544327494956i
0.03672729459311963+0.49864865304776307i,0.0043956224881911326+0.06306711164617683i
-0.44572849048831964-0.22655251435728846i,-0.0562832055737543-0.028886764946644425i
0.424479435561231-0.264229459097288i,0.05387552657226167-0.03324287754436812i
0.0065084144094930685+0.49995702435156364i,0.0005752495145887722+0.06334592868676354i
-0.4312140097184749-0.2530896890830134i,-0.05454346744062256-0.032302303696636066i
0.43967980445290245-0.23807912453384747i,0.05589907059023605-0.029984441426250348i
-0.023734283956377694+0.499435766801475i,-0.003262660642811551+0.06339110465210553i
-0.4151214709195954-0.27870066488287454i,-0.05259462083059616-0.03561182573358463i
0.45327113378259454-0.2110575232685823i,0.057723530684915605-0.02660190342654058i
-0.05389012520798758+0.49708678797641853i,-0.007103687501279033+0.063201556479904i
-0.3975097658771144-0.30329171657712317i,-0.05044321058844346-0.0388024261639073i
0.46520368511806676-0.1832635427650346i,0.059341251659271184-0.023107552415699256i
-0.08384875190859284+0.4929186841307628i,-0.01093334554730446+0.06277709885899399i
-0.378443345872923-0.3267728514705076i,-0.04809658360336921-0.041861609704110674i
0.47543379044262446-0.15479889706327i,0.060745344544499924-0.019514151409801582i
-0.113500528342066+0.4869467087357222i,-0.014737140570769105+0.06211844797878473i
-0.35799198582133995-0.34905813868691493i,-0.045562862816561654-0.04477734083039896i
0.4839240119613209-0.12576775455014458i,0.061929716040688844-0.01583488933340714i
-0.14273694173256413+0.4791927166582i,-0.01850062620262535+0.06122722171847971i
-0.33623052892287164-0.37006602363949814i,-0.04285091807716767-0.047538092256701026i
0.4906432791072178-0.09627635674771573i,0.06288909489345909-0.01208333095258314i
-0.17145099935471614+0.46968508418135335i,-0.02220946042969792+0.060105936266132164i
-0.3132386127702178-0.3897196264854623i,-0.039970333955541365-0.05013289154224167i
0.4955670022463255-0.06643262951486809i,0.06361905509285098-0.008273365174298108i
-0.19953762008107986+0.4584586051595766i,-0.025849461859774683+0.058757999171961534i
-0.2891003779088622-0.4079470234732939i,-0.036931374635167845-0.052551365636961105i
0.4986771626651108-0.036345788084989346i,0.06411603579343425-0.004419151915461811i
-0.22689401893396885+0.44555436368792667i,-0.029406665510741555+0.05718769885493037i
-0.26390415991878774-0.42468151015282307i,-0.03374494601683205-0.054783783181045466i
0.499962378511255-0.006125937385089089i,0.06437735786770198-0.0005350677511096579i
-0.2534200832343584+0.43101958375196747i,-0.032867377898918096+0.055400190595967055i
-0.23774216614416419-0.43986184548488416i,-0.030422555180157136-0.056821094383547065i
0.49941794644634785+0.024116330900979564i,0.06440123701829602+0.003364349443375615i
-0.27901873897132395+0.41490745640825055i,-0.03621823120418335+0.05340147906553765i
-0.21071013825404258-0.4534324759572341i,-0.026976267358638943-0.0586549683145947i
0.49704585885808866+0.05427034305061938i,0.06418679338837291+0.007264456636614445i
-0.3035963060512596+0.3972769451278759i,-0.039446236292744026+0.05119839744743979i
-0.18290700186893746-0.46534373888656666i,-0.023418660594705137-0.06027782745575188i
0.4928547965690013+0.08422574832081475i,0.06373405762356538+0.011150562349138908i
-0.3270628411268149+0.37819257001549433i,-0.04253883438262721+0.04879858323456821i
-0.15443450453551116-0.4755520441626173i,-0.01976277825106517-0.0616828793639987i
0.4868600970683505+0.11387292278449099i,0.06304397335319595+0.01500798369913067i
-0.34933246675094415+0.35772417169341475i,-0.04548394714205406+0.04621045078606801i
-0.12539684337422213-0.4840200337692606i,-0.016022079563587404-0.06286414531613996i
0.4790836983835125+0.14310337050703925i,0.06211839607292199+0.018822103558470804i
-0.37032368565150664+0.33594665571490057i,-0.04827002501679653+0.04344316074854128i
-0.09590028376258222-0.4907167184988148i,-0.012210388429266807-0.06381648581248706i
0.46955405879621165+0.17181012059487316i,0.060960088425454216+0.022578427590725075i
-0.3899596789763046+0.31293971844199275i,-0.05088609358945809+0.040506586456867964i
-0.06605277044948271-0.4956175913592425i,-0.008341840630284881-0.06453562283111659i
0.45830605269742114+0.1998881186629896i,0.059572711890627725+0.02626264094275124i
-0.40816858741711476+0.2887875553910285i,-0.05332179778116535+0.0374112774426193i
-0.035963532523739655-0.4987047172592233i,-0.004430829701895298-0.06501815873696891i
0.4453808429620608+0.22723461128893085i,0.057960814910577335+0.029860664362622642i
-0.4248837741839146+0.26357855311318656i,-0.0555674437146401+0.03416842018996845i
-0.0057426836825095195-0.4999667986428914i,-0.0004919516576469084-0.0652615917634349i
0.43082573031054083+0.25374952204621104i,0.05612981749029991+0.03335870951849805i
-0.4400440688669354+0.23740496573764364i,-0.05761403806669667+0.03078979629036235i
0.024499180737586057-0.4993992168340407i,0.0034600512094847694-0.06526432799777318i
0.41469398020842496+0.2793358177410871i,0.05408599232815029+0.03674333329591343i
-0.4535939912941094+0.2103625773610543i,-0.05945332474812122+0.02728773815799184i
0.05465138849192591-0.4970040489384977i,0.007410347227497102-0.0650256898157319i
0.39704462793768763+0.30389986351240195i,0.05183644254493573+0.04000149085477391i
-0.46548395456468716+0.18255035151886687i,-0.06107781875941834+0.02367508247817025i
0.08460359544080678-0.4927900602428056i,0.011344072721460138-0.06454592072499674i
0.3779422625529183+0.3273517654949918i,0.04938907609414024+0.043120587231929755i
-0.47567044651601503+0.15407006902125592i,-0.06248083708205791+0.01996512157022359i
0.11424618936163727-0.48677267213703757i,0.015246389637265333-0.06382618659153758i
0.3574567905131015+0.3496056997926511i,0.04675257694931685+0.046088527280848425i
-0.4841161889593735+0.12502595547903933i,-0.06365652647667192+0.01617155285511483i
0.1434706910826297-0.47897390567912745i,0.01910254318361428-0.06286857323748626i
0.3356631798539799+0.3705802265567596i,0.04393637317782968+0.04889376374622718i
-0.4907902741021506+0.09552429988267391i,-0.064599888071858+0.012308426626000051i
0.17217015147001133-0.4694223010072487i,0.0228979192624506-0.06167608041379458i
0.31264118583721817+0.3901985880211752i,0.04095060202287676+0.051525343278676285i
-0.4956682776570973+0.06567306563016798i,-0.0653067986401191+0.00839009232701267i
0.20023954281595405-0.45815281289515747i,0.026618101458542362-0.06025261216555543i
0.28847505908037385+0.40838898940271606i,0.037806072127932445+0.05397295020260567i
-0.4987323482247364+0.03558149542737912i,-0.06577402847062686+0.00443114355190328i
0.2275761431949097-0.44520668283272274i,0.03024892736041462-0.05860296362245508i
0.2632532372357964+0.4250848616392538i,0.03451422304945395+0.056226947859288036i
-0.4999712726218231+0.0053597115065964086i,-0.06599925576212744+0.0004463619795554485i
0.25407991238177086-0.430631288099773i,0.0337765439872218-0.05673280426124813i
0.2370680213467746+0.44022510500391143i,0.031087082214837358+0.058278417356588244i
-0.49938051691678453-0.024881687373568374i,-0.06598107747320263-0.003549339531985932i
0.27965385795616005-0.41447996838558576i,0.03718746209945268-0.054648657701455605i
0.21001523806533215+0.45375431270384037i,0.027537219493064428+0.06011919356710752i
-0.4969622430219609-0.05503203067217048i,-0.06571901658137326-0.007540974467713315i
0.30420439025306123-0.39681183058851643i,0.04046860917560702-0.052357878109504555i
0.18219388896780747+0.46562297364530325i,0.023877699555339898+0.06174189822736944i
-0.4927253007819362-0.08498098107261445i,-0.06521352571679644-0.011513540566053276i
0.3276416648608269-0.37769153251011833i,0.04360738084208114-0.04986862330027624i
0.15370578825157413+0.47578765362302755i,0.020122032212082336+0.06313997000218102i
-0.48668519558690476-0.1146189382698787i,-0.06446598715102983-0.01545207788760412i
0.349879911413166-0.35718904623533876i,0.04659169054949551-0.04718982463844453i
0.12465519013877485+0.4842111542707566i,0.01628412092102187+0.06430769139036309i
-0.47886403162959745-0.1438374400605935i,-0.0634787091358568-0.019341726811479235i
0.3708377474718728-0.33537940206471817i,0.04941001729553554-0.044331153854964826i
0.09514840735061186+0.49086264919130435i,0.012378209668711214+0.06524021236064353i
-0.46929043101342316-0.1725295592681562i,-0.062254918601922164-0.023167785728552055i
0.3904384763516241-0.3123424139356918i,0.05205145120199424-0.041302986906589484i
0.0652934220484149+0.4957177967679403i,0.008418828434500232+0.06593357061949504i
-0.4579994290078539-0.20059029505030612i,-0.06079875024154196-0.02691576820190214i
0.4086103677969305-0.2881623873378333i,0.054505736762192135-0.038116365018338615i
0.03519949066527367+0.4987588292442582i,0.004420737451956295+0.06638470842622653i
-0.4450323458343753-0.22791695715714338i,-0.059115232014628635-0.030571459366661332i
0.4252869204840859-0.2629278107909444i,0.05676331358411071-0.0347829530603032i
0.004976744074383699+0.49997461774654056i,0.00039887048771794617+0.06659148588433854i
-0.43043663545220984-0.2544095417333716i,-0.05721026713108972-0.03412097134431303i
0.44040710538747246-0.23673103201505047i,0.058815354464465695-0.03131499542098514i
-0.025264215442683535+0.4993607130106591i,-0.003631722638059176+0.06655269065235546i
-0.414265711897192-0.2799710972894879i,-0.055090612577264664-0.03755079745027694i
0.4539155891196013-0.20966791997737855i,0.06065380063958116-0.027725269549624138i
-0.05541271895286373+0.4969193616644727i,-0.007655934062267845+0.06626804403159949i
-0.39657875380932134-0.3045080795026258i,-0.05276385426789424-0.04084786497823323i
0.465762936427563-0.18183751405308213i,0.06227139407008794-0.02402703734943608i
-0.08535843587239755+0.49265949800613285i,-0.011658656190738505+0.06573820340294864i
-0.3774404878643382-0.3279306935486288i,-0.05023837891874869-0.04399958635023957i
0.47590579110483633-0.15334166158363388i,0.06366170662830328-0.02023399461246179i
-0.11499177772941543+0.48659671130838744i,-0.015624840080346704+0.06496476099921622i
-0.3569209519018699-0.35015322271256977i,-0.047523342748271004-0.046993908428029314i
0.48430703465639713-0.1242846451592661i,0.06481916606945376-0.016360218694747936i
-0.14420429921071282+0.478753188768533i,-0.019539553659792507+0.0639502390145292i
-0.3350952386169966-0.37109434207513936i,-0.04462863712939586-0.04981935978818935i
0.49093592213647935-0.09477280098944679i,0.06573907868077772-0.012420114637750624i
-0.17288909502505226+0.46915763431279434i,-0.02338803955803399+0.06269808106675334i
-0.3120432207532153-0.3906774161269474i,-0.041564851325034985-0.05246509577190751i
0.49576819466188154-0.06491412975799035i,0.06641764851575424-0.008428359948249862i
-0.2009411911306497+0.4578451635522745i,-0.027155772310705147+0.06121264004366321i
-0.287849258802478-0.4088307792215976i,-0.03834323245248091-0.05492094112878248i
0.4987861681890678-0.03481790138690549i,0.06685199313437816-0.004399848254562607i
-0.22825792889511343+0.4448571752748882i,-0.030828514717303825+0.0594991623780914i
-0.26260189228199776-0.42548799784119573i,-0.03497564283318935-0.057177430083787596i
0.499978798230178-0.00459425515537821i,0.06704015578436126-0.0003496320614445156i
-0.25473934078198046+0.43024119994356613i,-0.0343923731251369+0.05756376881161656i
-0.2363935157176138-0.44058811371451323i,-0.031474514894980946-0.059225843666665536i
0.49934172027111257+0.025646203362721852i,0.0669811139723686+0.003707135170146433i
-0.2802885161889963+0.41405072575515944i,-0.03783385142024066+0.05541343172045576i
-0.20932004051948142-0.454075866898098i,-0.027852803803556016-0.06105824415395327i
0.4968772657437817+0.0557928070677713i,0.06667478438884436+0.007755257389505877i
-0.3048119560993265+0.3963450028965951i,-0.041139903510584656+0.05305594909106487i
-0.1814805439874741-0.4659018980039512i,-0.02412393800943276-0.06266750648533573i
0.49259445349406483+0.08573523232848226i,0.0661220241645877+0.011779554537991904i
-0.3282199152478313+0.37718882671462084i,-0.04429798409276933+0.05049991524635939i
-0.15297690673078682-0.4760229288337029i,-0.020301767904829165-0.06404734652809496i
0.48650895677670486+0.11536390271904402i,0.06532462845190921+0.015764921114418497i
-0.35042673055021845+0.35665230059264474i,-0.04729609750029425+0.047754688436576515i
-0.12391343982863232-0.48440192075824445i,-0.016400512792628778-0.06519234607598348i
0.47864304589792356+0.14457039002181377i,0.06428532433791045+0.019696384492216952i
-0.37135113459316754+0.33481057940243897i,-0.05012284443902675+0.04483035542134438i
-0.09439650309645908-0.49100821026321495i,-0.012434706376426685-0.06609797448192585i
0.4690255067156579+0.17324781102805825i,0.06300776111215749+0.023559162757496706i
-0.39091655303818507+0.3117435944695636i,-0.05276746642393949+0.04173769318163457i
-0.06453411585467395-0.49581762116430317i,-0.008419140986601884-0.06676060683735568i
0.45769153529567436+0.20129121868462563i,0.06149649692554975+0.027338721838986318i
-0.40905138485081793+0.2875357610590203i,-0.055219887740355494+0.038488127911777456i
-0.034435561624288624-0.4988125530817067i,-0.00436881076247963-0.06717753862483686i
0.44468260910907376+0.22859798615511895i,0.05975698189169118+0.031020831703623204i
-0.42568926432971066+0.2622756694516114i,-0.05747075476275526+0.03509369145263835i
-0.004210988196135773-0.49998204584996797i,-0.0002988540148430204-0.06734699678467623i
0.4300463352425486+0.25506818239007223i,0.05779553769628157+0.03459162139526233i
-0.4407693039765898+0.23605576074153306i,-0.05951147247479194+0.03156697533731337i
0.02602899546277318-0.49932181962747624i,0.003775505003595487-0.06726814715060926i
0.41383627617687657+0.28060493783170304i,0.055619333794033755+0.03803763269857416i
-0.4542363173183758+0.20897198854164448i,-0.06133423804533991+0.027921082630262054i
0.056173723990595475-0.496834290558851i,0.007839014689819334-0.0669410982241164i
0.3961117537712307+0.3051147989149202i,0.05323636028624122+0.04134587221567685i
-0.46604102086598975+0.18112346783442615i,-0.06293207132711788+0.024169577749630515i
0.08611288061838729-0.4925285619328895i,0.011876454812771773-0.06636690127160064i
0.3769376321706324+0.32850807006726335i,0.05065539758546537+0.04450386164940454i
-0.47614021447077165+0.1526121122536815i,-0.06429884215678502+0.020326434470598845i
0.11573690088213157-0.486420390868437i,0.01587269513433582-0.0655475467433194i
0.3563840804310201+0.35069914195620244i,0.047885982986547164+0.04749968609425914i
-0.48449693941848393+0.12354226112437684i,-0.06542929434813803+0.016405982314810705i
0.14493737358165393-0.47853213065009387i,0.019812753697468485-0.06448595702769068i
0.33452631573061953+0.3716068047825537i,0.04493837427559444+0.050322040144076194i
-0.4910806136823445+0.09402029762549197i,-0.06631906628329444+0.012422851537427951i
0.17360743751908758-0.468892648924788i,0.023681854551308088-0.06318597556920362i
0.3114443281073525+0.391154545473491i,0.04182351052036542+0.05296027163417376i
-0.49586714384011854+0.06415425947324237i,-0.06696470802034202+0.008391916928886994i
0.2016421725649951-0.4575372220585764i,0.027465484685346684-0.06165235239271376i
0.2872225877296289+0.4092708276875543i,0.03855297019671167+0.05540442284523822i
-0.4988390132457042+0.034053443549405524i,-0.0673636948498303+0.004328240653156005i
0.2289389836210123-0.4445074060402847i,0.031149449947950773-0.059890726091225234i
0.261949735771782+0.4258893536069583i,0.035138926816374205+0.05764526900633581i
-0.49998534613253925+0.0038280059216410454i,-0.0675144372467054+0.0002470143480914397i
0.25539797607387715-0.42985088440442387i,0.03471992972861753-0.05790760234835759i
0.23571826002541418+0.44094930655915066i,0.03159410223131726+0.059674353945302974i
-0.4993019474142395-0.026411441280439558i,-0.0674162871786717-0.0038364992836345093i
0.2809223213668415-0.41362129372991785i,0.03816353018835016-0.05571032908054355i
0.2086241564337736+0.454395573579734i,0.027931717799055383+0.061484022746131024i
-0.4967913180368138-0.05655423465819564i,-0.06706954074651227-0.007907025162562064i
0.30541861135063186-0.39587802735324495i,0.04146733582839315-0.053307068297426805i
0.1807665777878001+0.4661789471022607i,0.024165443601893957+0.06306745128503723i
-0.4924626458262754-0.08649006452450188i,-0.06647543714655738-0.011949334567958063i
0.32879720011718727-0.37668601801431634i,0.044618959194261384-0.05070676479200983i
0.15224747086946558+0.4762563050368085i,0.02030934592065503+0.06441867252930344i
-0.4863317718651423-0.11610937858986059i,-0.06563615396013814-0.01594830368921584i
0.35097253206520873-0.3561155002305157i,0.0476065885195225-0.047919111784699334i
0.12317120337030521+0.4845907685783216i,0.016377833170406593+0.06553259949601671i
-0.47842113252087304-0.14530378287676363i,-0.06455479878954214-0.019888971762384394i
0.3718634549969407-0.3342417532685089i,0.05041903312209541-0.04495451365747284i
0.09364418195045879+0.4911518371672101i,0.0123856005117018+0.06640504478114519i
-0.468759677338392-0.17396643839512999i,-0.06323539727450729-0.023756598562821318i
0.39139351710038683-0.31114482565443613i,0.0530457663748551-0.04182404592596069i
0.06377446283596166+0.495915500108308i,0.008347573356041863+0.06703273658313394i
-0.4573827630971785-0.20199245212715647i,-0.0616828775377398-0.027536721027659805i
0.40949124673013043-0.2869092422306615i,0.05547696608212225-0.038539412608123186i
0.03367135637933319+0.49886432443971224i,0.004278849988533994+0.06741333115919987i
-0.4443320244206292-0.2292792608907448i,-0.05990305112209714-0.031215208785361794i
0.42609041396288183-0.2616236948311257i,0.05770355210403927-0.0351129011585374i
0.0034450270306002895+0.49998751872994174i,0.0001946435341382188+0.06754542166676293i
-0.4296552214112043-0.2557270066767303i,-0.057902590496079674-0.034778318374116594i
0.4411302729705742-0.2353807177072995i,0.05971722108186871-0.03155733514684891i
-0.026793909817309502+0.4992809725699451i,-0.0038897765036484044+0.06742854335687577i
-0.41340606486895115-0.28123890208633884i,-0.05568900321783081-0.038212745936206265i
0.45455578432402244-0.20827634889253585i,0.061510478128952814-0.027886024867885696i
-0.05693479263343304+0.49674727161543347i,-0.007959142901260636+0.06706317510106499i
-0.39564401973302626-0.3057215845315268i,-0.05327060286115391-0.041505678181683145i
0.4663178164136133-0.18040977874408587i,0.06307666536416533-0.024112716078948705i
-0.08686731872248052+0.49239568812449064i,-0.011998249339678333+0.06645073724762134i
-0.37643408746554063-0.3290854579019846i,-0.050656476819811225-0.04464484142172529i
0.4763733252499095-0.1518829869489616i,0.06440998717744935-0.020251537067191676i
-0.11648194788536101+0.4862421470250876i,-0.01599200876444403+0.06559358581798021i
-0.3558465681741041-0.35124502044844697i,-0.047856451118776774-0.04761854847989801i
0.4846855119861778-0.12280036932204909i,0.06550553213003603-0.01631694425643253i
-0.1456703032892989+0.47830916763668085i,-0.019925511251614736+0.06449500306839857i
-0.3339568033436038-0.37211917768240055i,-0.04488105237285113-0.05041574329811714i
0.4912239575863747-0.09326835576223019i,0.06635929140547303-0.012323666568412139i
-0.17432556808052865+0.4686257812591683i,-0.02378408115232499+0.06315918445657771i
-0.31084490011870414-0.39163153914710747i,-0.04174146704434169-0.053026043063483796i
0.49596473414576364-0.06339502076463019i,0.06696817374136488-0.008286648758271228i
-0.2023428762881365+0.45722742493079105i,-0.02755333329170025+0.06159122206715057i
-0.28659543814607746-0.40971069797389165i,-0.038449498162081534-0.055439777692138106i
0.49889049245677614-0.03328968791434875i,0.06733001678580763-0.0042209939479016904i
-0.22961969658850734+0.4441558117437817i,-0.031219228001846608+0.05979708456399927i
-0.26129716004919745-0.4262904922006326i,-0.03501751967402283-0.05764802651696262i
0.49999052549966627-0.0030625298090580194i,0.06744359483674497-0.00014190558380716188i
-0.25605620752596503+0.42945877819235034i,-0.034768124773475184+0.057783593751084765i
-0.23504264666842284-0.4413102468961506i,-0.031458428614890316-0.059642652037254495i
0.4992608076256079+0.02717583512542138i,0.06730862293692921+0.003935370951828338i
-0.2815556628164595+0.41319010911164544i,-0.038186834316434326+0.05555839783692289i
-0.2079279782548561-0.45471499620441536i,-0.027785595278852826-0.061416330600272906i
0.4967040092888407+0.05731474745108375i,0.06692575731169377+0.007995606847028072i
-0.30602474539744373+0.3954093408483398i,-0.041462668825987155+0.053129941510810075i
-0.18005238285785963-0.46645568449598773i,-0.024012811594937733-0.06296257989694697i
0.4923294872739544+0.08724391168378862i,0.06629659215123786+0.012023648252809948i
-0.32937390892827456+0.37618154338315507i,-0.044583490258987585+0.050507432951452456i
-0.15151787319298168-0.476489345890571i,-0.020154237909813508-0.06427578316678768i
0.4861532504540731+0.11685379992739653i,0.06542365275374137+0.016004474333522777i
-0.3515177054913863+0.35557708220265727i,-0.04753775643229276+0.04770080790075525i
-0.12242887331919924-0.4847792614936923i,-0.01622434838865775-0.06535121002026675i
0.47819790120524963+0.1460360526988618i,0.06431038505998286+0.019923254747017727i
-0.3723750982949986+0.3336713607917767i,-0.050314564764559186+0.04472069094696123i
-0.09289183649167854-0.49129509377209724i,-0.012237875250087503-0.06618503380048253i
0.46849255269147055+0.17468387547743466i,0.06296114162450052+0.023765406329475887i
-0.39186975823299364+0.31054454468941334i,-0.05290369349223064+0.04157835417231575i
-0.06301485558854888-0.4960129975761016i,-0.008209752055466753-0.06677434541973819i
0.45707272232296947+0.20269242952677338i,0.061381164082392345+0.027516648763147522i
-0.409930343216686+0.28628126811697124i,-0.0552956402006952+0.03828567333062606i
-0.0329072675373594-0.4989157074026054i,-0.004155056276405312-0.06711716362079086i
0.4439802017777505+0.22995921555972532i,0.05957656218469837+0.03116305900959504i
-0.4264907592562492+0.2609703242534299i,-0.057481657522506585+0.03485508172977033i
-0.0026792531888496507-0.49999260057942396i,-0.00008895136680793385-0.06721244162675882i
0.42926290406198137+0.25638444884172673i,0.05755428948887961+0.034691124296232626i
-0.44149040233635206+0.23470434029041853i,-0.05945378586600189+0.03129952200297843i
0.027558565897677245-0.4992397361397096i,0.003973371432481819-0.06706007015808002i
0.41297468816895483+0.2818714243601059i,0.05532211580399008+0.03808779344996348i
-0.454874380200845+0.20757943845644744i,-0.06120488304962938+0.027632395960942215i
0.05769553228178437-0.4966598692441986i,0.008016751327690242-0.06666087680935451i
0.39517516197828795+0.3063268707229262i,0.05288859650295939+0.041340526378596164i
-0.46659371323485876+0.17969488425080588i,-0.06272865072974797+0.023867512724063997i
0.08762135760064257-0.49226244109850503i,0.012026116016154038-0.0660166217933838i
0.37592946411666606+0.3296612914922501i,0.05026303882660859+0.04443734150835705i
-0.476605513709174+0.1511527231744369i,-0.06401965752257684+0.020019035340745377i
0.11722652617710394-0.4860635444023609i,0.0159865393129327-0.06512999007408446i
0.35530802557842356+0.3517892927026922i,0.04745546531583173+0.04736686099421043i
-0.4848731427309036+0.12205740728719963i,-0.06507335873420783+0.016101426103274825i
0.1464026958000789-0.4780858644572413i,0.019883298134468628-0.06400457992430164i
0.3333863119783339+0.3726298953666838i,0.04447657451948379+0.05011835352882028i
-0.4913663443261163+0.09251541295815893i,-0.06588611262622136+0.012129390777724834i
0.1750430942105304-0.468358596147897i,0.02370192861672863-0.06264488795863075i
0.31024454737984597+0.3921068318228117i,0.04133769913617533+0.052681774585805856i
-0.4960613561637158+0.06263485120777176i,-0.06645519315828229+0.00811782196823148i
0.203042909842118-0.4569173371016064i,0.027428281149028018-0.061056290705266796i
0.28596742070944414+0.41014882484272813i,0.03805076175799646+0.05504780394334528i
-0.4989409965153742+0.03252507206795164i,-0.06677879916315792+0.004081741839082389i
0.2302996753865474-0.44380395741613693i,0.031048574109413703-0.0592450227945412i
0.2606437758315222+0.42668984847521446i,0.03462822839352673+0.05720788034529075i
-0.4999947271332842+0.00229626440788217i,-0.06685605992383556+0.00003624442023451502i
0.2567136427799421-0.4290664464331577i,0.03454944609298855-0.05721815185504167i
0.23436628641797105+0.4416693696728268i,0.031083059955875732+0.059154233168479994i
-0.49921869181562256-0.027940947309953702i,-0.06668703713673614-0.004003562276882766i
0.28218814823794774-0.4127587371178442i,0.03791800643090204-0.054983550221172676i
0.2072311168023122+0.4550325698168694i,0.027428661909339107+0.06087991097709342i
-0.49661573051859437-0.05807590786782809i,-0.06627272325934734-0.008022614106067038i
0.30662996600369696-0.3949405086873734i,0.04114188380487571-0.05254986356838816i
0.17933757005950896+0.4667305453300127i,0.02367883227513435+0.06237880685740856i
-0.49219536896341204-0.0879983362433747i,-0.06561503625496815-0.012005948368875597i
0.3299496495140683-0.37567696821060104i,0.04420927277002605-0.049926476604358935i
0.15078772459933112+0.47672048664239736i,0.019847708202842703+0.06364568043929647i
-0.4859737837762434-0.11759872919080035i,-0.06471681076149031-0.015938760907820534i
0.3520618587357194-0.3550386119781759i,0.047108978007389155-0.04712347595571711i
0.12168606060318449+0.48496583485628764i,0.015949711319485624+0.06467617652408457i
-0.47797374328870335-0.14676876197576802i,-0.06358178572525086-0.019806462487401692i
0.37288567247298227-0.33310096751637086i,0.04983045613690352-0.04415161040089453i
0.09213907767148813+0.49143641553594625i,0.011999492072560753+0.06546684025202452i
-0.4682245242155314-0.17540168479743412i,-0.062214588554942704-0.023594734243413185i
0.392344884504711-0.30994431718875215i,0.052363854931565444-0.041022248609760885i
0.062254905080843775+0.49610854913311975i,0.008011873286970644+0.06601512875643385i
-0.45676180451438037-0.2033927134469047i,-0.06062071586421754-0.027289581985088032i
0.4103682824663437-0.28565340439718356i,0.0547000497841427-0.037747334560349496i
0.032142906077290506+0.4989651376440211i,0.004001793158399752+0.06631941926561896i
-0.4436275328198046-0.23063941277246883i,-0.05880651088498801-0.030877389139625237i
0.4268899084565945-0.260317123457346i,0.05683067728895365-0.03433934081178999i
0.0019132776537603424+0.49999572718068724i,-0.000015752092494256863+0.06637901362778673i
-0.4288697749292597-0.25704207154829095i,-0.056779137646482-0.03434496813444723i
0.44184930041506515-0.23402819428369362i,0.058748165812954174-0.030811219820682738i
-0.028323352723621575+0.49919654622772014i,-0.004025765679859509+0.06619413924845023i
-0.41254253790291384-0.2825040673747039i,-0.05454655202764821-0.03767961001916561i
0.45519171338743597-0.20688282307436023i,0.06044576294259439-0.027176353495518918i
-0.05845633196458386+0.49657051944441655i,-0.00801330760120562+0.0657659464439499i
-0.39470557242098475-0.30693222027472233i,-0.05211746980272286-0.0408691321366266i
0.4668683198685043-0.17898035023776382i,0.06191755970544688-0.023448501190267878i
-0.08837538629753+0.4921272569617695i,-0.011963551650466862+0.06509650222898711i
-0.37542415412189534-0.33023713369276914i,-0.04950133181133772-0.04390192366052095i
0.4768363884898972-0.15042288684934646i,0.06315851147867071-0.019641746344018732i
-0.11797102482421434+0.4858830192135128i,-0.015861841873157256+0.06418878057009525i
-0.35476884472145126-0.35233352164770076i,-0.04670826639569844-0.04676698882594662i
0.48505944039854043-0.1213149409688618i,0.06416445550963157-0.015770441978437858i
-0.14713494020943985+0.4778606574299129i,-0.019693748243866018+0.06304664915086165i
-0.33281523378724454-0.37314052084289556i,-0.04374904925780642-0.04945398768878276i
0.49150738275360517-0.09176303518572967i,0.06493212498760165-0.011849155268832874i
-0.17576040503942+0.4680895300120731i,-0.02344512134999451+0.06167485270847443i
-0.3096436621132777-0.39258198659121474i,-0.04063506089957252-0.05195327425992927i
0.49615661885338985-0.061875316792075266i,0.06545915961924227-0.007892611407799845i
-0.20374266239830985+0.4566053950927853i,-0.027102145869984686+0.06007899301452392i
-0.2853389277071383-0.41058677147187744i,-0.03737824181782799-0.05425593187119133i
0.49899013448912094-0.03176116201005476i,0.06574411267451175-0.003915636982674223i
-0.23097930923355736+0.44345027967711087i,-0.030651392639663048+0.05826550558613573i
-0.2599899754656846-0.4270889856994859i,-0.033991045634726755-0.05635380564089557i
0.49999756020965563-0.0015307757218243965i,0.06578645448367838+0.00006689691058259646i
-0.2573706711071274+0.4286723258415793i,-0.03407986910632146+0.05624163322620371i
-0.23368957167489693-0.44202823825236204i,-0.03048639035173475-0.0582395319191047i
0.49917520926922226+0.028705211833031145i,0.06558657238021258+0.004040131593935644i
-0.28282016696116646+0.4123256145548496i,-0.03737506797709125+0.05401539650380717i
-0.20653396452508274-0.4553498578777675i,-0.026877607922388747-0.059906564604564075i
0.4965260911193275+0.058836149916695335i,0.0651457670983846+0.007989277551555945i
-0.30723466256322374+0.3944699677645747i,-0.04052501387575473+0.0515955612977017i
-0.1786225318838089-0.46700509316522487i,-0.02317839234509233-0.06134919823811587i
0.4920599003954553+0.0887517722273311i,0.0644662456483947+0.011899670770390782i
-0.33052481133757095+0.3751707294747484i,-0.04351830783050257+0.0489916035370597i
-0.15005741761555746-0.4769512909557582i,-0.019402746482624314-0.06256258779032571i
0.4857929814388625+0.1183426004264217i,0.06355111070571341+0.015756828457752954i
-0.3526053813353238+0.3544985266146945i,-0.04634416942417878+0.04621367128439916i
-0.12094315777901893-0.48515205243414794i,-0.015564927819494988-0.0635427650743689i
0.4777482684833038+0.14750034478250437i,0.062404346565030966+0.0195465039197027i
-0.37339556714679545+0.3325290105748167i,-0.04899247644823158+0.04327254431572891i
-0.09138629806998216-0.4915773663329731i,-0.011679393371908538-0.06428665172870063i
0.4679552017255789+0.17611830046511104i,0.061030801722594515+0.02325474038789878i
-0.3928192856146154+0.3093425803549784i,-0.05145380191189595+0.04017959136241992i
-0.061495003909814966-0.49620371876097i,-0.0077607439678830025-0.06479206872775906i
0.456449619587048+0.204091738038653i,0.059436168163910445+0.026867923587293285i
-0.41080545426543247+0.285024088338668i,-0.05371944826895763+0.03694672518812072i
-0.03137866460644495-0.4990141792537832i,-0.003823668116956236-0.06505774239278804i
0.4432736275603901+0.23131828672720767i,0.05762695744658341+0.03037283284262632i
-0.42728825144126087+0.2596625297696926i,-0.055781478735844756+0.03358635568207988i
-0.0011474930364381852-0.499998462732198i,0.000117114310047579-0.06508330688876814i
0.4284754441215714+0.2576983090476229i,0.05561047368044812+0.03375669052799477i
-0.44220735717849835+0.23335071706778043i,-0.057632745586646585+0.030111341157596432i
0.02908787768682619-0.49915296714111657i,0.004046908370661728-0.06486930320735299i
0.4121092242709161+0.28313526543994283i,0.05339478351916668+0.037007209670873065i
-0.4555081739531053+0.20618494017495756i,-0.05926691532288432+0.026534938050843827i
0.05921679908287042-0.49648078663153394i,0.00795110008995969-0.06441717464958645i
0.3942348613490493+0.3075360675607649i,0.050988683288859964+0.04011263952977915i
-0.4671420264841103+0.17826461417568593i,-0.0606784906285426+0.02287074922108554i
0.08912901223006847-0.4919917002372729i,0.011815212031104907-0.06372925883598193i
0.3749177678529733+0.3308114189466254i,0.04840166339038876+0.04306180897334119i
-0.4770663398642487+0.14969191548032068i,-0.061862829033783186+0.01913267105822349i
0.11871505126597898-0.4857021360879171i,0.015624958181549633-0.06280877628515018i
0.35422863605440397+0.3528761418007312i,0.04564387012214012+0.0458441674976799i
-0.48524479536585063+0.12057140790330034i,-0.06281615822402657+0.015334839607722504i
0.1478666439854206-0.47763511128890807i,0.019366297942536352-0.06165981561558781i
0.33224317929639435+0.37364948870713954i,0.04272606508002531+0.04844982372884096i
-0.491647463351797+0.0910096600044627i,-0.0635355879444928+0.011491575926197393i
0.17647710807027556-0.46782014768881686i,0.02302548901370468-0.06028731543843153i
0.3090418549149947+0.3930554381316459i,0.03965958230040822+0.05086958126741716i
-0.4962509128051462+0.06111485509385249i,-0.06401911846388557+0.007617330883344236i
0.20444174150098768-0.4562931638420489i,0.02658913896964245-0.05869704302179916i
0.28470956979993245+0.4110229726279715i,0.0364562833201268+0.05309497174342319i
-0.49903829707660075+0.030996395327236713i,-0.06426564557460518+0.0037266296273999926i
0.2316582057210184-0.4430963435623506i,0.030044255330982334-0.05689556981984933i
0.2593353696718367+0.4274863387311389i,0.03312851033541368+0.055118284960884736i
-0.49999941553601185+0.0007645013411673448i,-0.06427496212063184-0.00016598406802060392i
0.25802690015204255-0.4282779815481548i,0.033378293939226755-0.05489024397179047i
0.23301211321311652+0.44238528758693174i,0.029689037648487147+0.056932596023537625i
-0.49913075090230963-0.029470191107243703i,-0.06404775605788884-0.004046003358104489i
0.2834513266893173-0.4118923066447119i,0.03657920545178801-0.05268915988762976i
0.20583613224503627+0.45566529543684586i,0.02615102159669683+0.05853178934517576i
-0.49643548211524124-0.05959703601971372i,-0.06358560506565145-0.007899013565495038i
0.30783844284333256-0.39399928338978996i,0.03963547978169968-0.050301125048650065i
0.17790687919459428+0.4672777631516437i,0.02252794916447775+0.059910579460925664i
-0.49192347270181597-0.08950578207365541i,-0.06289096774102268-0.011710746888862597i
0.331099002235389-0.3746643925692019i,0.04253618831521516-0.04773562416109705i
0.14932656314132137+0.4771801940833098i,0.018833585482933853+0.061064528568511474i
-0.4856112346800302-0.11908697609470068i,-0.06196717142193949-0.015467136369594833i
0.3531478812010428-0.353958391585233i,0.045271023749733824-0.045002780811592556i
0.12019977577591698+0.4853363495845444i,0.015081920425516218+0.061990060741758876i
-0.4775218681319668-0.14823236360834324i,-0.0608183966972884-0.019154368908477763i
0.3739043903061827-0.33195705551491506i,0.04783033740449123-0.04211331678212676i
0.09063310863954921+0.49171638162665887i,0.011287114511190532+0.06268447277190826i
-0.4676849766674099-0.17683528500485524i,-0.059449658675556176-0.0227589371286561i
0.39329256963573045-0.30874089980576624i,0.050205173866844324-0.039078509191163104i
0.06073476304456085+0.4962969420305515i,0.007463444328457577+0.06314594160571838i
-0.4561365590873381-0.20479106586768292i,-0.057866785096032505-0.0262676898864319i
0.41124146677432893-0.28439488562380866i,0.052387302848027534-0.03591014563541911i
0.030614154104104285+0.499061267911022i,0.0036252476947551343+0.06337352836292283i
-0.4429188776437625-0.23199740003688676i,-0.05607639137869503-0.029667881237472066i
0.4276853964617302-0.2590081089321634i,0.054369248133652896-0.03262047751414161i
0.0003815103197851999+0.4999992430217364i,-0.00021313123392012755+0.06336717892910311i
-0.4280803033780227-0.25835472400577975i,-0.05408585272065817-0.03294721767274219i
0.44256418097265854-0.2326734744380647i,0.056144313526077905-0.029222171724220727i
-0.029852529807344652+0.4991074347763485i,-0.004037396688926699+0.06312772113355793i
-0.41167513910353504-0.28376658128063104i,-0.05190327335833092-0.036093903445992365i
0.45582337034145776-0.2054873556015035i,0.0577066056880275-0.025728260920257817i
-0.05997732266621847+0.49638910681029147i,-0.007833355637552265+0.06265685853523398i
-0.3937634206808011-0.3081399753700361i,-0.04953745312515766-0.039096683822750035i
0.4674144416255962-0.17754924194972532i,0.059051053809368245-0.02215209253864784i
-0.08988262444388453+0.49185420703727356i,-0.0115869715436707+0.06195716085297487i
-0.3744106973119248-0.3313857101121631i,-0.04699785144502517-0.041944886089606524i
0.4772949764788119-0.1489613749882595i,0.06017342603173346-0.018507276788876842i
-0.11945899457054737+0.4855193312441824i,-0.015284417332959198+0.06103205108953401i
-0.3536877916586646-0.3534187160944243i,-0.04429454891100272-0.04462845817198398i
0.48542881638405494-0.11982837404088878i,0.06107034257873286-0.014807633818581545i
-0.14859819622508413+0.477407662357629i,-0.018912127359062145+0.05988578941155145i
-0.3316705406618866-0.3741583619710157i,-0.04143820660804412-0.04713800471857161i
0.49178619497814063-0.09025685338782431i,0.061739285552646836-0.011067140261386282i
-0.1771935924353563+0.46754888560438423i,-0.022456848171798174+0.058523453860346346i
-0.30843951801090974-0.3935287495390379i,-0.03844002334655928-0.04946482052110965i
0.4963438469838645-0.06035503210319722i,0.0621786053717793-0.007299875378184969i
-0.20514053632376217+0.45597907987619085i,-0.02590568789394311+0.05695091798046841i
-0.2840797392783825-0.41145899149334497i,-0.03531169098140511-0.0516009211492164i
0.4990850933509317-0.03023233801969198i,0.062387523835987266-0.003519967003348181i
-0.23233675406989607+0.44274058569650276i,-0.029246164019382376+0.055174825464868925i
-0.2586803507997737-0.42788347084365735i,-0.03206534799767636-0.05353907069138071i
0.49999990229412256+0.000000992730356826673i,0.06236613382123245+0.0002584624927257108i
-0.2586827191888375+0.42788185027234105i,-0.0324662494523248+0.053202561926853104i
-0.23233430343604525-0.44274208104458546i,-0.028713531550819443-0.055272806505037575i
0.4990849260053212+0.03023431913189791i,0.062115395617272175+0.004021350014163718i
-0.2840820167553715+0.41145725019830925i,-0.03555441661492425+0.05104222391987751i
-0.20513801241339238-0.4559804459597892i,-0.0252691281539703-0.05679646089084666i
0.4963435129050567+0.06035700018579361i,0.061637129935768496+0.00775474511444981i
-0.30844169624123574+0.3935268924615941i,-0.03849967945893681+0.04870258533665739i
-0.17719100448489655-0.46755011885529973i,-0.021745323209930698-0.05810517961869597i
0.49178569538872036+0.09025879980739207i,0.060934007629118304+0.011444862729249689i
-0.3316726116741612+0.374156394476189i,-0.04129163322594239+0.04619306132879125i
-0.1485955537053221-0.4774087596937737i,-0.018155549589041295-0.05919493724567417i
0.4854281531123053+0.11983029024328623i,0.06000953617306417+0.015078135064294226i
-0.35368974787387186+0.3534166439513201i,-0.04392049181014595+0.04352366989735647i
-0.11945630715197164-0.48552029008085873i,-0.014513435457057787-0.06006254917910853i
0.4772941519520232+0.14896325252992712i,0.05886804297871979+0.018641262439537946i
-0.3744125315711566+0.3313835394728547i,-0.046377122587822214+0.04070499131344651i
-0.08987990196129372-0.4918550252966317i,-0.01083275155936692-0.060705680450779245i
0.467413458861182+0.1775510725285847i,0.05751465561181951+0.02212126289572367i
-0.39376512627145566+0.30813771274705026i,-0.04865307858796407+0.037748125535567154i
-0.05997457508273055-0.49638978292893476i,-0.00712735816907752-0.06112285118149886i
0.4558222329359143+0.20548913108734043i,0.05595527900885959+0.0255055203751411i
-0.4116767097838825+0.28376423352311564i,-0.05074062788971741+0.034664647797942295i
-0.029849767177936026-0.49910796771105415i,-0.0034111519070499975-0.06131343872836925i
0.44256289308840197+0.2326751869022816i,0.05419656979129679+0.02878183129480501i
-0.428081733400047+0.2583522982744384i,-0.05263278014355501+0.03146656255031941i
0.000384277885076445-0.4999996322532734i,0.0003019873584634232-0.06127767652013087i
0.42768396281186416+0.25900975067679466i,0.05224590778989807+0.0319384493373085i
-0.44292016177419685+0.231994903777774i,-0.05432331012489439+0.028166255935538155i
0.030616916477176848-0.4990615134460513i,0.003998249326083032-0.0610166495989834i
0.4112398926053969+0.2843964492096923i,0.0501113649018869+0.03496412829240841i
-0.45613769262681614+0.20478850678495442i,-0.05580677824095317+0.024776446996129704i
0.06073751011631487-0.49629704440160194i,0.007663945584996465-0.06053228690020837i
0.39329086070851516+0.30874237807976757i,0.047801671413499766+0.03784816279077485i
-0.46768595546766356+0.1768326710325743i,-0.05707854792393599+0.021310137805365285i
0.09063583035688083-0.4917163418901773i,0.011285561246401355-0.059827350313570365i
0.37390255287462404+0.3319584416361042i,0.04532617992993876+0.04058042678028046i
-0.4775226886110073+0.1482297028814452i,-0.05813479985621572+0.017780562721589427i
0.12020246217850883-0.4853361693170307i,0.014849805684635058-0.05890542058297049i
0.353145921989352+0.3539596790499201i,0.042694827063548234+0.04315140960480819i
-0.48561189383525655+0.11908427691922294i,-0.05897254298585767+0.014201136967226554i
0.1493292043980929-0.4771798753755472i,0.018343662194284086-0.057770880113034544i
0.3310969284134402+0.3746655752347373i,0.03991809303916959+0.045552249555528515i
-0.4919239681210029+0.08950305289634053i,-0.05958962230365549+0.010585404735641757i
0.17790946563967924-0.467277308601047i,0.02175443637469898-0.05642889276313642i
0.3078362620004238+0.394000355497044i,0.03700695938311184+0.047774764775169926i
-0.4964358119853667+0.05959428539709792i,-0.059984723365705095+0.006946987029974641i
0.20583865441315577-0.45566470813795656i,0.02506980305917289-0.05488538072090576i
0.28344904680639776+0.4118932628391509i,0.033972864869008974+0.049811481406734706i
-0.4991309140161908+0.02946742767434408i,-0.060157373558430455+0.003299529438215746i
0.23301456187421749-0.442384571120093i,0.028277851612604907-0.05314699855830289i
0.2580245295725052+0.42827881689943614i,0.030827659899865693+0.05165565888943359i
-0.499999411296722-0.0007672689024536149i,-0.06010794011580421-0.00034334995188369747i
0.25933773586487036-0.4274854971493932i,0.031367129428678635-0.05122110458397568i
0.2316557531201674+0.44309705358236573i,0.027583559510967758+0.05330131231630401i
-0.4990381254996537-0.03099915831990426i,-0.059837624911215484-0.003968112295953466i
0.2847118448656477-0.41102201044222847i,0.03432668346542656-0.04911572961572794i
0.2044392158542893+0.45629374450134774i,0.02425309518287056+0.05474323177988077i
-0.49625057451844024-0.06111760483761514i,-0.05934845605903388-0.007561349194366915i
0.3090440305276271-0.3930543602941734i,0.03714609966655058-0.046839543306495764i
0.17647451862051305+0.4678205954313541i,0.020849065657519296+0.05597699864451954i
-0.49164695959331567-0.09101238786751965i,-0.05864327637331874-0.011109833155031017i
0.33224524749413553-0.3736483005934416i,0.03981554012483278-0.04440181816623525i
0.14786400020886867+0.4776354230450572i,0.01738448695355855+0.05699899869632249i
-0.4852441279791344-0.12057410533392493i,-0.05772572874320893-0.014600567124664482i
0.35423058926853784-0.35287484918987544i,0.04232577785359099-0.04181239143050727i
0.11871236283772513+0.4857023092857029i,0.013872541779097719+0.05780643213412681i
-0.4770655112916462-0.14969457403815578i,-0.056600238496455575-0.018020832900173096i
0.3749195989355745-0.3308100280000942i,0.0446682290421118-0.0390816249343215i
0.08912628898860644+0.49199173281178443i,0.010326528541668607+0.058397320377601335i
-0.4671410397578417-0.17826722556263216i,-0.05527199283394003-0.02135823823703952i
0.39423656359914117-0.3075345847999069i,0.04683498268152826-0.03622036315685424i
0.05921405099409527+0.49648067703248133i,0.006759810155698493+0.05877050968116052i
-0.4555070326841655-0.20618749626554067i,-0.053746917429282164-0.024600762477652208i
0.41211079145899404-0.28313369772210784i,0.04881882745844903-0.03323988960907756i
0.029085114807563484+0.49915271433850406i,0.0031857628476760734+0.05892567155497051i
-0.4422060655434418-0.2333532099388871i,-0.052031650298216006-0.027736800529166845i
0.42847687051239935-0.2576966635410666i,0.05061327582493067-0.03015188174200778i
-0.0011502605952360412+0.499998066220093i,-0.0003822748417926128+0.058863300006902396i
-0.42728681416691744-0.2596649517295658i,-0.05013351305268048-0.03075520502781112i
0.4432749079339898-0.23131657088485932i,0.05221258516488869-0.026968364558213064i
-0.03138142671670041+0.49901363905216856i,-0.003931052661567703+0.05858470563169419i
-0.41080387661160944-0.28502643195505495i,-0.04806047966430527-0.03364532653448029i
0.4564507492578015-0.20408995957084058i,0.053611775988879604-0.02370166311345968i
-0.06149775046338987+0.4962030354156705i,-0.007447458664282563+0.058092006585866586i
-0.39281757335484857-0.3093448384823304i,-0.04582114287110284-0.03639705161496219i
0.46795617655937594-0.17611646731134473i,0.05480664710119581-0.02036435409875147i
-0.09138901901566904+0.4915765409136579i,-0.01091856843971956+0.0573881164989732i
-0.37339372654722097-0.33253117638043816i,-0.043424678369802634-0.039000838667212843i
0.4777490849126712-0.14749846508242176i,0.0557937876953751-0.016969216695726548i
-0.12094584315932438+0.4851510865304164i,-0.014331693379661536+0.05647672938354164i
-0.3526034191317464-0.35450059360374747i,-0.04088080694423773-0.041447751367596514i
0.4857936364760193-0.11834068248999988i,0.05657058634657044-0.013529182900245263i
-0.1500600576031419+0.47695018667132205i,-0.017674427791331087+0.05536230161757924i
-0.3305227347108134-0.37517269151402144i,-0.038199754687551046-0.043729489618055006i
0.4920603916432464-0.08874982450447541i,0.05713523688151045-0.010057287510088645i
-0.1786251168174507+0.46700385311020975i,-0.020934694682038887+0.05405003108458841i
-0.3072324791128488-0.39447181910492723i,-0.03539221148265289-0.04583841788658183i
0.4965264167799966-0.058834180966317i,0.057486741119214924-0.006566617973018738i
-0.20653648494503404+0.45534848515916126i,-0.02410079004377072+0.05254583356683696i
-0.2828178846776656-0.41232734985225195i,-0.03246928791138829-0.047767590844157264i
0.49917536815099134-0.028703230291724897i,0.057624908487913955-0.0030702642909856423i
-0.23369201835750253+0.44202673646264456i,-0.027161425473212437+0.05085631649786332i
-0.2573682983426787-0.42867394017666893i,-0.02944247076814479-0.04951077621245493i
0.49999755173108545+0.0015327611713864204i,0.05755035253590393+0.00041873082497679795i
-0.2599923394571361+0.4270873589034817i,-0.030105768970129426+0.04898875019005992i
-0.2309768546714603-0.4434517685731952i,-0.026323577358190263-0.05106247474799944i
0.49898995868123935+0.031763142670897825i,0.057264484366136945+0.0038874213566237425i
-0.2853412003562412+0.41058502419188014i,-0.03292348376498576+0.04695103666248218i
-0.20374013502120847-0.4566067545322251i,-0.02312470876487989-0.05241793730014109i
0.4961562763595785+0.06187728398474933i,0.05676950303631993+0.007323006747357764i
-0.3096458351031119+0.3925801237904382i,-0.035604765035231425+0.044751676202779964i
-0.1757578140964299-0.4680907564509848i,-0.019858202272923932-0.0535731788920004i
0.49150687482724426+0.09176498028007249i,0.05606838297796795+0.010712879851786051i
-0.3328172991655997+0.3731385479073098i,-0.038140374378710575+0.042399731805362245i
-0.14713229518230037-0.47786174781113766i,-0.01653658313722989-0.05452498978552092i
0.4850587688984226+0.12131685541558142i,0.055164858499265286+0.014044673883896087i
-0.3547707949299291+0.35233144436632213i,-0.04052167192217344+0.039904791635461956i
-0.11796833539258988-0.48588397097780467i,-0.013172515888393922-0.055270943503823895i
0.47683555587342447+0.15042476221130807i,0.05406340544775908+0.01730630818669746i
-0.37542598202356947+0.33023495823647464i,-0.04274064595282649+0.03727692967573416i
-0.08837266230358592-0.49212806805716103i,-0.009778755366688657-0.055809401796161104i
0.4668673291826958+0.17898217822086632i,0.05276922011956145+0.020486032651761563i
-0.39470727132651956+0.3069299531736671i,-0.04478993997117596+0.034526664718289655i
-0.05845358337696921-0.4965711883337279i,-0.006368097676423292-0.056139516542829504i
0.4551905682577766+0.20688459555788843i,0.05128819551216313+0.02357247062332988i
-0.4125441015950443+0.2825017154944235i,-0.046662877074134974+0.03166491787068776i
-0.02832058960098713-0.4991970718941847i,-0.0029533312518056623-0.05626122860946006i
0.4418480050322382+0.2340299033500372i,0.04962689502780073+0.026554660128523415i
-0.4288711976855439+0.25703964206457675i,-0.048353481588314984+0.028702968749301713i
0.0019160451995711703-0.499996109131673i,0.00045281177606216295-0.05617526367203834i
0.42688846756114524+0.2603187614209743i,0.04779252374377457+0.029422093282649425i
-0.4436288094335648+0.23063691314510718i,-0.04985649788469735+0.02565241053767935i
0.03214566791824788-0.49896537591283285i,0.003837703723634742-0.05588312504575542i
0.4103667013313309+0.2856549638327712i,0.045792897374989656+0.032164753726592325i
-0.4567629303137581+0.2033901513923777i,-0.05116740631732845+0.022525104090979367i
0.062257651109795004-0.4961086442788768i,0.0071888688264247465-0.055387083562384094i
0.39234316891641047+0.30994579095835284i,0.043636409062387596+0.03477315196182023i
-0.46822549508058403+0.17539906826068058i,-0.05228243624027523+0.019333131270271555i
0.09214179783914578-0.4914363686415376i,0.010494029856780268-0.05469016455224217i
0.37288382870971076+0.3331023487955391i,0.04133199412868703+0.03723835845755764i
-0.47797455566648184+0.14676609910110822i,-0.05319857606885346+0.016088747692508575i
0.12168874495490228-0.4849656475244078i,0.0137411537115905-0.05379613199780257i
0.35205989354485917+0.3550398942809412i,0.03888909295003423+0.03955203441412648i
-0.4859744346937931+0.11759602829213134i,-0.05391358036290496+0.012804335083176575i
0.15079036331153364-0.47672016098968184i,0.016918495798595747-0.05270946993677359i
0.3299475700873747+0.37567814541320416i,0.036317612098735734+0.041706460076327674i
-0.49219585603865423+0.08799560577374532i,-0.054425973921713874+0.009492353419131003i
0.17934015347564208-0.4667300839792923i,0.020014643055697688-0.051435361202801747i
0.30662777995097923+0.39494157505067684i,0.03362788391808622+0.04369456050097661i
-0.4966160519690431+0.05807315638850408i,-0.054735052892010534+0.006165293048872718i
0.20723363546818152-0.455031975887571i,0.023018555443993224-0.04997966360192391i
0.28218586355922076+0.41275968730833457i,0.03083062469559074+0.045509928693260426i
-0.4992188464649067+0.027938183459087287i,-0.054840882902147156+0.0028356269764967432i
0.23436873111634027-0.4416686467695581i,0.02591960576216285-0.04834888363232434i
0.2567112678361494+0.42906727554246404i,0.02793689160534999+0.04714684603738061i
-0.49999471441545396-0.002299031946864201i,-0.05474429424715797-0.0004842365061682664i
0.26064613761584443-0.42668900067457244i,0.028707617637339602-0.04655014786405705i
0.23029721886896404+0.44380466097899385i,0.02495803859425123+0.048600299958063156i
-0.49894081647697125-0.032527834598125846i,-0.05444687416090598-0.0037820006571778622i
0.28596969093660246-0.4101478566783807i,0.031372901555608616-0.04459117210380244i
0.20304038074054437+0.45691791111219426i,0.021905671389683423+0.049865998760712904i
-0.4960610094636034-0.06263760005054439i,-0.05395095622262786-0.007045526412955959i
0.3102467177417832-0.3921057482689062i,0.03390628880378047-0.04248022847775291i
0.17504050178039282+0.4683590370745023i,0.01879160180892167+0.05094038360940023i
-0.49136583223306834-0.09251813948502638i,-0.05325960695626737-0.010262877632595839i
0.33338837453245673-0.37262870181964386i,0.03629916320304396-0.040226110573032464i
0.14640004952855892+0.47808616925518055i,0.0156278015519483+0.05182063761335738i
-0.4848724671189606-0.12206010295132513i,-0.05237660969157778-0.013422365287471111i
0.35530997277666915-0.3517879949614693i,0.0385434905245358-0.03783809678489652i
0.11722383574841971+0.48606371052512304i,0.012426355660435439+0.052504692004156965i
-0.4766046770507858-0.15115537954192795i,-0.05130644576633731-0.016512590430804i
0.3759312888331245-0.3296598957371012i,0.040631845486557745-0.03532591202304731i
0.0876186328606087+0.4922624665070708i,0.009199415825809252+0.05299122939730925i
-0.46659271859183604-0.17969749303157864i,-0.05005427315898953-0.019522485787640268i
0.39517685753528004-0.3063253834927977i,0.042557436243354-0.0326996879359473i
0.057692783201779896+0.4966597524145019i,0.005959153728790257+0.053279684143482595i
-0.4548732312131545-0.20758199153456514i,-0.04862590265052043-0.022441355812068426i
0.4129762483614695-0.28186985252870317i,0.044314126285687906-0.029969921816850396i
0.02755580253815515+0.49923947606821606i,0.0027177145915397755+0.05337023978592247i
-0.4414891032087955-0.23470682975379226i,-0.04702777162351499-0.025258915065494512i
0.4292643231803837-0.25638279959235943i,0.04589645368417644-0.027147434359408064i
-0.0026820207151791453+0.49999219678680207i,-0.0005128288783705334+0.053263823651958205i
-0.4264893147430759-0.2609727424227735i,-0.045266915614906554-0.027965324777255864i
0.44398147462867626-0.2299574963590197i,0.04729964761713707-0.024243326434217286i
-0.032910029102537985+0.4989151599354815i,-0.0037205219756399374+0.052962098617477554i
-0.40992875860419414-0.2862836075739039i,-0.0433509377470547-0.03055122745687998i
0.4570738442483305-0.2026906480973475i,0.04851964213577807-0.021268935060420015i
-0.063017601086433+0.49601230700688936i,-0.006893572743370824+0.052467452094192034i
-0.3918680393201852-0.3105467983036082i,-0.0412879761692972-0.03300777943574035i
0.4684935195855013-0.17468203976963712i,0.04955308713065473-0.018235788748546818i
-0.0928945558749242+0.4912942611969022i,-0.010020395808432208+0.05178298230002772i
-0.37237325137235683-0.3336735217470541i,-0.03908666964914393-0.035326681224786716i
0.47819870952953325-0.1460341708616767i,0.050397356474566356-0.015155562392146523i
-0.12243155663603073+0.4847782885283012i,-0.013089655141516892+0.05091248188330698i
-0.35151573731785535-0.3555791440219298i,-0.03675612145859304-0.03750020558427902i
0.48615389725048935-0.11685188027862173i,0.0510505533282859-0.012040031886369486i
-0.15152051062361108+0.47648823466453816i,-0.0160903055825921+0.04986041898128818i
-0.32937182670652465-0.3761834999521302i,-0.03430586170688914-0.03952122321114125i
0.4923299701755061-0.08724196267959601i,0.05151151260673364-0.008901028651641586i
-0.18005496475042254+0.46645443764484207i,-0.019011632978330226+0.04863191580321255i
-0.3060225567475132-0.39541118643789613i,-0.03174580827610025-0.041383225959471i
0.49670432652831525-0.05731277765507359i,0.05177980061439161-0.005750394239750536i
-0.20793049516073397+0.45471361686001566i,-0.02184329278452279+0.04723272483711588i
-0.2815533757478676-0.41319183839879836i,-0.02908622652041433-0.043080347519992526i
0.4992609580420452-0.027173853177283103i,0.05185571186976764-0.002599935198221891i
-0.23504508937682012+0.4413087386752243i,-0.02457534699348954+0.04566920278836135i
-0.2560538304084016-0.4294603862797326i,-0.02633768789382578-0.04460738149468023i
0.4999905085426065+0.0030645152251634338i,0.0517402631496679+0.000538621633304637i
-0.2612995196208497+0.42628885919153936i,-0.027198299253935628+0.04394828236604423i
-0.22961723812120194-0.44415729417756444i,-0.023511027674043443-0.045959796813429175i
0.4988903081882747+0.03329166810156906i,0.05143518479469462+0.003653673223818918i
-0.2865977059459652+0.40970894472166275i,-0.02970312805872191+0.04207744204109317i
-0.20234034546802476-0.4572287777169843i,-0.020617301952858255-0.047133750450414i
0.4959643832401642+0.0633969870452486i,0.0509429093279127+0.00673378368141864i
-0.31084706784765254+0.3916296706368122i,-0.032081317884380865+0.040064673907055065i
-0.17432297416932607-0.4686270008782367i,-0.0176677440650178-0.048126097408682386i
0.49122344132784146+0.09327029950942214i,0.05026655744878348+0.009767726650261077i
-0.3339588630686556+0.3721171993209037i,-0.03432488817502192+0.03791844978110779i
-0.14566765577960725-0.4783102510564233i,-0.014673720628648385-0.04893439795242251i
0.48468483226399517+0.12280228199145271i,0.04940992147439188+0.012744526615481606i
-0.35584851235754933+0.3512429380446211i,-0.036426420072486615+0.03564768568885489i
-0.1164792564659298-0.48624309171173385i,-0.011646687370690412-0.049556922077312236i
0.47637248455156905+0.15188486010994617i,0.04837744630948724+0.01565349896292209i
-0.37643590899250234+0.32908327764545287i,-0.03837908080404011+0.03326170488180533i
-0.08686459324274975-0.4923964920519746i,-0.008598144910463254-0.04999265122024093i
0.46631681781571016+0.1804116041106049i,0.04717420803604654+0.018484288646412876i
-0.3956457119374977+0.3057193129700111i,-0.04017664564875917+0.03077019954124097i
-0.05693204306748881-0.49674793327280686i,-0.005539594673470603-0.050241277220544424i
0.45455463148099656+0.20827811835344992i,0.045805890221769764+0.02122690732184602i
-0.4134076215581898+0.28123654610169807i,-0.04181351741375526+0.02818319132623418i
-0.026791146227383072-0.4992814909669069i,-0.0024824951058902665-0.05030319855555751i
0.4411289701013359+0.2353824233560597i,0.04427875805520928+0.023871768814207817i
-0.42965663688839595+0.2557245734597758i,-0.04328474336162929+0.025510990927092372i
0.0034477945309557556-0.49998789340046307i,0.0005617816421609937-0.05017951388386544i
0.4260889658353737+0.26162532899470803i,0.04259963042300046+0.026409722791236347i
-0.44433329350573436+0.22927675791492508i,-0.04458602954097781+0.022764156788252294i
0.03367411766225384-0.49886455544374103i,0.0035819923994854534-0.049872012939968145i
0.4094896586438775+0.28691079749764714i,0.04077585005199097+0.02883208652524626i
-0.4573838811458906+0.2019898871212077i,-0.045713752482253185+0.01995345316682587i
0.06377720779633711-0.4959155880315501i,0.006567064861318316-0.049383164834128704i
0.3913917948671036+0.3111462949021343i,0.03881525184575385+0.031130674633012948i
-0.46876064025913233+0.17396381931479188i,-0.04666496823192891+0.0170898076944109i
0.09364690054291211-0.49115178311898544i,0.009506138524261895-0.048716103821040274i
0.37186160491926157+0.3342431296890221i,0.03672612955120829+0.03329782669227734i
-0.4784219367897653+0.14530111787566485i,-0.04743741870850836+0.014184268610599238i
0.12317388564595477-0.48459057418750495i,0.012388604516241084-0.04787461261038298i
0.35097056091362444+0.3561167773556543i,0.03451720089662183+0.03532643264249632i
-0.48633241453890724+0.11610667598968022i,-0.04802953537458284+0.011247961836694634i
0.15225010701233346-0.47625597244586826i,0.015204144174495584-0.04686310330152305i
0.3287951151052666+0.3766871897392691i,0.032197571347343364+0.037209955886802454i
-0.4924631245530032+0.08648733278451541i,-0.04844044022967239+0.008292048057618892i
0.18076915815073474-0.4661784789594182i,0.017942766230559085-0.04568659603331106i
0.30541642010862335+0.39587908795892i,0.029776696629931102+0.038942454021746016i
-0.4967916310645697+0.0565514823443176i,-0.048669944139122276+0.00532767997874476i
0.2086266715737542-0.4543949730292723i,0.020594842467653137-0.04435069544828302i
0.2809200319137505+0.4136222379038721i,0.02726434417916568+0.0405185971312053i
-0.49930209359747624+0.026408677033876306i,-0.04871854252460286+0.0023659599225351333i
0.2357207007381077-0.4409485772299081i,0.023151141722874462-0.04286156507843655i
0.2553955967881194+0.4298517072603045i,0.024670553665534705+0.04193368359089915i
-0.49998532493628894-0.0038307734160146303i,-0.04858740845200502-0.0005821020726448792i
0.26195209312522716-0.4258884995990481i,0.02560286211395167-0.0412258997671307i
0.22893652320975275+0.4445081031357111i,0.022005596763254916+0.04318365334006047i
-0.49883882474753594-0.03405620559482897i,-0.04827838316242797-0.0035056294923227426i
0.287224853096924-0.40926985355736045i,0.02794166137820392-0.03945089624855668i
0.20163964003228307+0.457537789411397i,0.01927993632073529+0.04426509858708619i
-0.49586678872985473-0.06415700739289625i,-0.047793964101684176-0.006393919768833843i
0.31144649319822537-0.3911534562169931i,0.030159685219534983-0.03754422201256666i
0.17360484213290608+0.46889308302765365i,0.016504185096546112+0.04517527192630938i
-0.4910800932595365-0.0940230227942507i,-0.04713729051315059-0.009236483736209644i
0.3345283726217667-0.3716056058170447i,0.03224959356786674-0.035513982588459725i
0.14493472484000255+0.4785324284832931i,0.01368906422448662+0.04591209185333771i
-0.4844962555876559-0.12354495500037366i,-0.046312126667907204-0.01202308397078982i
0.3563860215951027-0.3506978391004628i,0.03420458466434764-0.033368687386553526i
0.11573420847826796+0.48642054991094685i,0.010845361571209442+0.046474145676740804i
-0.4761393697344509-0.15261476640956764i,-0.04532284281480698-0.014743771876763914i
0.37693945050382316-0.3285066695202675i,0.03601841689477383-0.031117214240990225i
0.08611015440535433+0.4925285801716015i,0.007983890149067483+0.04686068983405999i
-0.4660400183155489-0.18112607398821146i,-0.044174393941480844-0.017388923381793216i
0.39611344261921017-0.30511330723315033i,0.0376854283031509-0.028768772801308996i
0.05617097394516277+0.4968341664959377i,0.005115446745457401+0.04707164763028588i
-0.4542351606227192-0.208974538587006i,-0.04287229644520001-0.01994927311433469i
0.4138378293591863-0.28060336190515545i,0.039200553726843834-0.026332866923686412i
0.02602623164892673+0.4993215522858734i,0.0022507709278503664+0.04710760442690092i
-0.4407679973687269-0.23605824677748036i,-0.04142260281997188-0.022415946941190232i
0.4300477470752073-0.25506652941704305i,0.04055933950464258-0.023819256215605305i
-0.0042137556640232665+0.4999816347769498i,-0.0005994954189251942+0.04696980031939817i
-0.4256878125912655-0.2622780838114011i,-0.03983187447325894-0.024780492751157835i
0.4446838744253803-0.22859626361586155i,0.04175795571884001-0.02123791688983824i
-0.034438322618472406+0.4988119983505426i,-0.0034248478698733643+0.04666012035076263i
-0.40904979329453023-0.28753809633821303i,-0.038107152792179355-0.027034909378393163i
0.4576926494651138-0.20128943431397578i,0.04279320594250953-0.01859900208520233i
-0.0645368602711002+0.49581692337398986i,-0.006214958402044827+0.046181082317694744i
-0.3909148274884679-0.31174584355312096i,-0.03625592858503571-0.0291716735672062i
0.4690264656608483-0.17324597278712817i,0.043662534473083235-0.01591280181242782i
-0.0943992208917416+0.4910073705362842i,-0.008959713356753753+0.04553582223541202i
-0.3713492813647922-0.3348127354907618i,-0.034286110029421744-0.031183764888440983i
0.4786438461095372-0.14456850606885752i,0.04436403104341671-0.013189702683764045i
-0.1239161210568066+0.48440094073665513i,-0.011649250281707326+0.04472807753552045i
-0.3504247564252055-0.3566543572264562i,-0.0322059892630401-0.03306468852632483i
0.4865095953263106-0.11536198137960235i,0.04489643301144439-0.010440147584569641i
-0.15297954157970825+0.4760218106728319i,-0.014273993518439252+0.04376216807980021i
-0.3282178274506312-0.3771907777986052i,-0.03002420775763906-0.03480849586362787i
0.4925949280448449-0.08573328206491437i,0.04525912503945226-0.007674595444175316i
-0.1814831228147265+0.46590064436470635i,-0.01682468840638818+0.04264297508068073i
-0.30480976227038103-0.3963468427217036i,-0.027749720620169963-0.03640980280221753i
0.49687757455908405-0.05579083644828626i,0.04545213628374517-0.004903481261674102i
-0.20932255388766377+0.45407448093717967i,-0.019292433981396274+0.04137591802670129i
-0.28028622435677786-0.414052449019503i,-0.025391759968382638-0.0378638057654221i
0.4993418622208055-0.025644221030022597i,0.0454761351251218-0.0021371765401160996i
-0.23639595442887698+0.4405865990728621i,-0.021668714053247547+0.039966929718323795i
-0.25473695933361135-0.43024280177181806i,-0.022959797530555853-0.03916629533816229i
0.4999787727947868+0.004596240515723323i,0.04533242147996588+0.000614049720226323i
-0.26260424741170524+0.42548635863066897i,-0.023945426554142613+0.03842242952605826i
-0.22825546654567272-0.44485865123612595i,-0.020463506620935778-0.040313667510430876i
0.498785975461675+0.03481988107824838i,0.04502291674097295+0.003340069322223892i
-0.2878515217318657+0.40882902000992083i,-0.0261149110576311+0.03674929498898617i
-0.20093865689127977-0.45784650967619456i,-0.01791272364373659-0.04130293249936496i
0.4957678353477867+0.06491609510442883i,0.04455015140543065+0.006030932322517255i
-0.31204538320093295+0.3906755419209994i,-0.02816997437549355+0.03495483187731812i
-0.17288649816998164-0.4691588471042425i,-0.015317409279182953-0.042131721134861945i
0.4909353975506181+0.0947747433675751i,0.04391725045762792+0.008676903493502256i
-0.33509729266941346+0.37109235830262804i,-0.030103914148372733+0.033046742847739737i
-0.14420164924331647-0.47875426522029413i,-0.01268760950513215-0.042798288803403306i
0.4843063467185284+0.12428655602973235i,0.043127916580233815+0.011268497662751209i
-0.3569228900420357+0.35015113520217i,-0.03191054035443708+0.03103309482472025i
-0.11498908434743696-0.4865976489121915i,-0.010033416607224944-0.0433015169543298i
0.47590494233251746+0.15334353252239102i,0.042186411277423515+0.013796513801425344i
-0.37744230299949166+0.3279285085086514i,-0.03358419466922316+0.028922285244995898i
-0.08535570893245897-0.4926602947618336i,-0.007364930329348415-0.043640912182414754i
0.4657619299269366+0.18183933678221595i,0.041097534000081815+0.016252067739170366i
-0.39658043929684683+0.3045058034982979i,-0.03511976761869857+0.026723007305731194i
-0.05540996843439491-0.49692001608736724i,-0.00469221931442363-0.04381660290993997i
0.45391442857402753+0.20966968639540126i,0.03986659937053272+0.01862662338936118i
-0.41426726156892846+0.27996873721892734i,-0.036512713476777044+0.024444214359686772i
-0.025261451411401764-0.4993612241369221i,-0.002025282983174431-0.04382933370073784i
0.4404057950440499+0.23673273422654872i,0.038499412610901104+0.0209120223753586i
-0.43043804363702354+0.2544071048023425i,-0.03775906286774054+0.02209508360290522i
0.004979511503310191-0.4999749851367503i,0.0006259860043492174-0.04368045724772602i
0.4252854651381092+0.26292944113547323i,0.03700224328546885+0.02310051195559155i
-0.4450336073789142+0.22791445085268616i,-0.038855433043371065+0.01968497920203379i
0.03520225136424249-0.49875905298500556i,0.0032518385632306977-0.04337192408421706i
0.4086087727743414+0.2881639384179501i,0.03538179747307864+0.025184771152812827i
-0.4580005392954063+0.20058772711333803i,-0.03979903581397509+0.0172234150093787i
0.0652961659144527-0.4957178774715115i,0.0058427051368203494-0.0429062700778599i
0.39043674748952106+0.31234387864402774i,0.033645188490869476+0.027157935000687163i
-0.4692913859808132+0.17252693766514351i,-0.04058768312186675+0.014720017014239143i
0.09515112434234643-0.4908625879934406i,0.008389230655769006-0.042286601774278544i
0.370835891097149+0.33538077360998775i,0.031799906295334406+0.029013616828981143i
-0.47886482778205447+0.14383477295439684i,-0.04121979025523933+0.012184485678851378i
0.12465787031318218-0.48421095282649684i,0.010882308375171873-0.04151657966537993i
0.34987793431935627+0.3571903181671937i,0.02985378569083476+0.030745928516992375i
-0.4866858300108522+0.1146162339898808i,-0.04169437670963561+0.009626558306507129i
0.1537084218003662-0.47578731410065267i,0.013313112467502898-0.04060039946482331i
0.3276395742832461+0.3776926987427525i,0.02781497347933404+0.0323494986534132i
-0.4927257711556547+0.08497824808423826i,-0.04201106471342165+0.007055971588082716i
0.18219646625332583-0.4656224987184008i,0.01567312925492732-0.039542771480313925i
0.30420219384232605+0.3968128854229376i,0.025691894688137148+0.033819488549553696i
-0.4969625476240846+0.05502927754589916i,-0.04217007544269973+0.0044824244712686374i
0.21001774965581818-0.4537537055415204i,0.017954186970882295-0.038348898179101545i
0.2796515637501912+0.4144809065304713i,0.023493218014939612+0.03515160606175235i
-0.49938065463260045+0.02487892275358125i,-0.04217222295998302+0.0019155414943405672i
0.237070458050885-0.4402243692592087i,0.0201484839475417-0.03702445004935447i
0.2540775287763778+0.430632104690834i,0.021227820631360108+0.03634211718776409i
-0.4999712429473506-0.005362478934058i,-0.04201890591958629-0.000635163276717662i
0.2632555901362397-0.42508400143575964i,0.02224861513280476-0.03557553986592946i
0.22757367891306512+0.44520737345050493i,0.01890475248750238+0.037387855410964246i
-0.49873215126857084-0.035584256965799546i,-0.041712097091138496-0.0031603215724664985i
0.28847731956654404-0.4083880093194872i,0.024247596847863137-0.03400869547441101i
0.20023700687587204+0.45815337358121483i,0.016533200260812266+0.038286228775296964i
-0.49566791414001404-0.06567581260458295i,-0.041254330760727716-0.005650745374410758i
0.3126433456367061-0.3901974930759773i,0.026138889704036782-0.03233083121213458i
0.172167553152144+0.46942272827862935i,0.014122451092715585+0.03903522468293498i
-0.4907897453544661-0.09552702367141741i,-0.04064868807706467-0.00809746037285927i
0.33566523106284624-0.37057902218770333i,0.02791641960553823-0.03054921808929854i
0.1434680398957055+0.4789741965411204i,0.011681856256099686+0.0396334124156664i
-0.48411549691607747-0.12502864754529475i,-0.039898780417517474-0.010491738306549918i
0.3574587256248022-0.34960439183829184i,0.02957459677292022-0.028671452857036754i
0.11424349500786285+0.48677282409413153i,0.009220794895778721+0.04007994338995348i
-0.47566959370968886-0.15407272094429741i,-0.039008730856056224-0.012825128067792813i
0.37794407448577483-0.3273503601729624i,0.031108332730376168-0.026705426092672766i
0.08460086778036044+0.49279007130782126i,0.006748637982558644+0.04037454916443505i
-0.4654829441162362-0.1825529550248755i,-0.03798315382186385-0.015089485462723899i
0.3970463100608036-0.3038983673966593i,0.03251305520848576-0.024659289435070838i
0.05464863750687446+0.4970039176398606i,0.004274712619458045+0.04051753722731316i
-0.45359282690134073-0.21036512435339652i,-0.03682713304375428-0.017277001522528833i
0.41469552636595125-0.2793342377378541i,0.03378472092268192-0.022541422105214218i
0.024496416495354+0.49939894222116604i,0.0018082668360841843+0.04050978459958992i
-0.44004275479102756-0.23740744832650196i,-0.03554619788142567-0.01938022926807177i
0.43082713484420465-0.25374786536870286i,0.03491982619636033-0.020360396848784258i
-0.005745451065981899+0.49996638028966334i,-0.0006415649959754478+0.040352729298352596i
-0.424882315233821-0.26358096364443273i,-0.034146298150075596-0.021392108837321188i
0.4453821007318717-0.2272328854309573i,0.03591541540634991-0.018124945438574944i
-0.03596629292101644+0.49870415526555345i,-0.0030657959974557266+0.04004835971238602i
-0.40816698893196685-0.2887898864742336i,-0.03263377754985607-0.023305990892179388i
0.4583071591004812-0.19988633137153183i,0.03676908723717938-0.015843923875125128i
-0.06605551375869409+0.49561688635070533i,-0.005455619740231269+0.0395992019500944i
-0.38995794680587215-0.31294196297747384i,-0.031015345816210675-0.025115658228832227i
0.4695550097835606-0.17180827984173222i,0.037478998739356194-0.013526277423904776i
-0.09590299994439405+0.4907158716243578i,-0.007802442209999706+0.039008305227226356i
-0.3703218261347898-0.33594880691970247i,-0.029298049711098704-0.02681534552347728i
0.47908449047494484-0.14310148445966306i,0.03804386719553031-0.011181005626817309i
-0.12539952248857464+0.48401904669699947i,-0.010097912657176201+0.038279225368950086i
-0.34933048669297634-0.3577262231261324i,-0.027489242978634015-0.028399757153223276i
0.4868607273651512-0.11387099977608486i,0.0384629698070211-0.008817127424669693i
-0.1544371367779955+0.4755509190737315i,-0.012333953225746017+0.03741600650763498i
-0.3270607477737584-0.37819451559984574i,-0.025596555391647884-0.029864083040058886i
0.4928552627645549-0.08422379681984558i,0.038736141221644815-0.0064436465255968715i
-0.18290957760667576+0.46534247846731747i,-0.014502787255599881+0.03642316106404548i
-0.30359410706388834-0.39727877917493865i,-0.02362786101812214-0.031204012474051745i
0.4970461592463193-0.054268371629824494i,0.03886376893210043-0.004069517152262765i
-0.21071264806094014+0.4534310833891338i,-0.01659696616006239+0.035305648105640734i
-0.27901644239698803-0.4149091736372807i,-0.021591245838359502-0.03241574588026638i
0.49941807992796367-0.024114348205994396i,0.0388467865822775-0.0017036102979704943i
-0.23774460083540466+0.4398603244330529i,-0.018609394786780777+0.03406885018119918i
-0.2534176974775342-0.4310211793097252i,-0.019494974845143963-0.03349600450231673i
0.49996234459777056+0.006127922667370535i,0.03868666522676979+0.0006453193813502762i
-0.2639065105844463+0.4246798647525766i,-0.020533355176968335+0.032718548736130997i
-0.2268915527255026-0.4455558331664364i,-0.01734745875997435-0.03444203798392097i
0.4986769614806349+0.03634776725820438i,0.03838540259650999+0.0029686659159779416i
-0.2891026359465114+0.4079452583150095i,-0.022362528645057375+0.03126089821743829i
-0.19953508244623616-0.4584599446122591i,-0.015157220498774552-0.03525162983824672i
0.49556663452710675+0.06643459390501086i,0.03794551043081835+0.005258003492841659i
-0.3132407699164085+0.3897177465977807i,-0.02409101610814471+0.0297023989814966i
-0.1714483995801495-0.4696862901374679i,-0.012932861520246534-0.03592310080329223i
0.49064274619895093+0.09627829773488i,0.03736999994323703+0.007505116932929868i
-0.3362325772833748+0.37006403447092007i,-0.0257133566021445+0.028049869121483148i
-0.14273428933233356-0.47919378613554614i,-0.010683028189277802-0.03645531008983283i
0.48392331581422177+0.12576966360006905i,0.03666236549523914+0.00970203106595241i
-0.3579939179000354+0.3490560460858622i,-0.027224543929299894+0.026310415334483625i
-0.11349783302281824-0.48694763925155327i,-0.0084163782865527-0.03684765453676393i
0.47543293360429223+0.15480076575856988i,0.03582656655829062+0.011841038897923699i
-0.3784451545992315+0.3267706616639208i,-0.028620041389552084+0.024491402950976095i
-0.08384602353403944-0.4929194737108713i,-0.006141547793724886-0.037100065696733256i
0.46520267072416205+0.18326536283600575i,0.034867008050741395+0.013914728473029199i
-0.39751144463187404+0.30328943614767345i,-0.02989579455627027+0.022600425251573884i
-0.05388737376280872-0.4970874351623617i,-0.0038671180812281008-0.037213004882927087i
0.4532699655453642+0.21105928662346451i,0.03378851914163973+0.01591600833721082i
-0.41512301355928427+0.2786983007448738i,-0.03104824206491576+0.02064527219754367i
-0.02373151950968208-0.499436270655911i,-0.0016015836230439209-0.037187456215610544i
0.4396784866475928+0.23808082328843716i,0.032596330618734536+0.01783813151726247i
-0.4312154105976935+0.25308724845711067i,-0.03207432439133315+0.018633898702767458i
0.00651118174101703-0.4999573844616828i,0.0006466796404941709-0.03702491771455128i
0.4244779730104442+0.26423108560379127i,0.031296050922683755+0.019674717935898586i
-0.4457297444804514+0.22655000474404577i,-0.03297149060450628+0.016574392575420004i
0.03673005468222629-0.4986488695267986i,0.0028694451744723463-0.03672739049073616i
0.4077240519900977+0.2894143748325815i,0.02989364095381327+0.021419775190156004i
-0.45861289897478624+0.19918368452845597i,-0.03373770308674356+0.014474942257740868i
0.06681451120826981-0.49551551445433356i,0.005058665842452828-0.03629736609776183i
0.3894780357470657+0.3135385309443551i,0.028395387761585306+0.02306771762762419i
-0.46981772726442084+0.17108843679729546i,-0.034371440222342786+0.012343804491873526i
0.09665445511986262-0.4905687859790846i,0.00720650291208331-0.03573781210999441i
0.369806696870001+0.336515269881311i,0.026807877230311992+0.02461338366233303i
-0.479303224486686+0.14236707809938565i,-0.034871697063772675+0.010189272038813662i
0.12614068502894898-0.483826787004242i,0.009305353969429392-0.03505215600093398i
0.348782024016679+0.35826050664006104i,0.025137965877548737+0.02605205127962661i
-0.48703467779271914+0.11312471628097273i,-0.035237983992322815+0.008019641576114657i
0.155165293988916-0.4753141903525328i,0.011347879643496176-0.034244267401243686i
0.3264809584664064+0.3786946629866551i,0.023392751883974727+0.02737945168696227i
-0.49298379338159365+0.08346836583612072i,-0.03547032339789808+0.005843181898083924i
0.18362206438770678-0.4650621484742794i,0.013327029048035465-0.03331843882151754i
0.3029851125479605+0.3977429586787643i,0.021579545475481934+0.028591781075305547i
-0.4971288000434858+0.05350655627959139i,-0.03556924441024719+0.003668102539839094i
0.2114068566586941-0.4531081794428008i,0.015236063853686886-0.03227936493013501i
0.2783804709734923+0.4153356851292732i,0.019705838779592814+0.02968571046359411i
-0.4994545288329611+0.023348934975398812i,-0.03553577572124199+0.0015025229437533119i
0.23841799038680025-0.4394960296543663i,0.017068580909729656-0.031132120481359066i
0.2527570761713822+0.43140846050979187i,0.01777927527923083+0.030658393606555003i
-0.49995246858080244-0.006894134125484796i,-0.03537143654505101-0.000645557716457304i
0.2645566164151767-0.42427551373516037i,0.01881853334124138-0.02988213699326524i
0.22620869876959784+0.4459024653605167i,0.015807618987259773+0.03150747295400718i
-0.49862079704123796-0.03711197436982347i,-0.035078225769873475-0.00276828994246371i
0.2897270785906944-0.40750233224112986i,0.02048025005417399-0.028535178279053785i
0.19883249443543788+0.45876465784420817i,0.013798723465147688+0.03223108365759315i
-0.49546438756057776-0.06719400143116872i,-0.03465860936158085-0.004858002441439105i
0.313837263824411-0.3892378678178551i,0.022048453587813266-0.027097314938820272i
0.17072864832748857+0.46994796785655196i,0.01176050080848224+0.032827855628608155i
-0.490494791242858-0.09703012800103356i,-0.034115506085890514-0.006907229676643191i
0.3367989391859427-0.3695489605664108i,0.02351827626119945-0.025574897921932835i
0.14200000846094024+0.47941146928253847i,0.009700890721048752+0.033296913658290545i
-0.4837301946777577-0.12651116666119466i,-0.033452271621706775-0.008908738340421003i
0.3585280747981225-0.34850766343728257i,0.02488527456733669-0.023974531272745486i
0.1127517093279912+0.4871205297684795i,0.007627829797615338+0.03363787561944797i
-0.4751953533854865-0.15552922946278244i,-0.03267268114390332-0.010855552656784328i
0.37894515135028667-0.3261909785474917i,0.02614544177640948-0.02230304417451163i
0.0830907871507287+0.49304693746155875i,0.005549221133563612+0.03385084877571223i
-0.4649215012222041-0.18397812274986985i,-0.0317809104591033-0.012740978426281503i
0.3979754511048231-0.302680575385895i,0.027295218716672277-0.020567462407994303i
0.053125788174492844+0.4971690042531063i,0.0034729043770738237+0.03393642423191318i
-0.4529462360775119-0.2117537357826781i,-0.030781515782901593-0.014558625731679306i
0.41554933133202493-0.27806249193790533i,0.028331502709184112-0.018774979342454253i
0.022966371435205246+0.49947164514776726i,0.0014066263366471629+0.033895669566105485i
-0.4393133822823141-0.2387544217382016i,-0.029679412251466437-0.016302430229098094i
0.43160247917259087-0.25242681982339155i,0.029251654640113395-0.016932926577342577i
-0.007277092545640157+0.4999464334681109i,-0.0006419877465281933+0.033730119690535125i
-0.4240728302305742-0.2648813696939554i,-0.028479851264557262-0.017966672955566153i
0.44607614699508996-0.2258673746000152i,0.030053504161829964-0.015048744353269528i
-0.037493925669716266+0.49859163169265386i,-0.0026654621556158383+0.033441765995391226i
-0.4072803538018848-0.2900389662335446i,-0.027188396760627592-0.01954599859051676i
0.4589173673870779-0.19848135243855222i,0.03073535302153306-0.013129951850532963i
-0.06757354729620232+0.49541219781444273i,-0.00465649778289498+0.033033043835426885i
-0.3889974062530064-0.31413514535073234i,-0.025810900527902497-0.021035432115497327i
0.4700791469930951-0.1703689744266231i,0.03129597652353072-0.011184117492740394i
-0.0974058789194708+0.49041976719692687i,-0.0066079982450557824+0.03250681842549559i
-0.36929089532532056-0.33708172537151027i,-0.02435347665811012-0.02243039382324277i
0.47952063849017845-0.1416331198025249i,0.0317346231386536-0.009218829371880632i
-0.12688174700917393+0.4836326099935229i,-0.008513094936646133+0.0318663692166639i
-0.3482329383912128-0.35879473166118003i,-0.022822475251839686-0.023726712634295766i
0.4872072900715335-0.11237894946137231i,0.03205101228144266-0.0072416659095333085i
-0.15589328253851123+0.47507556428669384i,-0.010365170934404056+0.031115372829869727i
-0.32590059853544123-0.37919470393547594i,-0.021224455486370947-0.024920637686477055i
0.49311097189131775-0.08271352111135469i,0.032245330282834744-0.0052601668668127415i
-0.18433431573857048+0.464779945191227i,-0.012157883670679352+0.03025788462901807i
-0.30237560253731854-0.398206987051102i,-0.01956615815823628-0.026008848169692823i
0.49721007900780373-0.05274539748847058i,0.03231822459288273-0.003281804813124637i
-0.21210076463411814+0.4527834302543541i,-0.0138851862997954+0.02929831901994656i
-0.27774404178577683-0.4157620042115173i,-0.01785447781366728-0.026988461385784524i
0.4994896104481934-0.022584249063507072i,0.03227079625474651-0.001313957160867909i
-0.23909101593895796+0.4391299215720984i,-0.015541347687215908+0.02824142856588157i
-0.25209605722183204-0.43179551158815i,-0.016096434580616017-0.027857039020386026i
0.49994122410574077+0.007659547304815193i,0.032104590697584576+0.0006361211301114575i
-0.26520629691694797+0.42386938512644523i,-0.017120970957507423+0.027092282013746385i
-0.22552550946142566-0.44624883342523713i,-0.014299145816012646-0.02861259162094365i
0.4985632672682822+0.037875312301773725i,0.03182158690216716+0.0025613240782318292i
-0.29035103684782493+0.4070576679312926i,-0.018619010543464713+0.025856241329031294i
-0.19812963530585476-0.4590690767679092i,-0.01246979768149649-0.029253581282229966i
0.4953607826664532+0.06795246919543468i,0.03142418499891538+0.004454720340049112i
-0.31443321677502156+0.388756293656348i,-0.020030787685326026+0.024538937839876256i
-0.1700086918968098-0.4702093250277041i,-0.010615616759993882-0.02977892254777353i
0.49034549001945926+0.09778094850003485i,0.030915192363659694+0.006309577912704844i
-0.3373647062555577+0.3690322374769023i,-0.021352004335616757+0.023146247593472034i
-0.14126558981826495-0.4796288096771454i,-0.008743841824158476-0.03018798154260904i
0.48353574314593273+0.12725159078305964i,0.03029780828170874+0.008119387792114035i
-0.359061585879635+0.3479576809734324i,-0.022578755432020918+0.021684266029974815i
-0.11200551648790821-0.4872930594450561i,-0.006861695865959954-0.030480573359603257i
0.47495646279683434+0.15625654614191772i,0.029575607255744825+0.009877886505090402i
-0.37944445437966257+0.3256097479779959i,-0.023707539507453336+0.02015928208071563i
-0.08233555121633573-0.49317402646661634i,-0.004976358494531149-0.030656957728304922i
0.4646390454561996+0.1846896688882973i,0.028752521037657422+0.01157907743893469i
-0.39843871920481827+0.30207022233410497i,-0.024735267613499486+0.018577751798671112i
-0.05236427334273189-0.4972501889265115i,-0.0030949388067850487-0.03071783300177589i
0.4526212484434816+0.21244690599582985i,0.027832819468658735+0.01321725089757686i
-0.415974869497771+0.2774252486029588i,-0.02565927054028157+0.016946271629874124i
-0.022201364881087565-0.49950662981953936i,-0.0012244488323645156-0.030664328503164914i
0.4389470517379682+0.23942667788950997i,0.02682109021584186+0.014787002819154146i
-0.4319887304745862+0.2517650168113223i,-0.026477304322764517+0.015271551434726497i
0.008042790868897864-0.4999350915404473i,0.0006282223488737118-0.030497995279849893i
0.42366649703093046+0.2655302501833433i,0.02572221749684372+0.01628325209592412i
-0.4464216982768926+0.22518343239473404i,-0.027187554030419215+0.01356038736803896i
0.03825751327731891-0.4985340061032233i,0.002456333722342319-0.030220795318798444i
0.4068355045945118+0.29066209500582474i,0.024541359887250813+0.01770125644355913i
-0.45922095443685257+0.19777777254391612i,-0.02778863584401157+0.011819634725997473i
0.0683322294276687-0.49530850087925193i,0.004253316596715207-0.02983508928232728i
0.38851566863753006+0.3147302405909504i,0.023283927308100433+0.019036626773205105i
-0.4703396591700856+0.16964833021200376i,-0.028279597430042124+0.010056180867279167i
0.09815687876625648-0.49027037983333577i,0.006012797918353372-0.029343622828694405i
0.36877403189710944+0.3376466078554079i,0.021955557292987815+0.020285340026135964i
-0.47973712278917646+0.1408980470853815i,-0.028659916630011887+0.008276918314064439i
0.12762231587660003-0.48343808032624985i,0.00772862256072765-0.028749511586896197i
0.34768284029103474+0.35932733273022033i,0.020562090636137897+0.021443750437350997i
-0.48737895461046815+0.11163213686129103i,-0.028929498488206466+0.006488718136880708i
0.15662070990480584-0.4748366056419143i,0.009394874512380165-0.028056224859636096i
0.32531927852869935+0.3796930730672454i,0.01910954652413434+0.022508599201086513i
-0.493237188809204+0.08195770021085469i,-0.029088670648032503+0.004698403724949822i
0.18504593917421633-0.46449743348610634i,0.011005896892130693-0.027267568132701505i
0.30176518764819454+0.39866929899738673i,0.017604097254981597+0.02347702251783961i
-0.4972903867624445+0.05198333283658414i,-0.029138177153105346+0.0029127250410948906i
0.21279397954520116-0.4524584007915664i,0.012556310725688946-0.026387664472887838i
0.2771067655132352+0.4161865656779269i,0.01605204264867316+0.024346558009175366i
-0.4995237155052263+0.021818728058717166i,-0.029079170695249554+0.0011383334572586286i
0.23976328509886344-0.4387635652510631i,0.014041032423459004-0.025420934900139292i
0.2514342513659718+0.4321807674308485i,0.014459784253562116+0.025115149493204106i
-0.4999290020128473-0.008425724615257618i,-0.028913203357276478-0.0006182427366476494i
0.26585515975152135-0.42346304408514646i,0.015455289905143119-0.024372077822722178i
0.22484159559009353+0.4465933723421025i,0.012833799452487393+0.02578115012024129i
-0.4985047631106296-0.03863934346882056i,-0.02864221590388829-0.002350622061555611i
0.2909741184400164-0.4066128306346299i,0.01679463732273061-0.02324604762702544i
0.19742611589274578+0.45937163646329315i,0.011180615571894292+0.026343323874670598i
-0.49525621090170274-0.0687115596240016i,-0.02826852567924191-0.004052592730684408i
0.3150282365560643-0.38827458944899373i,0.018054968339561484-0.022048032515931494i
0.1692881411634874+0.47046879683189213i,0.009506784096049336+0.026800845455486926i
-0.4901952336929428-0.09853232167601976i,-0.027794813174629472-0.005718134602906956i
0.33792948635086945-0.36851543062059977i,0.019232527929367412-0.020783431691671555i
0.1405306443136156+0.4798442426036127i,0.00781885508688888+0.02715329855429873i
-0.48334035248887175-0.12799249843419294i,-0.02722410733431418-0.007341440131903527i
0.3595940590789054-0.3474076641905548i,0.020323922665486223-0.019457831980642527i
0.11125886543950292+0.4874636636706694i,0.006123351908154666+0.027400672555762222i
-0.47471665321272916-0.15698427829525907i,-0.026559769671853667-0.00891693423980558i
0.37994267170195534-0.32502853552499444i,0.02132612947678294-0.018076983998801893i
0.08157992668901232+0.49329917622204833i,0.004426746350131785+0.027543357691415672i
-0.46435569490275974-0.1854015637875737i,-0.025805477273172943-0.010439293049107044i
0.39890085703100486-0.3014599426301948i,0.022236502853189448-0.01664677795700578i
0.051602440240409664+0.49732942478628756i,0.002735434248671647+0.027582138683716974i
-0.45229539421967796-0.2131403598423214i,-0.02496520476625006-0.011903461411904i
0.4163992362441942-0.2767881364410191i,0.02305278049013576-0.015173219205984047i
0.02143611082840577+0.49953966038333786i,0.0010557116891517812+0.027518186922684783i
-0.43857988668796305-0.240099154370835i,-0.024043205340504744-0.01330466918099562i
0.4323737727835301-0.25110340517951213i,0.02377308736749667-0.013662403620585049i
-0.008808665728090026+0.4999217944994994i,-0.0006062481173035977+0.027353051222936523i
-0.42325936517878077-0.26617928975527405i,-0.02304399090185568-0.014638446173012968i
0.44676600670120575-0.22449974393875793i,0.0243959382649654-0.012120492922440199i
-0.03902120652728672+0.4984744286879107i,-0.002244417201686386+0.027088647214039856i
-0.40638989622561705-0.29128532389316314i,-0.021972311451883365-0.015900635779530572i
0.4595232685979187-0.1970745107011797i,0.02492023872199744-0.010553690039341835i
-0.06909094663643098+0.4952028596862642i,-0.003852934369332999+0.02672724542195367i
-0.3880332148448279-0.31532537947452655i,-0.02083313378165409-0.017087407187980987i
0.4705988723702686-0.16892807005010785i,0.025345284456560778-0.00896821459838055i
-0.09890784371200737+0.49011906003301875i,-0.005426125821059282+0.026271458103921723i
-0.3682564986119752-0.33821148021340985i,-0.019631619572472836-0.01819526618020581i
0.4799522860618597-0.14016342587848002i,0.02567075926294619-0.007370278648251332i
-0.12836278070748874+0.48324163425304817i,-0.0069585247921985375+0.025724224903439934i
-0.34713212182073094-0.35985987280333015i,-0.018373102997162185-0.019221064482484937i
0.48754928019286387-0.11088584443879883i,0.025896731414736023-0.005766062704160867i
-0.1573479651948959+0.47459575077306426i,-0.008444890143293646+0.0250887973958974i
-0.32473739062402385-0.3801913334184318i,-0.017063067916400547-0.020162007647004997i
0.49336205302522806-0.08120246911382671i,0.026023648604679536-0.004161692206396671i
-0.18575732383882132+0.4642130498159769i,-0.009880223841122743+0.02436872259910825i
-0.30115426012669777-0.399131457638688i,-0.01570712476519152-0.021015661450794223i
0.4973693323051022-0.05122192831778814i,0.026052331458755615-0.002563214480956266i
-0.21348689057931267+0.45213152761125763i,-0.011259787273870066+0.023567825526256556i
-0.2764690344650017-0.41661093273814587i,-0.014310987224703763-0.021779956804256824i
0.4995564531101601-0.021053937962994672i,0.025983965666933413-0.0009765762875995911i
-0.24043518710303205+0.4383953973450466i,-0.01257911634956527+0.022690190861713744i
-0.25077205097049077-0.4325657913397553i,-0.01288044877448244-0.022453193167485872i
0.4999154115169203+0.009191100053306294i,0.025820092778232315+0.0005923979626293165i
-0.26650359421033065+0.42305492735886707i,-0.013834035332358713+0.02174014384277881i
-0.22415734957416325-0.4469376455085158i,-0.011421359219427824-0.023034040478525537i
0.49844489389167124+0.03940250187249345i,0.025562599712443998+0.002138027241987438i
-0.2915967127191941+0.40616625718906973i,-0.015020669376776189+0.020722230432614914i
-0.19672232866067374-0.45967390042625966i,-0.009939601284944246-0.023521539603656237i
0.49515028169780717+0.06946970672999113i,0.025213707045439588+0.003654794118198474i
-0.31562271258530555+0.38779119212022256i,-0.016135455725768546+0.019641196871519804i
-0.16856738863204593-0.470727946866114i,-0.008441067372327787-0.023915101325592207i
0.49004363180198074+0.09928268156021701i,0.024775956129231017+0.005137364073827183i
-0.3384936689605966+0.3679969770042959i,-0.01717515354411787+0.018501968695127824i
-0.13979556448529115-0.4800593317622678i,-0.006931636564735331-0.024214503891134585i
0.48314363235114666+0.1287323236703788i,0.02425219511190928+0.0065806038668783885i
-0.360125883960455+0.34685605017336335i,-0.01813685236456409+0.017309629309283366i
-0.11051214874853976-0.4876339062508299i,-0.0054171519720403166-0.024419889145371514i
0.4744755343819642+0.15771086000950485i,0.02364556392624605+0.007979598871252725i
-0.38044019296206166+0.3244457783463962i,-0.01901797912982599+0.01606939821202336i
-0.08082430615557748-0.49342395064001665i,-0.0039033985004861206-0.024531757284834428i
0.46407105941283955+0.18611224157155723i,0.02295947831907706+0.009329669340488466i
-0.3993622543129342+0.3008481735002754i,-0.019816303819540894+0.01478660895350148i
-0.05084068146891249-0.4974082758523257i,-0.0023960811303445247-0.024550960267218473i
0.4519682833567834+0.21383253148927936i,0.022197612996578308+0.01062638554320688i
-0.4168228213894694+0.27614959274115447i,-0.02052994365692688+0.013466686924644415i
-0.020671001886572477-0.4995723009674666i,-0.0009008037817719792-0.024478693920189816i
0.43821149717991015+0.2407702853985237i,0.02136388396323083+0.011865581723800303i
-0.4327579960098662+0.25044042227451313i,-0.02115736589575235+0.012115127064976493i
0.009574324512347548-0.4999081065822706i,0.0005769511542444654-0.02431648879655042i
0.42285104481551117+0.26682692268108554i,0.020462430134579327+0.013043368847181241i
-0.4471094622740475+0.22381474663043768i,-0.021697389193879955+0.010737471579292368i
0.03978461281386947-0.49841446379230847i,0.0020318425465401615-0.02406619982749123i
0.40594313892686507+0.2919070872274578i,0.01949759430586872+0.014156146091758158i
-0.4598246999748261+0.1963700043546192i,-0.022149183585260853+0.009339287751777064i
0.06984930632841438-0.4950968386891518i,0.0034586894465367087-0.023729994829896454i
0.38754965519301543+0.3159189963992667i,0.01847390356025403+0.015200611060275065i
-0.4708571767993234+0.16820663142509545i,-0.022512269067737966+0.00792614594471785i
0.09965838118083767-0.4899673723568253i,0.004852489137712946-0.023310341927584157i
0.3677379058703417+0.3387747769143376i,0.01739604920154385+0.016173768683656848i
-0.4801665186172628+0.13942769369967584i,-0.022786512829392813+0.006503597867188711i
0.1291027489505914-0.48304483644064866i,0.006208434250659024-0.02280999595005078i
0.3465803934585887+0.3603907864251933i,0.016268866297340052+0.01707293879856085i
-0.48771865723295965+0.11013850973913568i,-0.022972125141352544+0.005077155196975148i
0.15807465588852676-0.47435456445107194i,0.007521928887070835-0.02223198387561063i
0.32415454537283533+0.3806879196141497i,0.015097312918963273+0.017895762384883617i
-0.4934859550602954+0.08044626538648394i,-0.02306965395002714+0.0036522686365980006i
0.18646807724936867-0.46392835905389973i,0.008788603700732193-0.02157958938889355i
0.30054243059238506+0.3995918976848273i,0.013886449164767596+0.018640206455061897i
-0.49744730626442224+0.05045962151278041i,-0.023079978206569627+0.0022343074815707525i
0.2141791052967806-0.4518043756861828i,0.010004329888322188-0.02085633662537842i
0.27583045932352324+0.4170335401906671i,0.012641416053256341+0.019304567592498947i
-0.4995882140000592+0.02028831636498127i,-0.023004299976000286+0.0008285397760363049i
0.24110632956108555-0.43802698292369485i,0.011165232047865183-0.020065973178034126i
0.2501090667752487+0.4329490182056751i,0.011367414371899233+0.0198874741419433i
-0.4999008434637258-0.009957236028946194i,-0.02284413537282295-0.000559886872364685i
0.2671512079580601-0.4226466001109864i,0.01226769986771753-0.019212452443228348i
0.22347238220522075+0.44728008791089624i,0.010069683566707191+0.02038788706004663i
-0.4983840505657586-0.0401663499279795i,-0.02260130437414743-0.0019259637500430105i
0.292218427410672-0.4057195128482235i,0.013308398614121716-0.018299915384767242i
0.196017884447075+0.4599743037417958i,0.008753480756403673+0.02080509943960926i
-0.49504338611718934-0.07022847294034863i,-0.02227791956521358-0.003264838702861673i
0.31621625265403464-0.3873076670100465i,0.014284278390626178-0.017332671796343856i
0.1678460451797273+0.4709852103165163i,0.007424059953531797+0.02113873472624029i
-0.4898910755161586-0.10003359059784356i,-0.0218763738758824-0.004571832948788271i
0.3390568619471068-0.36747844205025604i,0.01519258214792363-0.016315181143701472i
0.13905996124415+0.48027251244263813i,0.006086651572977381+0.021388743651177117i
-0.48294597400820527-0.12947262896155198i,-0.02139932736999422-0.005842456981390662i
0.360656668462573-0.3463044044219286i,0.01603085242798747-0.015252033068536695i
0.1097649773531808+0.4878022225802894i,0.004746442306263161+0.02155539990893017i
-0.4742334976841608-0.15843785378566322i,-0.020849693152572277-0.007072425512124797i
0.38093662617875773-0.3238630420153436i,0.01679693683168103-0.014147927636513223i
0.08006830057508485+0.4935467852219558i,0.003408555437518684+0.02163929461311527i
-0.4637855304681643-0.18682326477857147i,-0.02023062246262343-0.008257671403884403i
0.399822519154141-0.3002364805855601i,0.017488992204315205-0.013007655411800987i
0.05007860800169642+0.49748517773381135i,0.002078031674313319+0.02164132956838591i
-0.4516403074361838-0.21452498351844912i,-0.019545489021733562-0.009394358552954675i
0.41724523312585077-0.27551118320740026i,0.018105487538884288-0.011836077440217807i
0.019905649036904532+0.49960298728953567i,0.0007598105635610194+0.021562709400682657i
-0.4378422748920485-0.24144163360368875i,-0.01879787271080591-0.010478893681281024i
0.4331410084382042-0.24977763385770335i,0.0186452056018861-0.01063810522242806i
-0.010340156239063564+0.4998924636150732i,-0.0005412874405343656+0.021404932592119532i
-0.4224419277130517-0.2674747116470247i,-0.017991542649119188-0.011507937005856297i
0.4474516733756818-0.22313000628280447i,0.019107243291767266-0.009418680757667344i
-0.040548121159745154+0.4983525473513095i,-0.0018205781929977577+0.0211697814706921i
-0.4054956245603717-0.2925289477556541i,-0.017130439751370137-0.012478411756987962i
0.4601248570464417-0.19566581936304067i,0.019491010745012437-0.00818275673718697i
-0.07060769753813817+0.4949888739308707i,-0.0030735302992453816+0.020859311208595983i
-0.387065381630559-0.31651265417815744i,-0.016218658839550794-0.013387512522210149i
0.4711141810373059-0.1674855802355008i,0.01979622920981516-0.006935276965020002i
-0.10040888022562+0.4898137529548599i,-0.0042957807249784045+0.02047583788628891i
-0.36721864570287366-0.3393380608423183i,-0.015260430387344601-0.014232712397673193i
0.4803794291388491-0.13869241648104083i,0.020022927711986927-0.005681157081763502i
-0.12984260968357955+0.48284612314499875i,-0.00548314952294819+0.020021925682518184i
-0.34602804731301995-0.36092163655591847i,-0.014260101975251956-0.015011768933894823i
0.48788669451946426-0.10939169872159665i,0.020171438542373594-0.004425265664919694i
-0.1588011710945231+0.47411148303603495i,-0.006631653628973661+0.01950037325330167i
-0.32357113495655654-0.3811843946950514i,-0.013222119534844062-0.015722728867817354i
0.4936085038098148-0.07969065500893127i,0.020242391599447525-0.0031724057768605786i
-0.1871785885520769+0.4636417976620477i,-0.007737519683974091+0.018914199365378463i
-0.2999300912946854-0.4000521822612671i,-0.012151008460411035-0.01636393163814584i
0.4975239176435753-0.04969797841598532i,0.020236707624981067-0.0019272970287838329i
-0.21487101288732224+0.4514753815781428i,-0.008797195843269335+0.018266627851818783i
-0.27519143240098254-0.417455951249721i,-0.011051354665825571-0.01693401168592401i
0.49961860728652535-0.01952342926687878i,0.0201555903747145-0.0006945582260612247i
-0.24177710171218358+0.43765675864562376i,-0.009807362539019687+0.017561071959409945i
-0.2494456911496998-0.43333201133523774i,-0.009927785663676771-0.017431899547214566i
0.4998849070735676+0.010722566538768876i,0.02000051776974+0.0005213093428107213i
-0.2677983902890757+0.4222364990937685i,-0.01076494216635311+0.016801118158998974i
-0.22278708590429974-0.44762226295156726i,-0.00878495174266175-0.01785682174957683i
0.49832184246177147+0.040929321637238295i,0.019773232077882716+0.0017159379148601593i
-0.2928396518695831+0.4052710344544938i,-0.01166710766849929+0.015990509491270885i
-0.1953131757186817-0.46027440991086177i,-0.00762750731785487-0.018208299528758083i
0.49493513359678265+0.0709862922689574i,0.019475729177680992+0.0028851085036927684i
-0.3168092461834907+0.3868224510471676i,-0.012511290001025162+0.015133128521399112i
-0.1671245033129149-0.4712421507852788i,-0.006460092526817178-0.018486146386604393i
0.4897371743795442+0.10078348282121799i,0.01911024696063338+0.00402476534155142i
-0.3396194548028431+0.3669582627693263i,-0.013295184460105375+0.014232979976659295i
-0.138324227130034-0.48048534835033613i,-0.005287315142571871-0.018690464515647622i
0.48274698710993946+0.13021184836491068i,0.018679252930176+0.005131029464933707i
-0.3611868021537431+0.34575116402478545i,-0.014016755864580429+0.013294173141443202i
-0.10901774382041038-0.48797017646992674i,-0.004113732872272952-0.01882164012012776i
0.47399015287333734+0.1591636937121658i,0.018185431058382953+0.006200211400425136i
-0.38143236100112743+0.3232787636933204i,-0.014674242586351468+0.012320904084138799i
-0.07931230253524646-0.49366924388545996i,-0.0029438361079239177-0.01888033766731805i
0.46349871792479924+0.18753306753452037i,0.017631667963617613+0.007228822911635549i
-0.4002820412885718+0.2996233011154745i,-0.015266159428449196+0.011317437790065873i
-0.04931661244071081-0.49756169445611187i,-0.0017820311928158222-0.01886749310695631i
0.4513110764135394+0.2152161500993084i,0.0170210384743233+0.008213587772461561i
-0.41766686127610064+0.27487134513186784i,-0.015791299354809503+0.010288090274086958i
-0.019140444889045594-0.49963328348334957i,-0.0006326242644100767-0.018784306100308523i
0.43747182987681565+0.24211163320532494i,0.01635679064580641+0.00915145153633089i
-0.43352319998374966+0.24911347727839456i,-0.016248734080442702+0.009237210745632166i
0.011105768297470592-0.49987642984041475i,0.000500194268747255-0.018632231303897715i
0.4220316240174462+0.2681210909273637i,0.015642330298222203+0.010039590275578762i
-0.4477930300170479+0.22244396029667668i,-0.016637813535223745+0.008169163897728003i
0.04131133895959768-0.49829024371599384i,0.0016123645618318018-0.018412968756216022i
0.40504696336227286+0.2931493398128606i,0.014881205145059593+0.010875418269660474i
-0.4604241299223765+0.19496039317288547i,-0.01695816421896847+0.007088312390167717i
0.07136572767229249-0.49488052987054515i,0.002699971429551741-0.01812845341877437i
0.3865800044798431+0.31710478721247964i,0.01407708858217731+0.011656594625481893i
-0.4713702752950782+0.16676335396733938i,-0.01720968646976329+0.005998999595256031i
0.10115894827156216-0.4896597663933676i,0.0037592576559369664-0.017780843925633238i
0.3666983285140464+0.33989976646990006i,0.013233763207920734+0.012381028817721853i
-0.4805914079409386+0.1379560317419693i,-0.017392550671692986+0.004905532672584818i
0.13058197035662156-0.48264705903814853i,0.004786636474909063-0.017372510598097794i
0.3454746938661302+0.3614508577441533i,0.01235510414503599+0.013046885141613512i
-0.48805378247198483+0.10864384893263831i,-0.01750719243210344+0.0038121660370758425i
0.1595271182943663-0.47386807130410513i,0.005778703182415704-0.016906022783519558i
0.32298676993017983+0.38167919329043976i,0.011445062234953882+0.013652586075199521i
-0.49373008980012395+0.07893407554827139i,-0.017554306762367484+0.002723085282064084i
0.1878884652659777-0.46335493051859156i,0.006732245844986574-0.016384135579148792i
0.29931685285646836+0.40051074608222526i,0.010507647174638205+0.014196814552604176i
-0.49759955707668346+0.04893543660866102i,-0.017534841299773757+0.001642391616510855i
0.2155622209136187-0.45114611026486934i,0.007644255073742566-0.01580977600369733i
0.2745515643828672+0.41787660071838856i,0.009546910665475514+0.014678515154304957i
-0.49964802371212313+0.01875771425755695i,-0.017449988611587672+0.0005740868725444407i
0.24244711116859816-0.4372862895853048i,0.008511932837149317-0.015186028680710539i
0.24878153483646198+0.4337132056240117i,0.008566929642723055+0.015096894224772128i
-0.49986799319771513-0.011488653992863865i,-0.01730117762556591-0.00047794086357123367i
0.26844474887099834-0.4218261894752485i,0.00933270029010018-0.01451612109900598i
0.22210107146545127+0.4479626056218699i,0.007571789652788435+0.015451418932102782i
-0.49825866053954837-0.041692979415894005i,-0.01709006423421329-0.0015099309472085107i
0.29345999382445437-0.40482238726596204i,0.01010420460127487-0.013803408516293829i
0.19460781331509328+0.460572654023506i,0.006565568444100836+0.01574181528845103i
-0.4948259152044606-0.07174472714353061i,-0.016818521122831272-0.0025182631514923727i
0.31740130096844-0.3863371095758656i,0.010824324765078292-0.013051358572700737i
0.16640237391070425+0.4714972034637312i,0.005552319835582695+0.015968065154069507i
-0.4895823195671182-0.10153392067665312i,-0.016488626873946265-0.0034994698809569587i
0.34018105539390187-0.3664380045878223i,0.011491176388827674-0.012263535681194634i
0.13758797305533768+0.4806962747801752i,0.004536057924718799+0.016130402251674582i
-0.4825470629371156-0.13095154435180995i,-0.01610265440297325-0.0044502475836532785i
0.36171589297622203-0.34519789448582155i,0.012103115450226982-0.011443585261949761i
0.10827005908960474+0.4881362033198631i,0.003520741694993744+0.01622930722155971i
-0.473745891334338-0.15988994229175996i,-0.01566305878199861-0.0053674673264498905i
0.38192700545213726-0.3226945089570391i,0.012658741024455189-0.010595217887418094i
0.07855592299600303+0.4937897621373968i,0.0025102600800093657+0.01626550175144035i
-0.4632110132695783-0.18824321237977965i,-0.015172464510318345-0.006248184502205155i
0.40074042882415983-0.2990102007345423i,0.01315689698448566-0.00972219340434392i
0.0485543057599685+0.4976362616338894i,0.0015084175389277416+0.016239941818367385i
-0.45098098187521146-0.21590759381595923i,-0.014633652291866283-0.0070896476414983815i
0.41808731403706373-0.27423164422163115i,0.013596672682437735-0.00882830509815959i
0.01837500042453738+0.4996616252720184i,0.0005189201950415542+0.016153810083219262i
-0.4371005538172744-0.24278184683719858i,-0.014049545380887653-0.007889306305678414i
0.4339041789358792-0.24844951830072015i,0.013977402623866545-0.007917363964133547i
-0.011871549705069984+0.49985844109011096i,-0.0004546374137721759+0.016008507481232517i
-0.42162052550527884-0.26876762321129i,-0.013423195558161134-0.008644818042112312i
0.4481331405833335-0.2217581744875473i,0.014298665150915628-0.006993183148318781i
-0.04207465523654619+0.4982259888267418i,-0.0014087849271485753+0.015805644054774932i
-0.4045975471991523-0.2937698261492394i,-0.012757768800763588-0.009354054386654499i
0.4607221270865612-0.19425529164511932i,0.01456028015413268-0.00605956261979993i
-0.07212378576616849+0.4947702425565814i,-0.0023401880546636434+0.015547029077063314i
-0.3860939156935998-0.31769695831870065i,-0.012056530708772885-0.010015105902518778i
0.47162506815788185-0.16604151852099502i,0.01476230583652093-0.005120274133918185i
-0.10190897437263707+0.48950384882784703i,-0.003245659729868015+0.015234660517813822i
-0.3661773463385718-0.3404614566849428i,-0.011322831752443098-0.010626286248876118i
0.48080206371228185-0.1372201054160655i,0.014905034556991492-0.004179046544144005i
-0.1313212200488136+0.482446080381363i,-0.004122170490772442+0.014870713903837485i
-0.3449207252301454-0.3619800129539774i,-0.010560092403265194-0.011186135276623436i
0.4882195298846009-0.10789652633276534i,0.014988987783844686-0.0032395515180142893i
-0.16025288659862502+0.47362276562060135i,-0.00496685805535694+0.014457530629377434i
-0.32240184247869386-0.3821738784451605i,-0.00977178821192935-0.011693421152845575i
0.49385032193206446-0.0781780929854913i,0.015014910192182058-0.0023053897101137024i
-0.18859809653934667+0.46306619409080985i,-0.005777036064432361+0.013997605772521397i
-0.2987031075304684-0.4009691522775658i,-0.008961434895559459-0.012147141519515375i
0.4976738335723938-0.04817356208578355i,0.014983762942236653-0.0013800774424443298i
-0.21625311856774876+0.4508149983131349i,-0.0065502019680446+0.013493575475291357i
-0.27391124758439345-0.41829705181549354i,-0.00813257349568638-0.012546523695910347i
0.49967607239395406-0.017992737339437067i,0.014896716178521747-0.0004670339397191623i
-0.24311674717214643+0.43691401240617334i,-0.0072840440355059965+0.012948203946041917i
-0.24811699020773936-0.43409416438339565i,-0.007288755667280608-0.012891023938091613i
0.4998497110619757+0.012253932387936014i,0.014755140792376258+0.0004304308358607747i
-0.26909067300113826+0.42141410801234125i,-0.007976447473062172+0.012364370143544266i
-0.22141473131216588-0.4483026793290538i,-0.006433529157775791-0.013180325772520644i
0.4981941141334563+0.04245575726635219i,0.01456059949297105+0.0013091277089032956i
-0.2940798426336392+0.4043720081294953i,-0.008625499637160878+0.011745054202648077i
-0.19390218970519646-0.46087059958575527i,-0.0055704235334095836-0.013414337424528426i
0.4947153403826073+0.0725022115787288i,0.014314837234106311+0.002165999136008709i
-0.31799280643360706+0.38585007952910444i,-0.00922949433521956+0.011093323661646174i
-0.16568004948132292-0.47175193195924126i,-0.004702936208357731-0.013593188365834157i
0.4894261206283425+0.10228333819757299i,0.014019771046139084+0.002998129337025348i
-0.3407420532164629+0.3659161045206339i,-0.009786935209725999+0.010412319551456755i
-0.1368515915614305-0.4809068554430579i,-0.003834518830113044-0.013717225008663203i
0.48234581114494307+0.13169015098087744i,0.01367747932420436+0.0038027536810335736i
-0.3622443305024675+0.3446430328973821i,-0.010296538205398548+0.009705242406478382i
-0.10752231572895307-0.48830186694635014i,-0.0029685640723060066-0.013787005577187i
0.4735003228264021+0.16061503361462554i,0.0132901906254197+0.00457726729927786i
-0.38242094918506836+0.3221087149715465i,-0.010757233122965684+0.008975338256446407i
-0.0777995545459445-0.4939099039007958i,-0.0021083928837407236-0.013803294190031288i
0.46292202636367247+0.18895213344231382i,0.012860272029106312+0.005319232900895234i
-0.40119807149925685+0.29839561667549186i,-0.0111681642669208+0.008225884657879176i
-0.0477920805619661-0.49771044329798975i,-0.0012572422398227216-0.01376705419042841i
0.450649633781831+0.2165977488402454i,0.012390217115108277+0.006026387770970582i
-0.41850698123609903+0.2735905177718313i,-0.011528690198283821+0.007460176822691717i
-0.017609708253238543-0.4996895767948482i,-0.0004182534397882576-0.013679440763219908i
0.436728056770681+0.2434507087209661i,0.011882633616126802+0.0066966499341748805i
-0.43428433521456944+0.24778419427673848i,-0.011838382607018838+0.006681513900346243i
0.012637107851212331-0.4998400616121742i,0.00040553900975532367-0.013541792880371818i
0.4212082423272423+0.2694127427760242i,0.01134023080056122+0.007328123470982968i
-0.4484723950904069+0.22107108625868732i,-0.0120970243222444+0.005893185468454196i
0.04283767738572555-0.4981613470401209i,0.0012112178875209995-0.013355624618882178i
0.4041469863116083+0.2943888411031236i,0.010765806642672479+0.0079191029772179i
-0.4610192386536752+0.19354895222833396i,-0.012304606481736261+0.0050984582850864555i
0.07288147922723823-0.49465957645355385i,0.0019959930921501705-0.013122615896981323i
0.38560672559847253+0.31828760190159i,0.010162234836981317+0.008468077161403133i
-0.47187894984176787+0.16531851138432277i,-0.012461324885464982+0.004300563354196031i
0.10265856595516268-0.4893475648299356i,0.0027572107876976276-0.012844602676324847i
0.365655309584965+0.341021565963734i,0.00953245171364679+0.008973731578122188i
-0.4810117867724903+0.13648307502424606i,-0.012567575560992725+0.0035026833534914773i
0.13205996621175842-0.48224475185200777i,0.0034923618322972327-0.012523566679444627i
0.34436575189097757+0.36250753673801583i,0.008879443111185492+0.009434950499248638i
-0.48838432718229285+0.107148168469634i,-0.012623949571478473+0.002707940471872002i
0.1609780834905336-0.47337713076689514i,0.004199089465733055-0.012161624673064135i
0.32181596316065075+0.38266688479271693i,0.008206231262256513+0.009850817928528025i
-0.493969590737411+0.0774211448885668i,-0.012631227099802602+0.0019193847011261852i
0.18930708989328054-0.46277715326197766i,0.004875196235124727-0.011761017368989806i
0.2980884659428543+0.4014258355659146i,0.007515861747385932+0.010220617768531283i
-0.4977471377703079+0.047410792429153484i,-0.012590370844897322+0.0011399826240328947i
0.21694331341476428-0.4504836107056412i,0.005518650141453073-0.011324097995171981i
0.27327009269407504+0.4187157393487168i,0.00681139057042434+0.010543833152454303i
-0.4997031440800848+0.017226936101598995i,-0.012502518768762183+0.0003726067382964513i
0.24378561733776738-0.4365414921875186i,0.006127589993203441-0.010853320590152302i
0.24745166800889262+0.43447332251373194i,0.0060958714082421945+0.010820144956606312i
-0.4998304515231238-0.013019964134198325i,-0.0123689762348381-0.00037997464709379493i
0.26973577035007007-0.42100181987772933i,0.0067003299569574045-0.010351228074533612i
0.22072767624094328+0.4486409190693915i,0.0053723430856659335+0.011049429512651808i
-0.4981285942088209-0.043219217604693064i,-0.012191207580405282-0.001115106909443668i
0.29469880602889376-0.40392146230763504i,0.007235363298325368-0.009820440153265348i
0.1931959157307367+0.46116668169272856i,0.004643817324964557+0.01123175554181845i
-0.4946038002045458-0.07326030800305192i,-0.011970827167457296-0.0018302579733011743i
0.31858337037725043-0.38536292625542057i,0.007731365310140169-0.00926364110248366i
0.16495714090570196+0.4720047714683291i,0.003913266817317959+0.011367380336241477i
-0.4892689687435888-0.1030332978314052i,-0.011709589958070048-0.00252302650734638i
0.3413020561403655-0.36539412799811377i,0.008187195428332997-0.008683567494347271i
0.13611469356222525+0.4811155256390891i,0.0031836136616303053+0.011456745215467606i
-0.48214362301950214-0.13242923072490687i,-0.011409381661642718-0.003191149433023502i
0.36277172267871627-0.34408814476715843i,0.008601898539369946-0.008082995912806484i
0.10677412467902692+0.4884656027548827i,0.00245771821383533+0.011500470288812153i
-0.4732538387395914-0.16134053018526745i,-0.01107220850251538-0.0038325087240027415i
0.38291380022709076-0.32152294731711106i,0.008974705486507108-0.007464730712495889i
0.07704280814587972+0.49402810468796104i,0.0017383683874545484+0.011499348556771295i
-0.4626321486990171-0.1896613932645685i,-0.010700186657380897-0.0044451374788835925i
0.40165457742620697-0.2977811145861424i,0.009305032785440478-0.006831591872003969i
0.04702954782125471+0.4977826750685547i,0.0010282694436507679+0.011454339387034088i
-0.45031742372472705-0.21728817775864384i,-0.010295531412592585-0.005027225252915056i
0.4189254710746539-0.27294953149256507i,0.009592481563140826-0.006186402991614475i
0.016844179356895833+0.49971557378045145i,0.000330034306365528+0.01136656140277958i
-0.43635473042491324-0.2441197814930654i,-0.009860546091932109-0.005577122637882814i
0.4346632771139734-0.24711907097332125i,0.009836835736790972-0.005531979484262583i
-0.013402831753527106+0.4998197272439242i,-0.0003538255646362936+0.01123728482291159i
-0.4207951662645656-0.2700580123137114i,-0.009397610805645147-0.006093345082686643i
0.4488104019283892-0.22038426142803474i,0.01003805945273878-0.00487111700690474i
-0.043600794430715045+0.49809475430199734i,-0.001020908712868876+0.011067923295643888i
-0.40369567257068173-0.29500794742790787i,-0.008909171071558006-0.006574575950499408i
0.46131507311272124-0.19284294078563696i,0.010196293808262372-0.0042065801777767375i
-0.0736391970915842+0.494546967615317i,-0.001668931609382591+0.010860025268410683i
-0.38511882615144666-0.318878280781111i,-0.008397726358903344-0.007019668811726079i
0.47213152893717025-0.16459589845953798i,0.0103118528816764-0.0035410916231133596i
-0.1034081120742307+0.4891893505605226i,-0.002295735938227308+0.01061526493842988i
-0.3651326102919731-0.3415816571978809i,-0.007865818605051719-0.007427648975278833i
0.48122018581560816-0.13574650650162956i,0.010385219098912983-0.002877321394850521i
-0.1327985979259949+0.48204150971666115i,-0.0028992952222683934+0.010335432829395563i
-0.3438101659646534-0.36303499206433165i,-0.007316020754732953-0.007797714263920501i
0.48854778316451575-0.10640034130494065i,0.01041703796713355-0.0022178767986130725i
-0.1617030980824221+0.4731296031135218i,-0.003477720771651511+0.01002242604071359i
-0.3212295241645923-0.3831597753821614i,-0.006750925370486501-0.008129235042591495i
0.4940875051224431-0.07666479723934938i,0.010408112208213582-0.0015652926689489455i
-0.19001583447812828+0.46248624450447395i,-0.004029266940387118+0.009678238216404034i
-0.297473320349653-0.4018823590815497i,-0.006173133362060117-0.008421753511731443i
0.497819078684553-0.04664869363428134i,0.010359395327031534-0.0009220221262867879i
-0.21763319464912162+0.45015038401412666i,-0.004552335679732284+0.009304949281318392i
-0.27262849203014794-0.41913422654148647i,-0.005585242881245517-0.008674982280584321i
0.49972884789311944-0.01646187654666634i,0.010271984651410144-0.0002904278475087153i
-0.2444541109099518+0.4361671655975891i,-0.005045480380246185+0.00890471499260007i
-0.24678596061486135-0.4348522433311978i,-0.004989838427238315-0.008888802238379009i
0.4998098238124708+0.01378518322848624i,0.010147113882307175+0.00032722612066980885i
-0.27038043021806335+0.42058776183296986i,-0.005507408997592902+0.00847975635441047i
-0.22004029867771582-0.4489788882550674i,-0.004389480206020517-0.009063259744031498i
0.49806171010549516+0.04398179443378537i,0.009986145194375518+0.0009287819791026836i
-0.2953172733718059+0.40346918665170306i,-0.005936986460340375+0.00803234894381159i
-0.19248938386273984-0.46146246385552536i,-0.0037866937855199575-0.009198563157666692i
0.49449090411810737+0.07401745043195426i,0.009790560928374457+0.0015121952008485464i
-0.31917338222759256+0.3848740866920287i,-0.006333236361140099+0.007564812195368014i
-0.1642340406938972-0.47225728560355584i,-0.0031839600863906594-0.009295078739759788i
0.4891104734677085+0.1037822336126958i,0.009561954918056881+0.002075540942413669i
-0.34186145366553844+0.3648705120391833i,-0.006695341935763204+0.007079498691496435i
-0.13537767160060166-0.48132384908446557i,-0.0025837057462020883-0.009353325946053948i
0.4819401082213142+0.133167217643972i,0.00930202349510887+0.002617019823949274i
-0.3632984590814127+0.3435316671912929i,-0.007022646337489317+0.006578783504861168i
-0.10602587850920323-0.48862897456708837i,-0.0019882938926410352-0.009373972148615435i
0.4730060488383598+0.16206486609562998i,0.00901255621645921+0.0031349630637600642i
-0.38340594823569324+0.3209356431623289i,-0.0073146522173095085+0.006065053638189276i
-0.07628607638525928-0.49414592842736005i,-0.0014000153590097383-0.009357826815431559i
0.46234099014188146+0.1903694259765847i,0.008695426358820924+0.0036278369555094703i
-0.40211033634777643+0.29716513170251047i,-0.007571020623253015+0.005540697605779064i
-0.04626710014086152-0.4978545209819095i,-0.0008210803728762427-0.009305835182823012i
0.44998396166949456+0.21797731474537851i,0.008352581225671977+0.00409424667955333i
-0.4193431733846921+0.2723071226819895i,-0.007791569234935563+0.0050080951996807465i
-0.016078806345566993-0.49974118037363535i,-0.0002536107462068743-0.00921907145664334i
0.4359801848420382+0.24478749937782868i,0.007986032312005528+0.004532939442860379i
-0.4350413945588477+0.24645258574525955i,-0.007976269952073074+0.004469607482083991i
0.014168328801498847-0.4997990022388774i,0.00030036740731143854-0.009098731579753595i
0.42038090747258156+0.27070186610453395i,0.007597845372137227+0.004942806945008425i
-0.44914755111808413+0.21969613740129887i,-0.008125245858256098+0.003927567043823794i
0.044363613767116034-0.4980277749744246i,0.0008389304047454111-0.00894612560459109i
0.40324321622142306+0.2956255794651619i,0.007190130435577341+0.005322887170721625i
-0.46161002058345224+0.1921356947677556i,-0.008238767583689424+0.003384268567148798i
0.0743965467674757-0.49443398051189236i,0.0013602631559281628-0.008762669710791742i
0.38462982768341464+0.3194674293655334i,0.006765031815536536+0.005672365512364207i
-0.47238319566533277+0.1638721172363205i,-0.008317249092875822+0.00284195972898818i
0.10415722015728421-0.4890307705966344i,0.0018626647375647992-0.008549877908784809i
0.3646088588721398+0.342140164867421i,0.006324718153987599+0.005990575228697681i
-0.4814276511665402+0.1350088373706404i,-0.008361242925366124+0.002302832478904561i
0.1335367226445744-0.4818379186579995i,0.0023445533648321143-0.008309353471030272i
0.34325357794087985+0.3635608134895373i,0.0058713725463728+0.006276997249022704i
-0.48871028826162555+0.1056514823875262i,-0.008371434919659746+0.0017690147237583074i
0.16242753785929193-0.4728817474470659i,0.0028044707487430067-0.008042780133141716i
0.3206421360526168+0.383650984851206i,0.005407182788054963+0.006531259334577752i
-0.49420445562437143+0.0759074876066719i,-0.008348638452173165+0.0012425624488297297i
0.19072393781706612-0.4621950327066699i,0.0032410858304323126-0.007751913107504683i
0.2968572813803183+0.4023371575475119i,0.0049343317834212915+0.006753134611712864i
-0.49789004696020894+0.045885703283494145i,-0.008293788224838035+0.0007254523027692587i
0.21832236983825662-0.44981688322625396i,0.003653197886403048-0.007438569952185046i
0.27198605628413797+0.4195509482060892i,0.00445498815721851+0.0069425394939114995i
-0.49975357458662495+0.015695996263913013i,-0.008207933636382173+0.00021957467128362726i
0.24512183550631783-0.4357925977204812i,0.004039739001643121-0.00710462133790887i
0.24611947877373405+0.4352293617409153i,0.003971297106198691+0.0070995310121766166i
-0.4997882187922926-0.014551152081151514i,-0.008092231773642988-0.0002732727380765762i
0.2710242602786577-0.4201734990553821i,0.004399775910361893-0.0067519817556908526i
0.21935220942141717+0.4493150218872899i,0.0034853715275110202+0.007224303575614363i
-0.49799385279428804-0.04474505017018039i,-0.007947940060403258-0.0007513907802656479i
0.29593485239737194-0.40301674642868995i,0.004732511206907891-0.006382600207313678i
0.1917822049450816+0.4617563811743388i,0.002999283458496068+0.007317185186246731i
-0.4943770432020603-0.07477520129473807i,-0.007776408602181706-0.0012131842091187427i
0.31976244978639523-0.3843851261917104i,0.005037283932178189-0.005998450920278352i
0.1635103597286594+0.4725079095666352i,0.002515055860624728+0.007378633134136658i
-0.48895102598646045-0.10453170799000233i,-0.007579072266172739-0.0016571664513440596i
0.34241985366557504-0.3643468220782209i,0.005313569543528865-0.005601524128119446i
0.1346401365919757+0.481530261084587i,0.002034654778300006+0.007409229200827343i
-0.4817356580417683-0.13390567421231975i,-0.00735744253611633-0.0020819638064386676i
0.36382414766078264-0.3429751656812685i,0.005560979278813758-0.005193816956050075i
0.10527718816123363+0.4887904177938377i,0.0015599819010951067+0.007409674400850625i
-0.47275734451798035-0.16278960385198987i,-0.007113099182271316-0.002486319063571444i
0.3838970012422577-0.3203483680910117i,0.0057792589277170505-0.0047773244508302i
0.07552897022574487+0.4942618106367338i,0.0010928675557749644+0.007380783292675169i
-0.46204894218929543-0.19107779412289133i,-0.0068476817868718225-0.0028690945292152857i
0.40256495638072753-0.2965492336756972i,0.005968287025994315-0.004354030792512158i
0.04550434849585944+0.4979244166636744i,0.000635064152118444+0.007323477891899803i
-0.4496496392124208-0.21866672238931445i,-0.0065628811654885166-0.0032292744620361497i
0.4197596963722698-0.27166485705320936i,0.006128072490568328-0.00392590072433027i
0.015313200201188204+0.49976483230851243i,0.00018824010416886974+0.007238781220781475i
-0.43560481171473864-0.24545542501437734i,-0.006260430724550296-0.0035659669142558783i
0.435418295848127-0.24578630436214877i,0.006258751715665925-0.0034948712354674265i
-0.014933988012900273+0.4997763224398546i,-0.00024602575392352157+0.007127810529292606i
-0.4199658577371528-0.27134586684360584i,-0.0059420977949643594-0.0038784049813721452i
0.44948345105455095-0.2190082799988473i,0.006360585152281229-0.0030628435297734976i
-0.04512652441898374+0.4979588450087513i,-0.0006662492408126063+0.006991770223837855i
-0.4027900091393198-0.2962432999715249i,-0.0056096749812608445-0.004165947464749547i
0.46190368955994765-0.191428780039924i,0.0064339533952355405-0.0026316753117128855i
-0.07515391729180185+0.4943190512025785i,-0.0010710453755196194+0.0068319445405230035i
-0.3841401221556033-0.3200566104783277i,-0.005264971565026223-0.0044280789541666175i
0.4726335586218859-0.16314873361870147i,0.006479352803946641-0.0022031734189225972i
-0.10490627926054974+0.4888702611045457i,-0.0014591323881251298+0.006649690000455525i
-0.3640844473682341-0.34269865186771886i,-0.004909805000539927-0.004664409339901077i
0.48163379152462726-0.13427163356789507i,0.006497390684719157-0.0017790868287441755i
-0.1342747294494944+0.48163241494790815i,-0.0018293351846618792+0.00644642768496229i
-0.3426963799394712-0.3640865639856898i,-0.0045459925395464704-0.00487467276636846i
0.4888714512784544-0.104903157680262i,0.006488780063924449-0.0013611000639937277i
-0.16315179193524987+0.4726320001432719i,-0.0021805882598827497+0.006223635368847922i
-0.3200541910168057-0.3841420762531191i,-0.004175343020941379-0.0050587260416644336i
0.4943200511549152-0.07515078197323387i,0.0064543340828389605-0.0009508270210409863i
-0.19143178906253147+0.46190195434603787i,-0.0025119380541670003+0.00598283954987547i
-0.29624074129415534-0.4027917941025019i,-0.003799648859854478-0.0052165465196007685i
0.4979596516168836-0.045123387372820095i,0.006394960046145001-0.0005498052410050148i
-0.21901122817901827+0.44948154491871917i,-0.00282254475340706+0.005725607412536771i
-0.2713431777772861-0.4199674675705663i,-0.003420678269192019-0.005348229472967123i
0.49977693328870704-0.014930861256147863i,0.006311653157190873-0.00015949064255024113i
-0.24578918037404462+0.43541622522924817i,-0.003111683533256286+0.005453538763898707i
-0.2454526148631714-0.4356062410638478i,-0.0030401677451348573-0.005453984978768921i
0.49976524569940484+0.015316304689177322i,0.006205489974015073+0.00021874726761299653i
-0.27166764983509695+0.41975746831115635i,-0.003378745251625319+0.005168257978861752i
-0.218663800900406-0.4496508833831859i,-0.0026598148464065524-0.005534134338094316i
0.49792463162053735+0.04550741881722731i,0.0060776216208948105+0.000583629692837765i
-0.29655193247042905+0.4025625784943627i,-0.0036232365957657663+0.004871405991555041i
-0.19107477145091165-0.4620499971653492i,-0.002281271295344452-0.005589106055039239i
0.49426182690968196+0.07553199460766882i,0.005929266790761077+0.0009339723420187435i
-0.3203509624853931+0.38389448169592066i,-0.003844779692665041+0.004564632368820309i
-0.16278649052185692-0.4727582069753276i,-0.0019061364268989419-0.005619431400752859i
0.48879023586008286+0.10528015499900956i,0.005761704574242947+0.0012686887136639973i
-0.3429776456441649+0.3638214951381679i,-0.004043111193797366+0.004249587500819599i
-0.1339024810807217-0.48173632536094924i,-0.001535951009711084-0.005625739590169641i
0.4815298821466932+0.1346430344914865i,0.0055762671513426235+0.0015867928622547815i
-0.3643491779972686+0.34241707733701254i,-0.004218080847508856+0.003927914942729586i
-0.10452844620566631-0.48895149626213785i,-0.0011721914613416367-0.005608752600341606i
0.4725073355481164+0.1635131775480721i,0.005374332381836791+0.0018874016430543241i
-0.3843873489084927+0.3197595592752922i,-0.0043696495744619855+0.003601243940277669i
-0.07477188225763079-0.49437731524999085i,-0.0008162644775878464-0.005569279660492155i
0.4617556147126209+0.1917849318356224i,0.005157316330403481+0.0021697364339738883i
-0.40301882727225286+0.2959318577449942i,-0.004497887063604918+0.003271182170537294i
-0.04474168548978902-0.4979939261556571i,-0.0004695020936186252-0.005508211444958235i
0.44931406632405774+0.2193548348670726i,0.004926665762236961+0.0024331243355294953i
-0.42017542987396717+0.27102117190738373i,-0.004602968908074468+0.0029393087279298i
-0.014547753533998259-0.49978809373539357i,-0.0001331571924063166-0.005426514001083634i
0.4352282211098846+0.2461219926297357i,0.004683850644501975+0.002676998852305691i
-0.43579437091135687+0.24511866418149675i,-0.004685173302264576+0.0026071673838041396i
0.015699416777368358-0.4997532521058763i,0.00019160052636066436-0.00532522244486209i
0.4195496272182441+0.2719884488140875i,0.00443035668841828+0.0029009000616806533i
-0.4498184917635382+0.21831912662881214i,-0.004744877322988339+0.002276260146268985i
0.04588913378240439-0.49788952877251613i,0.0005036881060253611-0.005205434457700756i
0.4023356615738653+0.29685954329181874i,0.0041676779660534706+0.003104474277846555i
-0.4621964701670426+0.19072063405498885i,-0.004782552819245176+0.001948041145168852i
0.07591091607364753-0.4942037441628432i,0.0008021124128483433-0.005068303618094438i
0.38364931990314355+0.32064425853127865i,0.0038973096350434075+0.0032874732213705377i
-0.4728830080332748+0.16242418509816892i,-0.004798761936536552+0.0016239108652117264i
0.10565489681261353-0.4887093866666697i,0.0010859727298655733-0.004915032602252054i
0.3635589861968186+0.3432555526825778i,0.003620740803457622+0.0034497527066777i
-0.4818389972200758+0.1335333326173084i,-0.0047941523029833115+0.001305210748299342i
0.13501222579527314-0.4814265632743716i,0.0013544628608914953-0.004746866287815205i
0.34213818245391736+0.3646106781134024i,0.003339447565894575+0.003591270861886201i
-0.4890316626507398+0.104153804733156i,-0.004769451905651555+0.0009932181840804526i
0.16387546779708279-0.4723819259939342i,0.0016068727431764829-0.004565084794742989i
0.3194652996227916+0.3846314842298355i,0.003054886240628944+0.003712085897381822i
-0.4944346822567273+0.07439311790870766i,-0.004725463686516044+0.0006891419056577599i
0.19213899573979706-0.4616085743160403i,0.001842589569534887-0.004370996497223412i
0.2956233107238907+0.4032447034739891i,0.002768486836250792+0.003812353441374433i
-0.4980282833051399+0.04436018348509556i,-0.004663059888345924+0.0003941178052392762i
0.21969937724124278-0.44914593408414083i,0.0020610984230312527-0.00416593104009482i
0.27069946720411686+0.4203822194518224i,0.0024816467747427926+0.0038923234624226605i
-0.4997993147584369+0.014164909112822033i,-0.004583176181519923+0.00010920518234544068i
0.24645575313344611-0.43503961321278795i,0.002261982429544012-0.003951232392745611i
0.24478497963397608+0.4359813162099086i,0.002195724896340458+0.003952336800547335i
-0.4997412954015874-0.01608220346307143i,-0.004486805603336141-0.00016461656502587483i
0.27231020656390154-0.4193412347822417i,0.002444922435697935-0.003728251972791038i
0.21797468391603556+0.44998490774890965i,0.0019120357698277177+0.003992821330058951i
-0.4978544375605368-0.04627046279196579i,-0.0043749923417891355-0.0004264507981018738i
0.2971681213292278-0.4021082481201526i,0.0026096962217698736-0.0034983418710203924i
0.19036669422622188+0.4623417469338321i,0.0016318443301368477+0.0040142877786131315i
-0.49414564632518493-0.07628939280086745i,-0.004248825396044825-0.0006754860379657903i
0.3209385281298649-0.3834037185616772i,0.002756177261210765-0.0032628482081688576i
0.16206204395804577+0.4730066130365485i,0.00135636086326211+0.004017325228251284i
-0.48862849427971955-0.10602913708942163i,-0.0041094321459464-0.0009109979054123216i
0.34353443747866885-0.3632960966574187i,0.0028843330403843415-0.003023104652993203i
0.1331643159837426+0.48194047722425326i,0.0010867363565696842+0.00400259632530648i
-0.48132317183278467-0.13538086095718932i,-0.003957971862831939-0.0011323505985450584i
0.3648731580451002-0.34185896767378876i,0.002994222953994759-0.0027804261299422877i
0.10377926358541678+0.4891106453882412i,0.0008240582305973325+0.003970832227023526i
-0.47225641332924884-0.1642371496919418i,-0.003795629193752309-0.0013389979088329325i
0.3848765992700049-0.31917078230251383i,0.0030859957934456206-0.002536102743400142i
0.07401442344341483+0.4944908777903143i,0.0005693464664057128+0.003922827313580344i
-0.461461399213978-0.19249240166140702i,-0.003623607650828543-0.0015304837785116779i
0.4034715571435453-0.2953145695647726i,0.0031598868470467246-0.002291393944064934i
0.04397872209822892+0.49806148508896053i,0.00032355014046356426+0.003859433694885755i
-0.4489776346056465-0.2200432147699219i,-0.003443123137003911-0.0017064424043412927i
0.4205899821004596-0.2703776329606129i,0.0032162146325407197-0.002047522961506653i
0.013782077326106479+0.49980940039389443i,0.00008754437695089876+0.003781555542070551i
-0.43485080472495813-0.2467887648657243i,-0.0032553975388154-0.001866597894806823i
0.43616922805226455-0.24445123097561033i,0.0032553772838708633-0.0018056715253373153i
-0.016465004112835274+0.4997282270852673i,-0.00013787227476308374+0.003690143273987804i
-0.41913260770634525-0.27263117471407716i,-0.003061652416051155-0.0020107634898649173i
0.45015228164505283-0.21763024311397702i,0.003277848615431981-0.001566974895732406i
-0.04665183088192548+0.49781826222255143i,-0.00035198003183700683+0.003586187629287454i
-0.40188056540498496-0.29747587218594107i,-0.002863102817265022-0.0021388403542856255i
0.4624879709039005-0.19001282268029673i,0.003284173888244832-0.001332517222271525i
-0.07666793215072451+0.4940864954574283i,-0.0005541396353741319+0.003470713654735711i
-0.38315781289149514-0.3212319363513775i,-0.0026609512491076064-0.002250815957510548i
0.47313115250033155-0.16170003758055512i,0.003274965303565333-0.0011033272482319984i
-0.1064034618708524+0.4885465834546644i,-0.0007437936721590968+0.0033447746404052115i
-0.3630328674046736-0.3438124302111315i,-0.0024563818262940936-0.0023467620547321004i
0.48204287695752757-0.13279550045698013i,0.003250897250370332-0.0008803743755745084i
-0.13574960076538167+0.481218799914579i,-0.000920467461436978+0.003209446032183093i
-0.3415793776078092-0.3651347188487378i,-0.002250554627790394-0.002426832285596308i
0.4891905311886951-0.1034049895102398i,0.003212701333966681-0.0006645651039204794i
-0.16459895456068863+0.4721299613800021i,-0.0010837695095238923+0.0030658193517150395i
-0.3188758540661829-0.3851207718388494i,-0.002044600283443439-0.0024912594085252228i
0.49454795784696726-0.07363606139662529i,0.003161161213626413-0.00045673985484211827i
-0.19284594700340357+0.4613133290992367i,-0.0012333915370696365+0.002914996153443567i
-0.29500538193209436-0.40369744880510566i,-0.0018396148138385582-0.002540352190147231i
0.49809555105006703-0.04359765761685026i,0.0030971072776756303-0.0002576701907789222i
-0.22038720622418626+0.4488084873041649i,-0.0013691080857746697+0.0027580820478033366i
-0.2700553168888621-0.42079676708251945i,-0.001636654744630521-0.002574491970704834i
0.49982032812942145-0.013399705836913169i,0.0030214111848451014-0.00006805643586965215i
-0.2471219430344034+0.4346611983489484i,-0.0014907757132868367+0.0025961808189083066i
-0.24411696546651437-0.4363561505048543i,-0.0014367325149765855-0.002594128927573913i
0.499715977141157+0.016847282399981334i,0.0029349803009298047+0.00011147429604719915i
-0.2729523197713025+0.4189232352394514i,-0.0015983317868656442+0.002430388664219408i
-0.2172852508990754-0.45031865840653645i,-0.0012408121980126284-0.002599778060174082i
0.49778287996510584+0.04703261609824178i,0.002838752059907126+0.0002803696630444307i
-0.29778380834186735+0.40165219216626025i,-0.001691792888187225+0.0022617885827077885i
-0.18965836574626863-0.4626331940010531i,-0.0010498055495584831-0.002592014920571188i
0.4940281109072884+0.07704582989142703i,0.002733688278623931+0.0004381532451344879i
-0.32152553615506946+0.38291127373466344i,-0.0017712528433692944+0.0020914449369498623i
-0.1613374125508895-0.4732546913732615i,-0.000864568399431835-0.002571471114965452i
0.4884654108109906+0.10677708829807836i,0.002620769453985856+0.0005844252835250266i
-0.3440906186765502+0.3627690636629225i,-0.0018368803939152834+0.0019203982133972528i
-0.1324260338468907-0.48214428040129725i,-0.0006858973978941079-0.0025388296020226386i
0.4811151367711738+0.13611758767244292i,0.0025009890712736453+0.0007188630118895573i
-0.3653964773887281+0.34129927379529734i,-0.0018889165258004544+0.0017496600037766377i
-0.10303003287218807-0.48926942900453785i,-0.0005145271278626317-0.0024948198146369127i
0.4720041876362447+0.1649599543791203i,0.0023753479517652906+0.0008412205843806674i
-0.3853651419927321+0.3185804743483326i,-0.0019276714753476715+0.001580208229188429i
-0.0732569863742191-0.49460406219705544i,-0.00035112759160222263-0.0024402126322098515i
0.46116590556981385+0.1931986377344862i,0.002244848667274983+0.0009513286070067386i
-0.4039235357462317+0.2946958063775852i,-0.001953521431859496+0.0014129826270061203i
-0.043215850925216764-0.498128657510875i,-0.00019630207867446308-0.0023758152308929383i
0.44863995403268764+0.22073029627689417i,0.002110490048520274+0.001049093280833419i
-0.4210037428929515+0.2697326775170433i,-0.0019669049581802385+0.0012488805191287443i
-0.013016564187916274-0.4998303164398284i,-0.00005058541997548163-0.00230246583946889i
0.4344721726316235+0.24745417595207356i,0.001973261813416729+0.0011344951672485647i
-0.43654325720519194+0.2437824421046996i,-0.001968319151455131+0.0010887528785217132i
0.017230357409106806-0.49970281164255104i,0.0000855573692534094-0.0022210284286386136i
0.4187144093660427+0.2732724788297263i,0.0018341393404663147+0.0012075875872368433i
-0.4504852107297941+0.2169400668648815i,-0.0019583155673280387+0.00093340070930288i
0.04741422311413401-0.49774660973187834i,0.00021173205649345863-0.002132387361440865i
0.40142433088660495+0.29809072100197903i,0.0016940786113673468+0.0012684946682406844i
-0.46277858190044424+0.18930378337079806i,-0.0019374959316674682+0.0007835717538973366i
0.07742457293294941-0.4939688695672439i,0.0003276157700656941-0.002037442032358084i
0.38266521146001625+0.32181807835393617i,0.0015540113458316384+0.0013174090537310076i
-0.4733783822547076+0.16097472855914036i,-0.0019065076646410462+0.0006399575390091133i
0.10715158186501164-0.48838341605632557i,0.000432957191159942-0.0019371015223608643i
0.3625057014123679+0.34436771894095985i,0.0014148403503547956+0.001354589292067866i
-0.48224582107249353+0.13205657461229933i,-0.0018660392425538675+0.0005031907703443119i
0.13648646181582083-0.4810106895618172i,0.0005275763644944988-0.0018322792967125853i
0.34101957589840737+0.36565712075632134i,0.0012774351013559438+0.0013803569225903343i
-0.4893484473334425+0.10265514956267205i,-0.0018168154233389265+0.00037384308418252576i
0.16532185971465507-0.47187767109847323i,0.0006113641341368198-0.0017238879718043673i
0.3182854649161335+0.3856083737263287i,0.0011426275816937257+0.0013950932781345128i
-0.4946602684737334+0.07287805000748225i,-0.0017595923619276204+0.00025242316203617597i
0.19355225038073592-0.461017783594175i,0.0006842812127762141-0.0016128341766170446i
0.29438656555475157+0.40414846482775946i,0.0010112083880758045+0.0013992360243298416i
-0.49816184550771225+0.042834247351412835i,-0.0016951526419398824+0.00013937521277192943i
0.2210743227001007-0.44847076957635856i,0.000746356894440042-0.001500013533619589i
0.26941033752903126+0.42120954528418986i,0.0008839231253284455+0.0013932754570658613i
-0.4998403641662358+0.012633689018032235i,-0.0016243002502158055+0.00003507782470329907i
0.24778735769994073-0.434282545731421i,0.0007976874222777852-0.0013863057830155814i
0.243448183114288+0.43672917886339724i,0.0007614691018763955+0.0013777505804483483i
-0.49968968179139783-0.017613103910588006i,-0.0015478555206628085-0.00006015681169392685i
0.2735935971368155-0.41850503486935503i,0.0008384340245967507-0.001272570073245429i
0.21659511265328293+0.450650570367174i,0.000644492339121361+0.0013532449883724663i
-0.4977103498160208-0.04779544115360063i,-0.0014666500737203546-0.0001460833116297083i
0.29839860124986767-0.40119597590854816i,0.0008688206338115212-0.0011596404395512621i
0.1889493968591441+0.4629227734773777i,0.0005335849056993151+0.0013203825735300131i
-0.4939096117456478-0.07780286831030483i,-0.0013815217774449894-0.00022252313741166313i
0.32211159436981673-0.38241871257612214i,0.0008891313043603613-0.0010483214912146283i
0.1606122071867328+0.4735008771975897i,0.0004292825858554936+0.001279823088234102i
-0.4883013766504219-0.10752557107584809i,-0.0012933097557982624-0.000289364278199607i
0.34464579711894916-0.3622419615970768i,0.00089970734694131-0.0009393843267972132i
0.13168724558853906+0.4823461702080883i,0.0003320628894098224+0.0012322575818867732i
-0.48090616826385746-0.13685477711445165i,-0.001202849469181306-0.0003465605746180464i
0.36591874398639695-0.3407395612205687i,0.0009009441976208747-0.0008335626953524631i
0.10228036501004201+0.4894262825326642i,0.00024234340900126112+0.0011784037402342044i
-0.4717510498747856-0.1656831541194776i,-0.0011109678916043227-0.00039413069642797564i
0.3858525851165159-0.3179902010036092i,0.0008932880414670787-0.0007315494201438645i
0.07249918201335986+0.4947153039988408i,0.0001604805285070808+0.00111900115174588i
-0.4608695252873307-0.1939052026036054i,-0.001018478808115188-0.000432156783088551i
0.40437437120594444-0.2940771338410574i,0.0008772322113508178-0.0006339930999072124i
0.042452682946818754+0.49819387905798634i,0.00008676848474182167+0.001054806526523624i
-0.44830141621136727-0.22141764198167802i,-0.0009261782552386472-0.00046078275860233207i
0.42141632046674704-0.2690878712957554i,0.0008533133834397155-0.0005414951011394509i
0.012250825101692314+0.4998492776183139i,0.00002143878275635208+0.0009865888930906906i
-0.43409271653215176-0.24811978853331768i,-0.0008348401262055451-0.0004802123335304483i
0.436916066678666-0.24311386334376583i,0.0008221075916776961-0.00045460685329289335i
-0.017995865684292706+0.4996754416315533i,-0.000035340036708358755+0.0009151247982334625i
-0.4182954239924424-0.27391392386213115i,-0.0007452119616831504-0.0004907067084783557i
0.450816887422723-0.21625016370670874i,0.0007842260841943094-0.00037382745710821735i
-0.04817669950408743+0.4976730072628102i,-0.00008346228079936039+0.0008411935347703999i
-0.4009673499030771-0.29870565250310216i,-0.0006580109455602309-0.0004925819946829121i
0.4630679116609274-0.18859508199593494i,0.0007403110451226937-0.00029960161464296807i
-0.07818122745887454+0.493849302562472i,-0.00012288464405622559+0.0007655724217087421i
-0.3821719075783869-0.3224042473694798i,-0.0005739201240998766-0.0004862063685728358i
0.4736243059024424-0.16024982394154075i,0.0006910312057184584-0.00023231788784905586i
-0.10789964585363634+0.48821832064869053i,-0.0001536254104031428+0.000689032160717156i
-0.36197788027068156-0.3449229817749797i,-0.0004935848654557299-0.00047199697832030923i
0.48244743827492176-0.13131812102283155i,0.0006370773689662472-0.00017230729083515968i
-0.1372231980315525+0.48080066849857417i,-0.00017576332580798858+0.0006123322922037618i
-0.340459169453066-0.36617944681623277i,-0.00041760957516106704-0.0004504166214498665i
0.48950501990057993-0.10190585085562665i,0.000579157872035094-0.00011984221922355231i
-0.16604457237668852+0.47162349153549604i,-0.00018943615134988195+0.0005362167735396477i
-0.31769452437176593-0.38609585295400506i,-0.0003465546817512071-0.0004219702135137617i
0.494771223059629-0.07212064972562549i,0.0005179940109953104-0.00007513571828523854i
-0.1942582950284537+0.4607203742884943i,-0.00019483890793644895+0.00046140970111836i
-0.29376725385768415-0.40459931468952426i,-0.0002809339051762797-0.00038720106868160353i
0.49822677570864776-0.04207151868579768i,0.00045431545214526963-0.00003834108982011256i
-0.22176111587066435+0.4481312174873102i,-0.0001922218253417919+0.0003886111969940061i
-0.2687649214518327-0.4216221172941253i,-0.0002212118191109623-0.0003466870138190508i
0.49985903200798965-0.011868424659309488i,0.0003888556541114199-0.000009551836048903893i
-0.24845238638265574+0.4339020920428411i,-0.00018188800959119666+0.0003184934798012811i
-0.24277902496035542-0.4371019646160955i,-0.00016780171667770283-0.00030103635824668527i
0.49966201860012777+0.018378101992219065i,0.00032234732458507356+0.000011198062892207808i
-0.2742344279696721+0.41808507044737986i,-0.0001641908439914777+0.0002516971385347379i
-0.21590466161182426-0.4509822070578531i,-0.00012106378747948498-0.00025088374187161224i
0.49763645646958166+0.04855737196240067i,0.0002555179351457178+0.00002393354290621267i
-0.2990128894246015+0.4007380362116414i,-0.00013953114029283323+0.00018882762655918258i
-0.18824018004219736-0.46321204888916223i,-0.00008130361219294908-0.00019688588477032644i
0.4937897583044213+0.0785589420754366i,0.00018908531709662475+0.000028737527994167664i
-0.32269709221290044+0.38192447203595514i,-0.00010835405756296051+0.0001304519919435587i
-0.1598868203810205-0.47374673413770474i,-0.00004877097931382589-0.00013971726157175227i
0.48813600136901114+0.10827301946074037i,0.00012375336060685573+0.000025749688629034096i
-0.3452003623171129+0.3617132274908278i,-0.00007114580735338386+0.0000770958588646729i
-0.13094834375600278-0.48254771037673105i,-0.00002365902697931882-0.00008006572414223805i
0.48069587598726427+0.13759086334772333i,0.00006020783871944138+0.000015164896156454799i
-0.36644034742657616+0.34017826705706417i,-0.000028430164637214635+0.00002924067342131727i
-0.10153065257182109-0.48958276981039517i,-0.000006103711126383473-0.000018628096111932498i
0.4714966098249363+0.1664051830103458i,-0.0000008876230475980657-0.000002768615625278722i
-0.38633931831153345+0.3173983994475109i,0.000019235195206598598-0.000012678774259197728i
-0.07174140295277082-0.4948261671404662i,0.000003816400412477733+0.0000438942372968246i
0.4605718682480546+0.19461053040512732i,-0.00005889541170815834-0.000027751369181004725i
-0.40482445327875477+0.29345698920099084i,0.00007126251239786722-0.00004827654124354121i
-0.041689610767553786-0.4982587137830689i,0.000006080009914661932+0.00010679972087042976i
0.4479616311221273+0.2221036860657304i,-0.00011320760763911443-0.00005943502842568184i
-0.42182810466768217+0.268441651603869i,0.0001270378902028512-0.00007721742750649158i
-0.011485252677986335-0.49986784809066664i,0.0000007226515292098921+0.00016939097947036685i
0.4337120465029931+0.24878403684190697i,-0.00016324946355100647-0.00009742503533764401i
-0.4372880464118325+0.2424439320557073i,0.00018592535180895497-0.00009921856887025307i
0.018761136328383193-0.49964768132229925i,-0.000012164061965896238+0.0002309791040154127i
0.4178752617547432+0.27455394410044776i,-0.00020848266508947523-0.00014128348181690175i
-0.4511477017594961+0.21555897105239086i,0.0002472709842515349-0.00011405072149551639i
0.04893886744888967-0.49759901919384814i,-0.000032433500626561256+0.00029088785135120094i
0.40050923271274985+0.29931910104067505i,-0.0002484083578055844-0.00019053219955999774i
-0.46335635032036565+0.18788515601274614i,0.0003104071467721472-0.00012153923385822954i
0.07893750313926362-0.49372935892946157i,-0.00005988537874233449+0.00034845773660360004i
0.3816775115901813+0.32298887781685925i,-0.00028256992654435506-0.0002446560497687315i
-0.47386931368039725+0.15952376122281337i,0.00037465672085423916-0.00012156470375984415i
0.10864726126764632-0.4880528618249328i,-0.00009426740644420774+0.00040304999733651464i
0.3614490144041773+0.3454766532045578i,-0.0003105555146692792-0.00030310639365304916i
-0.48264811890563064+0.13057857721542426i,0.00043933737916203606-0.00011406331953132171i
0.13795941687007554-0.4805903014234338i,-0.00013527722040549052+0.00045405040965491985i
0.33989776877280375+0.36670013159711967i,-0.00033200027195972323-0.0003653047239316216i
-0.48966063933661524+0.10115553094139694i,0.0005037658506995508-0.00009902688619455667i
0.1667667000371919-0.4713689874932644i,-0.00018256458120024515+0.0005008729373038954i
0.3171026430057412+0.38658164417228813i,-0.00034658832148071585-0.0004306464368800089i
-0.4948812121581965+0.07136229812235695i,0.0005672621597084893-0.00007650253893192077i
0.19496368847606887-0.4604226660858198i,-0.000235733823635063+0.0005429631958112539i
0.2931470574801207+0.4050484331267544i,-0.00035405443722238955-0.0004985047239283937i
-0.49829073231440457+0.04130790920380879i,0.0006291538161344407-0.0000465921477770439i
0.22244719331055948-0.4477913960395258i,-0.00029434654519801295+0.0005798017147971081i
0.26811867935774514+0.42203291793849307i,-0.00035418542583369385-0.000568234561369912i
-0.49987672242476044+0.011102350350498343i,0.0006887799359072985-0.000009451418971624502i
0.2491166367082976-0.43352140238168313i,-0.00035792451667863225+0.0006109069827247874i
0.24210910176090167+0.43747294268246784i,-0.0003468212073221104-0.0006391767764085275i
-0.49963337844613287-0.019143839055746154i,0.0007454952698024105+0.000034711300074609705i
0.2748744199523977-0.41766490716470583i,-0.00042595279800981573+0.0006358382595864953i
0.2152135085808448+0.4513120034946415i,-0.00033185559115226417-0.000710662167552602i
-0.4975615909130456-0.0493199709427103i,0.0007986741202692601+0.00008563650383593425i
0.29962628061087193-0.40027993835582193i,-0.0004978830414696237+0.0006541981442980641i
0.1875303261456046+0.46349945535186815i,-0.0003092367457432028-0.0007820156572469046i
-0.4936689416787032-0.07931561361863317i,0.0008477141263316509+0.00014301528995456622i
0.323281637496675-0.38143011747961814i,-0.0005731369635633046+0.0006656348849134554i
0.15916086302186894+0.47399069741094224i,-0.00027896736092862604-0.0008525604546320562i
-0.4879696761686622-0.10902099590480427i,0.0008920398974726003+0.00020649138763939915i
0.34575392215597445-0.3611844267905645i,-0.0006511099661849157+0.000669844421154598i
0.13020893926910856+0.48274733622854216i,-0.00024110450450027347-0.0009216222064250806i
-0.4804846512486875-0.138327408850966i,0.000931106478314228+0.00027566344078957096i
0.36696089567153733-0.33961695682756887i,-0.0007311748870388203+0.0006665721501783858i
0.10078050650271692+0.48973732626475636i,-0.00019575917549327152-0.0009885331141259621i
-0.47124125889757496-0.1671276035634161i,0.0009644026268829409+0.0003500875322500309i
0.38682494962187286-0.3168066352744029i,-0.0008126858587829425+0.0006556144079633395i
0.07098326015657011+0.4949350871560054i,-0.0001430955583871968-0.001052635996073349i
-0.46027332596426473-0.19531618368992976i,0.0009914538903075297+0.00042927993447864065i
0.40527339009474633-0.29283693811825245i,-0.000894982255943792+0.0006368196601866127i
0.040926245363958974+0.49832159732819425i,-0.00008332998388063385-0.0011132882732921476i
-0.4476209903760924-0.22278999112517522i,0.0010118254629270748+0.000512720070856689i
0.42223870371570016-0.2677955841634318i,-0.0009773927083450652+0.0006100893979687243i
0.010719457899201701+0.4998844636075097i,-0.000016729603342222956-0.001169865858596742i
-0.43333055425120093-0.24944848352510512i,0.0010251248129810294+0.0005998536709119729i
0.43765880471802854-0.24177421401820626i,-0.001059239159591744+0.00057537873538457i
-0.01952655835968284+0.49961796657411806i,0.000056389214556783186-0.0012217669290320052i
-0.4174543144526601-0.27519410224878615i,0.001031004065308622+0.0006900961018483326i
0.45147726215003775-0.21486805472949594i,-0.0011398409490562614+0.0005326967071632015i
-0.049701115974125326+0.4975230814927867i,0.00013566275517418798-0.0012684155624453895i
-0.4000503712043931-0.2999326293811544i,0.001029162128793261+0.0007828358579942554i
0.463643506388111-0.1871755712927543i,-0.00121851889582622+0.0004821062665219771i
-0.07969378901352678+0.49360747474383393i,0.00022068208604491188-0.0013092652197847052i
-0.3811824154692909-0.32357353253014776i,0.0010193465586427392+0.0008774381890952539i
0.47411301419982665-0.1587981063123426i,-0.001294599363190374+0.00042372398459392135i
-0.10939481716677152+0.48788547576746666i,0.00031099542946825984-0.0013438020556023986i
-0.3609194958676241-0.3460302961364072i,0.0010013551449904246+0.0009732488477858252i
0.48284747167988096-0.12983950913109282i,-0.0013674182824612202+0.0003577194544026195i
-0.13869550741785994+0.4803780246241801i,0.00040611076599524304-0.0013715480402132717i
-0.33933576598872656-0.36722073808309263i,0.000975037220731277+0.0010695979360882046i
0.48981491446253766-0.10040575578628264i,-0.0014363251152574028+0.00028431440381191097i
-0.16748863181569787+0.47111259536312233i,0.0005054986541897147-0.0013920638779946284i
-0.31651021302068333-0.38706731044716025i,0.000940294682959449+0.0011658038303973223i
0.49498984469748875-0.07060456118282145i,-0.0015006867337932271+0.00020378152331884374i
-0.1956688198823773+0.460123095478866i,0.000608595251027208-0.0014049517074281135i
-0.29252636869112214-0.4054973832914784i,0.000897082723846872+0.0012611771641275022i
0.4983533243610425-0.04054498490292778i,-0.001559891199245402+0.00011644301596218727i
-0.2231329442239036+0.44744974182453146i,0.0007148055163684513-0.0014098575696577722i
-0.26747200357694023-0.42244351045922696i,0.0008454102682861011+0.0013550248470157193i
0.49989304456116335-0.010337032094863686i,-0.0016133514188832192+0.00002266887797919255i
-0.24978049793219695+0.433138913435363i,0.0008235065841052226-0.0014064736335720391i
-0.24143880590166195-0.4378436763978845i,0.0007853401171087581+0.0014466540999999013i
0.4996033705827338+0.019908749098695538i,-0.0016605086633562731-0.00007712507984786477i
-0.2755139623972409+0.4172429818013661i,0.0009340512818253385-0.001394540166699805i
-0.2145220459958915-0.4516415231095349i,0.000716988796176298+0.001535376484617481i
0.49748536250819275+0.050081672099418884i,-0.0017008359263288764-0.00018247945895936553i
-0.30023916418334157+0.39982011921012994i,0.0010457717801872672-0.0013738472425418315i
-0.1868202276487909-0.4637865563969521i,0.000640526113115027+0.00162051190599913i
0.49354677133808994+0.0800713169586918i,-0.0017338411095260697-0.00029289373551363135i
-0.32386561966348526+0.3809340858612213i,0.0011579833526332605-0.0013442361763246783i
-0.15843472762648694-0.4742343306506901i,0.0005561744249260899+0.0017013925687645146i
0.4878020106257495+0.10976793444723858i,-0.001759070017212877-0.00040782894509808524i
-0.3463068661505804+0.3606539965312188i,0.0012699882256066249-0.0013056006825638475i
-0.12946942467661698-0.4829466115009403i,0.0004642076211349899+0.0017773668654572034i
0.48027210372985074+0.1390628476901992i,-0.0017761091451551744-0.000526710575093185i
-0.3674807783137834+0.33905406764329304i,0.0013810794990753912-0.0012578877492468426i
-0.10003031937669346-0.48989151573891365i,0.0003649498285504237+0.0018478031775865855i
0.4709846068779594+0.16784884987784976i,-0.0017845882502055645-0.0006489316491500222i
-0.3873098687219635+0.31621334566695i,0.0014905451169003423-0.0012010982248874627i
-0.07022514621748466-0.4950436279957027i,0.00025877384506708864+0.0019120935698660046i
0.45997350832255973+0.19602059659651527i,-0.0017841826878168834-0.0007738559873487495i
-0.40572157141444526+0.29221541784187743i,0.0015976718664236524-0.0011352871161554579i
-0.04016297934101559-0.49838409375162274i,0.00014609931127260598+0.0019696573588553127i
0.4472791039586384+0.22347499134391186i,-0.0017746155059960608-0.0009008216247953374i
-0.42264850746127997+0.2671481062845218i,0.0017017493865947345-0.0010605635952408857i
-0.009953833376020016-0.49990068833566315i,0.000027390629891280333+0.002019944537917517i
0.4329478498580024+0.2501115628180983i,-0.0017556592854765481-0.0010291443706929293i
-0.43802873154121225+0.24110314659683307i,0.0018020741639884453-0.0009770907175650273i
0.020291739168384587-0.499587861662536i,-0.00009684535568402151+0.00206243904119089i
0.41703219225999477+0.27583283259932156i,-0.0017271377171924366-0.0011581214892942074i
-0.45180595863497025+0.21417585215333307i,0.0018979534962137255-0.000885084851892085i
0.05046305247743332-0.49744675854360654i,-0.0002260619113626214+0.0020966618301454243i
0.3995903756407673+0.300544671879197i,-0.0016889269094811426-0.0012870354836047614i
-0.4639297700042797+0.18646476529507047i,0.001988709402449771-0.0007848148263209055i
0.08044969249329278-0.4934852144973748i,-0.00035967517732859685+0.002122173787238691i
0.3806862295634944+0.3241566459317489i,-0.0016409564188157874-0.001415157962267199i
-0.4743557977028077+0.1580712967069455i,0.0020736824611845527-0.0006766007950368548i
0.11014192098312406-0.48771772707484046i,-0.000497067133494684+0.0021385784022022267i
0.3603889350895669+0.3465823450656955i,-0.0015832099992642433-0.0015417535697116581i
-0.48304588694380374+0.12909935429812583i,0.0021522355556636754-0.0005608128320755361i
0.13943107713391914-0.4801654028046889i,-0.00063758874996994+0.002145524237569885i
0.338772771605598+0.36773970084683294i,-0.0015157260672878205-0.0016660839594148397i
-0.4899682357302447+0.09965496294369461i,0.002223757508082749-0.00043786925968344626i
0.16820997520444056-0.47085587995245415i,-0.0007805633062106444+0.002142707161203655i
0.3159168449927479+0.38755128643328357i,-0.001438597879914738-0.0017874117899620095i
-0.4950975112364954+0.069845876479111i,0.002287666584172224-0.00030823472015246436i
0.19637329677903262-0.4598232273763288i,-0.0009252898617389526+0.0021298723347655626i
0.2919047981331483+0.4059445999245064i,-0.0013519734257529173-0.0019050047235627011i
-0.4984149425155772+0.0397811833674179i,0.0023434138505251823-0.00017241800124692636i
0.22381797618782345-0.44710781984976466i,-0.0010710468606193227+0.0021068159483308693i
0.26682450481285225+0.42285232968713715i,-0.001256055029727025-0.002018139406719749i
-0.49990838919277886+0.009570907482285795i,0.002390486367802365-0.00003096962652990036i
0.25044357768284126-0.4327561903071301i,-0.0012170958512769763+0.002073386692622141i
0.2407677481414909+0.43821260068667783i,-0.0011510986738409855-0.0021261054129052223i
-0.49957238589421654-0.02067439453214489i,0.002428410203812061+0.00011552077697691165i
0.2761526629897487-0.4168208595531411i,-0.001362685302725714+0.0020294869616678153i
0.21382988466548317+0.4519692009235675i,-0.0010374130376605947-0.00222820912734201i
-0.49740816224775836-0.05084403785113309i,0.0024567532513975502+0.00026642732030233063i
0.300851147890108-0.3993601440592571i,-0.0015070544978545745+0.0019750737800382236i
0.186109495404001+0.4640717871449754i,-0.0009153582635837556-0.002323777554334217i
-0.4934236383831115-0.08082761452829185i,0.002475127837072604+0.00042109088871400966i
0.32444864652924094-0.38043794255042274i,-0.001649437484095438+0.0019101594501879189i
0.15770802508474743+0.47447606907950013i,-0.0007853444533078378-0.002412162028024348i
-0.48763339594754906-0.11051539754128771i,0.0024831931074108093+0.0005788223571765382i
0.34685880218966597-0.36012350216315914i,-0.00178906706156553+0.0018348119168211828i
0.12872941089979253+0.4831439715205549i,-0.0006478299032079375-0.002492741807982938i
-0.480058624743338-0.1397987423456495i,0.0024806571813269966+0.0007389059688300073i
0.3679996033196219-0.3384911650307641i,-0.0019251787886469022+0.0017491548465988992i
0.0992797021400563+0.4900437736652826i,-0.0005033190876053495-0.0025649275416501534i
-0.4707270451821572-0.16857048446717388i,0.0024672790575656755+0.0009006028594798644i
0.38779368366014927-0.31562009622300913i,-0.0020570149849306533+0.0016533674229058922i
0.06946667210041921+0.4951502251990797i,-0.000352360400116651-0.0026281645763482154i
-0.45967280684028766-0.1967253316779074i,0.0024428702679408993+0.0010631547104160348i
0.4061686053723942-0.2915939940359609i,-0.002183828711515645+0.0015476838567954389i
0.03939942367571661+0.4984446387009115i,-0.00019554366443813963-0.002681936104361583i
-0.4469363634858199-0.22416024932051243i,0.0024072962681399453+0.001225787511292053i
0.4230571241290105-0.2665007836921388i,-0.002304887708809618+0.0014323926166159712i
0.009187990090967713+0.4999149580312524i,-0.000033497427020199475-0.002725766125439832i
-0.43256432503522435-0.25077483737089257i,0.0023604775592058866+0.00138771541429986i
0.43839743519953706-0.2404322955719363i,-0.0024194782722357505+0.0013078353801938788i
-0.021057067773003285+0.49955580245238307i,0.0001331139548758394-0.002759222212003913i
-0.416609286981061-0.2764716978591907i,0.0023023905341461957+0.0015481446604719681i
0.4521333996291865-0.21348392915384018i,-0.0025269090465922916+0.0011744057147934483i
-0.05122506598494106+0.49736848631958i,0.00030359341527562205-0.0027819180633345715i
-0.3991296379150495-0.3011567913045582i,0.002233068045466799+0.001706277558631426i
0.46421474968332627-0.18575430389328246i,-0.0026265147202527545+0.0010325474913910127i
-0.0812056026188446+0.4933610142711405i,0.0004772144563864875-0.0027935158360763387i
-0.38018934585088326-0.32473978085929533i,0.0021525996908006084+0.0018613164972961053i
0.4745972728058133-0.15734489831775944i,-0.002717659600920389+0.00088275304108032i
-0.11088896177763391+0.4875480519348411i,0.000653224584111595-0.002793728239508763i
-0.35985772412875167-0.3471343629029424i,0.002061131815176643+0.0020124679697224065i
0.48324297341797434-0.12835967865897302i,-0.0027997410552637113+0.0007255610626658584i
-0.14016651510624584+0.47995087225803473i,0.0008308488852664843-0.0027823203852003118i
-0.3382091777582642-0.3682585828764917i,0.0019588672298545104+0.002158946592248356i
0.49012021196611727-0.09890471838104294i,-0.0028721927954543053+0.0005615542916899118i
-0.16893111932479235+0.47059727765779263i,0.0010092937289266281-0.0027591113818742586i
-0.31532293112804705-0.3880351352008998i,0.0018460646490265154+0.0022999790961674735i
0.4952038207087186-0.06908780999715211i,-0.0029344879964041284+0.0003913569422783728i
-0.19707750832698193+0.45952149827599054i,0.00118775057376438-0.0027239756675667397i
-0.2912827380784833-0.4063916461823295i,0.0017230378470511135+0.002434808273527468i
0.49847519581955535-0.03901807059521126i,-0.0029861422283471266+0.00021563193426831197i
-0.22450267840888985+0.4467640667116798i,0.0013653998627548337-0.0026768440724439413i
-0.2661765753986013-0.42326093886880733i,0.001590154540232478+0.0025626968575078795i
0.49992236546972585-0.008805542516147529i,-0.0030267161903305877+0.00003507791909835025i
-0.25110626521830814+0.4323716696891714i,0.0015414149862380644-0.002617704606957486i
-0.2400963208687861-0.43858127888903786i,0.0014478349984804806+0.002682931318377324i
0.4995400336394042+0.021439209353835493i,-0.0030558182311681606-0.00014957388110960917i
-0.2767909110452006+0.4163969772046613i,0.001714966294029308-0.002546602971353658i
-0.21313741702753333-0.4522966003737068i,0.0012965503934842932+0.0027948255564722974i
0.49732959949900113+0.05160550220328941i,-0.0030731066454511755-0.00033756300597126914i
-0.3014626211091369+0.39889844977664873i,0.0018852251370624477-0.0024636427838985358i
-0.1853985218927216-0.4643567111325004i,0.0011368208912862078+0.002897724474163898i
0.4932991522887996+0.08158294034710771i,-0.0030782917333208996-0.0005281032446562491i
-0.3250311075398494+0.3799401245055296i,0.0020513679189409-0.002368985526541214i
-0.15698114791560863-0.47471747633598116i,0.0009692134983638401+0.0029910074093888847i
0.487463441715808+0.11126181922735442i,-0.0030711376138536704-0.0007203862622697294i
-0.3474101197920879+0.35959138072529173i,0.002212580137752582-0.0022628502080958117i
-0.12798929048882596-0.48334098003012144i,0.0007943396714964398+0.0030740914140135935i
0.47984382397616226+0.14053352688486295i,-0.0030514637831118934-0.0009135853473305817i
-0.3685177602855991+0.33792668610492843i,0.0023680603985814547-0.0021455127463787865i
-0.09852904736787552-0.49019566389242264i,0.0006128527028087935+0.003146434361067074i
0.47046818360061365+0.16929094143239284i,-0.0030191464091488753-0.0011068592623207326i
-0.3882767841151211+0.3150253241287303i,0.0025170243773160574-0.002017305072081344i
-0.06870823039887847-0.4952564427218312i,0.0004254448924483047+0.003207537865722023i
0.4593708314091141+0.1974288230747626i,-0.0029741193575255178-0.0012993561788133213i
-0.40661488173358457+0.29097110395275927i,0.0026587087166159654-0.0018786139584852032i
-0.038635970973489614-0.4985047962398088i,0.0002328445223466736+0.003256950005813033i
0.44659237894794035+0.22484419924133342i,-0.0029163749421944186-0.0014902176783077703i
-0.42346494357402276+0.26585205369930665i,0.002792374835246049-0.0017298795824335171i
-0.008422320654840276-0.49992883686660305i,0.00003581264545166991+0.003294267828659065i
0.43217958986886346+0.25143674142142414i,-0.0028459643979231626-0.0016785827996117593i
-0.4387653056417826+0.23976009831174516i,0.0029173126324284183-0.0015715938232426143i
0.02182215156395076-0.499523353224687i,-0.00016486029432670227+0.0033191396319911834i
0.41618520879425447+0.2771091323236017i,-0.002762998071760066-0.0018635921134124579i
-0.4524599751782819+0.2127907231486882i,0.003032844069381882-0.0014042983074814591i
0.05198676389483842-0.49728982921016585i,-0.0003683579954231245+0.0033312670078778665i
0.3986677682944033+0.3017674220152008i,-0.0026676453323870343-0.0020443918045752133i
-0.46449883557047406+0.18504262454855833i,0.0031383266108282997-0.0012285822087416834i
0.08196112680269282-0.4932364385623519i,-0.0005738419684373772+0.0033304066396821954i
0.37969137468343117+0.32532137173875664i,-0.0025601341975445336-0.0022201377426934624i
-0.4748378297561428+0.15661734864334603i,0.0032331565099290777-0.001045079812676732i
0.1116355469836218-0.4873780149513883i,-0.0007804553250990374+0.0033163718432650943i
0.35932547341769505+0.34768478414712856i,-0.0024407506810501583-0.002389999521494348i
-0.48343912145384244+0.12761891974334877i,0.0033167719208767607-0.0008544678586855994i
0.14090142879538484-0.4797359976933825i,-0.0009873266684652332+0.0032890338448752546i
0.33764459495522214+0.3687758187487968i,-0.0023098378622600202-0.002553164447873302i
-0.49027123362744823+0.09815345965283973i,0.0033886558242024974-0.0006574626706639937i
0.16965167167083642-0.4703383532917092i,-0.0011935740659804164+0.0032483227894192688i
0.3147280820062188+0.38851729140893626i,-0.002167794682131257-0.0027088414615917575i
-0.4953091636785999+0.06832879930980995i,0.0034483387507599854-0.00045481709022654904i
0.197781062060037-0.4592194730916124i,-0.0013983090866559289+0.0031942284740843767i
0.29065979917280543+0.40683695681022536i,-0.002015074471328371-0.00285626496701969i
-0.4985344749454812+0.0382540841710136i,0.0034954012913140545-0.0002473172267227879i
0.2251866584666901-0.4464200474226405i,-0.0016006408833469407+0.003126800803591653i
0.2655278260405639+0.42366777283970125i,-0.001852183217077337-0.002994698558741112i
-0.4999353641730896+0.008039374786439017i,0.0035294763796856095-0.00003577903921602121i
0.2517681681698385-0.4319869166895043i,-0.001799680300910632+0.0030461499646687344i
0.2394241348450569+0.43894814593411924i,-0.001679677576690302-0.0031234386233595693i
-0.49950670470808345-0.0222047559750682i,0.0035502513384842744+0.00017895523363038046i
0.27742831425217984-0.4159728999562986i,-0.001994543990929352+0.002952446318656389i
0.2124442538929188+0.4526221564859606i,-0.0014981626468684771-0.0032418178004397797i
-0.49725006526013316-0.052367627575049924i,0.003557469677585476+0.00039602077911692356i
0.3020731915918345-0.39843660165139627i,-0.002184358513671662+0.0028459200124881876i
0.18468691796925066+0.4646397634851963i,-0.0013082894990283102-0.0033492082862028303i
-0.49317370416111744-0.0823388568487046i,0.0035509326366800448+0.0006145340342618315i
0.3256126105147893-0.37944219710039173i,-0.002368264408043646+0.002726860309602376i
0.156253707010683+0.47495698764790695i,-0.001110752491979262-0.0034450249643452426i
-0.4872925391431724-0.11200876195989631i,0.0035305004644331684+0.0008335966099483272i
0.3479604268503974-0.35905919767195293i,-0.002545420210452213+0.0025956146436540385i
0.1272486743664029+0.48353607236158735i,-0.0009062863743157578-0.0035287283491762214i
-0.4796280927461941-0.1412687637896017i,0.0034960934280269386+0.0010522992972172595i
0.36903485718207174-0.33736219639604353i,-0.0027150064037612886+0.002452587399192266i
0.09777796600755348+0.49034562185814334i,-0.0006956631898534564-0.003599827327161598i
-0.4702084135545806-0.17001178328888628i,0.0034476925481281315+0.0012697261370910966i
0.38875877813948945-0.31443059498544845i,-0.002876229277865707+0.0022982384247321875i
0.0679494320785354+0.4953607161089297i,-0.00047968900034713806-0.003657881683915198i
-0.4590679735514498-0.19813263334226694i,0.0033853400556088198+0.0014849585350386238i
0.40706000863702846-0.29034831325958144i,-0.0030283246838387653+0.002133081284900373i
0.037872232211765305+0.4985630020213589i,-0.00025920044056442415-0.0037025044046935926i
-0.44624754196597655-0.22552840370741128i,0.003309139567645346+0.0016970794009989543i
0.42387157402556086-0.2652034820339626i,-0.0031705616641232253+0.0019576812595346886i
0.00765643605026925+0.49994076060334347i,-0.00003506112155538536-0.0037333637375131473i
-0.43179403607551076-0.2520988376224567i,0.003219255982130369+0.0019051772957851224i
0.4391319511909268-0.23908812059925855i,-0.003302245941826354+0.001772653098790958i
-0.022587379559969867+0.49948894984977776i,0.00019184210135405648-0.003750185009124527i
-0.4157603495084782-0.27774669870273194i,0.003115915090640729+0.002108350564674474i
0.45278529370212534-0.2120977999701696i,-0.0034227232528556122+0.0015786585444333516i
-0.05274853523381251+0.4972092231941121i,0.0004206029787023348-0.0037527521852340705i
-0.3982051586764017-0.30237812678419207i,0.0029994029115097596+0.0023057114390744203i
0.4647816361852862-0.18433129313653485i,-0.003531382505368798+0.0013764036285557868i
-0.08271665408600998+0.49310992345749693i,0.0006502998174966089-0.0037409091675560686i
-0.37919270804341715-0.3259029814113371i,0.002870064745847362+0.002496390087315388i
0.4750770771754926-0.15589021359657895i,-0.0036276587518347413+0.0011666357620057244i
-0.11238206566323405+0.48720605231763703i,0.0008799995141611227-0.003714560821505093i
-0.35879257501910733-0.34823517171259233i,0.0027283039606281396+0.002679538595879549i
0.4836339397773015-0.1268786434951198i,-0.0037110359598749344+0.0009501406257362819i
-0.14163620729086754+0.47951921540909026i,0.001108761651349802-0.003673673729586385i
-0.33707941533504343-0.36929297145594964i,0.00257458050422644+0.002854334862711939i
0.49042090954601175-0.09740275272758814i,-0.0037810495690028655+0.0007277388792136509i
-0.1703720213658003+0.470077543255917i,0.0013356426398650782-0.0036182766668152746i
-0.3141326898368495-0.3889993181319024i,0.002409409161003486+0.0030199863846850604i
0.4954131490850905-0.06757041040377615i,-0.0038372888213770028+0.0005002827008333841i
-0.19848434714130983+0.45891558832603563i,0.001559699886736359-0.003548460795778505i
-0.29003637369160873-0.40728209496915574i,0.0022333575527489244+0.003175733921793415i
0.49859238894038677-0.037490790093190854i,-0.0038793988557326636+0.0002686521760579704i
-0.22587030557026236+0.4460741985840194i,0.0017799959704103568-0.003464379580244532i
-0.2648786490747931-0.424074394851059i,0.0020470438959331494+0.003320855021238527i
0.4999469944584911-0.007273970296644139i,-0.003907082554763006+0.00003375154967281517i
-0.2524296757982706+0.43160036800507606i,0.0019956028039933623-0.0033662484175233215i
-0.23875158246134726-0.4393147651669375i,0.0018511345248405041+0.0034546673852263302i
0.49947200836457495+0.0229694683938162i,-0.003920102137354976-0.00020349464083701434i
-0.27806526192900954+0.41554706459726864i,0.0022056057675572996-0.0032543439910655706i
-0.21175078770190248-0.45294743270227383i,0.0016463411917170773+0.0035765320670312776i
0.49716916890388807+0.053128847972415315i,-0.003918280488269812-0.000442145533257185i
-0.30268324871948177+0.39797303656133776i,0.0024091077906863542-0.00312900334607384i
-0.1839750761171191-0.46492250774473576i,0.0014334181560746971+0.003685856480686294i
0.4930469034805277+0.08309379805365114i,-0.0039015022190634426-0.0006812479919868562i
-0.32619354490354335+0.378942597297501i,0.002605233366685737-0.0029906226921599353i
-0.15552609489066083-0.47519616665911146i,0.0012131590762456655+0.003782097210522804i
0.4871202978167554+0.11275465978053692i,-0.0038697144552812105-0.000919840724414387i
-0.3485101128872728+0.3585253900460095i,0.0027931324802074895-0.0028396559383280823i
-0.1265079550841268-0.4837308122630076i,0.0009863937171718743+0.003864762607715659i
0.47941104074572977+0.14200288712895487i,-0.0038229273462116746-0.0011569584437111575i
-0.36955128360963985+0.3367961330227786i,0.0029719844304636656-0.002676612966778017i
-0.09702685063524899-0.49049521141639996i,0.0007539844892338345+0.003933415161975016i
0.4699473448396833+0.17073144413951852i,-0.003761214294759966-0.001391636059237279i
-0.38924005541621765+0.3138343459827846i,0.0031410015326919613-0.0025020576532056573i
-0.06719066973365559-0.4954646093215215i,0.0005168228336798597+0.003987673637561401i
0.4587638431640183+0.1988351966232466i,-0.0036847119062702765-0.0016229128756476373i
-0.40750437585219046+0.2897240592118897i,0.003299432681113271-0.00231660564242433i
-0.03710859999640076-0.49862082011479764i,0.0002758254708944484+0.004027214963887614i
0.4459014625351497+0.22621129690757358i,-0.0035936196564150752-0.0018498367817693655i
-0.42427740534341535+0.2645535060120601i,0.0034465667572685537-0.002120921889231623i
-0.006890728888146902-0.4999522934193027i,0.00003193052835088387+0.004051775872095525i
0.4314072737459223+0.25275956021469076i,-0.0034881992795370996-0.002071468410389929i
-0.439497761800577+0.2384147998053483i,0.0035817358683445043-0.0019157179755010714i
0.023352359151708718-0.49945415661418213i,-0.00021390643438195668+0.00406115427015991i
0.4153343193067118+0.2783828312948367i,-0.0033687738801009533-0.0022868852502490144i
-0.4531097452512914+0.21140359703830144i,0.003704318400885072-0.0017017492154795307i
0.053509987400621656-0.49712823266635275i,-0.0004607164857619733+0.0040552103502660575i
0.39774141933259943+0.3029873399728137i,-0.0032357267711625413-0.0024951856917677616i
-0.4650635416780985+0.18361874712042084i,0.0038137418761419652-0.0014798115622155497i
0.08347179188220519-0.49298303345922734i,-0.0007075214493454575+0.004033867423424309i
0.3786929562869976+0.32648304430658515i,-0.0030895000449902904-0.002695492988369192i
-0.47531540531638816+0.15516193067774722i,0.003909485594228008-0.001250738328927564i
0.1131281252510172-0.48703372864287375i,-0.0009533380793489534+0.003997112477528555i
0.3582586393694632+0.3487839601021392i,-0.0029305928821834254-0.0028869591156505904i
-0.48382781874512315+0.1261372874454088i,0.003991083055211431-0.0010153967399391202i
0.14237045805478685-0.47930209011960656i,-0.0011971822660447097+0.003944996456315202i
0.3365132494099461+0.3698084755787364i,-0.0027595596067968033-0.003068768511149693i
-0.49056963018449856+0.09665103516088452i,0.004058124146308002-0.0007746843265590546i
0.17109177590563127-0.4698164123681681i,-0.0014380732522253385+0.0038776342579444167i
0.31353636520304534+0.3894796500330016i,-0.002577007496123612-0.0032401416780100255i
-0.4955161674980866+0.06681108085267184i,0.004110257085396813-0.0005295251839609967i
0.19918697110678704-0.45861140889808066i,-0.0016750378419468997+0.0037952044531868274i
0.28941207228377486+0.40772549540887604i,-0.002383594354875623-0.0034003386364842626i
-0.4986493284822666+0.03672662594687362i,0.004147190112196798-0.000280866105723002i
0.22655322730167-0.4457280852130985i,-0.0019071145828205404+0.0036979487244643097i
0.2642286552105927+0.4244792397430077i,-0.0021800258645500803-0.003548662207920885i
-0.4999576471125217+0.006507766636845444i,0.004168692919585465-0.00002967261321334514i
0.2530903957376144-0.4312135887486638i,-0.0021333579032667316+0.0035861710282414257i
0.23807827448180685+0.43967957152147974i,-0.0019670527197643696-0.003684461116653952i
-0.4994363355041675-0.023734909021621106i,0.004174597818719864+0.00022307510254308485i
0.2787013617673252-0.4151210363325274i,-0.002352842186376903+0.003460236484506404i
0.2110566292677048+0.45327086405363726i,-0.001745467564280758-0.003807132896054044i
-0.4970873014339546-0.05389072581512051i,0.004164800632823053+0.000476386308516331i
0.30329240024680826-0.39750931979995574i,-0.0025646657623351297+0.00332056999829608i
0.18326260719266257+0.4652033790419029i,-0.0015161017403206153-0.003916126585893665i
-0.4929191413584251-0.0838493263964151i,0.004139261315720421+0.0007292639085543445i
0.32677351852917236-0.37844289047488866i,-0.0027679548017470012+0.0031676546194126434i
0.15479792244887966+0.47543344860259734i,-0.001279821865584437-0.004010945209138581i
-0.4869471089545711-0.113501075144963i,0.004098004292450536+0.000980708655009784i
0.34905878579909394-0.357991523305756i,-0.0029618670926907717+0.003002029647640492i
0.12576674356608927+0.4839236350716543i,-0.0010375262531409648-0.0040911480172747166i
-0.4791930592979234-0.142737459386236i,0.004041118520519223+0.0012297233745049512i
0.3700666475427215-0.3362300615191103i,-0.003145595684853266+0.0028242884919002743i
0.09627531219944588+0.4906428680104017i,-0.0007901411900274443-0.0041563524943372876i
-0.46968536888235385-0.17145148650153685i,0.00396875727161639+0.0014753171891955313i
0.3897202240021946-0.31323814272554046i,-0.0033183723847324425+0.002635076292856271i
0.06643155433066494+0.4955665579100337i,-0.0005386170910069244-0.004206236110895828i
-0.45845883177428814-0.1995380754750652i,0.0038811376348593684+0.0017165097149436834i
0.4079475915225631-0.2890999074801951i,-0.003479471086577804+0.00243508731953856i
0.03634468530524865+0.49867668617865935i,-0.00028392454445936606-0.004240537820380753i
-0.4455545322813538-0.22689444144533646i,0.0037785397438702727+0.001952335217945839i
0.42468204576149565-0.2639036913644619i,-0.0036282109244982763+0.002225062151525045i
0.006124810151194121+0.4999618710816155i,-0.00002705026783353516-0.004259059291295847i
-0.4310196946014478-0.2534204718536622i,0.0036613057312132984+0.0021818467115748337i
0.439862345798545-0.23774170171565134i,-0.0037639592319857747+0.0020057846591653213i
-0.02411747935815356+0.4994174093937309i,0.0002310070095414414-0.004261665870044953i
-0.4149075100024394-0.2790190928131482i,0.003529838414929233+0.002404119975495365i
0.45343293825063313-0.21070968018771635i,-0.003886134295984129+0.0017780787952022222i
-0.054271509422529285+0.49704529361111205i,0.000489240718192279-0.004248287270309286i
-0.3972769421649589-0.3035966243574595i,0.0033845997230812956+0.0026182574794862473i
0.46534416057359085-0.18290655237788786i,-0.003994207893566031+0.0015428052119620932i
-0.08422692923335709+0.4928542046594624i,0.0007466406564872535-0.004218917986130696i
-0.37819251140063154-0.32706312326929027i,0.0032261088633815114+0.0028233921948609664i
0.47555242280575627-0.15443406580144686i,-0.00408770760026708+0.0013008577190295224i
-0.11387411481034981+0.48685948012562i,0.0010021972164422199-0.00417361742708681i
-0.35772405853542866-0.349332712233939i,0.003054940246078803+0.003018691276902688i
0.4840203670885259-0.12539641753948558i,-0.004166218860159617+0.0010531595970041917i
-0.14310457017822875+0.479083058128572i,0.001254905608876337-0.004112509775176755i
-0.335946489322218-0.3703238941134226i,0.002871721169371155+0.0032033596023379783i
0.49071700438008375-0.09589987292231006i,-0.004229386808818352+0.000800659783541377i
-0.17181132441542876+0.46955339703535504i,0.001503770069484213-0.004035783564268155i
-0.31293950031785656-0.38995985019102486i,0.002677129277632249+0.0033766431465403935i
0.49561782786199493-0.066052376643938i,-0.004276917841442616+0.0005443289484130301i
-0.1998893231217619+0.45830537131564497i,0.0017478080275113493-0.003943690984181143i
-0.2887872872279966-0.40816872129483095i,0.0024718898037288544+0.0035378321858964947i
0.49870490262364375-0.03596315773084606i,-0.004308580919538959+0.0002851554747812821i
-0.2272358128724348+0.4453801439161658i,0.0019860542189228917-0.0038365469126944857i
-0.2635782367869378-0.42488387077145606i,0.0022567726076337786+0.0036862643115665008i
0.4999669312963087-0.005742329810612106i,-0.004324208610735952+0.000024141364255571657i
-0.2537507172514841+0.43082501562197095i,0.002217564726236027-0.003714727679953311i
-0.2374046033001132-0.44004412834759743i,0.0020325890244122353+0.003821327241732123i
0.4993992953966829+0.02449951185670385i,-0.00432369785748887-0.00023770191639556587i
-0.2793370030885077+0.41469325195586926i,0.0024414209275487836-0.0035786695709285397i
-0.21036217103292545-0.4535940139869823i,0.0018001885354711283+0.003942461420337995i
0.49700407222854215+0.054651695109745976i,-0.004307010471634519-0.0004993576287897733i
-0.30390103555842474+0.39704388824947395i,0.0026567333377325126-0.00342886707271459i
-0.1825499036814431-0.4654839409234892i,0.0015604552777096943+0.0040491623913003795i
0.4927900272807036+0.08460387589847528i,-0.004274173352971583-0.0007598079785054157i
-0.3273529208447483+0.37794151359922357i,0.0028626453252702994-0.0032658708745653365i
-0.1540695822077473-0.475670397127431i,0.0013143044058869556+0.004140982938165239i
0.486772582149099+0.11424644209603532i,-0.004225278431254551-0.0010180383344025297i
-0.3496068351123742+0.3574560344980108i,0.003058336688802543-0.0030902856296302415i
-0.12502543236529118-0.48411610454090853i,0.001062678324136668+0.004217534980253327i
0.47897375810035236+0.1434709146320937i,-0.004160482332208014-0.0012730414334316193i
-0.3705813385859833+0.3356624190074197i,0.0032430270780968297-0.0029027674883835334i
-0.09552374327737553-0.49079015549950433i,0.0008065428030913142+0.004278491217415983i
0.4694220954833949+0.172170344479682i,-0.004080005769375881-0.0015238215527784468i
-0.3901996735846672+0.3126404224067961i,0.0034159792448746136-0.002704021414712542i
-0.06567247846457278-0.49566812584106856i,0.0005468829995470093+0.004323586516649345i
0.458152549284037+0.20023970404273483i,-0.003984132664817052-0.0017693986313775639i
-0.408390045422097+0.2884742953231536i,0.0035765021097085674-0.002494798296560993i
-0.03558088074457852-0.4987321642876711i,0.0002846993959796858+0.004352619034955946i
0.44520636120472196+0.22757627151201548i,-0.003873209002839705-0.002008812323094193i
-0.42508588514426326+0.2632524754100373i,0.0037239536320410912-0.0022758918638906937i
-0.005359072450382613-0.4999710577736162i,0.00002100367753833864+0.004365451074017547i
0.4306309087375953+0.2540800067828519i,-0.003747641422122634-0.0022411259642145746i
-0.4402260931432774+0.23706726370366785i,0.003857743471270121-0.002048135427537158i
0.02488234757020666-0.499380272480452i,-0.00024318543563527103+0.004362009663418611i
0.41447953178321656+0.27965391755898483i,-0.003607895552703389-0.0024654304383046116i
-0.45375526275571393+0.21001448684076213i,0.003977335427789155-0.0018123984532830886i
0.055032708698879884-0.4969619704287993i,-0.0005068463827563666+0.004342286870361006i
0.396811337449416+0.3042044143027447i,-0.0034544941054086543-0.0026808479219870033i
-0.46562388302721935+0.1821931463741695i,0.00408224965385908-0.0015695829861556545i
0.08498167355379099-0.4927250015662836i,-0.0007689589653474477+0.0043063398350046585i
0.377690983744647+0.3276416527325935i,-0.003288014722364752-0.002886535495749771i
-0.47578851990135607+0.1537050564696782i,0.004172064625219282-0.0013206199405671173i
0.11461964177702097-0.4866848713805263i,-0.0010285085407255746+0.004254290531768112i
0.3571884429574256+0.3498798626146356i,-0.0031090875982418015-0.003081688604529933i
-0.4842119751696075+0.12465447130986451i,0.004246418865412521-0.0010664652724620772i
0.14383815112485052-0.47886368415571356i,-0.0012844901880564137+0.004186325258118904i
0.3353787455877841+0.37083766164486287i,-0.0029183928828613094-0.0032655443535119463i
-0.49086342260085764+0.09514770356852836i,0.0043050124158964575-0.0008080960501033644i
0.17253027439302052-0.4692900620804032i,-0.001535912829173734+0.004102693853561829i
0.3123417057678438+0.39043835327346066i,-0.0027166578767139-0.003437384625336004i
-0.4957185207521658+0.06529273535193425i,0.004347608046140792-0.000546506440523567i
0.20059101072441068-0.4579990405025986i,-0.0017818032866052025+0.004003708652701624i
0.2881616291763444+0.4086102073812623i,-0.002504654031808077-0.0035965390057304844i
-0.4987595020480017+0.03519882303064608i,0.004374032199054645-0.000282703628988095i
0.22791766986711115-0.44503193971541144i,-0.0020212102615746607+0.003889743177400002i
0.26292700451604306+0.4252867227812015i,-0.002283193771074552-0.003742387505447201i
-0.4999752378019462+0.00497609740810123i,0.004384175668252138-0.000017703689056129717i
0.25441024797667267-0.4304362137425225i,-0.0022532082151428654+0.0037612305741662744i
0.23673017968303972+0.4404068705841154i,-0.002053127140305277-0.0038743630673029076i
-0.49936127894290727-0.025264839310864005i,0.004377994004839299+0.0002474725790115004i
0.27997179358725766-0.4142652766768219i,-0.0024769011361223175+0.0036186618040068537i
0.20966702381311073+0.45391531753828696i,-0.0018153383072883223-0.003991953848092647i
-0.4969198722968113-0.05541331827661669i,0.004355507652582717+0.0005118038236633268i
0.3045087624123961-0.3965783072077522i,-0.0026914261799397712+0.0034625835930124325i
0.1818365764418163+0.465762628525398i,-0.001570741923418406-0.004094705266148469i
-0.4926599523641838-0.08535900899521935i,0.004316801811504971+0.0007742723134493703i
0.32793135967692594-0.3774400320527044i,-0.0028959571632298418+0.0032935961529698948i
0.15334068506230777+0.47590544747184643i,-0.0013202793636100994-0.004182221806359821i
-0.4865971086237128-0.11499232309068705i,0.004262026031122596+0.0010338680866262017i
0.35015386872733323-0.3569204890850104i,-0.003089707899611527+0.0031123506822563684i
0.12428363240721152+0.48430665601336753i,-0.0010649148608222847-0.004254168575549027i
-0.478753528481446-0.1442048153514099i,0.004191393535714175+0.0012895930613603503i
0.37109496471791475-0.33509477102538676i,-0.003271935362837188+0.0029195466581866435i
0.09477175481858471+0.49093550933231667i,-0.0008056315518998073-0.004310272602195317i
-0.4691579160744087-0.17288958059308562i,0.004105180285149785+0.0015404650891392576i
0.3906780122248123-0.31204275063480397i,-0.003441942664288759+0.002715928932854963i
0.06491305310253997+0.49576774867050766i,-0.0005434274517731282-0.004350323875625805i
-0.4578453872257808-0.20094164488581268i,0.00400372377595264+0.0017855219343035089i
0.4088313456987724-0.28784878841446104i,-0.003599081832646809+0.0025022846453180343i
0.03481679729264653+0.49878569010585555i,-0.00027931137330647175-0.004374176120934544i
-0.44485734093605467-0.22825834971362105i,0.0038874215883620772+0.002023825162987846i
0.4254885317303001-0.2626014238825576i,-0.003742756384446485+0.0022794399637171715i
0.004593126768504596+0.49997828926794274i,-0.000014298810262545069-0.004381747307041414i
-0.430241307880461-0.25473972766058195i,0.0037567296862486763+0.002254463925206885i
0.44058861216742506-0.23639305155765541i,-0.0038724236751798338+0.0020482566716267143i
-0.025647352807115664+0.49934118175567344i,0.00025059219904707684-0.004373019886464704i
-0.41405077646709715-0.28028886824864613i,0.0036121604777707454+0.0024765586143368867i
0.4540763271963763-0.20931958283439533i,-0.003987597021580902+0.0018096286135345456i
-0.05579397425752919+0.4968766991091098i,0.0005143452098375339-0.004348040766538632i
-0.39634499709230897-0.3048122725884017i,0.003454280645668517+0.002689264388828863i
0.4659023175687845-0.1814800949889553i,-0.0040878475867521+0.0015644780149188526i
-0.0857364138865078+0.49259386027703567i,0.0007759494931147228-0.004306921012969652i
-0.37718876530966905-0.32822019554488163i,0.003283708757049078+0.002891774541634326i
0.4760233052353472-0.15297646859874148i,-0.004172806020838416+0.0013137516928673075i
-0.1153650952156591+0.48650833861147436i,0.0010344041247242841-0.004249835287769326i
-0.3566521847060604-0.3504269741662414i,0.0031011126634301572+0.0030833237035326725i
0.4844022517249143-0.12391301470319999i,-0.004242163851036614+0.0010584171735997956i
-0.14457158998730985+0.4786424045099468i,0.0012887220239856298-0.004177021024739748i
-0.3348104103526344-0.3713513411733974i,0.0029072067026745647+0.003263190867314565i
0.49100849368939686-0.09439609307018046i,-0.004295674615822398+0.0007994587335948952i
-0.17324901496539355+0.4690248439153753i,0.001537933924992634-0.004088777346800906i
-0.3117433737695056-0.3909167223633907i,0.002702748715252683+0.003430702220592157i
0.495817855118462-0.06453372296483328i,-0.0043331547394012924+0.000537873381287086i
-0.20129242308222348+0.4576908529718864i,0.0017810922640139335-0.003985463730545683i
-0.2875354904106935-0.40905151683810587i,0.0024885368880222403+0.0035852337758760194i
0.49881273581335334-0.034435187845458376i,-0.004354484143517218+0.00027466679649240536i
-0.22859918749971825+0.4446819092220285i,0.00201727496685134-0.0038674984244697046i
-0.2622753507397896-0.42568935903282845i,0.0022654064394056054+0.0037262137874726985i
0.4999821757960659-0.004210635432950166i,-0.004359606594889858+0.000010849244835230739i
-0.25506937717958433+0.4300456198167678i,0.0022455891205027355-0.0037353566283557637i
-0.23605539602688194-0.44076936158572877i,0.0020342261604685725+0.003853124945709363i
0.4993218954181614+0.026029325382587898i,-0.004348529787693844-0.00025256851551032215i
-0.28060612258802825+0.41383554729374794i,0.0024651745140360265-0.00358956844228857i
-0.2089715800531803-0.4542363381594755i,0.0017958948269676687+0.00396550633998621i
0.49683431102244485+0.05617402932291042i,-0.004321325161629702-0.0005145793174871742i
-0.3051159701966761+0.3961110135613891i,0.002675207034199876-0.0034307165947273094i
-0.18112301796135868-0.46604100539954474i,0.0015513374979234467+0.004062955183180228i
0.4925285261001869+0.08611315970905298i,-0.004278127457266852-0.0007741836420633953i
-0.32850922448237846+0.376936882806164i,0.002874901901978271-0.00325943395997186i
-0.15261162353667004-0.4761401632901466i,0.0013015017167026487+0.004145128290976193i
0.4864202979762531+0.11573715217303171i,-0.004219134011456804-0.0010303936313986988i
-0.35070027617432986+0.3563833241175132i,0.0030635167370311935-0.0030764008762184368i
-0.12354173624623316-0.4844968532477421i,0.0010473536309393424+0.0042117433107753685i
0.47853198014405707+0.14493759561640757i,-0.004144603796715205-0.0012822370415441966i
-0.37160791554725925+0.3345255546990927i,0.0032403544377553536-0.0028823422762059825i
-0.09401973940136193-0.49108049337359816i,0.0007898740479098579+0.004262579695926428i
0.4688924404613687+0.17360762894837864i,-0.004054856209548471-0.0015287611182786315i
-0.39115562961416966+0.3114435646060904i,0.003404765865539748-0.002678024643204701i
-0.06415367084030374-0.49586699037041015i,0.0005300544421763025+0.004297479422129106i
0.45753695550634393+0.20164233215151034i,-0.003950269613754717-0.0017690363800823149i
-0.4092718821310338+0.2872218240159542i,0.0035561523226730744-0.0024642528057919437i
-0.034052827556119436-0.49883882771343124i,0.0002688929324486126+0.004316347443974359i
0.4445070814803889+0.2289391102439694i,-0.0038312796457464103-0.0020021602927156375i
-0.42589037538874513+0.261948974103795i,0.003693967814289371-0.0022418665854882407i
-0.003827365716595782-0.49998512975343457i,0.000007390244672822676+0.00431915189070653i
0.42985050213029746+0.25539806873312637i,-0.003698377289929848-0.0022272608203991098i
-0.44095029283427906+0.23571750265372868i,0.0038177210857013315-0.0020117373118947513i
0.026412102460051157-0.49930170151692166i,-0.00025345432166555364+0.004305924001405867i
0.413620854246203+0.2809223791865254i,-0.0035521067331188926-0.002443499839185436i
-0.4543965216331775+0.20862340559328052i,0.003926977427465078-0.0017747642204714042i
0.0565549134984229-0.49679104405792585i,-0.0005126469071199157+0.0042767578009023175i
0.39587753137394627+0.30541863358239135i,-0.00339306300786542-0.002650076398764803i
-0.4661798543588679+0.18076583568948923i,0.004021360241550228-0.0015318707485295286i
0.08649075764676381-0.49246234530522665i,-0.0007692030690052578+0.004231809518830749i
0.3766854664601879+0.3287971861428993i,-0.003221889435441788-0.0028462298196559512i
-0.4762571690707264+0.15224673969233415i,0.004100552363029396-0.001284000745372733i
0.11611008256330993-0.4863314464384747i,-0.001022151704759005+0.0041712967553189295i
0.35611489422569187+0.35097248139924875i,-0.0030392748800139205-0.0030312426134917027i
-0.484591587121874+0.12317048525338373i,0.00416429713277522-0.0010321146128140137i
0.1453044942308425-0.4784207839162729i,-0.0012705389057388133+0.004095497397864759i
0.3342410941363899+0.37186336728796027i,-0.002845950826296103-0.0032044432149240906i
-0.4911526081191961+0.09364347898498254i,0.004212399217730399-0.0007771853925163517i
0.17396715363227058-0.46875930736836646i,-0.0015134317256281255+0.004004748294995323i
0.31114411491284555+0.3913933921325991i,-0.0026426882936684917-0.0033652085145253275i
-0.4959162215416913+0.06377377705771842i,0.004244725176407075-0.0005201948167517684i
0.20199316773558068-0.4573823736524234i,-0.0017499218480588944+0.003899443693307697i
0.2869084815862914+0.40949108442409965i,-0.002430294600374929-0.0035129661829602183i
-0.4988649946086737+0.033670689761213006i,0.004261203768366589-0.0002621293392513807i
0.22927997335731579-0.44433161746310945i,-0.001979129138563544+0.003780033445467085i
0.26162288617329105+0.4260902143758145i,-0.002209609991987442-0.003647196777639253i
-0.4999881360762675+0.0034443814753752034i,0.004261826007525434-0.000003976162821144758i
0.2557277124998092-0.42965479896697406i,-0.0022002050665322413+0.00364702099767344i
0.23537986310102368+0.4411300362961088i,-0.001981504148832176-0.0037674356240295715i
-0.49928153572872974-0.026794532483948794i,0.004246644960220302+0.000253280719670377i
0.28123959778859886-0.4134056290207389i,-0.0024123359834751588+0.003500961166002073i
0.20827545057099378+0.45455551089152213i,-0.0017468725875129769-0.003873274464795159i
-0.4967477794200749-0.056935390669557995i,0.004215775290047808+0.000508664454464316i
0.30572226667267915-0.39564357261261385i,-0.002614746244567044+0.003342457711873341i
0.18040883910043187+0.46631750668695954i,-0.0015066329720411725-0.003964362870961059i
-0.4923961396109589-0.08686789047629973i,0.004169392552555596+0.0007612092099868186i
0.3290861230913682-0.37643363124596085i,-0.00280670116118378+0.0031721607277082767i
0.15188200852757094+0.4763729798258044i,-0.0012617213503865444-0.004040409410331162i
-0.4862425414354529-0.11648249180126496i,0.004107732243908707+0.0010099639978480679i
0.351245665357437-0.3558461050616889i,-0.00298750977291912+0.002990763844573112i
0.12279935480920703+0.4846851315919612i,-0.0010130883324969925-0.004101182569445898i
-0.4783095044218878-0.14567081791355302i,0.004031088608677016+0.001253996416131792i
0.37211979905658976-0.33395633556991i,-0.003156527428395283+0.002799001274310649i
0.09326730797630112+0.49122354307736216i,-0.0007616952260019471-0.004146511426430835i
-0.4686260600810448-0.17432605206659327i,0.003939813212884294+0.0014923962997536002i
0.39163213381821593-0.31084442993234723i,-0.003313158165048669+0.0025976446992932016i
0.06339394264574374+0.49596428650211605i,-0.000508510145905918-0.004176286073155178i
-0.4572276456632857-0.20234332840159452i,0.0038343132894200346+0.0017242792631393805i
0.4097112628713612-0.2865949678045018i,-0.0034568568789740363+0.002387500023506417i
0.03328858251364045+0.49889001277991296i,-0.000254504114603545-0.004190457786189751i
-0.44415597447342564-0.22962011571158153i,0.0037150498638423434+0.00194879012101156i
0.42629102436286365-0.2612966918104155i,-0.003587131276847786+0.0021694039991857175i
0.0030614002775026794+0.49999001500823487i,-0.0000006471685001900813-0.004189038947121128i
-0.42945888321794-0.2560565926616093i,0.0035825356694867724+0.0021651061736620582i
0.4413107434813408-0.23504218278275163i,-0.003703543602917947+0.0019442207436809872i
-0.02717698554854009+0.4992602676510234i,0.0002520955125960445-0.004172102713836133i
-0.4131901569431494-0.28155601309200645i,0.0034373328616382685+0.0023724403437416245i
0.4547154545009585-0.20792752095668238i,-0.003805712135037588+0.001712838161603417i
-0.05731591545002804+0.4967034412704142i,0.0005027674373272444-0.004139782445435658i
-0.3954093322050324-0.3060250600677996i,0.0032800505413200925+0.0025700441522906125i
0.4664561019323983-0.18005193435746253i,-0.0038933124447284016+0.001476164287631096i
-0.08724509387850105+0.49232889275362557i,0.0007504245801562669-0.004092270884463138i
-0.376181479190984-0.32937418737864493i,0.003111342099997784+0.00275721052248997i
0.4764897200448938-0.15151743566844428i,-0.003966078417288472+0.001235123565593874i
-0.11685499288586881+0.48615263107076656i,0.0009941390888450257-0.004029819101139992i
-0.35557696359085567-0.3515179472395268i,0.002931902397192809+0.002933276400400202i
0.4847795901023657-0.12242844890843779i,-0.004023803028993884+0.0009906530796430057i
-0.14603725294969497+0.47819725868887863i,0.0012330029070123428-0.003952735205276129i
-0.33367118908873-0.3723753029929786i,0.0027424647836346654+0.003097625182793048i
0.4912953747382375-0.09289142728461862i,-0.004066338879486248+0.0007436987534204429i
-0.17468507952254297+0.4684918888566051i,0.0014661312971916446-0.003861382832477689i
-0.3105443214177982-0.3918699256684707i,0.0025437979831618+0.0032496889430517215i
0.496013228977176-0.0630144636194767i,-0.004093598478486881+0.0004952115331864i
-0.20269363385418568+0.4570720390621961i,0.0016926662503109087-0.0037561794121831076i
-0.2862809949881828-0.40993047331368226i,0.0023367028470990796+0.0033889504470220057i
0.49891588749746824-0.03290689477747778i,-0.0041055542870151686+0.0002461435708373587i
-0.22996041665643732+0.44397950105474626i,0.0019117797680804325-0.0036375942259386064i
-0.2609700031613199-0.4264908520754297i,0.0021220089952996716+0.0035149449516286347i
0.49999272781468823-0.0026789015390639537i,-0.004102238514328657-0.0000025555773456740998i
-0.2563856432065569+0.42926218790432735i,0.002122677005391611-0.0035061462651597135i
-0.2347039733043633-0.4414904580748026i,0.0019005713584310132+0.0036272617800340314i
0.4992398091554317+0.027558894613715246i,-0.004083742672822666-0.00024994272054172585i
-0.28187260851650886+0.4129739586607166i,0.0023245992604956195-0.003362401898413309i
-0.20757902781377566-0.454874399191351i,0.0016732666364117272+0.0037255456680933105i
0.4966598868788552+0.05769583632435123i,-0.004050216894136226-0.00049508475637605i
-0.30632804123171475+0.39517442125238855i,0.0025168268014500506-0.0032069723590004698i
-0.17969443234861052-0.46659369594468714i,0.0014409896881735571+0.0038094978778587924i
0.49226240239324354+0.08762163532030876i,-0.004001869010697487-0.0007370623318901418i
-0.32966244496418173+0.3759287143470799i,0.0026986815180788056-0.003040511064308554i
-0.1511522325608032-0.47660546073836374i,0.0012046498681145693+0.0038788770748927376i
0.4860634486045091+0.11722677602077042i,-0.003938963407903268-0.0009749734276907045i
-0.3517904258108718+0.35530726897222176i,0.0028695293894960114-0.002863710779041678i
-0.12205688065188017-0.48487305481006915i,0.0009651673247413038+0.003933499967164606i
0.4780857110230609+0.1464029163166609i,-0.0038618196530653677-0.001207936850890265i
-0.3726310048587388+0.3333855507676061i,0.0030287827580806836-0.002677300635019965i
-0.09251485312272989-0.49136622231377436i,0.0007234692770590877+0.003973241704325147i
0.4683583847445742+0.1750432840562678i,-0.0037708109081516974-0.0014350956229264545i
-0.39210791453279453+0.31024378381353257i,0.0031759024016650133-0.0024820430207611096i
-0.06263426111530795-0.49606120104314344i,0.00048048628426407503+0.0039980360371696284i
0.4569170676084693+0.20304306778549258i,-0.003666362134223014-0.0016556202488772723i
-0.41014987770270217+0.28596665704510593i,0.0033103993965973456-0.00227873035452283i
-0.03252445477225538-0.4989408093910104i,0.00023714852422209243+0.004007875238110705i
0.4438036299250977+0.23029980031279002i,-0.0035489480962870275-0.0018687118554753235i
-0.42669086852648114+0.26064301432707887i,0.0034318367652731523-0.002068181754888569i
-0.0022956230623077667-0.49999450922668787i,-0.00000561790392153259+0.0040028097844822105i
0.429066061248376+0.2567137336951123i,-0.0034190911780781785-0.002073605185658969i
-0.4416703540767536+0.23436552932343785i,0.0035398309026702956-0.0018512396233148036i
0.027941609464039424-0.4992184444610027i,-0.00024689463785536916+0.003982947807483761i
0.41275829475461395+0.28218820427257096i,-0.0032773590170077386-0.0022695714381816864i
-0.45503351586527757+0.207230366351566i,0.003634052777397681-0.001628766153338745i
0.05807658751290834-0.49661545515792693i,-0.0004857746560586102+0.003948454310540768i
0.3949400098702368+0.3066299864159462i,-0.0031243619702179043-0.0024559209415283673i
-0.466731450455088+0.17933682846211327i,0.003714228903736103-0.0014016397813523711i
0.08799902999792295-0.49219506714116285i,-0.0007213658130486996+0.0038995501618001634i
0.3756764138706978+0.3299496336924792i,-0.0029607504233108784-0.0026320056521558157i
-0.4767213484260879+0.15078699403244988i,0.0037801420821443827-0.001170751593997628i
0.11759943362165565-0.4859734571337166i,-0.0009527942917519705+0.003836510866400567i
0.3550380032498347+0.352061806201428i,-0.0027872119539085706-0.0027972214678801148i
-0.4849666510391517+0.12168534320361468i,0.0038316319066896845-0.0009370017073169251i
0.14676947361069845-0.47797339355803437i,-0.0011792079592762193+0.003759665125042906i
0.3331003057329591+0.37288558288147766i,-0.002604468362724198-0.002951010348073707i
-0.49143718402542236+0.09213837552784018i,0.0038685950388512606-0.0007012956328090375i
0.17540240013784425-0.46822415321334865i,-0.001399779612860513+0.0036693931862402515i
0.3099436038777959+0.3923447576470951i,-0.002413272585299164-0.003092862233202467i
-0.4961092680111832+0.06225422022589798i,0.0038909852481357355-0.00046454064549229345i
0.20339342898063842-0.45676141413515686i,-0.0016137101033341632+0.003566125000444035i
0.28565264127477774+0.4103681182700969i,-0.002214405497967427-0.003222316757128677i
-0.49896580517420414+0.032142240480557784i,0.0038988132209131746-0.00022764216896215786i
0.23064012498666275-0.443627125028925i,-0.0018202313240149345+0.0034503381850147273i
0.26031631242187386+0.4268897069858404i,-0.002008672631960358-0.003338964746523036i
-0.4999963418144325+0.0019126332142748682i,0.0038921461398523554+0.000008499807744169016i
0.25704277694222954-0.42886935175582763i,-0.0020186090536303655+0.0033225558097422043i
0.23402733740887988+0.4418490618703361i,-0.0017969008098515191-0.003442449502659474i
-0.4991971066100492-0.0283239741842519i,0.0038711070372755736+0.00024299426690279754i
0.28250476247263084-0.41254210143232656i,-0.002208145642536326+0.003183344013299877i
0.2068819226016817+0.4551914381049391i,-0.0015799347187683177-0.003532467861818028i
-0.49657102441888795-0.05845692870884415i,0.0038358739266817748+0.00047496263820201646i
0.3069329016385605-0.3947051247873016i,-0.002388182532244968+0.003033309461657781i
0.17897940856824696+0.4668680083188912i,-0.0013586334349568224-0.0036087710314730535i
-0.49212770557471036-0.08837595667835645i,0.0037866787175865877+0.0007035422002674897i
0.33023779793470204-0.3754236975000276i,-0.002558102599041602+0.0028730966600585468i
0.15042190653478033+0.47683604127654156i,-0.0011338669143874302-0.003671165200408991i
-0.4858834107175097-0.11797156729102223i,0.0037238059196978922+0.0009278893941086677i
0.3523341654425709-0.3547683813192033i,-0.0027173323132788406+0.0027033851306946014i
0.12131392470246005+0.48505905825533i,-0.0009065124641225751-0.003719511921865737i
-0.4778609912865464-0.1471354533137974i,0.0036475911432892615+0.0011471830354504646i
0.37314114094037293-0.33281476583723385i,-0.0028653437067693317+0.002524886468696974i
0.09176198579227401+0.49150696654225623i,-0.0006774512091413102-0.0037537282697748123i
-0.46808980589388816-0.17576088744034984i,0.00355841940343399+0.0013606274134342843i
0.3925825798276916-0.3096431918647646i,-0.0030016561415594106+0.0023383412894636673i
0.061874237217577954+0.49615616956029274i,-0.0004475645692254886-0.0037737867691000283i
-0.4566056128844901-0.20374311286719582i,0.0034567232365300534+0.0015674552637414687i
0.4105873347820458-0.2853384574177946i,-0.00312583787424937+0.0021445160807144915i
0.03176005531097814+0.49898965322173156i,-0.00021773076036011593-0.0037797151022333805i
-0.4434504394759984-0.23097972665864083i,0.00334298063827149+0.0017669306048095706i
0.4270895161275552-0.259989507393332i,-0.00323750741092761+0.0019441999729587144i
0.0015296450538950235+0.49999704819244195i,0.000011178665108972228-0.003771595594324603i
-0.42867242795717153-0.25737105449757586i,0.0032177128328970575+0.0019583514264693933i
0.4420287329628759-0.23368910806924315i,-0.0033363346486995323+0.0017382014422988778i
-0.0287063632263711+0.49917466783918335i,0.00023830222559055085-0.003749564481324878i
-0.4123256595077641-0.28282051545069953i,0.0030814818841846123+0.0021410522210334243i
0.45535031416598054-0.2065335076194897i,-0.0034220418007194536+0.0015273449596721117i
-0.05883731871615766+0.49652552172110065i,0.00046279185099323686-0.0037138109654077083i
-0.39446995628462056-0.3072349754132835i,0.002934888159237303+0.002314406347600582i
0.4670055084670012-0.17862208388711937i,-0.0034944041025628835+0.0013124676007462627i
-0.08875295504992842+0.49205930457602964i,0.0006838161438410895-0.0036645760632855948i
-0.37517066249825437-0.3305250879400246i,0.0027785676566435286+0.0024778282211141136i
0.47695166285695423-0.15005698070401124i,-0.003553250298710665+0.001094415630742412i
-0.11834379383784818+0.4857923608419173i,0.000900563547936421-0.003602151253765221i
-0.3544984052810828-0.3526056212146893i,0.002613189211066436+0.0026307753185090183i
0.48515237867944766-0.1209427340882887i,-0.0035984629088466565+0.0008740410784485424i
-0.14750154530970327+0.47774762484319294i,0.001112245412236303-0.0035268769316757977i
-0.33252883622243345-0.3733957699619813i,0.0024394515867452882+0.0027727499951128018i
0.49157764483414146-0.09138588968735845i,-0.0036299782745967167+0.0006521983136219012i
-0.1761195046089854+0.467954536860985i,0.0013180989381437024-0.003439140676058333i
-0.30934235451619563-0.39281945116016925i,0.002258080472753979+0.0029033011053113135i
0.49620394760449543-0.0614946128665672i,-0.003647786388248653+0.0004297406418511924i
-0.20409294228687022+0.45644893539432585i,0.0015173899989984838-0.0033393753412215258i
-0.28502381273427596-0.41080558247229304i,0.002069825393173034+0.0030220254223595117i
0.4990143567078793-0.03137829287038744i,-0.003651930505897157+0.00020751693076236633i
-0.23131948756705337+0.44327292600662754i,0.001709415821176428-0.0032280569799386168i
-0.25966220630260217-0.42728834237701024i,0.00187545654558071+0.00312856885309968i
0.49999858725314195-0.0011471425047296158i,-0.0036425065483367677-0.000013631718789932728i
-0.2576995029788556+0.42847472723738955i,0.0018935075168727933-0.003105702608691349i
-0.2333503478160596-0.4422074110471148i,0.001675761581459845+0.003222627444242134i
0.49915303737889777+0.02908820519462592i,-0.003619662293890793-0.00023287524320431577i
-0.2831364489876037+0.4121084941430395i,0.0020690324593456142-0.0029728678254439555i
-0.20618452738422627-0.4555081910942168i,0.0014715423422504079+0.0033039481777636295i
0.49648080143479517+0.05921710183145909i,-0.0035835963681983916-0.00044939781529867344i
-0.3075372372878948+0.3942341201126683i,0.0022353964921319317-0.00283014429096457i
-0.1782641602508979-0.46714200737175193i,0.0012636115648480832+0.00337232955388162i
0.4919916586575233+0.08912928857475222i,-0.003534557036792635-0.0006624009595789135i
-0.33081257146684195+0.37491701768393065i,0.0023920459645137213-0.0026781570851883993i
-0.14969142297696328-0.47706628510512783i,0.0010527895703640404+0.0034276219609649006i
0.48570203738300377+0.11871529965869047i,-0.003472840807076571-0.000871106571483664i
-0.35287727379062234+0.35422787916123233i,0.002538469586302583-0.002517561950545591i
-0.12057087951804168-0.4852447056971263i,0.0008399009499159386+0.00346972783263727i
0.47763495492573144+0.14786686298038504i,-0.0033987908470488252-0.0010747598289816802i
-0.3736505969184253+0.33224241791223386i,0.002674200095827278-0.0023490424345501367i
-0.09100909856528311-0.49164733963838236i,0.0006257712611136565+0.0034986015932200747i
0.4678199333452821+0.17647729632930115i,-0.0033127952288341212-0.0012726319854488631i
-0.3930565194030657+0.3090410912894204i,0.0027988157358399424-0.0021733069442609414i
-0.06111426354969571-0.49625075603654367i,0.00041122374874569273+0.003514249393534571i
0.45629289140824414+0.20444189779836303i,-0.0032152850057379496-0.0014640230333409423i
-0.4110240238968534+0.28470880619072225i,0.002911941532907816-0.0019910857254897456i
-0.03099577673721743-0.49903810836328016i,0.00019707610295411238+0.003516728639946303i
0.44309601314094943+0.23165832894799812i,-0.00310673213216708-0.0016482642288099185i
-0.42748735704460683+0.2593346083367083i,0.003013250376716066-0.001803127779834043i
-0.0007638588633767374-0.49999919610534727i,-0.000015862732086903053+0.0035061473203725126i
0.42827759345404065+0.2580269893209045i,-0.0029876472363346658-0.001824720468078384i
-0.4423862701127127+0.23301135640146525i,0.003102463896575896-0.0016101977327589246i
0.029470854227295618-0.49913050209408694i,-0.00022679568629540734+0.0034826631317907116i
0.4118918614038252+0.28345138093697775i,-0.0028585772561971826-0.0019927925070867473i
-0.45566623947363427+0.2058353821897041i,0.0031793531333036114-0.001413072666042363i
0.059597716460974864-0.49643520537675623i,-0.00043494061629324466+0.003446482414577972i
0.39399878173720426+0.307838461434504i,-0.00272010294955058-0.00215191901665682i
-0.4672786661389872+0.17790613810369732i,0.0032437390055097305-0.001212538927930568i
0.08950647645168575-0.49192316958257676i,-0.0006395332706120922+0.0033978588997724576i
0.3746638354464333+0.33109898456527165i,-0.002572836289645761-0.002301578466173995i
-0.47718105361097934+0.14932583319017018i,0.0032954925702039094-0.0010093889343236071i
0.11908768097405747-0.4856109068260872i,-0.0008398301560729672+0.003337092276072857i
0.35395778013679446+0.3531478267975372i,-0.002417417758057041-0.002441290829567887i
-0.48533716340135463+0.12019905909905536i,0.0033345350784832195-0.0008044179742322218i
0.1482330755151533-0.4775215172798888i,-0.0010351112944334546+0.003264526584091402i
0.3319563910841284+0.3739042988316184i,-0.002254513546865954-0.0025706191081707446i
-0.49171714764870694+0.09063240732294287i,0.00336083782792255-0.0005984210326088575i
0.17683600043952813-0.46768460463792927i,-0.00122468285895322+0.0031805484460233602i
0.3087401839298459+0.3932924408881011i,-0.002084812682489908-0.0026891706658477652i
-0.4962976583488425+0.06073407911796333i,0.0033744218141197094-0.0003921896434653248i
0.2047917813177174-0.45613616777868715i,-0.0014078796811262222+0.0030855851395169133i
0.28439412002823594+0.411241300688031i,-0.001909024083703827-0.0027965983726212377i
-0.4990619327984553+0.030613489533629152i,0.003375357184666676-0.0001865087859445225i
0.23199811198972578-0.44291846902472726i,-0.0015840676184572047+0.0029801025250937286i
0.25900729552437257+0.42768519310780423i,-0.001727873566560688-0.0028926015538431504i
-0.49999985493942695+0.00038086700071112854i,0.0033637624996138518+0.000017846164280446094i
0.2583554289616644-0.4280798794807376i,-0.0017526457748280903+0.00286460283700066i
0.23267261530046193+0.44256394055852866i,-0.0015421008090245253-0.0029769267428151618i
-0.4991079923792572-0.029853150057510283i,0.0033398038032672805+0.00022011241625379276i
0.2837672757654082-0.4116747020160464i,-0.001913048565691554+0.002739622347850227i
0.20548645298384655+0.45582309321017217i,-0.001352456288176663-0.003049368235592595i
-0.49638960895214823-0.05997791811439028i,0.003303693512900441+0.0004195426659975528i
0.30814065594787243-0.3937629725394259i,-0.0020647476210521342+0.002605728917840371i
0.17754829826089027+0.4674141282545725i,-0.0011596982028530395-0.0031097684475498927i
-0.49185465277477164-0.08988319344774197i,0.0032556891306783045+0.0006154079085903537i
0.3313863733981186-0.3744102402934322i,-0.002207253519939115+0.002463519439725063i
0.14896039278742537+0.4772946274780891i,-0.0009645893945085056-0.0031580180721185467i
-0.48551971984043113-0.11945953558454477i,0.003196091785769102+0.0008070001493534776i
0.3534193587668398-0.35368732797231006i,-0.0023401173508388585+0.0023136171910372824i
0.11982735602817193+0.485428432494062i,-0.0007678942789918836-0.003194056042928915i
-0.47740799328484984-0.14859870780610657i,0.0031252446142645387+0.0009936350039548617i
0.3741589807836687-0.3316700725413275i,-0.002462932093335593+0.002156669105345735i
0.09025580239439718+0.4917857770669856i,-0.000570375801748551-0.00321786930140312i
-0.4675491585458429-0.17719407324800107i,0.0030435309851345304+0.00117465417780519i
0.39352934133302275-0.3084390477060307i,-0.0025753338170016434+0.001993342974551216i
0.06035395108092753+0.4963433960441589i,-0.00037279242874896086-0.0032294923726322645i
-0.4559792947273557-0.20514098514522536i,0.002951372581006236+0.0013494278157160007i
0.41145955320863237-0.2840792690470616i,-0.0026770026943814572+0.0018243245944025062i
0.030231230030340145+0.49908461049615704i,-0.00017589518517514626-0.00322900675315458i
-0.44274074256542806-0.23233716979444796i,0.0028492273430816904+0.0015173567134205148i
0.4278839995302935-0.25867988289961996i,-0.002767663825720933+0.0016503148655303225i
-0.0000021245263424340965+0.4999993887545561i,0.000019575246421584704-0.0032165401149950607i
-0.427881949479271-0.25868310083186885i,0.002737587289983064+0.0016778743832168747i
0.44274257387348703-0.23233384011613656i,-0.002847087873904135+0.001472026862363965i
-0.030235471486946858+0.4990843831235331i,0.00021289135713975922-0.003192265331057384i
-0.41145729227450634-0.28408236345699694i,0.002616976220747791+0.0018304489666791516i
0.4559809002330967-0.20513755590604504i,-0.002915091508868409+0.0012901828823097732i
-0.060358169777097986+0.49634294213099717i,0.00040334156098050184-0.0031563993276539845i
-0.3935268781473947-0.30844200726944015i,0.0024879473125794752+0.0019745849880912i
0.46755053201625063-0.17719055699749559i,-0.002971537661572222+0.0011055114875279618i
-0.090259983249067+0.4917850982744135i,0.000590232851840388-0.0031092017706269627i
-0.3741563247182938-0.331672886427479i,0.0023510806242944557+0.002109824942986584i
0.47740912933605917-0.1485951174122438i,-0.003016335588386888+0.0009187445515560542i
-0.11983148409876015+0.48542753130616884i,0.0007728933582424432-0.0030509735921430384i
-0.3534165198993303-0.3536899858835877i,0.002206980516689917+0.0022357507169243674i
0.48552061395742924-0.11945588418662537i,-0.0030494407475663452+0.000730614322881489i
-0.14896445332451844+0.47729350719283625i,0.0009506747863291769-0.0029820553658422644i
-0.3313833624750644-0.3744127325030215i,0.002056273001294422+0.002351984830389173i
0.4918553013279209-0.08987949440831529i,-0.0030708544902197125+0.0005418505173753441i
-0.17755227676221783+0.4674127929717228i,0.0011229547422068541-0.0029028255385765145i
-0.30813748434551275-0.3937652899269095i,0.0018996030291445266+0.0024581915064725633i
0.4963900092104698-0.059974184970353145i,-0.0030806235689612143+0.00035317745125662336i
-0.20549033524735438+0.45582154781628803i,0.0012891389253231224-0.002813698527490176i
-0.2837639554479996-0.41167683610078076i,0.0017376317313648165+0.0025540775587686i
0.49910814252042435-0.029849396470567606i,-0.0030788394681447893+0.00016531122596864241i
-0.23267638747628452+0.4425621907090883i,0.001448663185186922-0.0027151226916692028i
-0.2583519724376964-0.4280818224528882i,0.0015710336234086306+0.0026393930976940645i
0.49999975405643426+0.0003846272940418469i,-0.0030656375602937077-0.000021043023985215593i
-0.25901094416551823+0.4276832452065058i,0.0016009954343870242-0.0026075781880152116i
-0.23199453226614597-0.44292021377384994i,0.0014004937848473846+0.0027139320542224725i
0.4990615809029385+0.030617242772288063i,-0.003041196094018033-0.0002051938095757514i
-0.28439763213979685+0.4112391618633571i,0.0017456374115436017-0.0024915747213855003i
-0.20478809185233068-0.4561377079197488i,0.0012267050265765502+0.0027775325207960483i
0.49629705637103505+0.06073781156670771i,-0.0030057350193625335-0.0003864658819012691i
-0.30874354701655427+0.3932901189672323i,0.001882126288517508-0.002367649199377639i
-0.176832215091747-0.46768593453467466i,0.0010503650572326634+0.002830076909944967i
0.4917162974340363+0.09063610532261224i,-0.002959514657143175-0.0005642027331664503i
-0.33195959319608304+0.37390180231178866i,0.0020100361169163258-0.0022363633024286107i
-0.1482292084952796-0.4775226320654665i,0.0008721736604979303+0.002871491931903711i
0.48533606770368853+0.12020270911655787i,-0.002902834219418237-0.000737768994688473i
-0.3539608099131927+0.3531451648149375i,0.002128979109657616-0.0020983009801391925i
-0.11908374679127726-0.4856118024208603i,0.0006928298948003922+0.00290174839325489i
0.47717971608254817+0.14932942186800813i,-0.0028360301887844414-0.000906552723160148i
-0.3746666821571466+0.3310961668616161i,0.0022386067540881775-0.0019540658849290593i
-0.08950248986097267-0.491923842709053i,0.0005130293266988771+0.0029208608193612966i
0.467277091317018+0.17790965230884984i,-0.002759474564700091-0.00106996756696331i
-0.39400143532204623+0.3078354983213787i,0.002338610753898635-0.001804278754271418i
-0.0595936924090929-0.4964356535715814i,0.00033346130898412915+0.002928886904053623i
0.4556644327637468+0.2058388090616887i,-0.002673572985503532-0.0012274548049122154i
-0.41189431250936726+0.283448283258105i,0.0024287237978194115-0.0016495747528501303i
-0.029466807798100736-0.4991307237170606i,0.000154806314219675+0.002925926790727108i
0.4423842377691365+0.233014683399401i,-0.0025787627352251486-0.0013784852504258864i
-0.4282798334678411+0.25802376841245966i,0.002508720153830809-0.0014906007860292102i
0.0007679125041374635-0.49999919034542406i,-0.00002226666590094524+0.002912122189661806i
0.4274851061472943+0.2593378232852105i,-0.0024755106446728336-0.001522561014764521i
-0.4430980342230724+0.23165499659712396i,0.002578416088364399-0.001328012796020362i
0.03099982239740523-0.49903787524153925i,-0.00019710264539333835+0.002887655337015298i
0.4110215623255701+0.28471189732445934i,-0.002364310896612522-0.0016592171236274812i
-0.4562946865199493+0.20443846620003353i,0.002637670110712233-0.0011624730520825488i
0.06111828606637748-0.4962502964061108i,-0.00036906308345465864+0.002852747801538898i
0.3930538558085528+0.3090440472961694i,-0.002245682745157567-0.0017880229820843635i
-0.467821496274784+0.17647377804169345i,0.0026863830435885196-0.0009946474459889584i
0.0910130828602215-0.4916466551813073i,-0.000537528229471957+0.002807659145640627i
0.37364774069074264+0.3322452279742787i,-0.0021201681597295017-0.0019085836835026028i
-0.47763628031093186+0.14786327087892184i,0.0027244979215073632-0.0008252028038499321i
0.12057481065287395-0.48524379891822816i,-0.0007018993649630593+0.0027526854479546325i
0.3528742350247844+0.3542305329949519i,-0.0019883294041554895-0.0020205411588364226i
-0.48570312073111443+0.11871164688892152i,0.002751999719342946-0.000654804225189959i
0.14969528620787018-0.47706515932282834i,-0.0008616009343739466+0.0026881576950785607i
0.33080936092587476+0.37491950557743237i,-0.0018507465616192406-0.0021235751633508397i
-0.4919924963615082+0.08912558850424729i,0.002768914914123085-0.0004841124599402338i
0.17826794108255917-0.467140666705931i,-0.0010160825572141953+0.0026144400506013217i
0.3075338663634474+0.39423643296132943i,-0.0017080150162916067-0.002217404098568647i
-0.49648139078657005+0.05921336800088845i,0.002775310883772667-0.00031378133373035716i
0.20618821162286735-0.4555066404511361i,-0.0011648209145918194+0.0025319280099676i
0.28313292965826004+0.4121106234828267i,-0.0015607429025248979-0.0023017856679438536i
-0.49915337657924125+0.029084451268206947i,0.002771295147163299-0.00014445523154302996i
0.2333539216213956-0.44220565610146245i,-0.001307321503815514+0.0024410464501085295i
0.2576958477662974+0.42847666527583306i,-0.0014095485325091737-0.002376517365478485i
-0.499998675418279-0.0011509027892372408i,0.002757014450443968+0.00002323335056309394i
0.2596656562384863-0.4272863895511343i,-0.0014431202553556303+0.0023422475831044462i
0.2313157094902373+0.44327466565133833i,-0.001255057813253689-0.002441436797210089i
-0.4990141938727167-0.03138204575195609i,0.0027326537052118063+0.00018866617635322834i
0.28502712581787026-0.41080343891269816i,-0.0015717850070984896+0.002236008823446216i
0.2040890548143832+0.456450470278951i,-0.001097901663679189-0.0024964218361968674i
-0.4962035347224928-0.061498344611260955i,0.002698434784643397+0.0003512415540610034i
0.309345518265483-0.3928171247113636i,-0.0016929168314853249+0.0021228305787110383i
0.17611552160975508+0.46795586136850537i,-0.0009387134424791619-0.002541390612320787i
-0.4915769837738227-0.09138958663859331i,0.0026546151842289103+0.0005103765263639411i
0.3325318387018965-0.3733932691377691i,-0.0018061512117944576+0.0020032339736776755i
0.14749748100224452+0.47774873412647934i,-0.0007781263972422744-0.002576301338904719i
-0.48515147221756283-0.1209463827168098i,0.0026014865542443254+0.0006655089577708487i
0.3545012351453821-0.3526029551670138i,-0.001911159064502594+0.0018777585180689965i
0.11833966273822907+0.48579325084146907i,-0.000616771145116147-0.002601151978801944i
-0.47695051466831795-0.15006056765740378i,0.002539373111551656+0.0008160995120241666i
0.37517330903374824-0.33052226642547633i,-0.0020076476053411192+0.001746959728226883i
0.08874877191864758+0.4920599720348305i,-0.0004552731950399317-0.002615979753259522i
-0.467004123111044-0.17862559603867365i,0.002468629938733765+0.0009616335126691314i
0.39447240944857187-0.30723200875739465i,-0.0020953610573492135+0.0016114067130977008i
0.058833098504127684+0.4965259641965378i,-0.00029425052127999944-0.002620860497475452i
-0.45534869707006365-0.20653693211623803i,0.002389641178949885+0.0011016226805131218i
0.41232790996509255-0.2828174145101576i,-0.002174081199907524+0.0014716797349322967i
0.028702121020203863+0.49917488371198643i,-0.00013431119767511585-0.002615907867371079i
-0.4420268904024294-0.23369243237899712i,0.0023028181352360046+0.0012356067422876805i
0.4286744671146161-0.2573678306204925i,-0.0022436277584155714+0.001328367755089431i
-0.0015338940870986695+0.4999970366726093i,0.000023948898372812097-0.00260127240266621i
-0.42708745520311236-0.2599927193505447i,0.00220859728327188+0.0013631549054371336i
0.44345225951356504-0.23097639164302244i,-0.0023038586349513803+0.0011820659752685703i
-0.031764295979133245+0.49898941435142075i,0.0001799483035235072-0.002577140451891962i
-0.41058506339325873-0.285341545268081i,0.0021074382068914065+0.0014838671945783327i
0.4566072067840693-0.20373967891776834i,-0.0023546699809125163+0.0010333733843937145i
-0.06187845435921177+0.4961557042136666i,0.00033312209953550884-0.002543732965484379i
-0.39258010664442167-0.3096461443079177i,0.001999821465827009+0.001597375645811588i
0.4680911674649387-0.17575736712389467i,-0.002395996113292307+0.0008828903212237545i
-0.09176616433201087+0.4915062764222835i,0.00048292394997369363-0.002501304163585331i
-0.37313847537096223-0.33281757206857876i,0.0018862464053475225+0.0017033453557071282i
0.47786211518874944-0.14713185951316188i,-0.0024278092768806976+0.0007312160625758132i
-0.12131804970619106+0.485058145887554i,0.0006288280353366742-0.002450140085620829i
-0.35233131759941266-0.35477103106913777i,0.0017672289175765287+0.0018014753824390495i
0.4858842924803126-0.11796791315797436i,-0.002450119255299064+0.0005789464468204956i
-0.15042596326431498+0.4768349099998366i,0.0007703308798680489-0.00239055702913971i
-0.33023477859723277-0.37542618107160397i,0.0016432991643623757+0.0018914994971932252i
0.4921283416136868-0.08837225558545495i,-0.0024629728343785683+0.00042667154204132924i
-0.17898338253524906+0.46686666227324436i,0.0009069530638541098-0.0023228998857679328i
-0.3069297222138126-0.39470743309171374i,0.0015149992716092654+0.0019731867846263652i
0.496571412048855-0.058453194200500706i,-0.0024664531219695217+0.0002749733679474012i
-0.20688579962069062+0.4551898822163001i,0.0010382408157683732-0.0022475403824700015i
-0.2825014349534874-0.412544226022171i,0.0013828810049796773+0.0020463420918048975i
0.4991972440548948-0.028320219927164332i,-0.002460678728821562+0.00012442368028965582i
-0.23403110364922253+0.44184730183258925i,0.0011637674791988273-0.002164875236607468i
-0.2570393138635357-0.42887128485601733i,0.0012475034368308708+0.002110806325695597i
0.4999962282136142+0.0019163934811367552i,-0.0024458028157030424-0.000024418173840532476i
-0.26031995445828016+0.42688774923996886i,0.0012831348500825792-0.0020753242335380187i
-0.23063653937935316-0.44362885956514264i,0.001109430614164206+0.002166456599917551i
0.4989654405858993+0.0321459929962309i,-0.0024220120124246805-0.00017100732185443314i
-0.28565614613651036+0.41036596998061015i,0.0013959743803770575-0.0019793282357201676i
-0.20338973432405014-0.4567629437597445i,0.0009692292372381046+0.0022132062320897638i
0.49610865341207594+0.06225795125778549i,-0.0023895252149019955-0.00031481534510729986i
-0.309946959096118+0.39234242667581093i,0.0015019482449046423-0.0018773471324592735i
-0.17539861031038761-0.4682254723285366i,0.0008274663583294485+0.002251004593721522i
0.49143632130712844+0.09214207142196659i,-0.0023485922668267513-0.00045533216485316375i
-0.33310349938676453+0.37288307775875035i,0.0016007502687273635-0.001769857739568863i
-0.1467656028390686-0.4779744973364273i,0.0006847071099232524+0.0022798368151887103i
0.48496554300129685+0.12168899043459362i,-0.0022994925329198005-0.0005920678281119122i
-0.35504102400927406+0.3520591360949318i,0.0016921067130289923-0.0016573516583123235i
-0.11759549642876843-0.4859743415359591i,0.0005415124713684697+0.0022997233489175494i
0.47671999876606197+0.15079057925298112i,-0.002242533371106942-0.0007245541873534422i
-0.37567925103864086+0.3299468083736581i,0.0017757769181030176-0.0015403331030432385i
-0.08799504114976797-0.4921957289307225i,0.0003984370827598954+0.002310719394455252i
0.4667298637545148+0.17934033855182832i,-0.002178048511290564-0.0008523464684292763i
-0.39494265342141976+0.30662701622425437i,0.001851553802666149-0.001419316706973369i
-0.05807256196451058-0.49661589191293776i,0.0002560271144950683+0.002312914189641322i
0.45503169757324724+0.20723378846504298i,-0.0021063963486847165-0.0009750247217243905i
-0.41276073537232705+0.28218510007763553i,0.0019192642193328212-0.0012948253154675192i
-0.027937562304731656-0.4992186545831292i,0.00011481820061016762+0.0023064301726038777i
0.44166831048988164+0.23436885093721013i,-0.0020279581599396733-0.0010921951520604615i
-0.4290682903585585+0.2567105068569544i,0.001978769166694567-0.0011673877761966952i
0.0022996766641066313-0.4999944919469729i,-0.000024666556373178507+0.002291422019790068i
0.42668860676586545+0.26064622328546544i,-0.0019431362504995055-0.001203491323450169i
-0.44380563972771614+0.2302964626402525i,0.0020299638590468056-0.0010375367353713187i
0.032528499624549345-0.4989405647726904i,-0.0001619185017637826+0.0022680755656914967i
0.4101474056878629+0.28596974160469624i,-0.0018523520418171166-0.0013085752353817614i
-0.45691885110606145+0.20303963149302454i,0.002072777655395323-0.0009058064491311662i
0.06263828205812055-0.49606072998141654i,-0.0002964452592787277+0.0022366066103558994i
0.3921052409526924+0.3102467326861624i,-0.001756044107192004-0.0014071382678995628i
-0.46835993576785717+0.175039761719225i,0.0021071738499436198-0.0007727306189848634i
0.09251883508358302-0.4913655265325243i,-0.0004277724694375421+0.002197259621164809i
0.3726281391399764+0.33338835316166693i,-0.0016546661650965067-0.0014989019933350177i
-0.47808702425350846+0.1463993208252853i,0.002133149326821143-0.0006388402599728844i
0.12206080870095296-0.4848721368555565i,-0.0005554454298003473+0.002150306335721508i
0.3517873780831969+0.3553099146321542i,-0.0015486850389195032-0.0015836188531354843i
-0.4860645195938141+0.11722312053301727i,0.0021507340823488878-0.0005046616099748571i
0.15115609196556898-0.47660432396990815i,-0.0006790306315724839+0.00209604427301886i
0.3296592260234167+0.375931193590904i,-0.001438578592078983-0.001661072698828577i
-0.4922632275795979+0.08761793321369449i,0.002159990618652829-0.00037071408829561i
0.1796982086277511-0.4665923445223735i,-0.0007981171876085248+0.0020347951603488503i
0.30632466250024837+0.39517672500713574i,-0.0013248336474400446-0.0017310791967464847i
-0.49666046359998356+0.057692101146997174i,0.002161013212932056-0.00023750831134779278i
0.20758270679017696-0.4548728380608046i,-0.0009123181473753567+0.0019669032836723724i
0.2818690820014952+0.4129760784956331i,-0.0012079438999201017-0.0017934860967172251i
-0.4992401356583355+0.027555140034767757i,0.0021539270671523856-0.00010554417290083023i
0.2347075411569977-0.44148869294909143i,-0.0010212716949710358+0.0018927337693862365i
0.2563819814559746+0.4292641160617273i,-0.0010884078310733666-0.0018481733655005062i
-0.49999280326205986-0.002682661779457525i,0.0021388873433814746+0.000024691004005943402i
0.260973446475825-0.4264888894141564i,-0.0011246422268445368+0.0018126708056095768i
0.229956632713169+0.4439812304784009i,-0.0009667266343180669-0.0018950531863099797i
-0.49891571197075557-0.03291064691845112i,0.002116078090391768+0.00015272423679070412i
0.28628430080595213-0.40992832029934473i,-0.0012221213064160677+0.0017271158112550132i
0.20268974120828684+0.45707356342315725i,-0.0008434021593074321-0.0019340698263102046i
-0.49601280347628474-0.06301819392980412i,0.002085711067542851+0.0002780985684218238i
0.3105474772834045-0.39186759018017747i,-0.0013134284933567896+0.001636485561258883i
0.17468109206187404+0.46849320257636556i,-0.0007189348837475223-0.001965199374512036i
-0.4912947011778711-0.09289512211296515i,0.002048024472307485+0.000400374662047882i
0.33367418309550645-0.37237279357761477i,-0.0013983120458502022+0.0015412102764171098i
0.14603318490909786+0.4781983569597884i,-0.000593821920735453-0.0019884493530039245i
-0.48477867130501917-0.12243209473331759i,0.0020032815781251176+0.0005191322997985177i
0.35557978442446975-0.35151527308047537i,-0.0014765494947159505+0.0014417316863045459i
0.11685085879507334+0.48615350987362516i,-0.0004685550694282763-0.002003858204955086i
-0.476488559730524-0.15152101914770266i,0.0019517692895558904+0.0006339717808716422i
0.376184116170842-0.32937135826218056i,-0.0015479480888391996+0.001338501073753694i
0.08724090850895233+0.4923295488723914i,-0.0003436189165619708-0.0020114946632992657i
-0.4664547047048109-0.1800554423771033i,0.0018937966219613085+0.0007445152145161597i
0.39541177532336663-0.30602208634727446i,-0.001612345111899034+0.0012319773093288772i
0.057311693760829396+0.4967038723039744i,-0.0002194889960184007-0.002011457004461287i
-0.4547138258309597-0.2079309406788592i,0.0018296931131566007+0.0008504077040280438i
0.41319239690164233-0.28155290564996127i,-0.0016696080709382864+0.0011226248841564154i
0.02717274263170938+0.4992604720219801i,-0.00009663001329155492-0.002003872191914574i
-0.4413088896867169-0.235045501692749i,0.0017598071746657128+0.0009513184183933368i
0.42946091146175225-0.2560533628699485i,-0.0017196347578517647+0.0010109119493603375i
-0.0030656492522639356+0.4999899919686781i,0.00002450585866688334-0.001988894914758517i
-0.42628895258526034-0.26129989776244705i,0.0016845043903573806+0.0010469415487370504i
0.44415778322250193-0.2296167753899565i,-0.0017623531853956354+0.0008973083702102088i
-0.033292822354461044+0.49888976241415756i,0.00014348060613954887-0.0019667065268771057i
-0.40970898105014836-0.2865980490661592i,0.0016041657703547922+0.0011369971472661687i
0.457229227940828-0.20233988977414874i,-0.0017977213998301112+0.0007822838029082906i
-0.06339815819417896+0.4959638097263934i,0.00025987191820230207-0.001937513892583727i
-0.39162965066143296-0.310847375227535i,0.0015191859681900973+0.0012212318469273483i
0.4686274097390433-0.17432252771722767i,-0.0018257271728037172+0.0006663058017365555i
-0.09327148416280556+0.49122284163646684i,0.0003732746419161712-0.0019015481449715375i
-0.37211712400907787-0.333959134120112i,0.0014299714692162636+0.0012994194605324683i
0.47831061616362036-0.1456672207398737i,-0.0018463875755612312+0.0005498379640424929i
-0.1228034767082834+0.4846842080528657i,0.00048330214436792095-0.0018590633634691434i
-0.35124280856627493-0.355848746625412i,0.0013369387582971245+0.001371361458636043i
0.48624341083486894-0.1164788349673839i,-0.001859748439016451+0.00043333812027571513i
-0.15188606141239064+0.4763718375682654i,0.0005895875772406789-0.001810335177354185i
-0.3290830953687386-0.37643610615621564i,0.0012405124747692322+0.0014368873259747342i
0.49239676312887654-0.08686418736465945i,-0.001865883703664314+0.0003172565759909715i
-0.1804128084967287+0.46631614989114945i,0.0006917850400728375-0.0017556593021929433i
-0.3057190794563004-0.39564587181229105i,0.001141123562607062+0.001495854796799346i
0.4967481544171333-0.05693165483195791i,-0.0018648946637185428+0.00020203441241187722i
-0.208279322310034+0.4545539445227315i,0.0007895706388512848-0.001695350016360671i
-0.28123626309986804-0.41340774409575426i,0.0010392074236291208+0.0015481499699404827i
0.49928166047504774-0.026790777591951368i,-0.0018569091102487538+0.00008810185180411973i
-0.2353836233714566+0.4411282660865752i,0.0008826434370797933-0.0016297385849467425i
-0.255724242899809-0.42965672217706075i,0.0009352020814548964+0.0015936873049496247i
0.499988009757774+0.0034481416804768173i,-0.0018420803784512812-0.000024123306460192763i
-0.26162652157169375+0.4260882468037448i,0.0009707262969632151-0.001559171638468228i
-0.22927638190084618-0.44433334177014405i,0.0008295463637638809+0.0016324095011454817i
0.4988646173300872+0.03367444151868183i,-0.0018205863045215873-0.00013423717365428276i
-0.286911979166219+0.4094889266899635i,0.0010535666088527453-0.0014840095138972983i
-0.2019894679233839-0.4573838927461821i,0.0007226781102186293+0.001664287261867286i
0.4959155943261365+0.0637775066377323i,-0.0017926280979017098-0.00024185117817638875i
-0.3111474622322093+0.39139105213277725i,0.0011309369076007412-0.0014046245655596663i
-0.1739633593616243-0.46876061568961774i,0.0006150324131957689+0.0016893189466932173i
0.4911517329044598+0.0936471727388791i,-0.0017584291349517836-0.0003465933860928364i
-0.3342442793029905+0.37186085358584786i,0.0012026353749765763-0.0013213994534767924i
-0.14530061974470215-0.4784218766771226i,0.0005070398982223474+0.0017075301148202356i
0.48459046675331346+0.12317412966360886i,-0.0017182336803413282-0.00044810973151550234i
-0.3561179059407394+0.3509698031939167i,0.0012684862277961703-0.0012347254167092768i
-0.1161061423981849-0.48633231963988716i,0.0003991250507432509+0.0017189729632185978i
0.4762558072908569+0.15225032142191075i,-0.001672305542669569-0.000546065153033697i
-0.37668829405965126+0.32879435323542977i,0.001328339991908992-0.0011450005392091439i
-0.08648676657952051-0.4924629957516594i,0.0002917045955466289+0.001723725663570173i
0.46617825579366623+0.18076934163082392i,-0.0016209266710095736-0.0006401446328789273i
-0.3958801648675774+0.3054156563400099i,0.0013820736626753722-0.0010526280156091421i
-0.05655088649220763-0.4967914693690243i,0.0001851859348559207+0.0017218916023731307i
0.45439469177515346+0.2086268229161327i,-0.0015643956992215872-0.0007300541359666302i
-0.4136232843540987+0.28091926850466176i,0.001429590753040153-0.0009580144242645604i
-0.026408054609531356-0.49930190013622966i,0.00007996565075365154+0.0017135985289435042i
0.44094823802237487+0.23572081885216328i,-0.0015030264450025164-0.0008155214464318514i
-0.4298527203168585+0.2553948359955407i,0.0014708212307769756-0.0008615680147223621i
0.003831419240471423-0.49998510095409043i,-0.0000235719227584225+0.0016989976163670373i
0.425888102785137+0.2619521770419489i,-0.0014371463707258413-0.0008962968997501396i
-0.4445090799855575+0.22893576728109413i,0.0015057213469248578-0.0007636970166203735i
0.034056871561640056-0.49883857160082845i,-0.00012505605313758213+0.0016782624407513903i
0.40926939969492304+0.2872249019724482i,-0.0013670950131822216-0.0009721540090122803i
-0.45753872737400175+0.20163889119715495i,0.0015342733578772839-0.0006648079768221064i
0.06415769017059189-0.49586650788181086i,-0.0002241308835865874+0.0016515878843968925i
0.39115294607265416+0.31144650631692494i,-0.0012932223893577564-0.0010428899843970359i
-0.46889397956479345+0.1736041025949594i,0.0015564851440009084-0.0005653041313660161i
0.0940237189898405-0.4910797862747035i,-0.0003204566241270494+0.0016191889687446216i
0.37160504036339603+0.33452834939886833i,-0.0012158873853775082-0.001108326145359785i
-0.4785332812083438+0.14493399676886454i,0.0015723897280617832-0.0004655838185581692i
0.1235456611717633-0.4844959241262307i,-0.00041371065575874756+0.0015812996231718219i
0.3506972195125052+0.35638596157882807i,-0.0011354561357056511-0.0011683082255216906i
-0.48642135659761787+0.11573349400160257i,0.0015820446971162516-0.000366038939262576i
0.15261547907815562-0.4761390155462042i,-0.0005035885444353816+0.0015381713958866766i
0.3285059971711096+0.37693935337704176i,-0.001052300399626342-0.0012227065707072556i
-0.492529338762083+0.08610945560107505i,0.001585531531882275-0.0002670534701470661i
0.18112678965161966-0.46603964323342184i,-0.0005898049620247438+0.0014900721133258375i
0.30511258368898453+0.39611330820060064i,-0.0009667959419299374-0.0012714162310292153i
-0.4968348751084311+0.05617029283382935i,0.0015829548479423647-0.00016900203532438824i
0.2089752537318961-0.4542347665561155i,-0.0006720945118666846+0.0014372844945804376i
0.28060258891952583+0.41383765760389846i,-0.0008793209246050716-0.0013143569483620172i
-0.49932220922147846+0.02602557018635015i,0.001574441553439836-0.00007224854149300272i
0.23605895789241202-0.44076758629652546i,-0.0007502124569887314+0.0013801047274670636i
0.25506570892442804+0.4300475380750278i,-0.0007902543161819503-0.0013514730409746184i
-0.49998223852588114-0.004214395593937893i,0.001560139928218536+0.00002285511867248976i
0.2622787873996817-0.4256873865545786i,-0.0008239353494909681+0.0013188410129221556i
0.22859539772459492+0.4446836284083959i,-0.0006999743251916801-0.0013827331875083699i
-0.4988125475976557-0.03443893921062058i,0.0015402186296142961+0.000115970290499616i
0.2875387889306943-0.4090493543892333i,-0.0008930615600591694+0.0012538120844291702i
0.20128852529853078+0.457692366794877i,-0.0006088568640011836-0.001408130112885544i
-0.4958174170035931-0.06453745180578338i,0.0015148656303424074+0.00020677270466630727i
0.31174652172089456-0.39091437785753014i,-0.0009574117070140834+0.0011853457091886967i
0.173245023079794+0.4690261468350467i,-0.000517274049051903-0.0014276801791154273i
-0.491007807636222-0.09439978574096089i,0.0014842870941304137+0.0002949535443141077i
0.3348133958577074-0.3713488231904343i,-0.0010168289847468997+0.0011137771777152243i
0.1445675182508383+0.4786434917581721i,-0.00042559274327819553-0.0014414228843288312i
-0.4844013206016466-0.12391665769022048i,0.0014487061949252297+0.0003802204287257379i
0.35665499648159743-0.35042429192091273i,-0.0010711793918278993+0.0010394477884861336i
0.1153609581715708+0.48650920620939186i,-0.0003341731462062286-0.0014494202737151728i
-0.4760221328070517-0.15298004857023306i,0.001408361885654043+0.00046229831077774825i
0.3771913927082252-0.32821735885305425i,-0.0011203518595049255+0.0009627033341844312i
0.08573222631705568+0.4925945050496093i,-0.0002433674369402647-0.001451756266357441i
-0.4659009084835981-0.18148359884375853i,0.0013635076226399918+0.0005409302857968492i
0.3963474301411799-0.30480929183115013i,-0.0011642582817266137+0.0008838925959646402i
0.05578975112986731+0.49687711869674833i,-0.00015351847493031752-0.001448535902260585i
-0.454074686968499-0.20932299774990543i,0.0013144100518671363+0.0006158783098699149i
0.4140530059048154-0.2802857543342627i,-0.001202833448234187+0.0008033658520323916i
0.025643109218525972+0.4993413746228661i,-0.0000649585630857315-0.0014398845141446017i
-0.4405867471569397-0.23639636503674694i,0.0012613476633555958+0.0006869238260818301i
0.43024332519068814-0.254736491984657i,-0.0012360348826600024+0.0007214734066646601i
-0.004597375645862101+0.4999782547088784i,0.000021991722544422873-0.0014259468288254857i
-0.42548644911989797-0.26260462379931915i,0.001204609419941418+0.0007538682975782024i
0.44485913837874796-0.22825500411733968i,-0.0012638425879508174+0.0006385641456089644i
-0.03482103626725716+0.4987854282470058i,0.00010702463266145495-0.0014068860032335792i
-0.4088290534674667-0.2878518630585707i,0.001144493366767272+0.0008165336467731533i
0.45784695786551866-0.20093820161262158i,-0.0012862587017987903+0.0005549841235885206i
-0.06491726701912873+0.4957672604701633i,0.00018984627068253387-0.0013828826003201495i
-0.39067551911873866-0.31204568875438365i,0.001081305227767624+0.0008747626004398524i
0.4691592538057707-0.17288605224388698i,-0.0013033070651092783+0.0004710751894074628i
-0.09477592861357861+0.4909347965770815i,0.0002701775416661681-0.0013541335102779848i
-0.37109228021832474-0.33509756186817985i,0.0010153569953872202+0.0009284189408351648i
0.4787546280513564-0.1442012148384476i,-0.0013150327068623259+0.00038717365389560253i
-0.1242877511638649+0.48430572131161986i,0.0003477550214673765-0.001320850822649391i
-0.3501510030158962-0.35692312243772994i,0.0009469655196973994+0.0009773876634154672i
0.4865979656506647-0.11498866359029339i,-0.0013215012490333548+0.00030360900566039694i
-0.15334473406529173+0.4759042942441937i,0.0004223317437846127-0.0012832606550172328i
-0.327928323598469-0.37744249827840937i,0.000876451102975007+0.00102157504209787i
0.4926605633542737-0.08535530389959536i,-0.0013227982355250615+0.00022070267932256435i
-0.18184054123107052+0.4657612609921583i,0.0004936779031569878-0.0012416019440682372i
-0.3045055674352162-0.39658059728111505i,0.0008041361056848386+0.0010609086034075329i
0.49692023465652413-0.05540958114482214i,-0.00131902838932805+0.00013876688060610702i
-0.20967089023676097+0.45391374070404505i,0.0005615814723682171-0.001196125204885673i
-0.27996845176115326-0.41426738221715687i,0.0007303435696572087+0.0010953370112266676i
0.4993613909886091-0.02526108381919751i,-0.0013103148023694982+0.00005810347233203861i
-0.23673393394918815+0.4404050902194079i,0.0006258487331133238-0.0011470912643692216i
-0.2544067718888458-0.4304381270444557i,0.0006553958640804118+0.0011248298642217243i
0.49997509876604496+0.004979857516152053i,-0.0012967980627289395-0.0000209970749678083i
-0.26293063324323956+0.42528474540139927i,0.0006863047191810545-0.0010947699746928345i
-0.2279140725961048-0.44503365377707893i,0.0005796133597334995+0.0011493774083713218i
0.49875911208175644+0.03520257399469921i,-0.0012786353240937436-0.00009825666444564038i
-0.28816511944255757+0.4086080402227269i,0.0007427935718001199-0.0010394389127003282i
-0.20058730579224576-0.45800054905127024i,0.0005033131366709593+0.0011689901673477806i
0.49571788092513236+0.06529646344507117i,-0.001255999322497957-0.0001734104833234853i
-0.31234504515775025+0.39043600426706204i,0.0007951788071867377-0.000981382071098635i
-0.17252647571571192-0.4692913595954382i,0.00042680773033473623+0.0011836984938169363i
0.4908625348969755+0.09515139514752799i,-0.001229077345532166-0.0002462078396144111i
-0.33538192223820285+0.3708351393869565i,0.0008433434967148869-0.0009208885472462763i
-0.14383427296147952-0.4788647658887637i,0.0003504039208183281+0.0011935520450159114i
0.4842108424799387+0.12465811286513205i,-0.0011980701593331678-0.0003164129228904633i
-0.3571914456007321+0.34987717633560267i,0.0008871903605052507-0.0008582512352457598i
-0.11461569867755447-0.48668573337291277i,0.0002744015697361491+0.0011986191862415868i
0.4757871460135058+0.15370863467468415i,-0.0011631908987547088-0.00038380548718126384i
-0.3776938017500087+0.3276388122630628i,0.0009266417755953592-0.000793765526936656i
-0.08497768030583366-0.4927256406634843i,0.0001990925088684123+0.0011989863261371743i
0.4656222726114746+0.18219664813421907i,-0.0011246639261915197-0.00044818145446068753i
-0.3968139608616954+0.30420143003761557i,0.000961639700207595-0.0007277280272513139i
-0.05502868027355856-0.4969623842919927i,0.00012475948445149997+0.0011947571878963509i
0.4537534213479524+0.21001789934091633i,-0.0010827236645699987-0.0005093534375543075i
-0.41448195135940397+0.27965080041938695i,0.0009921455159737462-0.0006604352892374391i
-0.024878299067382204-0.4993804595950766i,0.000051675160673488446+0.0011860520207146077i
0.4402240271247081+0.23707057445564078i,-0.001037613410039638-0.0005671511816745301i
-0.43063311598063286+0.2540767681761785i,0.0010181397903040752-0.0005921825738747059i
0.005363125857374418-0.49997101745491274i,-0.000019898814387099273+0.0011730067560056542i
0.4250836017180745+0.26325567229789754i,-0.0009895841298903955-0.0006214219241614265i
-0.44520834839460055+0.22757292329017711i,0.001039621961400386-0.0005232626396136652i
0.035584923864454554-0.49873189668318857i,-0.00008971267747260197+0.0011557721130648266i
0.40838755258709575+0.28847736664766344i,-0.0009388932511920679-0.0006720306723747108i
-0.4581543095060474+0.20023625845878648i,0.0010566099487116112-0.0004539645663493823i
0.06567649614369664-0.49566763193012475i,-0.0001575293509390325+0.0011345126590025173i
0.39019698010600695+0.3126433569282261i,-0.0008858034455954889-0.0007188604000436596i
-0.469423622653433+0.1721668141429823i,0.0010691396919082611-0.0003845726183077428i
0.09552772045521277-0.4907894370896012i,-0.00022312517340592378+0.0011094058278880888i
0.37057845396308686+0.3356652059866806i,-0.0008305814156578575-0.0007618121627360588i
-0.478975046987184+0.14346731246215977i,0.0010772646217144886-0.00031536515007276684i
0.12502935412952482-0.4841151642611181i,-0.00028629055838728056+0.0010806409041379554i
0.34960376954417033+0.3574586637359545i,-0.0007734966879528963-0.000800805133452124i
-0.4867736283935048+0.11424278127526327i,0.0010810550661780002-0.000246613559717999i
0.15407343384885017-0.4756692384187735i,-0.0003468305793787211+0.0010484179752504417i
0.32734968519234814+0.3779439754739678i,-0.0007148204181047895-0.0008357765596848952i
-0.4927908274114308+0.08460016982389806i,0.0010805975961809312-0.00017858129272759428i
0.18255367074650897-0.46548256802634125i,-0.00040456548022793203+0.0010129468590359086i
0.30389764130537444+0.3970461737516136i,-0.0006548242127404993-0.0008666816436118443i
-0.4970046236750087+0.054647957344006i,0.0010759943141947887-0.00011152290010239447i
0.2103658393785597-0.45359243192555837i,-0.00045933110996664153+0.0009744460105120152i
0.2793334622987638+0.41469535272144736i,-0.0005937789731918507-0.0008934933473930777i
-0.49939959649838445+0.024495756078419726i,0.0010673620904644722-0.000045683153746202675i
0.23740815914419244-0.44004234291156336i,-0.0005109792816318717+0.0009331414136320206i
0.2537470425252646+0.43082692396308686i,-0.0005319537655964693-0.0009162021258481353i
-0.4999669813088953-0.005746089856903671i,0.0010548317509635888+0.000018703778081184325i
0.26358166675904543-0.42488188849474146i,-0.0005593780549492241+0.0008892654629891508i
0.22723201730010764+0.44538185284911047i,-0.0004696147218467767-0.0009348155890651958i
-0.49870470172164394-0.035966908284989385i,0.0010385472215998254+0.00008141509277449225i
0.288790578418354-0.40816654943171815i,-0.0006044119430911879+0.0008430558405926089i
0.19988542023593986+0.4583068745864568i,-0.0004070239756188401-0.0009493580977612991i
-0.49561737713817644-0.0660561039805144i,0.0010186646332633951+0.00014224005070891823i
0.3129426403245663-0.38995749668960034i,-0.0006459820440574395+0.0007947543927412442i
0.171807328141446+0.4695546891427083i,-0.00034443863748190355-0.0009598702944604667i
-0.49071630584145537-0.0959035634008675i,0.000995351392402618+0.00020098060605965357i
0.33594946629665035-0.3703213675864918i,-0.0006840060975483514+0.0007446060119291341i
0.14310049478317993+0.4790841343439083i,-0.00028210981284254745-0.0009664085737873611i
-0.4840194236489923-0.12540005765445625i,0.0009687852218799668+0.0002574519696223046i
0.35772686122558167-0.3493300219275062i,-0.0007184184685202256+0.0006928575286073572i
0.11386997485087907+0.486860336510453i,-0.00022028166621927895-0.0009690444953846054i
-0.47555123827545437-0.15443764223157214i,0.00093915317690754+0.0003114831024709615i
0.378195129192309-0.32706027902872237i,-0.0007491700589145919+0.0006397566174928091i
0.0842227395023862+0.492854838079791i,-0.00015919053507324423-0.0009678641431550613i
-0.4653427396449459-0.1829100520349683i,0.0009066506408857004+0.0003629171396208714i
0.39727936512061385-0.3035936365914563i,-0.0007762281493484573+0.0005855507229664931i
0.054267284895122614+0.4970457017488898i,-0.00009906409614039947-0.0009629674347015033i
-0.4534312864811871-0.2107130902645089i,0.000871480305969389+0.00041161174318981827i
0.41490972889754096-0.27901597245565113i,-0.0007995761728317602+0.0005304860079342666i
0.0241132351367154+0.49941759075534853i,-0.000040120586922901626-0.0009544673849888666i
-0.4398604695906183-0.2377450097327385i,0.0008338511431678684+0.0004574393848771182i
0.43102170095823905-0.2534172303238404i,-0.0008192134228445058+0.0004748063303387559i
-0.006129058892187816+0.4999618250033673i,0.00001743191529876835-0.0009424893283843064i
-0.42467995233875705-0.26390688521592076i,0.0007939773667409631+0.0005002875578983471i
0.4455563183998772-0.2268910906057981i,-0.0008351546983575214+0.0004187522513102325i
-0.03634892337478213+0.4986764128291721i,0.00007339615487191279-0.0009271701033410295i
-0.40794528890359416-0.28910297547790004i,0.0007520773975939286+0.0005400589188279035i
0.4584603907605633-0.19953462758844476i,-0.0008474298886152123+0.0003625600787288406i
-0.0664357665767756+0.49556605828964906i,0.0001275862978403499-0.0009086572040802503i
-0.38971772097114565-0.3132410736419366i,0.0007083728302899831+0.0005766713601068443i
0.4696866946736071-0.17144795418561976i,-0.0008560835007170103+0.00030646094974215714i
-0.09627948356467356+0.49064214394751593i,0.00017982846922773353-0.0008871079036932885i
-0.37006395361716504-0.3362328446283013i,0.0006630874081981255+0.000610058014271529i
0.47919414668477467-0.14273385556778256i,-0.0008611741332352099+0.0002506799555413923i
-0.12577085914258038+0.48392268921602677i,0.00022996122639661854-0.0008626883531323034i
-0.3490559111951944-0.3579941484227566i,0.0006164460111732317+0.0006401671912451746i
0.4869479536000983-0.11349741301240235i,-0.0008627738992889454+0.00019543531144782517i
-0.15480196753294356+0.4754322844156539i,0.00027783596765317665-0.0008355726605832175i
-0.32677047412429927-0.3784453479928973i,0.0005686736600270823+0.0006669622503113846i
0.4929197398140349-0.08384561935158064i,-0.0008609678026578203+0.00014093757510044082i
-0.18326656733858027+0.4652020007840678i,0.00032331727557455026-0.0008059419557191742i
-0.3032891975397299-0.397511600725511i,0.0005199945418937906+0.0006904214086521409i
0.4970876511520035-0.05388698742420552i,-0.0008558530706639935+0.00008738891526631904i
-0.21106049034059488+0.45326927676874307i,0.0003662831948401559-0.0007739834433164921i
-0.27869801283612794-0.4151231323184208i,0.00047063106042183014+0.0007105374885843901i
0.4994364348472845-0.023731152965531965i,-0.000847538447675895+0.0000349824335199681i
-0.23808202270935247+0.43967778101830757i,0.00040662544464821395-0.0007398894506792247i
-0.25308691319550225-0.43121549212448634i,0.0004208029145388035+0.000727317605865386i
0.49995749535960093+0.00651152661255532i,-0.0008361434531926131-0.00001609845924393866i
-0.26423227723344284+0.4244772525740313i,0.00044424956609253284-0.0007038564732622919i
-0.22654962425080566-0.44572978901331184i,0.00037072620933518996+0.0007407828016593687i
0.49864892583110537+0.03673037608230698i,-0.0008217976085536484-0.00006568060978464592i
-0.2894155552044333+0.4077233188462807i,0.00047907500516256924-0.0006660842228089932i
-0.199183261090343-0.458612906887507i,0.00032061260240092993+0.0007509676209643077i
0.49551551506466235+0.06681480742394234i,-0.0008046396363838995-0.0001136016315847773i
-0.31353969663306985+0.38947729204207227i,0.0005110351323084647-0.0006267746822245873i
-0.17108797285822866-0.4698176990648089i,0.00027066848872430924+0.0007579196404863198i
0.4905687299988847+0.09665472453034048i,-0.0007848166369297696-0.000159710354912317i
-0.3365164175152855+0.3698059447887081i,0.0005400771997830135-0.0005861311712978954i
-0.14236657625150018-0.47930316081470425i,0.00022109422702898865+0.0007616989491232974i
0.4838266737440596+0.12614092611154126i,-0.0007624832454680064-0.0002038672170617718i
-0.3582616329137648+0.34878126577461716i,0.0005661622382323132-0.0005443574272544281i
-0.1131241792551334-0.487034579418144i,0.00017208341018127551+0.0007623775843735649i
0.47531401933253464+0.15516550532459988i,-0.0007378007749750019-0.000245944592248484i
-0.37869576467272675+0.32648019630165187i,0.0005892648942548275-0.0005016567039811755i
-0.08346779649192887-0.49298366120119763i,0.00012382218204871792+0.0007600389281226392i
0.4650619194260079+0.1836222446663201i,-0.0007109363482315592-0.0002858270609151355i
-0.3977440326398229+0.30298434871294505i,0.0006093732108847065-0.0004582308936046595i
-0.05350595759491941-0.49712863507775706i,0.0000764886029343283+0.000754777065380561i
0.45310789231015736+0.21140700468373047i,-0.0006820620235056096-0.000323411618490167i
-0.41533672832939916+0.27837970772676013i,0.0006264883531784911-0.0004142796739309482i
-0.02334831003549287-0.49945433222236724i,0.000030252065447239192+0.0007466961096423791i
0.4394956845938159+0.23841810507978728i,-0.0006513539179056682-0.0003586078239140131i
-0.4314094700256378+0.2527563157693248i,0.0006406242812921165-0.00036999968507060423i
0.006894782139295674-0.49995224158161816i,-0.000014727237594975109+0.000735909498625811i
0.4242751111151594+0.2645566968196232i,-0.0006189913324286396-0.0003913378885178991i
-0.44590343839200486+0.22620794345819575i,0.0006518073736305255-0.00032558373837375624i
0.037112642191769685-0.4986205410209469i,-0.000058298791906771464+0.0007225392642038418i
0.4075018726407776+0.2897271238755904i,-0.0005851558826407283-0.00042153670610222267i
-0.45876559172477827+0.1988317464420427i,0.0006600760028298418-0.00028122006059207237i
0.06719468572299162-0.4954641039928686i,-0.00010032218606209177+0.0007067152803933815i
0.3892373520247744+0.31383727328726896i,-0.0005500306388272037-0.00044915182531424973i
-0.46994886006291897+0.1707279098526711i,0.000665480067495314-0.00023709157596595655i
0.09703082536420132-0.49049448170223087i,-0.0001406674806237654+0.0006885744932875394i
0.3695483895738659+0.3367989122553685i,-0.0005137992793292763-0.0004741433656689358i
-0.479412317443927+0.141999281670437i,0.0006680804827646278-0.00019337522870863295i
0.12651187364934038-0.4837298608337629i,-0.00017921552155818063+0.0006682601368255167i
0.3485070384405439+0.3585280110359065i,-0.0004766452606527398-0.0004964838787892136i
-0.48712133167530003+0.1127509963447795i,0.000667948632895375-0.00015024134812447555i
0.15552994259431566-0.4751949969966137i,-0.00021585819768599684+0.0006459209382840581i
0.326190300939462+0.3789450504530067i,-0.00043875100778574837-0.0005161581566637994i
-0.49304769107349383+0.0830900900472567i,0.0006651657891882214-0.00010785305835903722i
0.18397883852071825-0.46492112412944775i,-0.00025049864218163804+0.0006217103173448643i
0.30267984675201154+0.3979753129049558i,-0.0004002971280026691-0.0005331629889294433i
-0.4971697077065768+0.053125108965096146i,0.0006598224966517976-0.00006636573453262226i
0.21175445067911053-0.4529458401976342i,-0.00028305137839294527+0.0005957855825469278i
0.2780617140503383+0.41554915579855844i,-0.00036146165125791634-0.0005475068713807487i
-0.49947229676275257+0.02296571206873426i,0.0006520179328932051-0.00002592650676097909i
0.23875513224968653-0.43931296960082944i,-0.00031344241050424966+0.0005683071288695152i
0.2524259946345587+0.43160226641113836i,-0.0003224193000894318-0.0005592096680928758i
-0.4999470317542969-0.007277730192951126i,0.0006418592427776675+0.00001332618668516908i
0.26488207232600874-0.42407240279448377i,-0.00034160925981104365+0.0005394376401123421i
0.22586650423543625+0.44607589724750274i,-0.0002833407917573009-0.0005683022297098213i
-0.49859217535488715-0.037494539801115855i,0.000629460852442901+0.00005126299608196876i
0.29003965752051747-0.40727991371218575i,-0.0003675009476118797+0.0005093412996449828i
0.19848043918907063+0.45891708103056056i,-0.0002443921751392301-0.0005748259706044375i
-0.49541268575746966-0.06757413620099738i,0.0006149437662791053+0.00008776400606891361i
0.3141358218684936-0.38899695565700193i,-0.0003910779259505974+0.00047818301298743516i
0.17036802074002316+0.4700788245388253i,-0.00020573420469318979-0.0005788324077531178i
-0.4904201985294027-0.09740644097928661i,0.000598434850492237+0.00012271903008425516i
0.33708238374997834-0.36929043640876297i,-0.00041231195766021876+0.0004461276455601958i
0.14163212827457297+0.47952028058143653i,-0.0001675217535791761-0.0005803826642901876i
-0.4836329840312733-0.12688228070387725i,0.0005800661068592688+0.00015602785317302465i
0.3587953685966553-0.34823247337030416i,-0.0004311859473674965+0.00041333927880493447i
0.11237792282631809+0.48720689748134793i,-0.0001299032678073641-0.0005795469408122131i
-0.4750758805552179-0.15589378645177235i,0.0005599739402575946+0.0001876004231668428i
0.37919531620273045-0.32590012964872217i,-0.00044769372531214724+0.000379980487727194i
0.0827124622319246+0.49311054551963557i,-0.00009302026305164314-0.0005764039575918589i
-0.464780203427435-0.18433478856304747i,0.0005382984235079777+0.0002173569904759987i
0.39820757151518343-0.3023751320374776i,-0.0004618397860186445+0.0003462116427511859i
0.05274430934539173+0.497209619878198i,-0.00005700686553470287-0.0005710403709333721i
-0.45278363040752945-0.21210120517624048i,0.0005151825630126939+0.0002452281969697893i
0.4157625578392209-0.27774357193140586i,-0.00047363898402885115+0.0003121902386054239i
0.022583134744599054+0.49948911970411747i,-0.000021989398156514922-0.0005635501669585046i
-0.4391300638040834-0.23909142312329462i,0.0004907715685960812+0.00027115511465021773i
0.43179603145911855-0.2520955902691603i,-0.00048311618906060665+0.00027807025277601236i
-0.0076606846159405495+0.4999407030063432i,0.00001191398719791668-0.0005540340361508651i
-0.42386946981104945-0.26520666979014346i,0.00046521213086687593+0.00029508923504550276i
0.44624931674264917-0.22552504765606385i,-0.0004903059031002928+0.00024400153587476593i
-0.03787646933736308+0.49856271718379885i,0.00004459363047144674-0.0005425987320103458i
-0.4070576956529234-0.29035137458208726i,0.0004386517093194666+0.000316992410462933i
0.45906952086871305-0.1981291808745763i,-0.0004952518420660383+0.0002101292360718093i
-0.06795364261555165+0.49536020507319334i,0.00007594863690314954-0.0005293564171762121i
-0.3887562652078735-0.3144335186711531i,0.000411237834275019+0.0003368367484442582i
0.4702097273923646-0.17000824703940237i,-0.0004980064847913708+0.00017659325953815812i
-0.09778213490478238+0.49034488649440194i,0.00010588710291937666-0.0005144240003687024i
-0.3690321538567489-0.33736497174551183i,0.00038311742563615814+0.0003546044609603482i
0.47962916793886323-0.14126515669948014i,-0.0004986305921783677+0.00014352776863459812i
-0.12725278672502274+0.4835351153609566i,0.00013432629444429782-0.0004979224674741288i
-0.3479575433819311-0.35906181452859676i,0.00035443613128835515+0.0003702876700644654i
0.48729337139843-0.11200509722953886i,-0.0004971926994516109+0.00011106071936925749i
-0.15625774813877913+0.4749558125125986i,0.00016119277785190216-0.00047997621005895375i
-0.32560955781298956-0.37944464588763915i,0.00032533768783093124+0.00038388817189476896i
0.49317429007571373-0.0823351478894516i,-0.0004937685845129818+0.00007931343942950729i
-0.18469087343558152+0.46463837451570117i,0.00018642250400116456-0.0004607123545433706i
-0.30206998118583295-0.39843887340773665i,0.0002959633061602385+0.00039541716107558615i
0.49725040233231893-0.0523638879601005i,-0.0004884407154487822+0.00004840024787455916i
-0.212448109579728+0.45262055876531093i,0.00020996084600994396-0.0004402600951959792i
-0.2774249582482375-0.4159749863680786i,0.00026645108425754247+0.0004048949177130922i
0.4995067913467658-0.02220099938980819i,-0.00048129768027783823+0.00001842811735513848i
-0.23942787699973858+0.4389463453092868i,0.0002317625916296566-0.00041875003402844506i
-0.2517646792070426-0.43198881012135226i,0.00023693544935708287+0.0004123504593144499i
0.49993519970365574+0.008043134594519694i,-0.0004724336020505-0.000010503620493786212i
-0.2655314413259907+0.42366577590020027i,0.00025179189128147827-0.00039631353057301795i
-0.22518304967070008-0.44642174094540843i,0.00020754663148503282+0.0004178211600786784i
0.4985340596122656+0.03825783344263091i,-0.0004619475424148473-0.00003830352606017604i
-0.29066327471613745+0.40683477086399755i,0.00027002216300457866-0.00037308206441764163i
-0.19777734699505045-0.45922096050773387i,0.0001784101701693371+0.00042135234011323933i
0.49530849864399074+0.06833252432423893i,-0.0004499428967568995-0.00006488825895215229i
-0.3147314054460118+0.3885149244556065i,0.00028643595574731585-0.0003491866132532044i
-0.16964786428994985-0.47033962915787964i,0.0001496464559249296+0.0004229968272216398i
0.49027032096763384+0.09815714677812604i,-0.0004365267839989338-0.00009018274138941454i
-0.33764775448666584+0.3687732794503987i,0.00030102477260219955-0.00032475704905665686i
-0.1408975433895312-0.4797370573404793i,0.00012137030791912942+0.0004228144939844888i
0.4834379641512134+0.12762255548619636i,-0.0004218094341015366-0.0001141202780028835i
-0.3593284578358134+0.34768208179640453i,0.0003137888557450417-0.00029992155489264505i
-0.11163159812927215-0.4873788545015577i,0.00009369058901924383+0.0004208717729188519i
0.4748364316883768+0.15662091969849629i,-0.00040590357626358155-0.00013664263246179184i
-0.3796941734240875+0.3253185162251504i,0.000324736934985876-0.0002748060646658676i
-0.08195712930851226-0.4932370549432005i,0.00006670985921999241+0.00041724115254863865i
0.46449720149634627+0.18504611784748198i,-0.00038892383074883117-0.00015770006154622977i
-0.39867037147296097+0.30176442378866675i,0.00033388594197579605-0.0002495337279979355i
-0.05198273274749304-0.49729022016600444i,0.00004052406824259609+0.0004120006572525708i
0.4524581107202494+0.21279412590741045i,-0.00037098610719026737-0.00017725130747603364i
-0.4161876072417502+0.2771060023563623i,0.00034126069223655055-0.00022422440223595155i
-0.021818101873262913-0.49952351732478506i,0.000015222287892045394+0.00040523331377472394i
0.43876321726540846+0.2397633980776292i,-0.00035220701213244343-0.0001952635494913203i
-0.43218177516556133+0.2514334911678161i,0.00034689353729105743-0.00019899417342768047i
0.008426373711187651-0.4999287735104243i,-0.000009113515445497105+0.00039702660728786185i
0.42346263856431543+0.26585523839662567i,-0.00033270326847058187-0.00021171231585683377i
-0.4465943434541455+0.2248408405958901i,0.0003508239892700139-0.00017395490791950125i
0.03864001220549665-0.4985045056592099i,-0.00003240866798559402+0.0003874719298901974i
0.40661236816833735+0.29097416192688774i,-0.0003125911493322062-0.00022658135762984144i
-0.45937256829312995+0.19742536832868493i,0.00035309832045445305-0.00014921383605070643i
0.06871224465981768-0.4952559259802124i,-0.00005459593542875056+0.0003766640243931607i
0.3882740708353507+0.31502824418879516i,-0.0002919859288237878-0.00023986248568912548i
-0.470469686863743+0.16928740322856883i,0.0003537691402844963-0.00012487316923067028i
0.09853301960972141-0.4901949228808363i,-0.00007561562975959766+0.00036470042622136736i
0.3685148568631926+0.3379294575647632i,-0.00027100135193277306-0.00025155537267045107i
-0.47984508847466006+0.14052991817160015i,0.00035289495242194255-0.00010102975149630497i
0.12799320581732515-0.48334001746035216i,-0.00009541567636837299+0.00035168090619621257i
0.34740703649477206+0.3595939934425427i,-0.0002497491257339625-0.00026166732159076084i
-0.4874644631797056+0.11125815321099458i,0.0003505396944975362-0.00007777474645595655i
0.1569849916447863-0.47471629573062113i,-0.00011395164208674524+0.00033770691691277895i
0.3250278552936161+0.379942568918773i,-0.0002283384339003796-0.0002702130030689287i
-0.4932999273375302+0.08157923044369739i,0.0003467722632038586-0.00005519336033394475i
0.18540227959862549-0.46435531681205855i,-0.00013118672490864314+0.0003228810453453567i
0.3014592114582588+0.3989007169403809i,-0.00020687547636298029-0.00027721416316503066i
-0.49733012565377216+0.051601761989483116i,0.0003416660274107623-0.000033364601638182797i
0.21314107460101936-0.4522949974407976i,-0.0001470917063385566+0.0003073064742315778i
0.27678735610998356+0.416399058822036i,-0.00018546303580164173-0.0002826993039619323i
-0.49954030933226795+0.021435452517210588i,0.00033529833198359495-0.000012361077782613814i
0.24009986456715213-0.438579473209708i,-0.00016164486747393344+0.00029108645468855983i
0.25110257765073646+0.43237355814236267i,-0.00016420007248270016-0.00028670333910267977i
-0.4999223900493177-0.008809302227181421i,0.00032774999497369264+0.000007751171192689179i
0.2661799918958793-0.4232589370510681i,-0.00017483187008347022+0.000274323792408081i
0.22449887134632532+0.4467657550897592i,-0.00014318134878710804-0.00028926722657427774i
-0.49847496955347764-0.039021819421725154i,0.0003191048008279194+0.000026912801846561784i
0.29128601451420616-0.40638945555197464i,-0.0001866456040895161+0.000257120349661562i
0.1970735953440867+0.4595229804002188i,-0.00012249708459857817-0.00029043758109282213i
-0.4952033447825612-0.06909153422004982i,0.00030944899222802363+0.00004507125973203758i
0.31532605515431344-0.3880327637746964i,-0.00019708600299931666+0.00023957656522088263i
0.16892711438385177+0.4705985481042314i,-0.0001022326445438205-0.00029026626849663705i
-0.4901194884791185-0.098908404371267i,0.0002988707631229263+0.00006218083536459354i
0.3382121375849257-0.3682560393328421i,-0.00020615982895642255+0.00022179099416823458i
0.14016243250607172+0.47995192637739514i,-0.00008246825789855306-0.0002888099845927969i
-0.4832420053753391-0.12836331292738107i,0.00028745975545718607+0.0000782026843382209i
0.3598605085665599-0.3471316565501247i,-0.0002138804291991711+0.00020385986942815819i
0.11088481610123804+0.48754888586949874i,-0.00006327877179338945-0.00028612982092840873i
-0.47459606410771515-0.15734846756448867i,0.00027530656202847406+0.00009310481233040308i
0.38019194435243786-0.32473692160139944i,-0.00022026746581799533+0.00018587668670828772i
0.08120140868007039+0.4933616249692524i,-0.00004473343817496111-0.00028229081997137745i
-0.4642133051106346-0.18575779505642176i,0.0002625022378249291+0.00010686202589649137i
0.3991320406133971-0.3011537896052407i,-0.00022534662079696488+0.00016793181438370968i
0.051220838774251376+0.49736887154625303i,-0.000026895734799449073-0.0002773615221860869i
-0.4521317248259703-0.21348732945723067i,0.0002491378221020353+0.0001194558501057745i
0.41661148472580334-0.2764685647033829i,-0.00022914927840639513+0.0001501121297025041i
0.021052822402622157+0.4995559607978529i,-0.000009823220359954937-0.0002714135074778216i
-0.4383955366524101-0.24043559257192693i,0.0002353038733573737+0.00013087441421534297i
0.43256630942600616-0.25077158422460005i,-0.00023171218708379805+0.00013250068253003433i
-0.009192238442359307+0.4999148889160426i,0.000006432576323977937-0.0002645209334562082i
-0.42305500914339367-0.26650396532312426i,0.00022109001925170322+0.00014111230671306528i
0.44693812690306955-0.22415688808885487i,-0.00023307710299834932+0.00011517638768530364i
-0.03940365981852903+0.4984443423779541i,0.00002182623329595817-0.0002567600729324119i
-0.4061662820457803-0.29159704865453745i,0.00020658452340700575+0.00015017040118686762i
0.4596743424731019-0.1967218746615499i,-0.0002332904175400833+0.00009821374675737867i
-0.0694708808897406+0.4951497027527896i,0.00003631847903778486-0.00024820885301823307i
-0.38779116085246934-0.3156230126505836i,0.00019187387088644346+0.00015805565459396184i
0.47072834705322597-0.16856694431731276i,-0.00023240277100917693+0.00008168260012236284i
-0.09928386853107712+0.49004302700758906i,0.00004987620319600067-0.00023894639813734576i
-0.3679968906208224-0.33849393259446314i,0.0001770423740292305+0.00016478087960970398i
0.48005968773081886-0.13979513201771399i,-0.00023046865480254002+0.00006564790971414476i
-0.1287335200028627+0.4831430033839046i,0.00006247243518051228-0.00022905257919100553i
-0.34685590988461334-0.36012611073488754i,0.00016217180017553904+0.0001703644928319041i
0.4876342158038112-0.11051173024752851i,-0.00022754600440509496+0.00005016957293473295i
-0.15771206221986608+0.4744748830068576i,0.00007408629150300086-0.00021860757104218265i
-0.3244455855600833-0.3804403825839273i,0.00014734102267336104+0.00017483024070141247i
0.4934242117502796-0.08082390368943038i,-0.00022369578549151845+0.00003530226792417883i
-0.18611344615453893+0.46407038747685747i,0.00008470289286359419-0.00020769142039479471i
-0.3008479298162319-0.3993624066250625i,0.00013262569641198744+0.0001782069050740248i
0.4974084866700018-0.050840297047247004i,-0.00021898157543073687+0.000021095330245997507i
-0.2138337349309423+0.4519675927821589i,0.00009431325212694746-0.00019638362604824765i
-0.27614929994547666-0.41682293637122747i,0.0001180979589758483+0.00018052799044188195i
0.49957245982673637-0.02067063745297115i,-0.0002134691424613198+0.0000075926608829149586i
-0.24077148418910477+0.4382107899570861i,0.00010291413445331427-0.00018476273340309663i
-0.25044008233302467-0.4327580737772344i,0.00010382615835903665+0.00018183139485436652i
0.4999082120074606+0.009574667087449874i,-0.0002072260247700556-0.000005167334719866515i
-0.2668281133278428+0.42285032299585534i,0.00011050789096606398-0.0001729059449817208i
-0.22381436168149563-0.4471095030791946i,0.00008987460802525102+0.00018215906662902458i
0.49841451450329+0.0397849317400309i,-0.0002003211116601659-0.000017151776980062123i
-0.2919082662674523+0.4059424046151634i,0.00011710226744371408-0.00016088874860892066i
-0.19636957670128846-0.45982470420518706i,0.00007630336994165479+0.00018155664897213534i
0.49509683360602763+0.06984959990173782i,-0.00019282422893903797-0.00002833331243683757i
-0.3159201604120355+0.38754891053976953i,0.00012271018962169286-0.00014878456477269026i
-0.16820616352672105-0.47085714497618114i,0.00006316806605820082+0.00018007311464661487i
0.4899673106038802+0.09965864779020646i,-0.00018480573058964785-0.000038690084649725195i
-0.33877592253441025+0.3677371530638985i,0.00012734952677626358-0.00013666441455496806i
-0.13942718816288197-0.48016645139384045i,0.000050519718547994666+0.0001777603928315058i
0.48304471734955484+0.12910298708356582i,-0.0001763360987141388-0.00004820567658165781i
-0.36039191035440954+0.3465796347171325i,0.00013104283534014173-0.0001245966093872727i
-0.11013796930828718-0.48771855539203024i,0.00003840461896913814+0.0001746729903130297i
0.4743543875633345+0.15807486413687794i,-0.00016748555365429877-0.00005686902543944435i
-0.38068901863372817+0.3241537829362702i,0.00013381708436631534-0.0001126464637474002i
-0.08044569293364312-0.4934858195113174i,0.000026864226355910485+0.00017086760913212636i
0.4639281241225346+0.18646825431423283i,-0.00015832367610137655-0.00006467431106733534i
-0.3995929686671449+0.3005416667141373i,0.00013570336471258065-0.00010087603177138427i
-0.05045902002719599-0.4974471380402107i,0.000015935094096942578+0.00016640276278757988i
0.451804082676621+0.21417924999341242i,-0.00014891904290796642-0.00007162081910369374i
-0.41703458011070543+0.27582969626229525i,0.00013673658386520958-0.0000893438686107024i
-0.020287688942149384-0.4995880142530068i,0.000005648825311591078+0.00016133839305795662i
0.4380266320139083+0.241106440823193i,-0.00013933887820809858-0.00007771278021691444i
-0.4329500241520901+0.25010830678675294i,0.00013695514835510947-0.00007810481721881845i
0.009957886198610016-0.4999006134615851i,-0.000003967943706654776+0.0001557354894597012i
0.42264619169083717+0.26715128484170736i,-0.00012964872133873332-0.00008295918683411105i
-0.4472810570966729+0.22347162753392472i,0.00013640063574412166-0.00006720982110460727i
0.04016701957081595-0.49838379168700275i,-0.00001289353254829664+0.00014965571330340018i
0.40571904751803683+0.2922184690977337i,-0.00011991211293740594-0.00008737358886441157i
-0.45997523351444725+0.19601713731798756i,0.0001351174581729059-0.000056705763443352746i
0.07022915871143523-0.4950430998459677i,-0.000021111178948238675+0.00014316102824569573i
0.3873071455784142+0.31621625845519i,-0.0001101903004674066-0.00009097386999775104i
-0.47098609816779097+0.1678453077902562i,0.00013315251946509774-0.00004663533279013656i
0.10003428909323547-0.4898907634368651i,-0.000028608975075114365+0.00013631333916147795i
0.36747786553107686+0.3390568313043619i,-0.00010054196429428982-0.00009378200622935017i
-0.48027335601769844+0.13905923575606008i,0.00013055486777524441-0.00003703691549568653i
0.1294733367307387-0.4829456377996808i,-0.00003537977879566054+0.00012917414107970718i
0.3463037740306981+0.3606566009513028i,-0.00009102296530652765-0.00009582380831975413i
-0.4878030196863302+0.10976426588468291i,0.0001273753457508613-0.000027944514782392426i
0.15843856734419604-0.47423313911354836i,-0.00004142110097257747+0.00012180417983777084i
0.32386235916470624+0.3809365215092607i,-0.00008168611493931215-0.00009712864994990547i
-0.493547533836228+0.08006760519308415i,0.00012366624015178258-0.00001938769629846735i
0.18682398062081518-0.4637851513844424i,-0.00004673496995916944+0.00011426312601352625i
0.3002357468801389+0.3998223771726982i,-0.0000725809683248369-0.00009772918337044268i
-0.497485876011025+0.05007793071422839i,0.00011948093283323026-0.000011391559832076059i
0.21452569813041136-0.4516399097634004i,-0.00005132777455096424+0.00010660926359240507i
0.275510400437925+0.4172450538152893i,-0.00006375364115516452-0.0000976610443739231i
-0.4996036335686133+0.01990499178578639i,0.00011487355495316834-0.000003976736735222456i
0.24144234347587934-0.4378418606222796i,-0.000055210086743028947+0.00009889919471923656i
0.24977680399445715+0.43314079191795934i,-0.00005524665070633156-0.00009696254843826346i
-0.49989305642522763-0.010340791585338708i,0.00010989864620964407+0.0000028405875201523016i
0.26747541328729874-0.42244149889911087i,-0.00005839646572168448+0.00009118756177168893i
0.22312913146841376+0.4474514199013607i,-0.000047098781334717116-0.00009567437989922646i
-0.49835308541742723-0.04054873281284689i,0.0001046108208505823+0.000009048626353396299i
0.292529637701992-0.40549518330829804i,-0.000060905244590406265+0.00008352678787511493i
0.19566490190463323+0.46012456700888743i,-0.0000393449746202149-0.00009383927600948707i
-0.49498935617817785-0.07060828379644292i,0.00009906444212742136+0.00001463992146940831i
0.3165133290113349-0.3870649300919101i,-0.00006275830139157581+0.00007596683685769861i
0.16748462259626382+0.47111385496116737i,-0.00003201624419551197-0.00009150170773177846i
-0.4898141785128555-0.10040943948043801i,0.00009331330678516551+0.00001961124956145129i
0.33933871719841824-0.36721818606685147i,-0.000063980816038512+0.00006855499352078605i
0.1386914212712054+0.48037906768066063i,-0.00002513961516804217-0.00008870755909408973i
-0.48284649135064034-0.12984314042504264i,0.00008741034109600315+0.000023963507351000713i
0.36092227113864217-0.34602758179845894i,-0.00006460101481531499+0.0000613356649729788i
0.10939066868888664+0.48788629846524345i,-0.00001873808791105373-0.00008550380690615963i
-0.4741117934361649-0.1588016719171093i,0.00008140730985151622+0.00002770157608892874i
0.3811850042877813-0.32357066580380456i,-0.00006464990413600555+0.00005435020364854493i
0.07968959302850726+0.49360807407218604i,-0.000012830625873795265-0.00008193820259877397i
-0.4636420500150518-0.1871790581597546i,0.00007535453963080484+0.000030834166730405764i
0.40005276373883814-0.29992962075740426i,-0.00006416099527854977+0.00004763675250167458i
0.04969688747992276+0.4975234552584299i,-0.000007432166938286368-0.0000780589579010633i
-0.45147557585483483-0.21487145009829317i,0.00006930065755878462+0.00003337364707615426i
0.4174565015898578-0.27519096273790095i,-0.00006317002182429065+0.00004123011273874564i
0.01952231247321809+0.49961811340923024i,-0.0000025536577324122926-0.00007391443601644262i
-0.4376568950293514-0.24177750546320753i,0.00006329234666136769+0.000035335852244632185i
0.4333325276296144-0.24944522461634722i,-0.0000617146515386209+0.000035161634321827646i
-0.010723705997359168+0.49988438297473736i,0.000001797889803571081-0.00006955284989545246i
-0.4222365779797429-0.26779875963936106i,0.00005737411881257448+0.00003673987990319653i
0.44762274241645084-0.22278662474475214i,-0.000059834194424869064+0.000029459129348674848i
-0.040930480485146026+0.4983212895226188i,0.0000056193204069153-0.00006502196913404176i
-0.4052710564483433-0.29283998600423067i,0.00005158810615382774+0.00003760787174112485i
0.4602748498972992-0.1953127221573492i,-0.00005756930867040397+0.00002414680828819025i
-0.07098746715961374+0.4949345533040632i,0.000008911236949238023-0.00006036883694917055i
-0.38682241696272135-0.31680954441647535i,0.0000459738717480526+0.00003796478271336828i
0.47124254878879185-0.1671240595464017i,-0.000054961706182005184+0.000019245238926357577i
-0.10078467034934444+0.48973656832011647i,0.000011677882365093345-0.00005563949860059049i
-0.366958173625636-0.33961971657952406i,0.00004056824011162506+0.00003783813962093338i
0.48048570202008517-0.1383237953190992i,-0.00005205385937705977+0.000014771327756597663i
-0.13021304507898113+0.4827463569649565i,0.000013927003144203899-0.000050878742538795184i
-0.3457510210423958-0.3611870270528945i,0.000035405148146265916+0.000037257790621911634i
0.4879704836173154-0.10901732608206083i,-0.00004888871085816979+0.000010738323430927949i
-0.15916489612703758+0.47398950041209514i,0.000015669695559188824-0.000046129855464932906i
-0.3232785682898028-0.3814325487364789i,0.00003051551687131391+0.00003625564728626073i
0.49366950249214353-0.07931190093498947i,-0.00004550938755190004+0.000007155841774804285i
-0.18753427214418822+0.4634980449982621i,0.00001692023587286899-0.00004143439238960252i
-0.29962305490023916-0.4002821917098568i,0.00002592714423507416+0.00003486542081757037i
0.4975619026813836-0.04931622898499509i,-0.00004195892083774564+0.000004029911759646231i
-0.2152173533897348+0.4513103849475651i,0.000017695895833594252-0.000036831962674392615i
-0.274871049900274-0.41766697436960587i,0.00002166461916279343+0.00003312235406635877i
0.49963343967087703-0.019140081517918787i,-0.000038279974131598686+0.0000013630417231916374i
-0.2421128316673008+0.43747112186510884i,0.000018016744823314236-0.00003236003293346469i
-0.2491131350051801-0.4335232758723658i,0.000017749256878851553+0.00003106295095197523i
0.4998765325243018+0.0111061097174621i,-0.00003451457931933925-0.0000008456949703898586i
-0.2681222810693496+0.42203090151426154i,0.000017905440071105254-0.000028053747563013615i
-0.22244357312873195-0.4477930689598191i,0.000014199055422632823+0.000028724704894188878i
0.49829029162614435+0.041311656642239125i,-0.00003070388336118115-0.0000026005557309801627i
-0.2931505181737648+0.4050462284748979i,0.00001738700638443422-0.000023945767554638248i
-0.19495996342139627-0.4604241323135535i,0.000011028673161807833+0.000026145827831162067i
0.49488052193731136+0.07136601991823743i,-0.000026887906306523063-0.000003909006989800799i
-0.3171059503743243+0.38657925936088616i,0.000016488606881571298-0.00002006612813522759i
-0.16676288409932868-0.47137024166267416i,0.00000824942699399597+0.000023364981368071095i
0.48965970175146445+0.10115921347455181i,-0.00002310531187286893-0.000004781585958870628i
-0.339900911070329+0.3666975753535585i,0.00001523930623113303-0.00001644211566143646i
-0.13795552437126948-0.4805913389447978i,0.000005869310818575424+0.000020421011560363747i
0.4826469370298205+0.13058220700936257i,-0.000019393191651363757-0.0000052317470400410275i
-0.3614519804887375+0.3454739348835917i,0.000013669827918805476-0.000013098164081925988i
-0.10864330681032547-0.48805367890136775i,0.000003893033755248452+0.000017352688787924113i
0.47386789148153285+0.15952732499404698i,-0.000015786863906206993-0.000005275694085761285i
-0.3816802909647327+0.3229860073663766i,0.000011812307066921523-0.000010055771165771265i
-0.07893350155259782-0.49372995257081875i,0.0000023220774853464997+0.000014198454121559784i
0.4633546926455317+0.18788864071940192i,-0.000012319687836240568-0.000004932199770889816i
-0.40051181556352744+0.2993160889652925i,0.000009700040329795539-0.000007333434581496325i
-0.04893483373452165-0.4975993872276549i,0.0000011547719962851903+0.000010996173521680504i
0.4511458143175181+0.21556236394193784i,-0.000009022894064950739-0.000004222413384258751i
-0.41787763898717456+0.27455080142306865i,0.000007367234376746554-0.000004946607798614189i
-0.018757085605529522-0.4996478224017098i,0.00000038638891943312633+0.000007782901141183668i
0.43728593575238517+0.24244722071162594i,-0.00000592543202048428-0.0000031696583901853536i
-0.43371420977498076+0.24878077506338186i,0.00000484875445569937-0.0000029076756729400206i
0.011489305227865593-0.49986776169939107i,0.000000009251567376234865+0.000004594652930875693i
0.42182577815732036+0.2684448239910901i,-0.0000030538347607827023-0.000001799221143604269i
-0.4479635728745773+0.22210031712276887i,0.000002179874503389954-0.000001225949468841969i
0.04169364995631225-0.4982584002372621i,0.000000012860698488275186+0.0000014661916667166065i
0.40482191907395493+0.29346003370993845i,-0.00000043210169103603353-0.00000013813216786451847i
-0.4605735817325394+0.19460706662661484i,-0.0000006039697662474819+0.00000009231903343135368i
0.07174541364115816-0.4948256275875713i,0.0000003840349651916136-0.0000015691755657485234i
0.38633658532884435+0.3174013049365889i,0.000001918400487943519+0.0000017850585784569035i
-0.47149808912839064+0.16640163707222494i,-0.0000034674234056549197+0.000001043904798682318i
0.10153461972488612-0.48958200622494413i,0.0000011070649375893263-0.000004479786482655112i
0.36643742530998896+0.3401810228934294i,0.0000039790183706023606+0.000003940511010172337i
-0.4806971160536254+0.13758724822660606i,-0.000006375449068030833+0.000001628558716675447i
0.13095225249811465-0.4825467255531189i,0.000002163879536542198-0.000007235798453751536i
0.34519726140276696+0.36171582358930193i,0.000005733873855298411+0.000006297327362774747i
-0.4881369980177213+0.10826934838641847i,-0.000009293556846636222+0.0000018489393446218403i
0.15989065605030772-0.47374553167996314i,0.0000035342236599214883-0.000009809348335302941i
0.3226938234912584+0.38192689889593157i,0.000007169907556576149+0.000008823786348347687i
-0.493790508245727+0.0785552284824666i,-0.000012188025894657838+0.000001710527943732827i
0.18824392824420352-0.4632106331977705i,0.000005195845742902184-0.000012174696622328579i
0.299009464500229+0.40074028495185454i,0.000008276903712691723+0.000011487577604508809i
-0.4976369573165724+0.04855362944093911i,-0.000015026116668555659+0.0000012215276238769356i
0.2159083082721852-0.4509805833136342i,0.000007124693957864866-0.000014308355358743676i
0.27423085901876965+0.4180871328384054i,0.000009047496783676104+0.000014256035042839297i
-0.4996622688774718+0.018374344238288452i,-0.0000177762727104653+0.00000039274748717962266i
0.24278255637630652-0.4371001387612564i,0.000009295119731844924-0.000016189199345755252i
0.24844868610849866+0.43390396053721275i,0.000009477160036256283+0.000017096367732637415i
-0.49985903115733166-0.011872183893942526i,-0.000020408310962795988-0.0000007625272678531186i
0.2687683243423542-0.4216200960105112i,0.000011680087239563446-0.00001779856029166685i
0.22175729745711517+0.4481328852471407i,0.000009564176509822614+0.00001997588699233255i
-0.49822652409065404-0.04207526564394773i,-0.00002289359969008242-0.00000222867825574382i
0.2937705154121039-0.4045971053741655i,0.000014251387517858392-0.000019120303649491663i
0.1942543720917144+0.46072183521049825i,0.000009309592851906364+0.000022862228404177132i
-0.49477072195266664-0.07212437069503375i,-0.000025205223169046035-0.000003987908743283023i
0.31769763229664183-0.3860934636920479i,0.00001697985584281602-0.00002014088799189968i
0.16604055891547093+0.471624740273326i,0.000008717156601768421+0.00002572356751759336i
-0.48950427149603815-0.10190953221914195i,-0.00002731813239705649-0.0000060204092840129505i
0.3404621120171738-0.3661768863513507i,0.000019835591013973783-0.00002084940687549103i
0.13721910837584944+0.4808017004823855i,0.000007793237586363704+0.00002852882806246202i
-0.4824464456691929-0.13132174930824322i,-0.000029209281161294687-0.000008304532969503199i
0.3619806463479462-0.3449202594773752i,0.000022788175200522427-0.000021237613247621626i
0.10789549461227937+0.4882191321018653i,0.000006546734173660591+0.0000312478815552398i
-0.4736230730855907-0.16025338587088125i,-0.0000308577469053955-0.00001081697908227207i
0.38217448668859977-0.3224013732015939i,0.00002580689302228933-0.00002129992654851643i
0.07817702946607283+0.4938498905154398i,0.000004988965203710215+0.000033851737247781275i
-0.4630664435020859-0.18859856453407137i,-0.000032244835926564065-0.000013532983905823564i
0.4009697322502486-0.29870263698315574i,0.000028860948563333178-0.00002103342275863069i
0.04817246976514+0.4976733695639153i,0.0000031335484876726987+0.000036312721440586335i
-0.45081518965227646-0.21625355410904623i,-0.00003335417253364449-0.000016426517425191945i
0.41829760050065135-0.2739107780256334i,0.000031919679047856394-0.000020437807735702784i
0.017991619320675917+0.4996755769549296i,0.0000009962668288226859+0.00003860464525849807i
-0.4369141458672786-0.2431171492028868i,-0.000034171771894815415-0.000019470484636728557i
0.4340946788787594-0.24811652389267985i,0.000034952763946731436-0.000019515374277177236i
-0.012255072907663062+0.49984918546873547i,-0.0000014050774227767516+0.00004070296006718827i
-0.42141418400131697-0.26909104058682565i,-0.00003468609640191603-0.000022636930178520022i
0.4483031568574741-0.22141427048408385i,0.00003793042832784126-0.00001827094343122222i
-0.042456917007549694+0.49819355977268176i,-0.000004050818219070477+0.00004258489979250323i
-0.40437202726257154-0.29408017496583205i,-0.00003488809547636506-0.000025897244992830022i
0.46087103750536607-0.1939017365872892i,0.00004082363931435161-0.000016711790662993976i
-0.07250338719155869+0.4947147587462568i,-0.000006919590958870081+0.000044229609491555546i
-0.3858500426305795-0.3179931028328763i,-0.0000347712288387061-0.000029222373739148817i
0.4717523277731272-0.16567960626857164i,0.000043604294571686045-0.000014847557561697475i
-0.10228452627411402+0.4894255133081912i,-0.000009988505783619397+0.000045618259613644916i
-0.3659160126198576-0.3407423131348785i,-0.000034331473359418645-0.00003258302169070559i
0.4809072068083929-0.13685116041256773i,0.00004624540180584625-0.000012690149848001883i
-0.13169134806759658+0.4823451798267578i,-0.000013233327848110954+0.00004673414548036802i
-0.3446428872249892-0.36224455352560386i,-0.00003356731370236819-0.00003594985986855197i
0.4883021716829709-0.10752189875856283i,0.000048721248322549674-0.000010253622510120132i
-0.1606162362250163+0.47349966928377224i,-0.000016628663366386098+0.000047562771606867243i
-0.32210851695495235-0.38242113503352065i,-0.000032479717063524876-0.00003929372719519834i
0.4939101599991798-0.07779915381672356i,0.000051007559767925224-0.000007554052960078824i
-0.18895333806965536+0.46292135245151955i,-0.00002014815021630859+0.000048091920579801466i
-0.2983953679336694-0.40119822002966354i,-0.00003107209239599427-0.00004258582848426435i
0.49771064892660977-0.047791698077175766i,0.00005308164724680346-0.0000046094031590614704i
-0.21659895197043588+0.45064894142962014i,-0.00002376465187662+0.00004831170630156373i
-0.27359022010938616-0.41850709244166706i,-0.000029350234597471927-0.000045797927123203935i
0.49968973030687475-0.017609345949373006i,0.00005492254209351806-0.000001439371712022138i
-0.2434519068453827+0.4367273479753599i,-0.00002745045346765287+0.00004821461150414366i
-0.24778384967730427-0.4342844092250981i,-0.0000273222542175391-0.000048902531352784946i
0.4998401615515016+0.012637448111512267i,0.00005651111765211409+0.000001934763023249401i
-0.26941393240436284+0.4212075191459335i,-0.00003117745867117307+0.00004779550952922774i
-0.2210706968776674-0.44847243217181365i,-0.000024998493319323915-0.000051873073099147926i
0.49816139214669714+0.04283799382048892i,0.00005783019750739282+0.000005490307728884368i
-0.2943900187761721+0.4041462508540807i,-0.00003491738631602842+0.00004705167046325042i
-0.19354852038501305-0.46101923920702237i,-0.00002239142820270911-0.000054684078371736056i
0.49465956566799124+0.07288177014168545i,0.00005886464969497667+0.000009203325705817673i
-0.31828876420388785+0.38560598001942115i,-0.00003864196543417354+0.00004598275180651597i
-0.16531803955337906-0.4718789144017944i,-0.000019515559763938654-0.000057311328302688014i
0.48934749729738763+0.10265882974790755i,0.00005960146650683289+0.000013048814097904689i
-0.34102270953607067+0.36565455607612496i,-0.000042323127616120235+0.000044590773943900414i
-0.1364825658266956-0.4810117160056556i,-0.00001638729232898335-0.000059732009970080435i
0.4822446269252972+0.1320602013806686i,0.00006002982959814841+0.000017000885601870754i
-0.3625086582897244+0.3443649926731035i,-0.00004593319552561539+0.00004288008077036235i
-0.1071476246632383-0.48838422188433733i,-0.000013024801855096837-0.00006192485621831398i
0.473376948008883+0.16097828863822763i,0.0000601411601914533+0.00002103295349201443i
-0.3826679811137166+0.32181520047539i,-0.000049445066470318316+0.000040857285907306434i
-0.07742056935774114-0.49396945183044416i,-0.000009447894446201048-0.0000638702737633611i
0.4627769124471625+0.18930726373224177i,0.00005992915426406207+0.000025117918783690073i
-0.40142690353845845+0.2980877020445435i,-0.00005283238996791132+0.00003853120502510551i
-0.047410188174410645-0.4977469662994337i,-0.0000056778561731247566-0.00006555045894835211i
0.4504833118209849+0.2169434547720524i,0.00005938980269460275+0.000029228358361427534i
-0.41871677595880047+0.2732693298414899i,-0.00005606973829541101+0.00003591277486262785i
-0.017226306228569188-0.49970294120957715i,-0.0000017372952288261188-0.00006694950059531937i
0.43654113543249345+0.2437857251593113i,0.000058521396433307464+0.00003333671290602497i
-0.4344743248621246+0.24745090845698198i,-0.00005913276906288231+0.00003301495960581977i
0.013020616426132753-0.4998302185321658i,0.0000023500225183651865-0.00006805346948158472i
0.4210014056635887+0.26973584370452486i,0.00005732451684819265+0.00003741547346998677i
-0.4486418843822455+0.22072692223257728i,-0.0000619983789111236+0.00002985264535416042i
0.043219889034106646-0.49812833248682375i,0.000006559343484014298-0.00006885049405369805i
0.4039209912559076+0.2946988441110494i,0.00005580201148497905+0.000041437365572090906i
-0.46116760733173023+0.19319516948849808i,-0.00006464484749573379+0.000026442523465580847i
0.07326099521848387-0.49460351124606394i,0.000010865100729966254-0.00006933082207751262i
0.3853623991956366+0.3185833725109787i,0.00005395895556191424+0.00004537552970948389i
-0.47200565494035407+0.16495640462375288i,-0.00006705197098684207+0.00002280296362710377i
0.1030339974236249-0.48926865414285037i,0.00001524109160697886-0.00006948686800947749i
0.3653935459647684+0.3413020217810936i,0.00005180259960137062+0.00004920369721929286i
-0.4811163646053262+0.13611396939827736i,-0.00006920118438446691+0.000018953877549660617i
0.13242993923938992-0.4821432844645751i,0.000019660657547957637-0.00006931324596105113i
0.34408750899592694+0.3627716514154202i,0.00004934230367755811+0.00005289636046111385i
-0.48846639503939276+0.10677341474644542i,-0.00007107567202328171+0.000014916574231080708i
0.1613412441348376-0.47325347800620543i,0.000024096864881751826-0.00006880678821472444i
0.3215222592403261+0.3829136917837992i,0.00004658945883369255+0.00005642893633653243i
-0.4940288482856397+0.07704211450594903i,-0.00007266046571724652+0.00001071360777092739i
0.18966210914215972-0.46263176764406594i,0.000028522685543619402-0.00006796654933615773i
0.2977803758275527+0.40165443166301185i,0.00004355739629195401+0.000059777922211812944i
-0.49778336815247093+0.04702887247563505i,-0.0000739425300736516+0.000006368618754477697i
0.2172888920501342-0.45031702427947284i,0.00003291117657098012-0.00006679379601176439i
0.2729487438613928+0.4189252879882218i,0.000040261285145401966+0.0000629210433647277i
-0.49971621470853267+0.016843524240298134i,-0.00007491083458701721+0.0000019061702506514163i
0.2441204906901376-0.4363543145879177i,0.000037235657291771336-0.00006529198282433072i
0.24711823645764125+0.4346630568375581i,0.00003671801928214117+0.00006583739113578488i
-0.49982031456496606-0.013403464780421445i,-0.00007555641220568978-0.0000026484205100670414i
0.2700587129266913-0.420794736094378i,0.000041469883137559276-0.00006346671426050327i
0.22038338218749892+0.4488101447313434i,0.00003294609434834953+0.0000685075510275745i
-0.4980952867609737-0.04360140358806343i,-0.00007587240414734333-0.000007269253696789998i
0.2950086359985354-0.40369523017830444i,0.00004558821504423216-0.00006132569332277651i
0.19284201914357121+0.4613147793995115i,0.000028965475607895394+0.00007091372006308768i
-0.49454744415797364-0.07363978068689638i,-0.00007585409082338428-0.000011930020588911334i
0.3188789538951962-0.38511837369261026i,0.000049565783439455946-0.000058878657194442666i
0.1645949368944398+0.47213119924589664i,0.00002479745760197791+0.00007303981278434984i
-0.48918977033723526-0.10340866850856247i,-0.0000754989088161583-0.0000166041783445506i
0.34158231149779766-0.36513214995924675i,0.000053378645857810914-0.00005613730047861232i
0.13574550763809723+0.4812198208160352i,0.000020464516552384846+0.00007487155534611744i
-0.4820418720855443-0.13279912569979946i,-0.0000748064539362486-0.00002126512473900627i
0.3630356242613064-0.3438096999794218i,0.00005700393727142549-0.00005311518660139339i
0.10639930790406896+0.48854738365562134i,0.0000159901564862317+0.00007639656723519556i
-0.4731299076427782-0.16170359580103819i,-0.00007377847046965841-0.000025886371795721776i
0.38316038226830706-0.3212290547689253i,0.000060420012275620645-0.000049827648034227356i
0.07666373218862474+0.49408707202949387i,0.000011398750088557698+0.00007760443022387353i
-0.4624864909739741-0.1900163008568836i,-0.00007241882680584-0.000030441717248619014i
0.4018829375416065-0.2974728497981017i,0.00006360657832524574-0.00004629167605102836i
0.046647599937015255+0.4978186130557192i,0.000006715375311415088+0.00007848674424533324i
-0.4501505724162153-0.21763362851803397i,-0.00007073347771683578-0.00003490541279696405i
0.41913477356422135-0.27262802258149305i,0.00006654481927776608-0.0000425258007917652i
0.016460757311004187+0.4997283508956385i,0.0000019656487844968698+0.00007903716995955425i
-0.4361672961371126-0.24445451121801154i,-0.00006873041363499876-0.00003925232814201692i
0.43485275602042545-0.24678549452384776i,0.00006921750856322445-0.000038549962455177946i
-0.013786324800939331+0.49980929672837615i,-0.0000028244429176551403+0.00007925145785938642i
-0.4205878349265266-0.2703807960370788i,-0.00006641959735113183-0.00004345810982842242i
0.44897936384024806-0.2200398381868008i,0.00007160911136873543-0.00003438537448925579i
-0.04398295505968125+0.498061154326924i,-0.000007628713092730517+0.0000791274638479388i
-0.40346920292611943-0.2953176038998009i,-0.00006381288862644003-0.00004749933395227134i
0.4614628997019046-0.19248893119388658i,0.00007370587529559406-0.000030054379688657275i
-0.07401862675821769+0.4944903211422069i,-0.00001242094475513384+0.00007866515129952641i
-0.3848740469820643-0.31917367679174047i,-0.000060923957279667434-0.000051353651841961126i
0.47225767922180545-0.16423359804044363i,0.00007549590902017663-0.000025580300143232068i
-0.10378342222879453+0.48910986489115593i,-0.00001717505945918021+0.00007786657969702518i
-0.3648704173844766-0.34186171172462554i,-0.00005776818537507254-0.000054999927866837874i
0.48132419813979477-0.13537724111923372i,0.00007696924856491152-0.00002098728201109214i
-0.13316841509439836+0.4819394757344745i,-0.000021865284066499122+0.00007673588001759692i
-0.34353151883255684-0.36329868022781703i,-0.00005436255919710054-0.00005841836858208595i
0.48862927688778696-0.106025462312062i,0.00007811791086257331-0.00001630013611312916i
-0.16206606889254646+0.47300539421909893i,-0.000026466314443276173+0.00007527921711667312i
-0.3209354425368097-0.38340613219687814i,-0.00005072555175336457-0.00006159064247586871i
0.49414618201274685-0.07628567653221185i,0.00007893593437517516-0.000011544175363407093i
-0.19037063061258785+0.4623403152490607i,-0.00003095347509865303+0.00007350473943562919i
-0.2971648804387285-0.40211048298728713i,-0.00004687699659866208-0.00006449998964619249i
0.4978547240096541-0.04626671863196263i,0.00007941940660779014-0.000006745050061396851i
-0.217978517706335+0.4499832684361682i,-0.00003530287380695605+0.00007142251643202042i
-0.27230682259377975-0.4193432827026555i,-0.00004283795381888854-0.00006713132079974745i
0.49974133120642594-0.016078445113739525i,0.00007956647843687763-0.0000019285820776046203i
-0.24478869715573467+0.4359794752683782i,-0.000039491550292984654+0.00006904446420163397i
-0.2464522388251331-0.43504146669197075i,-0.00003863056905477408-0.00006947130503295804i
0.4997990994304134+0.014168667897537002i,0.0000793773652519432+0.000002879401036347849i
-0.2707030552103533+0.4203801836185589i,-0.000043497618101246625+0.00006638425982895603i
-0.2196957458131519-0.4491475863391546i,-0.000034277926480926175-0.00007150844592595914i
0.4980278172747096+0.0443639289496547i,0.00007885433498809671+0.000007653230988444353i
-0.29562675644159503+0.4032424801992688i,-0.00004730039881650938+0.0000634572450664122i
-0.1921352608389497-0.46161001930034073i,-0.000029803896685888748-0.00007323314555312704i
0.4944339668718086+0.07439683634631802i,0.00007800168320479994+0.000012367561725390474i
-0.31946859079966883+0.3846290816498896i,-0.00005088054785396722+0.000060280320002590926i
-0.1638716434491659-0.47238315841949885i,-0.000025232980423316397-0.00007463775608832382i
0.4890307001717814+0.10415748253593177i,0.00007682569544248432+0.000016997529455677804i
-0.34214130740322546+0.36460810502064245i,-0.00005422017109249878+0.00005687182743537813i
-0.1350083263533119-0.48142757863105184i,-0.000020590149223164242-0.00007571661875911398i
0.48183779081178496+0.13353695632606977i,0.00007533459716321771+0.000021518908745853683i
-0.3635619338401373+0.34325281849341893i,-0.00005730293168350265+0.0000532514287171161i
-0.10565093690444505-0.4887101812386958i,-0.00001590068386463891-0.0000764660899811807i
0.47288156175303503+0.16242774145169706i,0.00007353849165404679+0.00002590826374834885i
-0.3836520798109162+0.32064137325167996i,-0.00006011414643031344+0.00004943997188542482i
-0.07590691054838922-0.49420431504242257i,-0.000011190011719727156-0.00007688455458166205i
0.46219478895006577+0.19072411003855588i,0.00007144928634125474+0.00003014309365362975i
-0.40233822400356695+0.2968565174806652i,-0.00006264087119885805+0.00004545935293479358i
-0.04588509765611268-0.4978898738704745i,-0.0000064835439772523544-0.00007697242609774266i
0.44981658140480413+0.2183225095218102i,0.00006908060803059375+0.00003420197149885499i
-0.4195519831500348+0.2719852935445495i,-0.00006487197488861937+0.000041332371120417285i
-0.01569536517808623-0.49975337015930327i,-0.0000018065137528036173-0.00007673213421408174i
0.43579223804440553+0.24512194160398912i,0.00006644770765199417+0.00003806467550949477i
-0.43523036227961776+0.24611871944874544i,-0.000066798201563724+0.00003708257921676538i
0.014551805421603059-0.4997879843122643i,0.0000028161839206449524-0.00007616809947911354i
0.4201730819466234+0.27102433186541064i,0.00006356735514687194+0.00004171231219907376i
-0.4493159852535241+0.2193514557530679i,-0.00006841222041666739+0.00003273412967883135i
0.044745722479993866-0.49799358965641316i,0.0000073601492426887044-0.00007528669551553088i
0.4030162725193701+0.2959348886744654i,0.00006045772519202424+0.00004512743050523706i
-0.46175730473691534+0.19178145915471034i,-0.00006970866331140085+0.00002831161767396822i
0.07477588921923106-0.49437675290607497i,0.000011801630979040728-0.00007409619901388282i
0.38438459632181704+0.31976245008430654i,0.00005713827450547746+0.00004829412629720151i
-0.4725087908400281+0.16350962400877445i,-0.00007068414972786371+0.00002383992196638711i
0.10453240811734935-0.4889507101314878i,0.000016117675048813423-0.00007260672786986394i
0.36434623729253307+0.3424198174464498i,0.000053629611526602026+0.000051198136650131166i
-0.4815310977380312+0.13463941309823196i,-0.00007133729900595317+0.00001934404464488092i
0.133906383086038-0.4817353183204654i,0.00002028626746807139-0.00007083016789504751i
0.3429745272255339+0.3638240745204032i,0.00004995335930487613+0.00005382692334564373i
-0.48879120765985773+0.10527647900454352i,-0.00007166872986326366+0.00001484895068705845i
0.16279031798358853-0.47275698271034616i,0.00002428647078959779-0.00006878008859720892i
0.32034767740738723+0.38389689091152207i,0.00004613201246886422+0.00005616974512416939i
-0.4942625517190761+0.07552827746455335i,-0.00007168104723690316+0.000010379408350341154i
0.19107851000463827-0.46204856015615453i,0.00002809855322106791-0.00006647164858970966i
0.29654849239747116+0.4025648087266349i,0.00004218878917880285+0.0000582177182838789i
-0.49792510714461313+0.04550367412861098i,-0.00007137881657514487+0.000005959831371198603i
0.21866743650707243-0.44964923888861497i,0.00003170410965058391-0.00006392149124907476i
0.27166406699882495+0.41975951139840656i,0.0000381474789928208+0.000059963865291896804i
-0.4997654705555007+0.015312546159013382i,-0.00007076852577914803+0.0000016141239397816022i
0.24545613386046464-0.43560439510204507i,0.000035086173859568414-0.00006114763129593533i
0.24578546752854855+0.43541807369465385i,0.00003403228759791725+0.00006140315114623247i
-0.49977690701149924-0.014934619873252047i,-0.00006985853506783545-0.0000026344706028293586i
0.2713465669296329-0.41996542689695965i,0.000038229321258021165-0.00005816933302629812i
0.21900739855416615+0.44948319199769016i,0.000029867679372293462+0.00006253250730074249i
-0.4979593746600884-0.04512713232193888i,-0.00006865901511025366-0.00000676351642282109i
0.2962439878411601-0.402789566185081i,0.00004111976153578701-0.00005500698096758367i
0.19142785631555387+0.4619033940109717i,0.00002567821875560649+0.00006335084304024114i
-0.4943195248896284-0.07515449954946059i,-0.0000671818738385741-0.000010751526315873143i
0.3200572827199463-0.38413966924510556i,0.0000437454206854214-0.000051681943776687994i
0.16314777010076012+0.47263322712561323i,0.000021488411407875494+0.00006385904426792696i
-0.48887067798813455-0.10490683427886316i,-0.00006544067242113671-0.000014578096437573095i
0.3426993051268882-0.3640839866957001i,0.000046096011917105825-0.00004821643223530173i
0.13427063288812763+0.48163342475742815i,0.000017322546136368975+0.00006405995974251025i
-0.48163277439673796-0.13427525573409774i,-0.00006345053093832766-0.000018224033826552775i
0.36408719497744413-0.3426959137275284i,0.00004816309505352485-0.00004463335223064543i
0.10490212260640944+0.48887105004577464i,0.000013204538562694606+0.00006395837487699276i
-0.4726323017362313-0.16315228809693183i,-0.00006122802436393695-0.000021671475949860652i
0.3841426817739825-0.32005372150835404i,0.00004994012406220713-0.00004095615363744995i
0.07514971539890528+0.4943196163883303i,0.000009157777489642395+0.00006356097328493525i
-0.4619021978737431-0.19143225382231704i,-0.000058791069511106926-0.00002490400154937984i
0.4027923710422106-0.2962402707441586i,0.00005142248245425454-0.00003720867603939207i
0.045122292306902706+0.49795918437068865i,0.000005204974909185143+0.00006287628633254445i
-0.44948173038428074-0.21901166037285036i,-0.00005615880365425813-0.000027906732121362446i
0.41996801292345143-0.27134270844451913i,0.0000526075063511403-0.000033414992245077324i
0.014929740811795794+0.4997764347360584i,0.0000013680205694558558+0.00006191463102579029i
-0.4354163528482589-0.24578957895704368i,-0.00005335145558660487-0.00003066642341824769i
0.435606751939835-0.24545214900195542i,0.000053494495095002796-0.000029599250564959977i
-0.015317447305935816+0.4997647171280267i,-0.0000023321580101869578+0.00006068803663053892i
-0.4197575385109026-0.2716680138853842i,-0.000050390209916516404-0.000033171546422267715i
0.44965135701837095-0.21866334075235677i,0.000054084709352136105-0.00002578551682139613i
-0.04550858031922256+0.49792407442801034i,-0.000005875729220808763+0.000059210160490074224i
-0.4025625919122606-0.29655226119250094i,-0.00004729706544493427-0.000035412357303825306i
0.4620504309321135-0.19107431923673807i,0.00005438135673382327-0.00002199761706411062i
-0.07553317163861889+0.49426124259832704i,-0.000009244083925665572+0.000057496193567894955i
-0.3838944391771836-0.320351255213032i,-0.000044094688500089326-0.00003738095594377512i
0.4727585983919538-0.1627860484332328i,0.00005438956503276439-0.000018258981957975568i
-0.1052813441458037+0.48878962603146503i,-0.000012419954128834711+0.000055562756304079545i
-0.36382139773271344-0.34297790184287796i,-0.000040806262134683435-0.00003907133266706075i
0.48173667210070326-0.13390205127226576i,0.00005411634324681323-0.000014592493798911898i
-0.13464423229667494+0.48152924849575907i,-0.000015387523025144323+0.00005342778543040501i
-0.34241692629561993-0.3643493972662424i,-0.00003745533211440613-0.000040479402905656466i
0.4889517961617838-0.10452803078705722i,0.000053570530634071646-0.000011020337097331702i
-0.16351438052251902+0.47250667985699224i,-0.000018132525757563074+0.00005111041244253319i
-0.3197593560450251-0.3843875309820608i,-0.00003406565064489753-0.00004160302958043052i
0.49437756631770774-0.07477148328588655i,0.00005276273411420025-0.000007563853646629809i
-0.19178613647127488+0.4617549388440907i,-0.000020642340263824505+0.000048630834476550726i
-0.2959316039639054-0.40301897202086867i,-0.000030661018797183004-0.00004244203306464865i
0.4979941265783276-0.044741304961739156i,0.000051705254399766654-0.000004243402967169131i
-0.2193560376497982+0.449313372214746i,-0.000022906067653090514+0.000046010178381896285i
-0.27102086939852027-0.4201755373046766i,-0.000027265128598860534-0.000042998188665424806i
0.4997882418852395-0.014547393378976311i,0.00005041200130804867-0.0000010782289840216106i
-0.24612319005218294+0.4352275107631694i,-0.000024914601615649018+0.00004327035882270475i
-0.24511831494622843-0.4357944411677742i,-0.000023901405760123594-0.00004327521163340068i
0.49975334654641584+0.01569975470458525i,0.000048898398767797034+0.0000019136662403234306i
-0.27198963738852144+0.41954890269692546i,-0.000026660686433648487+0.00004043393127494443i
-0.2183187328395072-0.44981852512531917i,-0.00002059285399985946-0.000043278729784780805i
0.4978895682638203+0.04588944770838369i,0.000047181280096372326+0.000004715640938821775i
-0.29686071956288407+0.402334924992616i,-0.00002813896322828268+0.000037523940816935635i
-0.19072019804706436-0.4621964670488615i,-0.00001736190192778462-0.00004301624389312333i
0.4942037276660734+0.07591120431279062i,0.0000452787741804096+0.000007312523505024198i
-0.3206454190886453+0.3836485734207707i,-0.000029346004148288368+0.000034563767636019265i
-0.16242370936154377-0.47288296898330706i,-0.00001423025342374707-0.000042497076080668414i
0.48870931334788+0.10565515777332476i,0.000043210183247141854+0.000009690713107576822i
-0.343256694173421+0.363558232008363i,-0.000030280334275782332+0.000031576970193897955i
-0.13353281978729176-0.48183892291799196i,-0.000011218742435149168-0.00004173230651000642i
0.48142643250756023+0.13501245798578415i,0.00004099585296361119+0.000011838270425400918i
-0.36461179725467296+0.34213742278262105i,-0.00003094244109781782+0.000028587127007676612i
-0.10415325758080274-0.48903155390521746i,-0.000008347193088042203-0.00004073469874614421i
0.4723817373633345+0.1638756698309117i,0.00003865703564679962+0.00001374499793268125i
-0.38463257782027355+0.3194645367119613i,-0.00003133477146530743+0.000025617678012515735i
-0.07439253933067774-0.49443454000249265i,-0.000005634285976837316-0.000039518614226226837i
0.46160832761764187+0.19213916634082268i,0.00003621574740913682+0.000015402509223931135i
-0.4032457684058404+0.2956225468286884i,-0.00003146171603465999+0.00002269176647529384i
-0.04435957649305328-0.4980281085995468i,-0.0000030974314621091057-0.00003809991633883347i
0.4491456293264369+0.2196995152483744i,0.00003369462010045352+0.000016804286933374135i
-0.42038325272221033+0.270698704583307i,-0.000031329581261220896+0.000019832082426575344i
-0.014164276822414834-0.4997991087775967i,-0.0000007526507657387557-0.00003649586467658196i
0.43503925061674364+0.24645585750487264i,0.00003111674893929292+0.000017945728869486927i
-0.4359823149318244+0.24478422054165938i,-0.0000309465490869614+0.000017060708570556964i
0.016082857843614767-0.49974105943606584i,0.0000013855343921509533-0.0000347250000844407i
0.4193408147804862+0.27231027638090427i,0.00002850553675309545+0.00001882418205429549i
-0.4499858691617767+0.2179739305933998i,-0.00003032262453750134+0.000014398969619581827i
0.0462711359735761-0.4978541730106305i,0.000003304202919020341-0.0000328070211812508i
0.40210777135539444+0.2971681557995422i,0.000025884535768339316+0.00001943896442765017i
-0.4623426684136091+0.19036594889334058i,-0.000029469571514945776+0.000011867285981347861i
0.07629008142567176-0.49414535469579746i,0.000004992125596055525-0.00003076265308328613i
0.383403185884354+0.32093852659058025i,0.000023277287907774133+0.00001979137404861081i
-0.47300749210533194+0.1620613088057531i,-0.000028400837142869324+0.00000948503270312534i
0.10602983774303151-0.4886281771748533i,0.000006439845858943883-0.000028613509105882298i
0.36329550912258346+0.343534399398654i,0.000020707164562659845+0.000019884685699194326i
-0.4819413115593458+0.13316359316561646i,-0.000027131465087704428+0.000007270404548395022i
0.13538157018119626-0.4813228309496713i,0.000007639749587669971-0.000026381946262006015i
0.34185832653724973+0.36487308302694754i,0.000018197206813071875+0.000019724134869324865i
-0.48911143283065206+0.10377855520989704i,-0.00002567799834633037+0.000005240288047307168i
0.16423786399657322-0.4722560504521389i,0.000008586123442914338-0.000024090915414884684i
0.3191700890162384+0.3848764870514844i,0.00001576996706909451+0.000019316889175667594i
-0.49449161635265904+0.07401373156608772i,-0.000024058372052526505+0.0000034101413236736418i
0.1924931175382972-0.46146101620760976i,0.000009275201352472702-0.00002176380697527426i
0.29531382577157395+0.4034714075985646i,0.000013447353099869158+0.000018672007340709255i
-0.4980621729627349+0.04397804871430418i,-0.00002229179691479631+0.00000179388245775362i
0.22004392870495165-0.44897723340842316i,0.00000970519881936319-0.00001942429306232491i
0.2703768404881377+0.4205897952395249i,0.000011250475406175324+0.0000178003859314796i
-0.499810035956093+0.013781424363116327i,-0.000020398633954488118+0.00000040378709640910023i
0.24678947335188053-0.4348503873418536i,0.000009876334793454371-0.00001709616707034715i
0.24445039182965064+0.4361690040224422i,0.000009199498875468316+0.00001671469412934617i
-0.4997288089043226-0.01646563480209081i,-0.00001840026126592458-0.0000007496040296937052i
0.2726318742642877-0.41913217620156695i,0.000009790840920222824-0.00001480318160170852i
0.21762935947112988+0.45015202072943217i,0.000007313499636246767+0.000015429296872946776i
-0.4978187890635722-0.04665243752615855i,-0.0000163189335689991-0.0000016575670777881848i
0.2974765593458348-0.4018801218944188i,0.000009452958053200472-0.000012568885738728724i
0.19001189687999837+0.46248767352055603i,0.000005610328001309467+0.000013960166785192995i
-0.4940869662867196-0.07666851306664176i,-0.000014177635369246878-0.000002313266008829091i
0.3212326077119272-0.38315735953496394i,0.000008868919990436112-0.000010416462634542703i
0.16169907211652018+0.4731308192007949i,0.000004106478357071984+0.000012324785361900317i
-0.48854699744351043-0.10640401546931498i,-0.000011999928580394085-0.000002711811964990203i
0.3438130824211287-0.3630324063980319i,0.000008046924469416694-0.00000836856840452377i
0.13279449796807552+0.4820425084247678i,0.000002816966818858801+0.000010542033963747476i
-0.48121915644227553-0.13575012555722113i,-0.000009809795499685605-0.000002850310691702913i
0.3651353486270565-0.3415789111749075i,0.000006997091529010668-0.000006447173295945328i
0.10340395277082745+0.4891901282346197i,0.000001755217430067692+0.000008632075214497878i
-0.47213026003612774-0.1645994491621563i,-0.000007631478056663226-0.000002727897654844818i
0.38512137598645435-0.3188753844507298i,0.000005731409420676214-0.000004673406104140185i
0.07363499330640944+0.49454752140945124i,0.0000009329576366539918+0.0000066162254663682104i
-0.46131356968515563-0.19284641014123435i,-0.000005489314281306557-0.0000023457605736009763i
0.4036980242167585-0.295004911389445i,0.0000042636683240503004-0.000003067402788513631i
0.04359656119026539+0.4980950821895198i,0.0000003601237176550648+0.000004516819047888346i
-0.44880866983375284-0.22038763674025863i,-0.0000034075729574898475-0.0000017071491612135i
0.4207973107581435-0.2700548476777648i,0.0000026093821936108353-0.0000016481602214753292i
0.013398584192093027+0.4998198280249072i,0.00000004477679782059785+0.000002357065060121315i
-0.4346613230485423-0.24712233988997762i,-0.0000014102874423286482-0.000000817371938823606i
0.43635665956051267-0.24411649984084427i,0.0000007856991331386998-0.00000043339597779395656i
-0.016848426052615273+0.49971544708607973i,-0.0000000069699899269097104+0.00000016089753354627308i
-0.4189233025470217-0.27295268205082157i,0.0000004789103587851725+0.00000031621993833722573i
0.4503191300849869-0.2172847910995871i,-0.000001188699237348076+0.0000005605849588898111i
-0.04703377846772891+0.4977823213624754i,0.00000020898731382471288-0.0000020471802000951072i
-0.4016522027298074-0.29778413525630804i,0.0000022369548679934974+0.0000016842618285979281i
0.46263362568183797-0.1896579139923949i,-0.0000032937088919020084+0.0000013190157313901756i
-0.07704700761831099+0.4940275252645867i,0.00000069469441044427-0.000004242256029355223i
-0.3829112284098463-0.3215258270448293i,0.000003841509570023542+0.000003275417636791642i
0.4732550805822973-0.16133697103262i,-0.000005507924393092798+0.0000018287845857025222i
-0.10677827796670153+0.4884647997346543i,0.0000014501021297724003-0.00000639917355387594i
-0.3627689635099276-0.34409087301386176i,0.0000052711266222660755+0.000005076434569432357i
0.4821446248199287-0.13242560471675682i,-0.00000780876911772584+0.0000020785425338751986i
-0.13611878582344566+0.48111450196071576i,0.0000024730425918820945-0.000008492699592820889i
-0.3412991200749589-0.3653966947795901i,0.000006505402368612991+0.000007072210375250568i
0.4892697264780233-0.10302961823738624i,-0.000010172634004673978+0.0000020588009972870508i
-0.1649611575221015+0.4720035308780345i,0.0000037592183765583706-0.000010497693737126587i
-0.3185802685175183-0.3853653221783514i,0.000007525127804140287+0.000009245872761383695i
0.49460431074245254-0.0732565882888988i,-0.000012575024063093937+0.0000017620187782823059i
-0.193199842360776+0.4611652287305406i,0.000005302204859822374-0.000012389278954803036i
-0.29469555008386444-0.4039236786039703i,0.000008312433061490916+0.000011578870604233687i
0.498128855324297-0.04321547138296342i,-0.000014990711830763019+0.0000011826777655537493i
-0.22073149887239435+0.4486392590525283i,0.000007093465802375218-0.00001414301224708825i
-0.26973237259265814-0.42100384843677585i,0.00000885092501882125+0.000014051076504444876i
0.49983046190304575-0.013016205114456052i,-0.000017393896928063685+0.00000031734683970809216i
-0.24745537301011789+0.4344714615171429i,0.00000912238219972173-0.000015735054347316446i
-0.24378209055985975-0.4365433255856207i,0.000009125817163275207+0.000016640900168247583i
0.49970290332891387+0.01723069416295496i,-0.00001975837081351189-0.0000008352664903642732i
-0.2732736668639132+0.4187136841828507i,0.000011376294328215318-0.00001714233745397522i
-0.21693967088040747-0.45048524223334885i,0.00000912405088302499+0.0000193254120327191i
0.49774664641153676+0.04741453577923135i,-0.000022057685811837213-0.0000022742771226060277i
-0.2980918965589306+0.4014235937517967i,0.00001384055684581088-0.000018342729994661004i
-0.18930334529014012-0.46277857694859936i,0.000008834407404709192+0.000022080476490765215i
0.493968850211649+0.07742485982831182i,-0.000024265327455768896-0.000003996596401098196i
-0.32181923802593554+0.38266446453442443i,0.000016498606731306015-0.00001931519742838752i
-0.16097425087980288-0.47337834140234925i,0.000008247609641413404+0.000024880894013256744i
0.48838333984199345+0.10715184140396103i,-0.00002635488915800421-0.000005996919420537483i
-0.3443688593784224+0.36250494689265556i,0.000019332043771726492-0.000020039958110067947i
-0.1320560599767008-0.4822457450058876i,0.000007356413268933365+0.000027700551410904278i
0.48101055587334235+0.13648669251179169i,-0.000028300248210411487-0.000008267725783363246i
-0.36565823868005254+0.34101881600902867i,0.000022320723234639803-0.00002049863326269299i
-0.10265460074847521-0.4893483368677246i,0.000006155686404646696+0.00003051257942759633i
0.4718774795307811+0.1653220601866351i,-0.000030075742093627616-0.000010799293922190382i
-0.3856094659395245+0.3182847019011934i,0.00002544286029098458-0.000020674390129931485i
-0.07287746991742858-0.49466012454992486i,0.000004642477323603103+0.000033289516810281046i
0.46101753395400386+0.19355241935831954i,-0.00003165634407175683-0.000013579729024321127i
-0.40414952822770556+0.2943858016697929i,0.000028675145684858307-0.000020552077414153164i
-0.04283363900270007-0.4981616691892764i,0.0000028160697101485014+0.00003600347995823868i
0.448470461882967+0.2210744590281382i,-0.00003301783704408265-0.000016595004518790974i
-0.42121057687361585+0.2694095750327809i,0.00003199287207997658-0.000020118352142375172i
-0.012633055531272586-0.4998401566351864i,0.0000006780250101469802+0.000038626337217185313i
0.4342821802165178+0.24778746034276591i,-0.00003413698462850512-0.000019829017009771056i
-0.436730175761446+0.24344742426039095i,0.000035370070448628744-0.000019361797144878016i
0.017613759322787553-0.499689444343974i,-0.0000017677884816945485+0.000041129886851066656i
0.41850461197625066+0.27359366518203554i,-0.00003499169845984988-0.000023263654463949855i
-0.4506515298199436+0.21659435968205448i,0.00003877965580816102-0.00001827302837828823i
0.047796115198395606-0.49771008385794224i,-0.000004515180093021051+0.00004348603769706128i
0.40119549629053275+0.2983986339117021i,-0.00003556120070025678-0.000026878877383792656i
-0.46292369286799967+0.1889486519893716i,0.00004219358155276797-0.000016844791376304308i
0.07780355762666352-0.4939093187869712i,-0.000007555635023432139+0.0000456669914871305i
0.3824181770940744+0.32211159099197295i,-0.00003582618077842702-0.0000306528126241007i
-0.47350175405580636+0.16061147260755582i,0.00004558300157488622-0.000015072046166894034i
0.10752627224685113-0.4883010583000143i,-0.000010878326516962975+0.00004764542580286331i
0.3622413713163145+0.34464575717702456i,-0.00003576894539960046-0.000034561859436152816i
-0.48234700221929205+0.131686523451438i,0.00004891843932115215-0.000012952040054268813i
0.13685548667979724-0.4809058262235092i,-0.000014470142025334356+0.000049394676619167164i
0.3407389174069487+0.3659186670897978i,-0.0000353735608985285-0.00003858080725254131i
-0.4894270675463683+0.10227965742096455i,0.000052169962882868356-0.000010484367727103433i
0.1656838685881436-0.47175068593298153i,-0.00001831572335255447+0.00005088891938687976i
0.31798950511889607+0.3858524710098864i,-0.000034625987043320166-0.000042682964656811186i
-0.4947160400365492+0.07249849102501427i,0.00005530736518065085-0.00000767101822077339i
0.1939059184666263-0.46086914131270595i,-0.000022397520693649702+0.0000521033476045246i
0.29407638753757337+0.404374219770102i,-0.00003351420143876599-0.000046840298915761615i
-0.498194564320434+0.04245201055116141i,0.00005830034826742801-0.000004516408330798626i
0.2214183557249851-0.4483010141458683i,-0.000026695860402669025+0.00005301434783529355i
0.26908707641033347+0.4214161317191173i,-0.000032028313723183126-0.0000510235853888595i
-0.4998499104920511+0.012250173222638584i,0.00006111871074363936-0.0000010274021465008212i
0.24812049665059963-0.43409229838392976i,-0.00003118902624779474+0.00005359967013689638i
0.24311302189102854+0.4369158407732203i,-0.000030160668803022206-0.00005520256606931351i
-0.49967602069485145-0.01799649519790941i,0.00006373253725333937+0.000002786683551992349i
0.27391462286766566-0.4182949918285046i,-0.0000358533538350628+0.000053838592889068314i
0.21624927787169482+0.4508166246494141i,-0.00002790593842394285-0.00005934611645503249i
-0.49767353129086295-0.04817730488528149i,0.00006611238901028902+0.000006914088214321356i
0.29870633894451154-0.40096690584172223i,-0.00004066333780703842+0.000053712081026356824i
0.1885941541261031+0.4630676124446284i,-0.00002526120043572403-0.00006342241989536346i
-0.493849770531879-0.07818180702897493i,0.0000682294942889384+0.000011340630861664779i
0.32240491784036607-0.3821714537814531i,-0.0000455917513493333+0.000053202936712019294i
0.16024885653817936+0.4736239708013929i,-0.000022226005170780708-0.00006739914851152748i
-0.48821873174120173-0.10790019802842929i,0.00007005593780677087+0.00001604974787491016i
0.3449236329273899-0.3619774189356352i,-0.00005060977746653535+0.00005229594152248575i
0.13131711673190455+0.4824470679786832i,-0.00001880242842199542-0.00007124364974520203i
-0.4808010221040846-0.13722372132707952i,0.00007156484792170143+0.000021022545175476614i
0.36618007537291164-0.3404587028049594i,-0.000055687151420140285+0.00005097798925070685i
0.1019048124580906+0.48950461522751343i,-0.000014995110574659564-0.0000749231375510379i
-0.4716237872542782-0.16604506541467673i,0.00007273058057122441+0.000026237864665849954i
0.3860964557203875-0.31769405465509504i,-0.00006079231365500922+0.000049238208480459166i
0.07211958012725267+0.49477078495390037i,-0.000010811281519275877-0.00007840488721528338i
-0.46072061193266156-0.19425875654135982i,0.0000735288988887705+0.000031672364717911184i
0.4045998885654269-0.2937667833281742i,-0.00006589257247797979+0.00004706807413244671i
0.04207042090654187+0.4982263052367716i,-0.0000062607710462558646-0.00008165643275436894i
-0.44813139708150385-0.22176154470631332i,0.00007393714744727811+0.000037300614418826904i
0.4216226592850917-0.2687644523681844i,-0.00007095427569290657+0.00004446150723616995i
0.011867301822254261+0.4998585303549269i,-0.0000013560045000747748-0.00008464576582422997i
-0.43390221382414096-0.24845278150845743i,0.00007393442010015932+0.00004309520120698223i
0.43710247184435397-0.2427785595759777i,-0.00007594299034087398+0.00004141496223919726i
-0.018379246672288935+0.4996614870649495i,0.000003888016451534193-0.00008734153505385965i
-0.41808513486443577-0.2742347884763998i,0.00007350172041573072+0.00004902685145461419i
0.4509826767728487-0.21590420216658834i,-0.00008082368964305862+0.00003792750122697321i
-0.048558535190764585+0.497635896460714i,0.000009453747998282582-0.00008971324470471196i
-0.4007380439230316-0.2990132145297194i,0.00007262211373245447+0.00005506456347983864i
0.4632124784776228-0.1882397287542399i,-0.00008556094619681208+0.00003400085449171606i
-0.07856012048949498+0.49378917133449207i,0.00001532115330270607-0.00009173145155172289i
-0.38192442390777626-0.3226973812634275i,0.00007128086989916738+0.00006117575239909864i
0.47374712113320355-0.15988637943862566i,-0.00009011913043347612+0.00002963946695766673i
-0.10827420964232093+0.4881353890493144i,0.000021467766454206248-0.00009336795888146022i
-0.3617131245935258-0.3452006147920125i,0.00006946559580628044+0.00006732640616197483i
0.48254805246871346-0.13094791530959474i,-0.00009446261330919376+0.000024850530041784946i
-0.13759206183558917+0.48069524002186315i,0.000027868771085079212-0.00009459600650865664i
-0.3401781106615158-0.3664405629386628i,0.00006716635686099967+0.00007348125204429236i
0.48958306485263425-0.10153023872609412i,-0.00009855597216816365+0.000019643998603531983i
-0.16640638631286297+0.471495952004427i,0.00003449709339142192-0.00009539045572389598i
-0.31739819102037425-0.3863394966088891i,0.00006437578661123847+0.00007960393281284416i
0.49482641315891673-0.07174100575898679i,-0.00010236419869106985+0.000014032592714199102i
-0.1946117350130422+0.4605711904430138i,0.00004132350922238694-0.0000957279681025981i
-0.29345673039933673-0.4048245942456524i,0.00006108918377931438+0.00008565719171602525i
0.49825890898309216-0.04168923221603556i,-0.00010585290782053248+0.00000803178405513558i
-0.22210488846501217+0.44796093527626624i,0.000048316764822813076-0.00009558717712858015i
-0.2684413442691177-0.4218282083250072i,0.00005730459602695571+0.00009160306539997208i
0.49986799086359696-0.011484894690834217i,-0.0001089885465400193+0.0000016597668345150625i
-0.2487852335266075+0.4337113346260447i,0.00005544371073772204-0.00009494885161420252i
-0.24244357820688908-0.43728811291700803i,0.00005302288983782298+0.00009740308379906769i
0.4996477702513317+0.018761471904325585i,-0.00011173860137313498-0.00000506258680617895i
-0.2745551315855315+0.4178745359151076i,0.00006266944831246535-0.0000937960499335159i
-0.2155585728787577-0.45114773140590564i,0.00004824780597189179+0.00010301847600403016i
0.4975990530592233+0.048939178848794236i,-0.00011407180346661327-0.00001211178684254689i
-0.29932027587477367+0.40050849502992436i,0.00006995748815013615-0.0000921142641244772i
-0.1878847158657599-0.4633563435362805i,0.00004298600001766421+0.00010841038106959096i
0.49372933671293+0.07893778868677637i,-0.00011595833012254757-0.000019461800738646243i
-0.3229900365949014+0.38167676422700425i,0.00007726991981863098-0.00008989155296135627i
-0.15952328160754004-0.4738692710274084i,0.00003724706764271661+0.0001135400626881699i
0.4880527827134799+0.1086475193810216i,-0.00011737000165368531-0.000027084143921029452i
-0.34547779258023+0.3614482595589129i,0.00008456759203344143-0.00008711866314830152i
-0.13057806078136713-0.48264804107659376i,0.00003104355422024464+0.00011836912662523346i
0.4805901648122568+0.13795964606796518i,-0.00011828047244968927-0.00003494798505528796i
-0.3667012482951135+0.3398970086710976i,0.00009181030247980455-0.00008378913783989298i
-0.10115498047280025-0.4896605271531157i,0.000024390948588721165+0.00012285973978731264i
0.47136879298798434+0.1667668989440657i,-0.00011866541516244989-0.00004302026574409476i
-0.38658273500028495+0.3171018798924753i,0.0000989569963791851-0.00007989941175376576i
-0.0713617165280167-0.4948810665675414i,0.000017307660782976146+0.00012697484977422938i
0.46042241350392493+0.19496385582724862i,-0.00011850269694429813-0.000051265834186251763i
-0.40504949498710907+0.2931462936111977i,0.00010596597285051863-0.00007544889220386714i
-0.0413072995064277-0.4982905543861576i,0.000009814983657676635+0.00013067840375370664i
0.4477910854110406+0.2224473279568478i,-0.00011777254670462833-0.000059647592258599057i
-0.4220339478395696+0.2681179169918332i,0.00011279509806687041-0.0000704400254504882i
-0.011101715675624235-0.4998765133468266i,0.00000193703840793807+0.000133935565489156i
0.43352103394905744+0.24911673762018258i,-0.0001164577123876956-0.00006812665540722227i
-0.43747393774958754+0.24210834315116883i,0.00011940202416298172-0.00006487834783421606i
0.01914449549115832-0.499633139520412i,-0.000006299295924040351+0.0001367129293497612i
0.41766448138192763+0.2748744862238211i,-0.0001145436073168557-0.0000766625246615736i
-0.45131296098060303+0.21521275596671285i,0.00012574441280920767-0.000058772521235409834i
0.04932064584207152-0.4975613235506675i,-0.00001486446878290046+0.00013897873013667058i
0.4002794558867566+0.29962631146254437i,-0.00011201844469850182-0.00008521327001532976i
-0.46350037264700095+0.18752958174455436i,0.00013178016233259844-0.000052134352478030466i
0.07931630361778441-0.49366864739486377i,-0.000023726360017103236+0.00014070304756961903i
0.381429579195578+0.3232816322789286i,-0.00010887335943185837-0.00009373572435140452i
-0.47399157205265663+0.15916012902132437i,0.00013746763723670606-0.0000449787963765374i
0.1090216975843275-0.48796935657707796i,-0.00003285039703796139+0.00014185800429500237i
0.36118383376712104+0.34575388035113963i,-0.00010510251642835621-0.00010218568702583794i
-0.48274816591034225+0.13020821781843248i,0.00014276589894815614-0.00003732394220646839i
0.13832811874869813-0.48048430805569087i,-0.000042199686797410325+0.00014241795629893217i
0.3396163103406163+0.36696081689583787i,-0.00010070320470674376-0.00011051813616671769i
-0.4897381088446801+0.1007797997053451i,0.00014763493660038227-0.00002919098346314111i
0.16712831818711904-0.47124089389586904i,-0.00005173516208047658+0.00014235967463746465i
0.31680593679548885+0.3868248336268297i,-0.00009567591659632176-0.00011868744869011391i
-0.49493582066446334+0.07098257006231333i,0.00015203589665318686-0.000020604170857787887i
0.19531689953007025-0.4602729410263633i,-0.00006141574152956974+0.00014166251743028327i
0.29283618930919264+0.40527323676808735i,-0.00009002441145120086-0.00012664762698544267i
-0.498322279975177+0.04092557396150186i,0.00015593131014116-0.000011590748586512374i
0.22279070466776832-0.4476205874474671i,-0.00007119850274133458+0.00014030859110424255i
0.26779478687022895+0.4222385130817708i,-0.00008375576335230091-0.00013435253117831495i
-0.49988509378913953+0.010718807108824929i,0.0001592853163444599-0.0000021808739937339733i
0.24944919126457415-0.4333301353431618i,-0.00008103886770326633+0.00013828289991849128i
0.24177337026429416+0.43765857693770316i,-0.00007688039235111012-0.0001417561158395204i
-0.4996185428785179-0.019527186693129965i,0.0001620638816821433+0.000007592479161717979i
0.27519480070079116-0.4174538816349951i,-0.0000908907997667585+0.0001355734828536201i
0.21486716670833497+0.4514769975201305i,-0.00006941207888913885-0.00014881266997513097i
-0.4975236027052468-0.0497017200879762i,0.0001642350126409589+0.00001769363354371245i
0.2999333150953437-0.40004992659779304i,-0.00010070701128645372+0.00013217153700300846i
0.18717464135980327+0.46364320534028947i,-0.00006136796110953859-0.00015547705910444524i
-0.4936079398512577-0.07969436723374804i,0.0001657689615714389+0.000028084336799823122i
0.3235742021027846-0.3811819612375893i,-0.0001104391809928362+0.00012807152666510156i
0.15879713697643993+0.47411267729903256i,-0.00005276851486187608-0.00016170496821034586i
-0.4878858839620777-0.10939536791408959i,0.00016663842420823732+0.00003872390538299893i
0.3460309462228258-0.36091903420987836i,-0.00012003818010619548+0.00012327127740042492i
0.12983850304527478+0.48284709962226224i,-0.00004363751628734228-0.00016745314433025613i
-0.4803783753064784-0.13869602921354027i,0.00016681872780244743+0.000049569383088492575i
0.3672213654099389-0.33933529913117016i,-0.00012945430614607663+0.0001177720543864051i
0.10040471573807441+0.4898145080729017i,-0.00003400198695899678-0.00017267963754570565i
-0.47111288814407837-0.1674891232869562i,0.0001662880087906374+0.00006057571368061992i
0.3870679118243697-0.3165097432085787i,-0.00013863752334102597+0.0001115786244762972i
0.07060349008403596+0.49498940492628263i,-0.00002389212163996672-0.00017734403912460656i
-0.46012333018134427-0.19566927976740411i,0.00016502737896778968+0.00007169592690633512i
0.4054979556239515-0.292525898180544i,-0.00014753770849928877+0.00010469930144518296i
0.04054388577900958+0.4983528522808761i,-0.000013341198811026996-0.00018140771557244276i
-0.44744991848393867-0.22313337137648123i,0.0001630210791793748+0.00008288133711814336i
0.4224440507581553-0.2674715346265195i,-0.00015610490116249557+0.0000971459739860043i
0.010335908073817485+0.49989254136288336i,-0.0000023854742075603902-0.00018483403735730194i
-0.4331390322995189-0.2497808913258946i,0.000160256619601311+0.00009408175365759425i
0.4378441817916891-0.24143834076432025i,-0.00016428955683121652+0.0000889341161013442i
-0.019909894797752126+0.4996028375710657i,0.000008935942306207747-0.00018758860108829262i
-0.41724304332959594-0.2755143211291706i,0.00015672490573485684+0.0001052457020831141i
0.4516419908543739-0.21452158691059586i,-0.0001720428020241014+0.00008008277962171488i
-0.05008283617803627+0.4974848010969666i,0.000020581226110735666-0.0001896394439481048i
-0.39982012407158396-0.3002394874774624i,0.0001524203493069285+0.00011632065526253379i
0.4637869838867629-0.1868197768323607i,-0.0001793166899108598+0.00007061456866833813i
-0.08007249605115904+0.4935461830450656i,0.000032505992952020264-0.000190957249207549i
-0.3809340349324257-0.3238659068734438i,0.0001473409633340684+0.00012725327329161232i
0.4742347154267265-0.15843428726548126i,-0.00018606445524452038+0.000060555595967160406i
-0.10976912513290035+0.4878013970670626i,0.00004466346922545408-0.00019151554168322455i
-0.3606538908928686-0.3463071167620756i,0.0001414884406803832+0.00013798965114567108i
0.4829469512607699-0.12946899691933195i,-0.00019224076730920697+0.00004993542101059752i
-0.13906404650597423+0.4802714666140988i,0.000057004676757030995-0.00019129087203871098i
-0.339053908576296-0.36748099194644884i,0.00013486821551578557+0.00014847557292214843i
0.48989180834484425-0.1000299063253014i,-0.00019780197959738755+0.00003878697015417712i
-0.16785005333090394+0.47098394799994825i,0.00006947863133743761-0.00019026298887462418i
-0.31621313464774037-0.38731004513075973i,0.00012748950716014+0.0001586567714879696i
0.4950438714826047-0.0702247499203407i,-0.0002027063749342072+0.000027146438826051025i
-0.19602180117704407+0.4599728295567358i,0.00008203255418883931-0.0001884149976034702i
-0.292215156537012-0.4057217104905556i,0.00011936534588189034+0.00016847919230734526i
0.49838428633412163-0.04016260178516121i,-0.0002069144047768496+0.000015053176117969182i
-0.2234761935379845+0.4472784072522291i,0.00009461209547213493-0.00018573350516115834i
-0.26714779654458143-0.42264860923251i,0.00011051258030482683+0.00017788926019287807i
0.4999008284146723-0.00995347647991172i,-0.0002103889214334584+0.0000025495521163286548i
-0.2501127591205178+0.4329471372238902i,0.00010716156887395552-0.000182208749668171i
-0.2411027904496502-0.43802879617188695i,0.00010095186616470677+0.00018683414769648032i
0.49958794783110955+0.02029207356189592i,-0.00021309540196911463-0.000010319191579162965i
-0.2758340195264517+0.4170314657693507i,0.00011962419624884219-0.00017783471421924357i
-0.21417545179657052-0.4518059864253335i,0.00009070763624698904+0.0001952620438358688i
0.4974467895920873+0.05046336260784698i,-0.00021500216259562837-0.000023505107614325023i
-0.30054584598171097+0.39958963741547093i,0.00013194236123234104-0.0001726092240509474i
-0.1864643230881796-0.46392976138939496i,0.00007980805142832593+0.00020312242183853486i
0.4934851894178213+0.08044997668890014i,-0.0002160805623772303-0.00003695772429654365i
-0.3241578038072526+0.38068548176836925i,0.00014405787068626276-0.00016653402641127893i
-0.15807081516253052-0.47435575325096546i,0.00006828493283671241+0.0002103663045770604i
0.48771764506471604+0.11014217766712714i,-0.0002163051951257318-0.00005062424196466143i
-0.3465834833711784+0.36038817992445793i,0.00015591222278793921-0.00015961485253398195i
-0.12909883607275-0.4830458073544429i,0.00005617367523812747+0.00021694652636842964i
0.4801652632697982+0.13943130483020028i,-0.0002156540684059761-0.00006444974352930348i
-0.36774081631090283+0.33877201129732143i,0.00016744688053131637-0.0001518614612025255i
-0.0996544108281576-0.4899681218313925i,0.00004351314185073925+0.0002228179898153013i
0.47085568250911775+0.16821017254296494i,-0.00021410876862530478-0.00007837741832319404i
-0.3875523758681376+0.31591608178694125i,0.00017860354936958557-0.00014328766347391442i
-0.0698452933882357-0.49509736398173687i,0.000030345540880472326+0.00022793791637867202i
0.4598229718527875+0.19637346250086202i,-0.00021165461123916153-0.00009234879832780639i
-0.40594566023759776+0.29190403428605316i,0.00018932445769662975-0.00013391132822056971i
-0.03978057232938392-0.49841476298056575i,0.00001671628416388221+0.00023226608938987074i
0.4471075062868077+0.22381810914972255i,-0.00020828077516848052-0.00010630400577334214i
-0.42285335789249245+0.26682374258305724i,0.00019955263883855256-0.00012375436823899524i
-0.009570271627547228-0.4999081785712996i,0.0000026738283952870378+0.0002357650882342628i
0.43275581895794646+0.25044367686146274i,-0.00020398042059288561-0.00012018201104419388i
-0.43821359391582376+0.24076698978166572i,0.00020923221320661708-0.00011284270676614148i
0.02067505198231545-0.4995721454938181i,-0.000011730500495781495+0.00023840051247031273i
0.41682043088239207+0.276152727485377i,-0.0001987507893569612-0.00013392089976188806i
-0.45197015643602867+0.21382913241413512i,0.00021830866924940254-0.00010120622433821054i
0.050844713596432944-0.49740789348496695i,-0.000026442699163398084+0.00024014119468484336i
0.3993596587413766+0.3008511769299526i,-0.00019259328730377551-0.0001474581478622666i
-0.4640727023383034+0.18610875147728273i,0.00022672914183526722-0.000088878686021462i
0.08082830520146628-0.49342334277824795i,-0.00004140629412237353+0.00024095940092879123i
0.38043740146714855+0.32444863947026437i,-0.00018551354793156324-0.00016073090343406542i
-0.4744769414987976+0.15770729166834763i,0.0002344426866957305-0.0000758976491398387i
0.11051609972045195-0.48763307511916454i,-0.000056562563664040734+0.00024083101762716828i
0.3601229064003069+0.3468587585209369i,-0.0001775214768536386-0.00017367627404169601i
-0.48314479886745865+0.12872869014093608i,0.00024140054956684913-0.00006230435171983994i
0.1397994525668121-0.4800582804022908i,-0.00007185077351257437+0.00023973572391199893i
0.338490515874253+0.367999522664185i,-0.00016863127663003838-0.0001862316182168177i
-0.490044553806375+0.09927899613964716i,0.0002475564286785038-0.00004814358196802245i
0.16857119923691294-0.47072667912535193i,-0.00008720842524932896+0.00023765714838765094i
0.3156193951541562+0.3877935657764045i,-0.00015886145162968677-0.00019833483977114026i
-0.4951509561736966+0.06946598290535175i,0.00025286672926134497-0.00003346352919088457i
0.19672604748615535-0.45967242094409916i,-0.00010257151646218356+0.0002345830094038304i
0.29159324272606+0.4061684501549814i,-0.00014823479267494176-0.00020992468355675783i
-0.49844531872831643+0.03939875327138464i,0.00025729080876719126-0.000018315616659868473i
0.2241609626534013-0.4469359596992269i,-0.00011787481151093407+0.00023050523798221845i
0.2664999839963446+0.42305693160919455i,-0.00013677834131527728-0.00022094103128103768i
-0.49991558551715415+0.009187340393999311i,0.0002607912115313179-0.0000027543170154430944i
0.25077554472361274-0.4325639053726765i,-0.00013305212173889402+0.00022542008261837077i
0.24043144952247514+0.43839720554509354i,-0.00012452333367303492-0.00023132519596997955i
-0.4995563759947696-0.021057694921760108i,0.0002633338916442769+0.000013163049106684658i
0.27647239574881766-0.41660885351510746i,-0.00014803659390480215+0.0002193281952599286i
0.21348303895257284+0.4521331331437881i,-0.00011150512390151529-0.00024102021366776156i
-0.49736900471384954-0.05122566882715522i,0.0002648884228460299+0.000029376530457748217i
0.3011574762827984-0.39912919276875397i,-0.0001627610055590318+0.00021223469784623103i
0.18575337190364638+0.464214446805431i,-0.00009776308739336034-0.00024997113096071914i
-0.4933614765145098-0.08120617948513664i,0.00026542819430641135+0.000045823777713673366i
0.3247404495251052-0.38018889119005406i,-0.0001771580660432219+0.00020414922888128034i
0.15734392705611966+0.47459693410706005i,-0.00008334050397503728-0.0002581252869211337i
-0.48754845723001494-0.1108895110936848i,0.00026493059121322966+0.00006244029023573148i
0.347135011914975-0.3598572621540167i,-0.00019116072175412557+0.00019508596960274914i
0.128358670785413+0.48324259960109106i,-0.00006828442142069614-0.0002654325880803582i
-0.47995122001612384-0.1401670353985588i,0.000263377159151733+0.00007915967604528264i
0.3682592089653242-0.33820871069701663i,-0.00020470246427983977+0.00018506364940261262i
0.09890367668963024+0.4901198038623491i,-0.000052645499714975855-0.0002718457750615131i
-0.4705975675004687-0.16893160922608502i,0.00026075375132742623+0.00009591392393238337i
0.38803573518099865-0.3153224612262949i,-0.00021771763999085543+0.0001741055302505535i
0.06908673740571317+0.49520337927478597i,-0.000036477836589731474-0.0002773206795294897i
-0.4595217300368708-0.1970779665811898i,0.00025705065775697225+0.000112633686550628i
0.4063922169637078-0.29128226759262943i,-0.00023014175964884416+0.000162239369968616i
0.03901697013465327+0.49847472213415284i,-0.000019838774952694344-0.00028181647015012494i
-0.4467642404369363-0.2245031038757634i,0.00025226271562981176+0.00012924857328880723i
0.42326147746833337-0.26617610658718655i,-0.00024191180658351955+0.00014949736430427773i
0.00880441731936657+0.49992186072957456i,-0.000002788692917331913-0.0002852958862907836i
-0.4323717856373614-0.25110665687758565i,0.0002463894001250173+0.0001456874516530082i
0.4385817824413511-0.24009585598422273i,-0.0002529665419820289+0.00013591606784882728i
-0.021440356063419264+0.4995394991548724i,0.000014609222768680571-0.0002877254582417115i
-0.4163970358457811-0.27679126800034115i,0.00023943489505400163+0.0001618787558418293i
0.4522970661417048-0.21313695830786358i,-0.0002632468058362991+0.0001215362939480561i
-0.05160666712352821+0.49732903668930856i,0.00003228921901371251-0.00028907571279020616i
-0.3988984517904143-0.30146294259060225i,0.00023140814278924278+0.00017775080115189334i
0.464357136517355-0.1853980715534269i,-0.000272695812101824+0.00010640299385251922i
-0.08158412010921046+0.49329856267682404i,0.00005018323342708561-0.00028932136303882105i
-0.3799400707788887-0.3250313929079195i,0.0002223228730320561+0.0001932321028120658i
0.4747178588866494-0.1569807081415016i,-0.00028125943663603707+0.00009056511545425917i
-0.11126301040821548+0.4874628269225122i,0.00006822116507684913-0.00028844148142312403i
-0.35959127234917787-0.3474103685392024i,0.00021219761006790008+0.00020825169781173373i
0.4833413174523149-0.12798886342605534i,-0.0002888864965063048+0.00007407544205561436i
-0.14053472601958872+0.47984318571466145i,0.00008633115784569386-0.0002864196549547246i
-0.33792652437026877-0.3685179720382142i,0.00020105565825564772+0.00022273946826256776i
0.4901959540570036-0.09852863511607189i,-0.0002955290192859076+0.00005699041171308574i
-0.16929214502698184+0.47046752366990696i,0.00010443989520165177-0.0002832441217899992i
-0.31502511052172144-0.3882769586350773i,0.00018892506559691643+0.0002366264648135107i
0.49525668367260484-0.06870783500347077i,-0.00030114250099177016+0.000039369917794702056i
-0.19743002761889247+0.4593701516875006i,0.00012247290513709965-0.0002789078883050202i
-0.29097084014942837-0.4066150189189781i,0.00017583856533279264+0.0002498452286263393i
0.49850498620068145-0.03863559441821954i,-0.00030568615135949417+0.00002127709148229864i
-0.2248454012212066+0.4465916813861448i,0.00014035487397175055-0.0002734088259411984i
-0.26585174155937785-0.4234650434595779i,0.00016183349561727192+0.0002623301104132281i
0.4999289742480822-0.008421964854502603i,-0.00030912312519932683+0.000002778067040443666i
-0.25143793733262754+0.4321788764828988i,0.00015800996766306082-0.0002667497471742956i
-0.23975973987183377-0.4387653683987255i,0.00014695169741931653+0.0002740175850392361i
0.4995234366296984+0.0218224847705153i,-0.00031142073863140845-0.000016058269239260743i
-0.27711031868393043+0.416184481658043i,0.00017536215922162013-0.00025893846005153046i
-0.2127903206148476-0.452460001113713i,0.0001312393909079341+0.0002848465602009384i
0.4972898574391655+0.05198707275147256i,-0.00031255066905887014-0.000035160545426445i
-0.30176859537740247+0.39866702953218713i,0.00019233556078904267-0.00024998780083625806i
-0.18504218028820674-0.4644988251262449i,0.00011474703067665313+0.00029475867770774214i
0.4932364106177169+0.08196140964234977i,-0.0003124891378037762-0.00005445518460154808i
-0.3253225287031464+0.3796906264619988i,0.0002088547589027884-0.0002399156443978464i
-0.15661686517660278-0.47483778350723915i,0.00009752914026487896+0.00030369860591498554i
0.4873779300410669+0.11163580223446566i,-0.0003112170744024434-0.00007386669862065707i
-0.34768592137403037+0.3593247179384519i,0.00022484515144553666-0.00022874489208424506i
-0.1276183997338118-0.4834390401062795i,0.00007964412653297565+0.00031161432188705964i
0.4797358552337926+0.14090165498654278i,-0.000308720261633532-0.00009331799377975417i
-0.36877693297076525+0.33764383444613333i,0.0002402332847569759-0.00021650343691709514i
-0.0981529058978381-0.49027111801568724i,0.0000611540745456664+0.0003184573819050763i
0.4703381529098747+0.16965186743778166i,-0.00030498946043406796-0.00011273068709779134i
-0.3885183794427143+0.31472731871365744i,0.0002549471893731726-0.00020322410605243946i
-0.06832821473016631-0.4953090147624945i,0.00004212452371343651+0.00032418317897633394i
0.4592192146265276+0.19778122614958232i,-0.00030002051394459025-0.00013202543187892563i
-0.4068380155683937+0.2906590353533304i,0.0002689167128526639-0.0001889445805547624i
-0.038253471800355626-0.49853429380676473i,0.00002262422603386318+0.0003287511860523536i
0.4464197309258596+0.22518678974157413i,-0.0002938144300148953-0.00015112225116106312i
-0.4236687993419766+0.26552706395266246i,0.0002820738481501492-0.00017370729263668466i
-0.008038737760097808-0.49993515201141636i,0.0000027248873638976906+0.0003321251837178456i
0.43198654242495266+0.25176826561288734i,-0.00028637744159571126-0.00016994087761063953i
-0.43894913731826085+0.2394233767408797i,0.0002943530560068742-0.0001575593006216419i
0.02220541443153251-0.499506462836638i,-0.0000174991072608173+0.00033427347117482475i
0.41597246839930685+0.27742837697002964i,-0.00027772104453886276-0.00018840109838286556i
-0.4526231100182452+0.21244350201003748i,0.0003056915798426129-0.00014055214199108353i
0.052368304157652146-0.49724979510082556i,-0.000037970983162415525+0.00033516905941367674i
0.39843611348696034+0.30207321881820054i,-0.0002678620124284805-0.00020642310343265587i
-0.464640676570422+0.18468617452246971i,0.00031602975165711665-0.00012274166498103817i
0.0823395481871255-0.49317340723937886i,-0.000058611879239408594+0.00033478984553641014i
0.379441653220667+0.32561260161327055i,-0.0002568223881680451-0.00022392783573395251i
-0.47495785783889083+0.15625297418393447i,0.0003253112874785249-0.00010418783929451511i
0.1120094646298169-0.4872922170823732i,-0.00007934116362230432+0.000333118767275437i
0.35905859917298855+0.3479603813168055i,-0.0002446294521526065-0.0002408373418449847i
-0.4835368973681211+0.127247954304754i,0.000333483570933188-0.00008495454659622371i
0.14126947432523446-0.4796277472617029i,-0.00010007676045501957+0.00033014393683496033i
0.337361544573772+0.3690347746462758i,-0.00023131566696094665-0.0002570751212436347i
-0.4903463995553741+0.09777726080935673i,0.0003404979235550333-0.00006510935155312532i
0.17001249819565847-0.4702080464474863i,-0.00012073548643009526+0.00032585875326959936i
0.31442989133094207+0.38875865836677104i,-0.00021691859860924738-0.00027256647285104333i
-0.495361444545137+0.06794874378774941i,0.00034630986050256443-0.00004472325427888494i
0.19813334910960964-0.4590675867019713i,-0.0001412333956514456+0.0003202619927072328i
0.29034755945359664+0.40705985152894i,-0.0002014808145149212-0.00028723883716281925i
-0.4985636794250957+0.03787156281047445i,0.0003508793304089476-0.000023870425131221i
0.22552911682160587-0.44624713732658083i,-0.00016148613134984305+0.00031335787581874603i
0.26520267994078867+0.42387137962028654i,-0.00018504975842641643-0.00030102213241562753i
-0.49994138538991983+0.007655787451430977i,0.000354170938152579-0.0000026279228982794723i
0.25209954457949446-0.4317936156637686i,-0.0001814092829344966+0.00030515611203628775i
0.23908727225989498+0.43913171966314213i,-0.00016767760268103423-0.0003138490832326489i
-0.4994895206270602-0.022588005519526395i,0.00035615414940533323+0.000018924602506813762i
0.2777473960211361-0.41575991539968027i,-0.00020091874682910685+0.0002956719201240713i
0.21209690759485747+0.45278502536235876i,-0.0001494210782587717-0.0003256555402145965i
-0.4972097387676181-0.05274913680010798i,0.00035680347588966024+0.00004070522164592453i
0.30237881101775965-0.39820471299596427i,-0.00021993108951233416+0.00028492602480970395i
0.18433035909666737+0.4647813314787817i,-0.00013034128320367797-0.00033638078897278966i
-0.4931103828347657-0.08271722959433436i,0.00035609864035563473+0.00006263005017974641i
0.3259036491617496-0.3791922529591033i,-0.00023836391116182457+0.0002729446292908356i
0.15588924041602395+0.4750767366805809i,-0.00011050347008655929-0.00034596784713836204i
-0.48720645471186214-0.11238261354423801i,0.00035402472037394397+0.00008461358517709756i
0.3482358196418526-0.35879211273309447i,-0.00025613620828655984+0.0002597593635392851i
0.12687763384098352+0.48363356420328407i,-0.00008997681328206082-0.0003543637479255771i
-0.4795195602419984-0.14163672607630579i,0.0003505722701303642+0.0001065690517090549i
0.3692935962985976-0.33707894807586425i,-0.0002731687337261727+0.0002454072084340586i
0.09740170940045434+0.4904204997305638i,-0.00006883415692985804-0.00036151980887828405i
-0.4700778301598852-0.17037250969390483i,0.0003457374195006748+0.0001284087582713458i
0.3889999167069649-0.3141322198512362i,-0.0002893843523962195+0.00022993039586358436i
0.06756933632745704+0.49541270599119663i,-0.00004715174454252492-0.0003673918844858179i
-0.45891581714543567-0.19848480376177374i,0.0003395219497828786+0.00015004445952859787i
0.4072826641917879-0.2900359032362711i,-0.0003047083911667774+0.0002133762850470067i
0.03748968830402763+0.4985919136528163i,-0.000025008931312033316-0.0003719406014186077i
-0.4460743693757873-0.2258707293488148i,0.0003319333455640107+0.00017138772483093082i
0.4240749317438331-0.26487818040816014i,-0.0003190689812772191+0.0001957972154328443i
0.007272843932395218+0.49994648817982834i,-0.000002487880251732216-0.0003751315752034236i
-0.4316004810385048-0.25243006572082827i,0.00032298482230305953+0.0001923503109170607i
0.43931526687073935-0.23875111783530162i,-0.0003323973917128372+0.00017725033664125635i
-0.02297061610545842+0.49947147241081835i,0.00002032675660930952-0.0003769356072337431i
-0.4155471203530212-0.27806561710538735i,0.0003126953293177297+0.00021284453718875868i
0.45294789648676564-0.21175032935354024i,-0.00034462835199938264+0.0001577974160221052i
-0.053130013725635694+0.49716860469963414i,0.00004334817068748802-0.0003773288610918815i
-0.3979730357296894-0.3026835683866507i,0.00030108952797076643+0.0002327836619193726i
0.4649229310183479-0.18397462626056293i,-0.0003557003629086954+0.00013750462450527986i
-0.08309497847661035+0.49304631255375764i,0.00006648774159956164-0.0003762930172453095i
-0.37894254077581224-0.3261938284284229i,0.00028819774496194214+0.0002520822577443281i
0.4751965469785274-0.1555256557089567i,-0.00036555599361317003+0.00011644230152129653i
-0.11275585144771089+0.4871196817932438i,0.00008965539278586531-0.0003738154052707396i
-0.3585252789354428-0.348510359769048i,0.00027405590074206236+0.0002706565847740606i
0.4837311473421043-0.12650752872125556i,-0.000374142163878047+0.00009468469986876761i
-0.14200408657367014+0.47941040134309376i,0.00011275995651845135-0.0003698891128542835i
-0.3367959686242679-0.3695514934815934i,0.00025870541317707775+0.0002884249596699692i
0.4904954991346145-0.09702643918827988i,-0.0003814104099383259+0.00007230971150065076i
-0.1707326478666394+0.46994668386109817i,0.00013570954675961723-0.0003645130709152819i
-0.31383412979227515-0.3892402280470722i,0.0002421930767014658+0.00030530811903153274i
0.49546484773161137-0.06719027524507223i,-0.0003873171327716242+0.000049398575292330094i
-0.1988364011219656+0.45876316249161764i,0.00015841193829170454-0.0003576921143037262i
-0.289723792914863-0.4075045111469555i,0.00022457091731106925+0.0003212295754577456i
0.49862100744996735-0.03710822444662609i,-0.00039182382754859196+0.000026035567941606146i
-0.22621249866425927+0.44590076412313806i,0.00018077495050118284-0.00034943701762668084i
-0.2645531914773664-0.42427750334373426i,0.00020589602385518064+0.00033611596466881033i
0.4999524280996687-0.00689037418829618i,-0.00039489729311907584+0.0000023076792327772616i
-0.252760755725747+0.431406559613424i,0.0002027068341695059-0.0003397645058671664i
-0.23841443907836626-0.43949782268457505i,0.00018623035619620479+0.0003498973821035687i
0.4994542372525547+0.023352691166822266i,-0.00039650982047381163-0.000021695727025805404i
-0.2783840170795232+0.41533359153038085i,0.00022411665959996718-0.0003286972395689663i
-0.21140319233345437-0.45310976933292324i,0.00016564053091109665+0.0003625077074458729i
0.4971282580733132+0.05351029497920104i,-0.0003966393592088532-0.00004588326501001618i
-0.30298851258598436+0.39774068003902097i,0.0002449147043936093-0.00031626377447257576i
-0.18361830081307198-0.465063529406i,0.00014419758531313966+0.0003738849155770561i
0.49298300264748+0.0834720733618805i,-0.0003952696611115119-0.00007016189038741496i
-0.3264842003512962+0.3786922076449045i,0.0002650128391790212-0.0003024984956000193i
-0.15516144529550732-0.47531535727223423i,0.00012197672067267495+0.00038397137250327604i
0.4870336408308591+0.11312837906492942i,-0.00039239040008301143-0.00009443727381806168i
-0.3487850962420803+0.3582578835818001i,0.0002843249096000364-0.00028744152589976177i
-0.12613676565888524-0.4838277356414986i,0.00009905702561331886+0.0003927141148645771i
0.4793019447343617+0.14237068273732184i,-0.00038799726771325684-0.00011861418288958894i
-0.3698095885504403+0.3365124887058072i,0.0003027671128718738-0.000271138609676001i
-0.09665047977390961-0.4905695128622915i,0.00007552118075309463+0.00040006511169703727i
0.4698162090474237+0.1710919700977833i,-0.00038209204392708224-0.0001425968708812862i
-0.38948073665778665+0.31353560182951734i,0.0003202583672308494-0.00025364097113956424i
-0.0668104947920404-0.49551601692340996i,0.000051455145749454445+0.0004059815071905237i
0.45861114749158605+0.199187133561132i,-0.00037468264222800584-0.00016628947071268237i
-0.40772655260447904+0.2894113084977129i,0.00033672067262471123-0.000235005148529593i
-0.03672601225163319-0.4986491457429233i,0.000026947829990694034+0.00041042584326117043i
0.4457277657831721+0.2265533568869305i,-0.0003657831291752556-0.0001895963923999105i
-0.42448026453486354+0.26422789327036184i,0.000352079461019908-0.00021529280436519116i
-0.006507128447174326-0.49995743341402354i,0.0000020907482561917567+0.00041336626084047885i
0.4312132115699648+0.2530904914427998i,-0.0003554137178413407-0.0002124227223184419i
-0.43968056105360703+0.23807751663901705i,0.0003662639347391792-0.0001945705124950413i
0.02373556847590541-0.49943609216532325i,-0.000023022337259301074+0.0004147766788705207i
0.41512060189105093+0.2787014227054316i,-0.00034360073511081234-0.00023467462255353987i
-0.4532718155990906+0.21105587775897128i,0.0003792073912868276-0.0001729095227184103i
0.05389140322638114-0.4970870298820441i,-0.000048295787094053295+0.00041463695008757775i
0.39750882879125393+0.303292425658064i,-0.0003303765627952533-0.0002562597286100502i
-0.46520429001275126+0.1832618642314207i,0.00039084753317016556-0.000150385503854105i
0.08385001839130046-0.4929188431239763i,-0.00007363246531589446+0.00041293299277361296i
0.37844234380152586+0.3267735077838191i,-0.00031577955265450406-0.00027708754375115264i
-0.47543431655939566+0.1547971902172845i,0.000401126761283777-0.00012707826623327228i
0.11350177829675168-0.4869467856657582i,-0.00009893412938758585+0.000409656897756502i
0.3579909220740045+0.3490587383996909i,-0.00029985391552935555-0.0002970698282414807i
-0.48392445773237003+0.12576602420702981i,0.00040999245048784676-0.0001030714646873752i
0.14273817022737706-0.4791927126746087i,-0.0001241018274734689+0.0004048070100445116i
0.33622940703490317+0.37006656312596575i,-0.0002826495849055477-0.00031612098178336384i
-0.4906436432587672+0.09627460780870367i,0.00041739720608288667-0.00007845228319388581i
0.17145220153633958-0.46968500072979436i,-0.0001490363015189793+0.0003983879845890413i
0.31323743648969216+0.3897201023402512i,-0.0002642220553427393-0.00033415841745591514i
-0.4955672838032896+0.06643086694924356i,0.0004232990999604401-0.00005331110242862463i
0.19953879119249193-0.458458443976528i,-0.00017363839440069957+0.0003904108157800909i
0.2890991511829083+0.4079474325238984i,-0.0002446321963145026-0.00035110292549563277i
-0.4986773609546651+0.03634401691190471i,0.0004276618852917978-0.00002774115155461462i
0.2268951543318515-0.44555412679433065i,-0.00019780945941842059+0.00038089284039219526i
0.2639028868791429+0.42468184947121235i,-0.00022394604211546404-0.0003668790252931168i
-0.49996249316529773+0.006124162655196438i,0.0004304551887056583-0.0000018381456531705036i
0.25342117840608974-0.43101927344583446i,-0.00022145177038169778+0.0003698577138131509i
0.23774085109205417+0.43986211239821715i,-0.00020223455860001816-0.00038141530402403356i
-0.4994179774028473-0.024118104124011885i,0.00043165467899837934+0.00002430008972752i
0.2790197895514925-0.41490707525624887i,-0.0002444689305324616+0.00035733535950396183i
0.21070878564444098+0.45343266805764143i,-0.0001795733876216201-0.0003946447403834409i
-0.4970458063613105-0.05427210970863741i,0.00043124221151846873+0.000050574005367764834i
0.30359730783763994-0.3972764959559397i,-0.0002667662785416231+0.00034336189175476246i
0.18290561629426175+0.4653438540399616i,-0.0001560425701433054-0.0004065050119498411i
-0.49285466116861404-0.08422750337968965i,0.0004292059474694334+0.00007688272492011309i
0.3270637900957457-0.37819205589848137i,-0.00028825128982241016+0.0003279795119187383i
0.1544330907088171+0.4755520805165069i,-0.00013172624908770327-0.0004169387847702397i
-0.48685987961741456-0.11387466125254184i,0.00042554044748006393+0.00010312444955607476i
0.34933335907205365-0.35772359594385417i,-0.00030883397141485345+0.00031123637842195995i
0.12539540611195568+0.48401998975952387i,-0.000106712353087962-0.0004258939838280501i
-0.4790834000353579-0.14310508745330036i,0.0004202467389013442+0.00012919686902740057i
0.37032451770172903-0.33594602187086986i,-0.00032842724871633936+0.0002931864509631747i
0.09589882796695354+0.4907165928554268i,-0.00008109226238955705-0.00043332404313292395i
-0.46955368100021744-0.1718118111671394i,0.00041333235640001094+0.00015499757741791755i
0.38996044735314067-0.31293903025417036i,-0.00034694734236026797+0.0002738893094311946i
0.06605130109052565+0.49561738311092296i,-0.0000549604582361569-0.000439188134254433i
-0.4583055971937115-0.19988977810557346i,0.0004048113555339059+0.00018042449183386958i
0.40816928895108195-0.28878681680896784i,-0.0003643141335806932+0.0002534099481802766i
0.035962054621124784+0.4987044257369906i,-0.000028414157150396777-0.00044345137221024107i
-0.4453803117751371-0.227236234960066i,0.0003947042991094009+0.00020537627226005915i
0.4248844059501467-0.2635777682708623i,-0.0003804515164428193+0.0002318185464133923i
0.005741202287172925+0.49996642348251036i,-0.0000015529315923482964-0.0004460849977124798i
-0.4308251257418718-0.2537511054350394i,0.000383038216239184+0.00022975274079638027i
0.44004462819588636-0.23740413893832302i,-0.0003952877353698493+0.0002091902155303663i
-0.024500660561926235+0.499398757977356i,0.000025521681456329867-0.0004470665348747442i
-0.41469330482802574-0.27933735648416624i,0.0003698465341361013+0.0002534552984843965i
0.4535944757813221-0.21036171306154952i,-0.0004087557064532886+0.00018560472440132142i
-0.05465286168730055+0.4970035066336465i,0.00005270658237546085-0.0004463799235844926i
-0.3970438845747136-0.30390135340967417i,0.0003551689827976172+0.00027638733793645525i
0.46548436207959365-0.18254945431322436i,-0.00042079332109801665+0.00016114620362558832i
-0.08460505697350601+0.4927894350433095i,0.00007989751959755598-0.0004440156258520168i
-0.3779414542853118-0.32735320252515354i,0.00033905147285298197+0.00029845464999066077i
0.4756707752097323-0.15406914362394475i,-0.00043134373062361336+0.00013590282993141317i
-0.11424763424063178+0.4867719648997773i,0.0001069895074032326-0.00043997070555698787i
-0.357455920656328-0.3496070801278703i,0.0003215459469626879+0.00031956582263343604i
0.4841164372714709-0.12502500670769767i,-0.0004403556105205656+0.0001099664919626882i
-0.14347211437783533+0.4789731175612064i,0.00013387724907921433-0.0004342488811263201i
-0.33566225194889493-0.37058154657668285i,0.00030271020527556616+0.0003396326304581522i
0.49079044076635925-0.09552333264047908i,-0.00044778340314244547+0.00008343243878386787i
-0.17217154833033133+0.4694214334617587i,0.00016045556366728943-0.00042686055079199105i
-0.31264020363710887-0.3901998443261774i,0.0002826077055630448+0.000358570412961878i
0.49566836170594464-0.0656720848878925i,-0.0004535875377033627+0.00005639891251452231i
-0.20024090848703247+0.45815186766586147i,0.00018661981451014695-0.0004178227901946243i
-0.2884740265372242-0.40839017882634143i,0.00026130733876148003+0.00037629844002424003i
0.4987323489930868-0.03558050620520023i,-0.00045773462654408013+0.000028966766578640782i
-0.2275774730365294+0.4452056619476731i,0.00021226633778552453-0.0004071593222170573i
-0.263252158485824-0.4250859812598039i,0.00023888318076268378+0.000392740262961249i
0.49997118974931226-0.0053587188557239354i,-0.0004601976367279201+0.0000012390711214372425i
-0.2540812018848352+0.43063019386388945i,0.0002372928692130678-0.0003949004590511679i
-0.23706690069529457-0.44022615215513683i,0.00021541422139787324+0.0004078240496030365i
0.4993803503491367+0.024882678389376918i,-0.00046095603613084733-0.0000266792927924599i
-0.27965510275919414+0.41447880337222065i,0.0002615989671197791-0.0003810830166209094i
-0.2100140799710006-0.4537552849846981i,0.000190984071662281+0.00042148290190762447i
0.4969619930111893+0.055033014995141225i,-0.00045999591329652526-0.00005468204853140177i
-0.3042055861581733+0.39681059763003745i,0.0002850864300588428-0.00036575020160407683i
-0.18219269802630578-0.4656238689287441i,0.00016568065032461626+0.00043365515469246876i
0.49272496788542003+0.08498195366946654i,-0.0004573100704376365-0.00008266194708470812i
-0.32764280784907057+0.3776902346875429i,0.0003076597071936728-0.0003489514714136655i
-0.1537045691787901-0.4757884700637798i,0.00013959585115877086+0.00044428465414200606i
0.4866847806653497+0.1146198941502436i,-0.0004528980890777705-0.00011051119633142978i
-0.3498809976592475+0.3571876868670594i,0.0003292262996838542-0.0003307423676173979i
-0.12465394775354488-0.4842118903120788i,0.00011282519212213078+0.00045332101483117613i
0.47886353584388525+0.14383837429527807i,-0.00044676636794414366-0.00013812189460297666i
-0.3708387733581511+0.33537798469435803i,0.0003496971513422466-0.00031118432338969794i
-0.09514714655708559-0.49086330357068275i,0.00008546744788731164+0.0004607198540932684i
0.4692898558203638+0.17253046700718108i,-0.0004389281328388655-0.00016538646672831198i
-0.3904394384813486+0.3123409423191368i,0.0003689870268728548-0.00029034444570340083i
-0.06529214781810813-0.49571836852170803i,0.00005762426720980693+0.0004664430026534721i
0.45799877615485396+0.20059117154065476i,-0.00042940341833614293-0.0001921981007336524i
-0.4086112630066719+0.28816086542948693i,0.00038701487604653217-0.00026829527307961956i
-0.035198208018875715-0.49875931771112336i,0.00002939977668421205+0.0004704586905476698i
0.44503161735304375+0.227917797760156i,-0.0004182190212726175-0.00021845118335998061i
-0.4252877458553139+0.2629262427292568i,0.0004037041822267044-0.0002451145098211271i
-0.0049754580633828704-0.49997502257000537i,0.0000009001725048304665+0.0004727417074490331i
0.43043583365092264+0.25441034194172063i,-0.00040540842611904533-0.00024404173256085298i
-0.4404078582572357+0.23672942210737305i,0.00041898329371942806-0.00022088473775842924i
0.02526549975448611-0.49936103414032484i,-0.00002776669809738827+0.00047327353663140605i
0.4142648393526448+0.27997185274367287i,-0.0003910117024418824-0.00026886782515033304i
-0.4539162670902726+0.20966627268420124i,0.00043278573649045856-0.00019569310663688006i
0.05541399650788498-0.49691959935622365i,-0.000056491764019952554+0.00047204246190907234i
0.3965778133570995+0.3045087860069271i,-0.00037507537478344234-0.00029283001778583037i
-0.46576353737561327+0.18183583397170955i,0.0004450505068677546-0.00016963100436813487i
0.08535970163778134-0.4926596528212008i,-0.00008516516429273358+0.00046904364700585426i
0.3774394825885404+0.3279313470864629i,-0.0003576522654079685-0.0003158317594939624i
-0.4759063131886068+0.15333995343136145i,0.00045572234292878144-0.00014279370845851695i
0.11499302671545103-0.48659678411129703i,-0.00011367668712299263+0.00046427918692297927i
0.3569198851238211+0.3501538194611873i,-0.00033880131047837615-0.00033777979397837737i
-0.4843074763228383+0.12428291375611669i,0.0004647519733597468-0.00011528002001136403i
0.1442055264890942-0.4787531807239379i,-0.00014191621215717962+0.00045775813099287925i
0.3350941138830935+0.3710948784196149i,-0.0003185873503430289-0.0003585845499869615i
-0.49093628212683443+0.09477105124053165i,0.0004720963426661425-0.0000871918817783824i
0.17289029574691417-0.46915754688121564i,-0.0001697741541163937+0.0004494964774264448i
0.3120420418219486+0.3906778886734092i,-0.00029708089472443145-0.00037816051806218625i
-0.4957684720162932+0.06491236663555819i,0.0004777188117118674-0.00005863398180726242i
0.20094236054431247-0.45784499848475557i,-0.0001971419059514014+0.0004395171392820605i
0.287848029630677+0.408831184809647i,-0.00027435786371092264-0.0003964266120518751i
-0.49878636225009126+0.03481612991214644i,0.00048158933266672076-0.000029713344298251945i
0.228259062363472-0.4448569346065867i,-0.00022391227966058453+0.0004278498819061955i
0.26260061701035087+0.42548833355547333i,-0.00025049930555719766-0.00041330651381800887i
-0.49997890864518585+0.004592480380048245i,0.0004836845975484527-0.0000005389093409190538i
0.2547404337994743-0.4302408859863063i,-0.00024997994291881643+0.0004145312320169388i
0.2363921986555147+0.4405883768953674i,-0.00022559109240183665-0.00042872899964907865i
-0.4993417469935864-0.025647976374788085i,0.00048398815965563694+0.000028778896745805448i
0.28028956439809743-0.4140503410889711i,-0.00027524184967890733+0.000399604358723039i
0.20931868612925952+0.4540760551513186i,-0.00019972359510544624-0.00044262824695518507i
-0.4968772090334818-0.05579457325919182i,0.00048249052730170493+0.000058128598703430206i
0.3048129553064864-0.39634455036027294i,-0.0002995976629280904+0.0003831189268906609i
0.1814791568680631+0.46590200920953073i,-0.00017299133850584764-0.0004549441199058396i
-0.4925943139160793-0.08573698666683574i,0.0004791892293761138+0.00008739811544956634i
0.3282208614388275-0.3771883093953349i,-0.0003229501678110878+0.0003651309233890579i
0.15297549160089552+0.47602296115359555i,-0.00014549263847196055-0.0004656224327561927i
-0.4865087351993824-0.11536564021528639i,0.00047408885237757033+0.00011647520718689034i
0.3504276199048452-0.3566517218146428i,-0.0003452056733681478+0.00034570245686214087i
0.12391200150947593+0.48440187264309187i,-0.00011732922221922565-0.0004746151896998129i
-0.478642743489695-0.14457210574853585i,0.0004672010486843249+0.00014524792465150772i
0.3713519634992158-0.3348099427148814i,-0.00036627440118064115+0.00032490153178710453i
0.09439504649411548+0.4910080804580166i,-0.00008860583342318761-0.0004818808001825215i
-0.46902512494076054-0.17324950013751783i,0.00045854451594798395+0.00017360505863372203i
0.39091731810466107-0.3117429036335351i,-0.00038607085926869214+0.0003028017976918661i
0.06453264594212937+0.49581740871300906i,-0.00005942982373585056-0.00048738426871403566i
-0.4576910759087934-0.20129287642648838i,0.0004481449476194995+0.00020143658789908598i
0.40905208292035383-0.2875350200337655i,-0.0004045141996442943+0.00027948227450997373i
0.0344340834232392+0.4988122573307161i,-0.000029910732370230474-0.0004910973583198337i
-0.4446820741489209-0.22859960789384248i,0.00043603495473822285+0.00022863412364057095i
0.4256898924901188-0.2622748823800459i,-0.0004215285579893503+0.00025502705515496876i
0.004209506758609927+0.49998166645052117i,-0.0000001598554725581339-0.0004929987268857057i
-0.4300457270244013-0.25506976362187006i,0.0004222539592368236+0.0002550913486034676i
0.4407698595715196-0.2360549319350823i,-0.0004370433740005837+0.0002295249864945338i
-0.026030475072902542+0.499321356536931i,0.000029710192951949593-0.0004930740357605315i
-0.41383559728410557-0.2806064742010269i,0.0004068480591359642+0.0002807044490437223i
0.4542367979570354-0.20897112246446586i,-0.00045099369102224627+0.00020306932999848365i
-0.05617519671614371+0.4968337440408388i,0.00005958592675465858-0.0004913160300991335i
-0.39611100704584506-0.305116286230399i,0.00038986986612190547+0.00030537253770723463i
0.4660414244318948-0.18112256908707175i,-0.00046332043367283563+0.0001757574034229231i
-0.08611434142736366+0.4925279325563505i,0.00008935343816423316-0.000487724590545454i
-0.3769368207028794-0.32850950431704196i,0.000371378316118158+0.00032899806605224055i
0.47614053912949106-0.15261118555626224i,-0.0004739706622621515+0.0001476902049753419i
-0.11573834478615522+0.48641967950553766i,0.00011889885125229414-0.0004823067559764677i
-0.3563832075480765-0.3507005193226235i,0.0003514384535769764+0.00035148722397936754i
0.4844971836243533-0.12354131129928889i,-0.00048289780289156197+0.00011897202148191106i
-0.14493879565420872+0.47853133847303586i,0.000148108776468863-0.00047507671714919696i
-0.3345253849844152-0.37160812165612866i,0.00033012119032906594+0.00037275032538365056i
0.4910807761841222-0.09401932957976886i,-0.0004900618522305884+0.00008971002214836691i
-0.1736088329135514+0.4688917774015182i,0.00017687076436425996-0.00046605578121562555i
-0.3114433432615723-0.39115579846610915i,0.00030750303993813883+0.00039270217789994075i
0.4958672236855648-0.06415327818059721i,-0.0004954295560685901+0.000060013839568948214i
-0.20164353653237596+0.4575362729474144i,0.00020507375661513248-0.00045527230719294974i
-0.2872215527459384-0.40927201364488175i,0.0002836658286119368+0.00041126243527737054i
0.49883900978506596-0.034052454032029535i,-0.0004989745608489958+0.000029995139694180722i
-0.228940311527328+0.44450638138348897i,0.00023260853248043654-0.00044276161259916726i
-0.2619486547953303-0.42589046961998134i,0.0002586963838214405+0.000428355930889139i
0.49998525902092816-0.00382701323182458i,-0.0005006775375067038-0.00000023281748259881864i
-0.2553992634171134+0.42984978652071687i,0.0002593681488300248-0.0004285658515859698i
-0.23571713736966451-0.44095034997482224i,0.00023268620187566976+0.0004439129909615991i
0.4993017766128935+0.026412432078796504i,-0.0005005262770445628-0.00003055562471878265i
-0.28092356379342764+0.4136201252060018i,0.00028524837191290823-0.00041273386502089577i
-0.20862299656471686-0.4543965420106817i,0.00020573109578968222+0.00045786972618979196i
0.49679106381323945+0.05655521850811506i,-0.0004985157574031022-0.00006085817996085023i
-0.30541980467137275+0.39587679103433426i,0.00031014809906471243-0.0003953210030898451i
-0.1807653853076122-0.46617983843552424i,0.00017793082486768682+0.00047016830049579744i
0.49246230875326913+0.086491036394434i,-0.0004946481812979601-0.0000910251425664326i
-0.32879834032259425+0.37668471699372635i,0.0003339697685937076-0.0003763889211066353i
-0.15224625049966517-0.4762571174415719i,0.0001493887075022517+0.00048075717578109037i
0.48633135281869333+0.1161103334920972i,-0.0004889329848210107-0.00012094139143072314i
-0.350973615340172+0.3561141378383419i,0.00035661975613285123-0.00035600534933039973i
-0.12316995993447505-0.48459150051261335i,0.00012021121876240861+0.0004895913316233743i
0.478420632676959+0.14530471588569108i,-0.00048138681672361456-0.00015049248312785734i
-0.37186447773469194+0.3342403330594409i,0.0003780087557996807-0.00033424383770097523i
-0.0936429203565933-0.4911524873835462i,0.00009050757440927196+0.0004966324589725574i
0.4687590981686738+0.17396734466525465i,-0.0004720334884239309-0.00017956510817578695i
-0.39139447591569776+0.31114335139474814i,0.00039805214456855144-0.0003111834765093369i
-0.06377318805850599-0.495916067658257i,0.00006038930303626815+0.0005018491270087457i
0.45738210636361587+0.20199332691083727i,-0.0004609038949022959-0.00020804754353916221i
-0.4094921384717013+0.28690771788442987i,0.0004166703283280505-0.00028690859412135996i
-0.03367007344097875-0.49886480867736627i,0.000029969808082583067+0.0005052169224368659i
0.4443312921690322+0.22928009955556744i,-0.0004480359067718974-0.00023583009949886994i
-0.4260912357248744+0.2616221245457224i,0.00043378906817223887-0.00026150843297112096i
-0.0034437409839040145-0.4999879193142803i,-0.0000006360784876183645+0.000506718560607414i
0.4296544159637466+0.2557278047224603i,-0.0004334742339322549-0.00026280555903866455i
-0.44113102210324506+0.23537910579821383i,0.000449339785555865-0.00023507680513159624i
0.026795193908416087-0.4992812894660826i,-0.00003131254901116048+0.0005063439679705762i
0.4134051888156715+0.28123965516139005i,-0.0004172702613327611-0.0002888696079295215i
-0.45455645844342085+0.20827469982758168i,0.000463259845031034-0.0002077117288573337i
0.056936069712174464-0.4967475050947473i,-0.00006194327759959602+0.0005040903354903148i
0.39564307592235093+0.3057222884488865i,-0.0003994818574907593-0.0003139212537296367i
-0.4663184134103043+0.18040809712705194i,0.0004754928133761079-0.00017951504757426976i
0.08686858375774364-0.49239583876362814i,-0.00009241188038215503+0.0004999621427667577i
0.37643307899385847+0.32908610865453575i,-0.0003801731565229308-0.00033786323196348904i
-0.4763738432966943+0.1518812775027633i,0.00048598869402522517-0.000150592032866449i
0.11648319589010661-0.4862422157038554i,-0.00012260237662706412+0.0004939711527373452i
0.3558454983744357+0.3512456142236333i,-0.0003594143145601568-0.0003606023977957473i
-0.4846859495447806+0.12279863687144449i,0.0004947041358098949-0.00012105097307695349i
0.14567152933881247-0.47830915553482567i,-0.00015239964884525083+0.00048613637695014755i
0.33395567577340385+0.37211971087617846i,-0.0003372812415234932-0.0003820501015757978i
-0.4912243134130718+0.09326660521616364i,0.0005016026151308282-0.00009100274920157007i
0.17432676733044203-0.4686256898520589i,-0.00018168989998415517+0.0004764840115260332i
0.3108437185468428+0.3916320083771352i,-0.0003138553093423988-0.0004021225466949975i
-0.4959650072959349+0.06339325709826768i,0.0005066545907886473-0.00006056039980743545i
0.20234404399215675-0.4572272559840194i,-0.000210361105830215+0.00046504734404850465i
0.2865942065390477+0.4097111000919074i,-0.0002892230377953034-0.0004207411282723902i
-0.4988906822883623+0.03328791615087106i,0.0005098376308164052-0.000029838676755486308i
0.22962082811578588-0.44415556730670214i,-0.00023830346075856613+0.0004518666317419312i
0.2612958825565996+0.4262908243039757i,-0.00026347575924613205-0.0004378327512637687i
-0.4999906316755184+0.0030607550012777315i,0.0005111365107731676+0.0000010464064555323435i
0.25605729837804486-0.42945846059057896i,-0.0002654098149950861+0.000436988951418492i
0.23504132760777818+0.4413105063383842i,-0.00023670926363930016-0.00045333012667479473i
-0.4992608301147207-0.027177607913551022i,0.0005105432830769522+0.00003197803187452731i
0.28155670864373705-0.41318972093854955i,-0.00029157610159131705+0.0004204680217922394i
0.20792662209580764+0.4547151806050107i,-0.00020902342519771901-0.00046717204464978026i
-0.4967039483664667-0.05731651316300028i,0.0005080573170761698+0.00006283903794053827i
0.30602574201508714-0.3954088849555478i,-0.0003167017513551857+0.0004023639988740364i
0.1800509942058145+0.4664557917490364i,-0.00018052181234562355-0.00047930362330383215i
-0.4923293435205961-0.08724566528882548i,0.0005036853096804905+0.0000935123820942665i
0.3293748523315378-0.3761810228701201i,-0.0003406900940304754+0.00038274324527321776i
0.1515164567722575+0.4764893741724917i,-0.00015131128244730936-0.0004896765322673725i
-0.48615302475335903-0.11685553643919322i,0.0004974412664946699+0.00012388160326330945i
0.3515185918702655-0.3555765004053151i,-0.0003634487440753632+0.0003616780743408756i
0.12242743395573488+0.4847792092699038i,-0.00012150156301669929-0.0004982491900171694i
-0.4781975947407006-0.1460377671936116i,0.0004893464535221186+0.00015383128232622693i
0.3723759240481744-0.33367072127033703i,-0.00038488996945426504+0.00033924647019409603i
0.09289037909537357+0.4912949598026348i,-0.00009120482110863382-0.0005049869341771125i
-0.4684921669421683-0.17468556311190397i,0.0004794293196269163+0.00018324749866902297i
0.3918705199810107-0.3105438512153317i,-0.00040493104192830103+0.0003155317847610166i
0.06301338513529522+0.49601278092015466i,-0.00006053522265195085-0.0005098621640847705i
-0.45707225905814386-0.2026940855560258i,0.00046772539006520187+0.00021201828096425356i
0.4099310378143204-0.2862805246591461i,-0.0004234945674067865+0.00029062241308190786i
0.03290578905083208+0.4989154074219605i,-0.000029608483525833567-0.0005128544550351405i
-0.4439796630503049-0.22996083535448575i,0.0004542771315166453+0.0002400340503272288i
0.4264913838040191-0.2609695349636796i,-0.0004405087950052673+0.0002646114481916395i
0.0026777717221217745+0.4999922169408003i,0.0000014585857850368274-0.000513950643730896i
-0.4292622922009799-0.2563860279053229i,0.00043913378916566736+0.00026718805403607695i
0.4414909541911277-0.2347035094882859i,-0.000455907903544913+0.0002375963169935915i
-0.02756004528062614+0.4992392688159786i,0.000032548540095046934-0.0005131448845882479i
-0.4129740057710992-0.281872958344924i,0.0004223511964973345+0.00029337678804211586i
0.45487485698552166-0.20757857061339324i,-0.00046963226432159374+0.0002096783986131481i
-0.057697004524600665+0.4966593185144832i,0.00006354376210196568-0.0005104386766688516i
-0.39517441189841485-0.3063283554463215i,0.0004039915585866943+0.0003185004065441974i
0.46659411284705626-0.17969398397384456i,-0.00048162867907265906+0.00018096262679171072i
-0.08762281767310232+0.4922618075471583i,0.00009432692576075143-0.0005058408611301678i
-0.3759286494572985-0.32966272295185345i,0.0003841232097694615+0.0003424631169553682i
0.47660583432893006-0.15115179518927696i,-0.0004918505921724931+0.0001515570779470688i
-0.11722796909352154+0.48606282891682745i,0.00012478145855441733-0.0004993675892091028i
-0.3553071496784183-0.3517906670910571i,0.00036282034668806446+0.0003651735586513484i
0.48487338282733444-0.12205645642094987i,-0.0005002582761954722+0.00012157254658504272i
-0.14640411663755248+0.4780850682248098i,0.0001547920007748602-0.0004910422608761162i
-0.33338537840066196-0.37263120908522i,0.000340162737808795+0.00038654516395879854i
0.4913665026630194-0.0925144441216631i,-0.000506818990095986+0.00009112210979860399i
-0.17504448812695766+0.4683577206513553i,0.00018424485994032128-0.0004808954344184838i
-0.31024355989855407-0.3921080814949547i,0.0003162354106024214+0.000406496499915909i
0.496061431804093-0.06263386937763693i,-0.0005115071093693286+0.000060320682634806997i
-0.203044272093916+0.4569163841138145i,0.00021302845849744664-0.00046896470733174964i
-0.2859663832958429-0.4101500073262954i,0.0002911283176725279+0.0004249515894184003i
0.49894098882486104-0.0325240822683361i,-0.0005143042276733866+0.00002928456614638944i
-0.23030100134601209+0.44380292899354007i,0.00024103377298518978-0.0004552945690169517i
-0.2606426926396531-0.4266909608739052i,0.00026493598320218774+0.00044184021045073744i
0.49999463578247194-0.002295271692108811i,-0.0005151992295102769-0.0000018690100259574637i
-0.2567149279521842+0.42906534490826i,0.00026815476287451627-0.00043993622589782967i
-0.23436516176940453-0.44167040934682045i,0.0002377571311696818+0.0004570981721940269i
0.49921851678126283+0.027941937877889768i,-0.0005141883336870631-0.000033022348673940005i
-0.2821893882773413+0.4127575650906725i,0.00029428878734237253-0.0004229473996856995i
-0.20722995517033224-0.45503353439248645i,0.00020969429685865004+0.00047066756689896443i
0.49661547208368495+0.05807689123179188i,-0.0005112751073955413-0.00006405774776432179i
-0.3066311567297828+0.3949392690159628i,0.00031933700828954217-0.00040439209963007627i
-0.17933637605274316-0.46673143270840184i,0.00018085342325522682+0.0004824969965133696i
0.49219502771616064+0.08799930737359488i,-0.0005064704508735081-0.00009485796301847065i
-0.32995078692685287+0.37567566400053565i,0.00034320477797110963-0.0003843403697003491i
-0.15078650294488466-0.47672129500721583i,0.00015134344398604781+0.0004925417731596938i
0.4859733606079157+0.11759968310227584i,-0.0004997925527309865-0.00012530666844597562i
-0.35206293903031316+0.35503724657122343i,0.00036580200967308984-0.0003628680117459564i
-0.12168481612934118-0.4849665626803483i,0.00012127585450473019+0.0005007640926664471i
0.47797323939036046+0.14676969374651094i,-0.0004912668161465805-0.0001552889129599378i
-0.3728866920535238+0.3330995444782534i,0.00038704352994103436-0.00034005628578111447i
-0.09213781529004114-0.491437061586807i,0.00009076427328103525+0.0005071331804702208i
0.46822394107367227+0.17540258958648214i,-0.00048092575625888266-0.00018469157121990697i
-0.39234583999752587+0.3099428402960971i,0.00040684941094405914-0.00031599158863304146i
-0.062253629769120605-0.4961091124775928i,0.00005992399478633915+0.0005116254093198366i
0.45676114390550115+0.20339358651203687i,-0.00046880886919700905-0.00021340378687459503i
-0.41036917073229123+0.2856518776237029i,0.00042514528164179694-0.0002907651122807319i
-0.03214162285993749-0.4989656176515891i,0.00002887153610049909+0.0005142243883312004i
0.44362679680389694+0.23064024948756007i,-0.0004549624733102681-0.00024131740641018557i
-0.42689072660255556+0.26031555095929404i,0.0004418626165110035-0.00026447248329329847i
-0.0019119915843552882-0.49999612352580924i,-0.000002275821010908103+0.0005149210230605835i
0.4288689658422732+0.25704286742024196i,-0.00043943952327143114-0.0002683274018511293i
-0.44185004580452975+0.23402658038465718i,0.00045693900068266064-0.00023721338485302305i
0.0283246365810636-0.49919685889102483i,-0.00003340049068351975+0.0005137135463838252i
0.4125416583482063+0.28250481805988337i,-0.0004222993978391654-0.00029433228060901455i
-0.45519238365015147+0.20688117224943567i,0.00047031837043976855-0.00020909116291825124i
0.0584576085541427-0.49657074871277174i,-0.00006438504433192606+0.0005106075200900735i
0.3947046252597963+0.30693292159486363i,-0.0004036076621721719-0.0003192344808302897i
-0.46686891290914967+0.17897866709718063i,0.0004819512281287352-0.00018021241814399736i
0.08837665058988264-0.4921274034272327i,-0.00009511267094409966+0.0005056158072192627i
0.3754231424628765+0.33023778165025997i,-0.0003834358056918809-0.0003429407506562342i
-0.47683690249575134+0.15042117612159556i,0.0004917948306446467-0.0001506865852347894i
0.11797227183504058-0.4858830837711647i,-0.00012546763442594877+0.0004987585152933489i
0.3547677719092868+0.3523341124402136i,-0.00036186095658915243-0.00036536250987708515i
-0.4850598738461157+0.12131320748339114i,0.000499813350760856-0.00012062550145313011i
0.14713616501766222-0.4778606412745816i,-0.00015533572614450942+0.0004900629107109255i
0.3328141033904135+0.3731410508773021i,-0.0003389655741653157-0.0003864161925376773i
-0.49150773441422235+0.09176128385527071i,0.0005059780106862154-0.00009014296604874266i
0.1757616028052131-0.46808943463396124i,-0.00018460471084132715+0.0004795633046932731i
0.3096424779109944+0.3925824524967353i,-0.00031483712028699043-0.0004060235691323921i
-0.4961568877976749+0.06187355259466458i,0.0005102671873490477-0.00005935429240850138i
0.2037438283808119-0.4566052222720173i,-0.0002131647641177607+0.00046730091128621584i
0.2853376936755219+0.4105871701124161i,-0.000289567711317872-0.00042411204711411185i
-0.4989903200904062+0.031759389970816565i,0.0005126664890241929-0.000028375854753226872i
0.2309804388082198-0.44345003147721784i,-0.00024090889973235857+0.00045332367803667655i
0.25998869576320843+0.4270893141851084i,-0.0002632537519686755-0.00044061494853309477i
-0.49999766214627306+0.0015290008945803458i,0.0005131688030378346+0.0000026753687730323892i
0.2573717597826389-0.4286720046019478i,-0.0002677333849951569+0.00043768609007363714i
0.23368825062716955+0.4420284939498705i,-0.00023599555257798206-0.0004554717637184701i
-0.4991752275256805-0.02870698438425649i,0.0005117743144049213+0.00003368225476446185i
0.2828212103958889-0.4123252228821599i,-0.00029353814259644906+0.00042044894843174283i
0.2065326066090187+0.45535003842033744i,-0.00020789693140214516-0.0004686283800152229i
-0.49652602598636864-0.05883791513620666i,0.0005084904953731662+0.00006452799310526095i
0.307235656581081-0.3944695085232622i,-0.0003182271372663727+0.0004016791235595803i
0.1786211417112455+0.46700519646106686i,-0.00017906480355060842-0.000480037284694535i
-0.4920597524689912-0.08875352508626379i,0.0005033320659678657+0.0000950965435556105i
0.33052575194333106-0.37517020577652027i,-0.0003417087457274185+0.0003814492850552172i
0.15005599991637672+0.47695131519577233i,-0.0001496087582549479-0.0004896577412630213i
-0.48579275161779323-0.11834433594114573i,0.0004963209257504608+0.00012527308852751447i
0.3526062647292205-0.354497941807143i,-0.00036389610847387105+0.0003598376087667107i
0.12094171738383819+0.48515199609854476i,-0.00011964062620388744-0.0004974559385076369i
-0.4777479579662289-0.1475020580328619i,0.000487486057121634+0.00015494448022601375i
0.3733963897384334-0.33252836822916787i,-0.00038470746199010825+0.0003369274624862854i
0.09138483989247687+0.4915772281968355i,-0.00008927403871375556-0.0005034051117263474i
-0.46795481200641065-0.17611998661242237i,0.0004768634006161916+0.00018399968035826293i
0.39282004403610893-0.30934188425302284i,-0.00040406645010301087+0.0003128070715515207i
0.06149353292873602+0.49620349789873563i,-0.00005862398053358623-0.0005074856357100892i
-0.4564491524495441-0.2040933923434241i,0.0004644957027505131+0.00021233019064757704i
0.41080614538373184-0.28502334245892136i,-0.0004219024132522089+0.0002875691657469247i
0.03137718584739843+0.4990138750426316i,-0.000027806338105612244-0.0005096850891586042i
-0.44327308507162655-0.23131990456647433i,0.00045043233709508575+0.00023983047243150387i
0.4272888723696165-0.2596617382728361i,-0.0004381506545560455+0.0002613106089724381i
0.0011460115534948079+0.49999807485433023i,0.000003062554883218724-0.0005099982903308518i
-0.42847482862437697-0.257699885931869i,0.00043472909935293556+0.00026639835367172336i
0.44220790528702586-0.23334988428143416i,-0.00045275268164816+0.00023413201321281608i
-0.029089356829627572+0.4991524955849177i,0.00003386637281681105-0.0005084273038489026i
-0.4121085383752995-0.28313679702953i,0.00041744797732922085+0.0002919354217594667i
0.4555086468784096-0.2061840705778435i,-0.00046565642336225904+0.00020613733840220788i
-0.0592182708300549+0.496480231691616i,0.00006448925249149102-0.0005049814186930435i
-0.3942341079226469-0.3075375496818141i,0.00039865689677828943+0.0003163474005622668i
0.46714242213793516-0.17826371238123745i,-0.0004768164204477155+0.00017743347983241708i
-0.0891304715532262+0.4919910625133964i,0.00009481624465121153-0.00049967709754377i
-0.37491695001055564-0.33081284760629115i,0.00037842944421087756+0.0003395445102266649i
0.4770666564411178-0.14969098621979982i,-0.00048619398960738784+0.00014812984479981636i
-0.11871649318216637+0.48570141648279663i,0.00012473376090033043-0.0004925378977432762i
-0.3542277571464761-0.35287751320181326i,0.00035684456783549996+0.0003614418083258557i
0.48524503134967556-0.12057045600848326i,-0.0004937573602600479+0.00011833792022579887i
-0.14786806357539617+0.4776343110049081i,0.00015413001420158226-0.000483594364264845i
-0.332242242896935-0.3736507992619799i,0.0003339862578948336+0.0003819595110215392i
0.49164761752142516-0.09100869038995714i,-0.0004994817835435744+0.00008817083301774452i
-0.1764785004965023+0.4678192682235521i,0.00018289545119807841-0.00047288389519202826i
-0.30904086480837717-0.3930566844752579i,0.00030994320773860374+0.0004010232929949205i
0.49625098423883024-0.06111387273911274i,-0.0005033496131895954+0.00005774290496243214i
-0.2044431020253362+0.4562922069829036i,0.00021092317463663508-0.0004604505803207018i
-0.2847085299670751-0.4110241516303538i,0.0002848084570499313+0.0004185645649920886i
0.4990382851553709-0.030995405258340804i,-0.0005053503580170106+0.00002716920396123984i
-0.2316595297221065+0.4430953113799371i,0.00023810935421487853-0.0004463450136055519i
-0.2593342842756343-0.4274874475087296i,0.00025867901871065455+0.000434520727923771i
0.49999931994594154-0.0007635086124239329i,-0.0005054807059083176-0.0000034349065738823482i
-0.25802818314214715+0.4282768763887364i,0.0002643536242271086-0.0004306240802772322i
-0.23301098658320626-0.44238632351316226i,0.00023165549085428614+0.0004488354025588975i
0.49913057163566465+0.029471181431792275i,-0.0005037445192498544-0.00003395421834237973i
-0.28345256433079874+0.4118911311216164i,0.0002895594664425093-0.0004133507195580152i
-0.20583496886195327-0.45566625615175227i,0.00020384165571093682+0.00046145863395389707i
0.49643521947050767+0.059598018884823314i,-0.000500152801934268-0.00006427412697917948i
-0.3078396309645069+0.393998040373846i,0.00031363457671462676-0.0003945936640004252i
-0.177905683673374-0.467278646570503i,0.00017534406689782094+0.0004723470698655784i
0.4919231272826078+0.08950675245138026i,-0.0004947236381389288-0.00009428107727786114i
-0.33110013684579565+0.37466308517823316i,0.00033649121389186116-0.00037442715656610474i
-0.14932534021461147-0.47718099840426936i,0.00014627162685109353+0.00048146411250420715i
0.4856108073928802+0.11908792900279326i,-0.00048748210320911825-0.00012386300303027353i
-0.35314895850604716+0.35395702317264777i,0.000358046529675932-0.0003529306466494647i
-0.12019853027665736-0.4853370732952159i,0.00011673515612973804+0.0004887800430944212i
0.47752136018300967+0.1482332941284877i,-0.0004784601470878862-0.00015290975972758478i
-0.3739054067208645+0.331955629657435i,0.0003782228781571473-0.0003301884663330676i
-0.09063184548328562-0.4917170235096534i,0.00008684695634991208+0.0004942721188244854i
0.467684389557968+0.17683618830066597i,-0.0004676964508449327-0.00018131354840263944i
-0.393293521798001+0.30873942029033646i,0.0003969481038428024-0.000306289488238225i
-0.06073348721145627-0.49629750116793414i,0.00005672036852842496+0.0004979246418785755i
0.4561358946084271+0.2047919372024034i,-0.0004552362569652381-0.00020896932893520306i
-0.41124235155723543+0.2843933564337392i,0.0004141558070862804-0.00028132676640485563i
-0.030612870620712995-0.49906174368767076i,0.00002646932862690612+0.0004997290003617045i
0.442918137869537+0.23199823479072465i,-0.0004411311741629999-0.00023577522119041936i
-0.42768621098490023+0.2590065342325524i,0.00042978558592100726-0.0002553971616994771i
-0.00038022424065869975-0.4999996351275946i,-0.0000037920779065065293+0.0004996836810424703i
0.4280794906581859+0.25835551769281306i,-0.00042543895758787205-0.00026163289241605905i
-0.4425649226128399+0.2326718585605556i,0.0004437832534028335-0.00022860095330785597i
0.02985381341815585-0.4991077432075586i,-0.000033950060802965654+0.0004977942539542029i
0.41167425605473984+0.2837673295652245i,-0.0004082232653880701-0.0002864479293855697i
-0.45582403674211885+0.2054857030284332i,0.0004561010296673601-0.0002010414379205829i
0.059978598753696655-0.49638933186920886i,-0.00006389156706100085+0.0004940733290095933i
0.3937624701770741+0.30814067408270795i,-0.00038955339268787674-0.0003101301938414866i
-0.46741503070554935+0.1775475572977206i,0.0004666977080151449-0.00017282451826415276i
0.08988388798054422-0.4918543493313602i,-0.00009350471868834963+0.0004885404848975662i
0.37440968247414874+0.3313863552648435i,-0.0003695039841254671-0.00033259415986726414i
-0.47729548643983044+0.14895966299134233i,0.0004755387944456167-0.0001440582826677685i
0.1194602405748339-0.48551939168378455i,-0.00012267924435316883+0.0004812221706435181i
0.3536867158431568+0.35341930389504983i,-0.00034815472618052-0.00035375923189403434i
-0.4854292457174532+0.11982663953315179i,0.0004825966201715304-0.00011485257738650951i
0.14859941977960334-0.4774076421526446i,-0.00015130690323150714+0.00047215158032381746i
0.3316694074481177+0.3741588888374071i,-0.00032559002059846543-0.000373550042132631i
-0.4917865424702957+0.09025510128574017i,0.00048785042675717144-0.0000853185734246347i
0.1771947887048708-0.46754878625983665i,-0.0001792818993760277+0.0004613685015333063i
0.3084383311884026+0.393529212112009i,-0.00030189864029112713-0.000391896726309756i
-0.4963441117206569+0.060353267387626225i,0.0004912864236367421-0.0000555683296186163i
0.20514170057288605-0.45597890318671946i,-0.000206501284976074+0.0004489191383092192i
0.284078502832845+0.4114593866489956i,-0.00027717336915887385-0.0004087351766795719i
-0.49908527472109154+0.030230565717654513i,0.0004928978178828496-0.000025714353748153737i
0.23233788168042419-0.44274033373979665i,-0.00023286535093063512+0.0004348559093161922i
0.2586790688985132+0.42788379570480656i,-0.00025151062734008644-0.00042400727137882437i
-0.49999999999146605-0.000002767564077328103i,0.0004926848162085809+0.0000041308365555066655i
0.25868380567664623-0.42788152540153496i,-0.0002582780032134692+0.0004192372221951019i
0.2323329804127169+0.4427423329912994i,-0.00022501008344681284-0.00043766107929366505i
-0.4990849400298708-0.03023609143325305i,0.0004906545992997489+0.00003385515134074646i
0.28408305778682896-0.4114568550333723i,-0.0002826471235737341+0.0004021272250714159i
0.20513665275214102+0.45598062263896966i,-0.0001977742553922824-0.0004496510397088915i
-0.4963434435630417-0.060358764900002415i,0.00048682126868617375+0.00006334736255630093i
0.30844268764906047-0.3935264298797416i,-0.0003058849131850452+0.000383595536308356i
0.17718961280394563+0.4675502181892954i,-0.00016990810145630267-0.00045993811611669456i
-0.4917855432914558-0.09026055190743919i,0.00048120576647216353+0.00009249753323230623i
0.33167354947267313-0.37415586760135333i,-0.0003279082179307496+0.0003637169536739038i
0.14859413474007382+0.47740877988798347i,-0.00014151860326719727-0.0004684899236691429i
-0.4854279191739547-0.11983202474831889i,0.00047383576835499566+0.00012119743991991609i
0.35369062827357767-0.3534160561427183i,-0.0003486388340936708+0.00034257114416996303i
0.11945486573767677+0.48552022963029906i,-0.00011271434240506629-0.0004752808298683164i
-0.4772938373862533-0.14896496452348248i,0.0004647455504676404+0.0001493409867223895i
0.3744133509926186-0.3313828943126954i,-0.0003680037933031578+0.0003202423158451771i
0.0898784430153571+0.49185488299144453i,-0.0000836050723500543-0.0004802920281985477i
-0.4674130651767219-0.17755275717658253i,0.00045397583068589194+0.00017682460929155125i
0.39376588135838997-0.30813701402742416i,-0.000385935625681805+0.00029681887298102353i
0.05997310358671501+0.49638955785881467i,-0.00005430128751076787-0.00048351158451654763i
-0.4558217619310329-0.20549078365577336i,0.00044157358514131887+0.0002035476672115031i
0.41167739741544196-0.2837634852321178i,-0.0004023726002271065+0.0002723930561019948i
0.029848288159332603+0.4991076592685799i,-0.000024913791072357817-0.0004849344561267647i
-0.44256234684432816-0.23267680277453978i,0.0004275918407791357+0.00022941282324549154i
0.4280823507022423-0.2583515045815742i,-0.0004172589415604026+0.00024706056831650866i
-0.0003857593712476848+0.4999992401361306i,0.00000444673659865547-0.00048456248358093236i
-0.42768334368516964-0.2590113253705605i,0.00041208944489379247+0.0002543264079817453i
0.4429207061304138-0.23199406901869987i,-0.00043054502227506965+0.00022092018954393328i
-0.030618395366865003+0.49906103765813914i,0.00003367016726623334-0.0004824043553509997i
-0.4112392032193726-0.28439797839334346i,0.00039513081266440516+0.0002781987684801592i
0.4561381616873918-0.2047876354456118i,-0.00044218753021880357+0.000194073380225473i
-0.06073898135497155+0.4962964852530186i,0.00006264735014311888-0.0004784755456348493i
-0.3932901039435711-0.30874385758822986i,0.0003767856537972515+0.00030094459959287783i
0.46768634715848434-0.17683176773277243i,-0.0004521496101495262+0.00016662387615218582i
-0.0906372889179568+0.49171569999608533i,0.00009127053153004402-0.0004727982256617418i
-0.3739017318577482-0.33195986748609285i,0.0003571286794621545+0.00032248325670838055i
0.4775230011411001-0.14822877235795504i,-0.00046040097931098086+0.0001386772760720369i
-0.12020390308184975+0.48533544559540576i,0.00011943376712031126-0.000465401148970471i
-0.3531450400826666-0.3539610474545173i,0.0003362392907843122+0.0003427390487496842i
0.48561212570334217-0.11908332400844235i,-0.0004669180165827421+0.00011034062375965194i
-0.14933062272816358+0.4771790710438184i,0.00014703332535249706-0.0004563195112371869i
-0.3310959892018982-0.374666882617251i,0.0003142012502221717+0.00036164151034318796i
0.49192411812099096-0.0895020825165953i,-0.0004716838249674044+0.00008172198624685771i
-0.17791085656355368+0.46727642517164203i,0.00017396808023715789-0.000445594785329736i
-0.3078352692786893-0.39400159850409655i,0.000291102337225068+0.0003791256521641657i
0.4964358792107686-0.059593302530642864i,-0.0004746882672879601+0.000052930029919835364i
-0.20584001319820228+0.4556637474127664i,0.00020013989213450188-0.00043327453236343446i
-0.28344800456495944-0.41189443835295125i,0.00026703398962172237+0.0003951321885583869i
0.49913089786343734-0.02946643734913002i,-0.00047592797507705004+0.000024073596189119694i
-0.23301588390541894+0.44238353518387846i,0.0002254539750152664-0.0004194121896265232i
-0.25802344198307237-0.42827992204918963i,0.0002420909322414518+0.00040960774163583086i
0.4999993114673723+0.0007682616311801593i,-0.00047540633074929606-0.000004738721567806397i
-0.2593390166617129+0.42748438836215474i,0.00024981924879996633-0.00040406683633336223i
-0.23165462452040342-0.44309808575477994i,0.00021637079431445372+0.00042250502113194325i
0.4990379420014875+0.03100014838810094i,-0.0004731334232553091-0.00003339899810512143i
-0.2847130800985175+0.4110208314305702i,0.0002731486754383479-0.0003873029382484861i
-0.20443805073193794-0.4562947013501958i,0.00018997371723549793+0.0004337829794336604i
0.496250307665429+0.06111858719097598i,-0.00046912597752304957-0.00006180039178253947i
-0.3090452160336552+0.39305311394169073i,0.0002953595774640642-0.00036919007230549073i
-0.17647332159697482-0.4678214748860613i,0.00016300195430657064+0.00044340694127105565i
0.49164661000447407+0.0910133574799717i,-0.0004634072580967063-0.00008983755377562648i
-0.3322463792924317+0.37364699003016844i,0.00031637393783666933-0.0003498026324199643i
-0.1478627760222893-0.47763622331827793i,0.0001355594640982644+0.0004513487076810765i
0.48524369657625427+0.12057505722602127i,-0.0004560069474859811-0.00011740702941755191i
-0.3542316635747587+0.35287347778082934i,0.00033611867996514663-0.000329219517765956i
-0.11871111632565506-0.4857030288798623i,0.00010775149908744095+0.0004575866339557182i
0.4770649992959242+0.14969550329529852i,-0.0004469609998386079-0.00014440765010713353i
-0.37492061217577355+0.3308085993329626i,0.0003545259268929883-0.0003075238048500281i
-0.0891250250702979-0.4919923705245578i,0.00007968419123903168+0.0004621056813942975i
0.46714044868540944+0.17826812735305772i,-0.0004363114706456884-0.00017074091426465393i
-0.39423751242284705+0.3075331026719169i,0.0003715332387150851-0.0002848024047758575i
-0.059212774652499606-0.496481231961195i,0.00005146413620390347+0.0004648974427864393i
0.4555063643405413+0.20618836585800182i,-0.00042410632328296127-0.00019631135586901932i
-0.4121116727514721+0.28313216612613035i,0.0003870838273890884-0.00026114570714473703i
-0.029083831071096217-0.49915318588343816i,0.00002319797780115574+0.00046596014165934096i
0.44220532201692364+0.23335404271996724i,-0.0004103992132807983-0.0002210268991680235i
-0.42847768140605036+0.25769508665100455i,0.00040112674820057855-0.00023664721208423712i
0.0011515466710971534-0.499998454086677i,-0.000005008005556480875+0.00046529860542887826i
0.42728599782094023+0.25966574322056213i,-0.00039524925130104076-0.0002447991982169611i
-0.443275645818844+0.2313149530403722i,0.00041361706723960036-0.0002114031519371089i
0.03138271006791704-0.4990139432520585i,-0.00003304831085237493+0.00046292421269926394i
0.41080299007609616+0.28502717782836917i,-0.00037872074587998465-0.00026754395996954735i
-0.4564514117910699+0.20408830526146332i,0.0004245160043467473-0.00018551210417626523i
0.06149902603589458-0.49620325626670686i,-0.00006081861525268349+0.0004588548150592038i
0.3928166195165858+0.30934553457730485i,-0.0003608829270728813-0.00028918124971868774i
-0.4679567616740244+0.17611478116005858i,0.00043379105108959885-0.00015907459713858786i
0.09139028178386052-0.4915766790387017i,-0.00008821617410134004+0.00045311463382401206i
0.3733927085392943+0.3325318187185825i,-0.0003418096522064711-0.0003096357777626605i
-0.47774959082498397+0.14749675182873523i,0.00044141606343335284-0.00013219271019074364i
0.12094708814446009-0.48515114285507066i,-0.00011514021057135897+0.00044573413227191855i
0.35260234032207494+0.35450117840329864i,-0.0003215790950117556-0.00032883716625454936i
-0.4857940616921274+0.11833894697260494i,0.0004473713288742879-0.00010496966995350663i
0.15006127989155774-0.47695016242054405i,-0.0001414922954627283+0.0004367498640192318i
0.33052159868982445+0.37517321520378255i,-0.000300273419469654-0.00034672019527894505i
-0.49206073496459424+0.08874807164353941i,0.00045164360790914457-0.00007750944421833482i
0.17862631157854256-0.46700374980382825i,-0.00016717671568559976+0.00042620429827173713i
0.30723128968033886+0.39447227833733745i,-0.0002779784397559698-0.0003632250272891126i
-0.49652667730772876+0.058832415745477484i,0.00045422614981802855-0.00004991633518940587i
0.20653764744893613-0.4553483046063146i,-0.00019210083002152968+0.0004141456227791787i
0.2828166458288942+0.41232774151563617i,-0.0002547832677211211-0.00037829740913077693i
-0.499175545289241+0.02870145773985126i,0.0004551186828428071-0.000022294573678417606i
0.23369314399239668-0.44202648075516027i,-0.00021617541081519115+0.0004006275254051955i
0.2573670142537477+0.4286742614066261i,-0.00023077994938173254-0.0003918888509733763i
-0.49999764518915557-0.001534535998596427i,0.00045432737894568796+0.000005252084134437437i
0.25999342374612877-0.4270870304082204i,-0.0002393149703136325+0.00038570895530627014i
0.23097552968403096+0.4434520167630803i,-0.00020606309193722312-0.0004039567815673233i
-0.49898996847466637-0.031764914709419764i,0.00045186479343481525+0.00003262075577928739i
0.2853422389737469-0.410584625542075i,-0.00026143807043973587+0.0003694538647898247i
0.2037387736266132+0.45660692734268815i,-0.00018072948285410205-0.0004144646793448684i
-0.4961562028100755-0.061879048180763896i,0.00044774977984338426+0.00005970982584755818i
0.3096468238906831-0.3925796578760575i,-0.00028246761486080274+0.00035193093299375243i
0.17575642091923555+0.4680908518185324i,-0.0001548777025835195-0.00042338217898267014i
-0.49150671856152406-0.09176673160846077i,0.00044200738054686476+0.00008641933207980541i
0.3328182341471455-0.37313801786448175i,-0.00030233112229142696+0.0003332132725958558i
0.14713087496338473+0.47786176395568425i,-0.00012860773249384928-0.0004306851531457501i
-0.48505853084590356-0.12131858889831465i,0.00043466869369766586+0.00011265134269385236i
0.35477167232626533-0.35233085356585714i,-0.000320960980052231+0.00031337812082366i
0.11796689297179158+0.4858839064091868i,-0.00010202055961035312-0.00043635576923453895i
-0.47683523726282984-0.15042647293566463i,0.0004257707171493907+0.0001383103235009652i
0.37542679826624925-0.3302343102715304i,-0.00033829467699162275+0.0002925065160901668i
0.08837120260199308+0.49212792158059065i,-0.00007521777975661645-0.00044038252105884664i
-0.46686693153755643-0.17898386135741046i,0.00041535617013125525+0.00016330349340798678i
0.394708023070892-0.3069292518465985i,-0.0003542750149666072+0.0002706829616316963i
0.05845211137891032+0.49657095905416543i,-0.00004830120068970102-0.0004427602354642104i
-0.45519009339085614-0.2068862463781443i,0.0004034732935187188+0.00018754116695892235i
0.4125447857324945-0.2825009648028678i,-0.0003688502981705972+0.00024799507756765953i
0.028319110335790487+0.4991967592196134i,-0.00002137244681072101-0.0004434900540376332i
-0.4418474550388986-0.23403151724379234i,0.00039017562962770906+0.00021093708263025503i
0.42887181135486935-0.2570388461868244i,-0.0003819744996895632+0.00022453324284005553i
-0.001917526675983161+0.4999957127752661i,0.0000054674329835070045-0.00044257939011891164i
-0.4268878448116789-0.26032033391315146i,0.00037552178253650025+0.00023340871565966694i
0.44362935003144627-0.23063607642481027i,-0.0003936074047643253+0.00020039022852262335i
-0.03214714654186013+0.4989648958940036i,0.00003211835276457583-0.0004400418614428668i
-0.4103660084622869-0.2856564905998054i,0.00035957516001181554+0.00025487757425825573i
0.4567633955042866-0.20338927832265488i,-0.00040371473033373447+0.00017566082401439148i
-0.062259121827032776+0.49610808092320685i,0.000058481570837960076-0.00043589719883349863i
-0.3923424088209449-0.3099472678440134i,0.00034240369818324935+0.0002752694781306111i
0.4682258828038088-0.17539816346767345i,-0.00041226822053230783+0.0001504414576520888i
-0.09214325562536824+0.49143572257958534i,0.00008446006333026543-0.0004301711314655691i
-0.3728830045269999-0.3331037718261395i,0.00032407957017220536+0.0002945148183055523i
0.47797486414594886-0.14676516732705225i,-0.00041924571791491534+0.000124829813288057i
-0.12169018483279043+0.4849649196894015i,0.00010995888865904263-0.0004228952493001673i
-0.3520590086486109-0.35504125967988154i,0.00030467887993876406+0.0003125487973621147i
0.4859746624430477-0.1175950743780011i,-0.00042463121028058745+0.00009892444438694729i
-0.15079178036930535+0.4767193526141042i,0.00013488554149213984-0.0004141068433892106i
-0.32994662807348263-0.3756794496147918i,0.00028428134266127565+0.00032931164922068344i
0.4921960018666786-0.08799463464153845i,-0.00042841485306717653+0.00007282438719408095i
-0.17934154288502693+0.4667291965903692i,0.00015915029485529547-0.0004038487248285457i
-0.3066267846243627-0.3949428147131748i,0.0002629699530092161+0.00034474883775695054i
0.4966161149846158-0.058072173023228896i,-0.00043059296738685355+0.0000466287745220657i
-0.2072349925020905+0.4550310113016839i,0.0001826665291031426-0.00039216902322024977i
-0.282184818919901-0.4127608593261914i,0.00024083064270959768+0.00035881123358683944i
0.49921882607986545-0.027937192890519994i,-0.00043116801387078923+0.00002043645168937973i
-0.23437005116616472+0.441667607085596i,0.00020535104653054647-0.0003791209655820101i
-0.25671017806461094-0.42906837705767886i,0.00021795192884138738+0.0003714552684629741i
0.49999461034684567+0.002300024662586541i,-0.0004301485425877727-0.000005654403874187365i
-0.26064741620832155+0.42668788826625115i,0.0002271243704671731-0.00036476263671381587i
-0.23029608831085605-0.44380568939157494i,0.0001944245543198199+0.00038264306681746904i
0.49894062874808964+0.03252882439700834i,-0.0004275491193958217-0.000031546657865502965i
-0.28597092375018524+0.4101466741855557i,0.0002479110277688303-0.0003491567221001928i
-0.20303921389077703-0.45691886408967436i,0.0001703411220543091+0.00039234255408093066i
0.4960607384039028+0.06263858187926659i,-0.00042339022917927527-0.00005714458773048891i
-0.31024790062245616+0.3921044985879127i,0.0002676398136932617-0.00033237023448958857i
-0.17503930326668876-0.46835991256047416i,0.00014579572427903944+0.00040052754150413523i
0.4913654784769579+0.09251910831943523i,-0.00041769815651345035-0.00008235424324876228i
-0.33338950350893726+0.3726273880926966i,0.00028624403822632326-0.00031447422535028625i
-0.1463988240945169-0.4780869654768225i,0.00012088356856450097+0.00040717778730525045i
0.48487203160348297+0.12206105381482109i,-0.0004105048443862837-0.00010708379770053043i
-0.35531104407494085+0.35178662056516374i,0.00030366175300558973-0.00029554348245502016i
-0.11722258823615542-0.486064425999687i,0.00009570060202096838+0.00041227903406224677i
0.4766041610121875+0.15115630752367742i,-0.00040184773169085454-0.00013124388828326762i
-0.3759322988902484+0.32965846427005663i,0.0003198359580726389-0.0002756562148937466i
-0.08761736819303434-0.4922631000473081i,0.00007034313520204265+0.0004158230223666189i
0.46659212356104407+0.17969839330448548i,-0.00039176957028296694-0.00015474794449846802i
-0.39517780301243377+0.3063238987624879i,0.0003347147877721204-0.00025489372685548375i
-0.057691506364589196-0.49666030313300896i,0.00004490746720663906+0.00041780748084999764i
0.4548725590101731+0.20758285937293552i,-0.00038031822247503247-0.00017751250328618988i
-0.4129771261561652+0.2818683185375225i,0.0003482516752045128-0.00023334008155622733i
-0.027554518561577146-0.49923994338068023i,0.000019489513462563692+0.0004182360927899284i
0.4414883559360462+0.23470766055062886i,-0.00036754643990995136-0.0001994575097473237i
-0.42926513043782255+0.25638122052297585i,0.0003604054947301077-0.00021108175671942807i
0.0026833067747882577-0.499992580414142i,-0.0000058155623466862155+0.0004171184395936521i
0.42648849477770323+0.26097353170663506i,-0.0003535116248271874-0.00022050660235984712i
-0.44398220875219546+0.22995587655906835i,0.0003711406821141011-0.00018820729303998355i
0.03291131218119861-0.4989154599048671i,-0.00003091371077733874+0.0004144699215504067i
0.4099278685893667+0.28628435102526895i,-0.00033827557479692167-0.00024058738166571174i
-0.45707450290890606+0.20268899206351956i,0.0003804273319954321-0.0001648069370803223i
0.06301887613107532-0.4960125236516425i,-0.00005571235214137141+0.00041031165633090896i
0.391867082155422+0.31054749177068247i,-0.0003219042120569018-0.00025963166147911315i
-0.46849410073027103+0.1746803521312243i,0.000388241272456003-0.00014097228005918773i
0.09289581786187912-0.49129439515527745i,-0.00008012072367995812+0.00040467035579934196i
0.37237223020291715+0.3336741612609644i,-0.00030446729864044565-0.00027757570174419917i
-0.47819921138930965+0.14603245636362994i,0.0003945641165605584-0.00011679589399963071i
0.12243280058941466-0.4847783407411497i,-0.00010405021707449623+0.00039757818178630015i
0.3515146555232281+0.3555797258112484i,-0.00028603813853261167-0.0002943604222506651i
-0.48615431834623424+0.11685014376418679i,0.0003993832908316392-0.0000923709667024409i
0.1515217316335353-0.47648820637186445i,-0.00012741470502436602+0.00038907258155105017i
0.3293706878880609+0.3761840204566764i,-0.0002666932681345834-0.000309931596498745i
-0.4923303093237425+0.08724020907258911i,0.00040269204071683145-0.00006779093700527346i
0.180056157990962-0.4664543303812668i,-0.00015013085567385913+0.0003791961037379048i
0.30602136471524677+0.3954116423217655i,-0.00024651213635394826-0.0003242400250901836i
-0.49670458284545926+0.057311011941862465i,0.00040448941319803174-0.000043149131775464614i
0.20793165590758722-0.45471343244915874i,-0.00017211843372899193+0.0003679961957043951i
0.2815521345065721+0.41319222656257026i,-0.0002255767756704352-0.0003372416881092282i
-0.49926113094763896+0.027172080388538942i,0.00040478021678344003-0.000018538406066823905i
0.23504621302459905-0.4413084792230315i,-0.00019330058716700226+0.0003555249831666644i
0.25605254414293444+0.4294607038718129i,-0.0002039714655528662-0.00034889787604608716i
-0.4999905977614429-0.003066290032875945i,0.0004035749592121516+0.0000059492121529729255i
0.26130060169993263-0.4262885270785759i,-0.0002136041185079762+0.00034183903317238967i
0.2296159111811899+0.44415753860462126i,-0.00018178238962333182-0.0003591752989052869i
-0.498890313751404-0.03329343986429674i,0.0004008897632885153+0.00003022287132685777i
0.286598742138854-0.4097085425944008i,-0.00023295973968790002+0.0003269991014703297i
0.20233898235194564+0.45722894665343805i,-0.00015909728797924272-0.00036804617323198363i
-0.49596430548478077-0.06339875071018164i,0.00039674626134842897+0.00005419323834173616i
0.31084805400477333-0.3916292013979463i,-0.0002513023096459876+0.000311069865400582i
0.17432157950804666+0.4686270922747712i,-0.00013600510609243903-0.0003754882868801609i
-0.4912232808960494-0.09327205005338521i,0.00039117146894172074+0.00007777283196748483i
0.3339597952235433-0.3721166661187278i,-0.00026857105381553975+0.0002941196434790483i
0.14566623431943643+0.4783102631474849i,-0.00011259564170732846-0.00038148504143779914i
-0.484684590100459-0.12280401443928737i,0.00038419763839414557+0.0001008763464430468i
0.35584938674136435-0.3512423442615079i,-0.0002847097647868347+0.00027622010289421976i
0.11647781305124863+0.4862430230219935i,-0.00008895919115705766-0.00038602547231456324i
-0.4763721619000566-0.15188656955271845i,0.00037586209298816125+0.00012342096400061914i
0.3764367220478221-0.32908262688547485i,-0.00029966698349204787+0.00025744595617342714i
0.08686313279828353+0.4923963414017257i,-0.0000651861965077946-0.00038910424658768395i
-0.46631641621454023-0.180413285723569i,0.000366207042574034+0.0001453266551730437i
0.39564646033133566-0.3057186090457519i,-0.00031339616034578696+0.00023787464830930783i
0.056930570580284445+0.49674769978228317i,-0.000041366894926840956-0.0003907216387902243i
-0.4545541527574101-0.2082797674137054i,0.00035527938149097776+0.00016651646578771568i
0.41340830219419267-0.28123579302029966i,-0.00032585579586006183+0.00021758603566560057i
0.026789666728559175+0.4992811740595026i,-0.000017590971650132792-0.0003908834849134899i
-0.4411284163648088-0.23538403525983498i,0.00034313046974251125+0.00018691678961281605i
0.429657246918175-0.25572377540827435i,-0.000337009560338821+0.0001966620580038164i
-0.00344927598462183+0.49998749280484167i,0.000006052782100622457-0.0003896011149808659i
-0.426088339469897-0.2616268992742087i,0.00032981589842961614+0.0002064576256875798i
0.44433383033928975-0.2292759192449279i,-0.0003468263923448423+0.00017518640498919127i
-0.033675596006830344+0.49886407119482945i,0.000029476804932137214-0.0003868912646334473i
-0.409488962299233-0.28691232183740534i,0.0003153952405011678+0.00022507281943798124i
0.4573843424610887-0.2019890123329683i,-0.0003552805757194609+0.00015324417854570808i
-0.0637786779792702+0.49591502047041i,0.00005259509354134295-0.00038277596624924394i
-0.3913910314491667-0.31114776915480213i,0.00029993178793093125+0.0002427002867514831i
0.4687610240102047-0.17396291304074096i,-0.0003623517950237902+0.00013092155243542205i
-0.0936483575415164+0.49115113289156587i,0.00007532352218251546-0.0003772824201953432i
-0.37186077757936753-0.3342445498905488i,0.0002834922764765302+0.0002592822202601829i
0.47842224121479465-0.14530018486345797i,-0.00036802516935816797+0.00010830543043728438i
-0.12317532448579355+0.48458984224227786i,0.00009758015214272937-0.0003704428468878625i
-0.35096967303703475-0.35611813973979317i,0.00026614659921596735+0.00027476527715913625i
0.4863326381662757-0.11610572108482278i,-0.00037229126460369856+0.00008548310449498852i
-0.15225152278542353+0.4762551600303575i,0.0001192855300787057-0.00036229432040598157i
-0.3287941702987818-0.3766884907513601i,0.00024796751009260794+0.0002891007479668051i
0.4924632662067773-0.08648636091263079i,-0.00037514608421636097+0.00006254191419202847i
-0.18077054603350712+0.46617758761563477i,0.00014036297412269684-0.00035287858447434646i
-0.3054154221873826-0.39588032426889863i,0.0002290303187296892+0.00030224470571595986i
0.4967916898688046-0.05655049849312124i,-0.0003765910387894548+0.00003956890889571256i
-0.20862802684470644+0.45439400458807055i,0.00016073884672311806-0.0003422418516925567i
-0.2809189848872702-0.41362340641845563i,0.000209412577799659+0.0003141581351465554i
0.49930206897942087-0.0264076862349226i,-0.0003766328946835521+0.00001665051388964558i
-0.23572201879508284+0.44094753380428586i,0.00018034281324791655-0.00033043458695008657i
-0.2553945048456203-0.42985280513431257i,0.00018919376425312882+0.00032480704155610305i
0.49998521662848183+0.0038317661057454024i,-0.00037528370210508817-0.000006127798212829314i
-0.26195336950225545+0.425887383576414i,0.0001991080854440545-0.0003175112760210541i
-0.22893539070482852-0.44450912778247725i,0.000168454955725707+0.0003341625390479101i
0.49883863278878426+0.034057195111437163i,-0.00037256070309397304-0.000028681829513970607i
-0.2872260834805662+0.40926866759079716i,0.00021697164891515392-0.0003035301803841848i
-0.2016384714669687-0.45753873851223525i,0.0001472785034490969+0.0003422009180024482i
0.49586651346509225+0.06415798868409439i,-0.0003684862199576433-0.000050928971112639756i
-0.31144767344335833+0.3911522032155479i,0.00023387447385080464-0.00028855307935998423i
-0.17360364214120197-0.46889395454034366i,0.00012574770299577368+0.0003489036916825134i
0.491079735338561+0.09402399083785307i,-0.0003630875247629252-0.00007278850843946904i
-0.3345294987667528+0.37160428893508357i,0.00024976170831494124-0.00027264500069854085i
-0.14493349817091644-0.4785332206495537i,0.00010394646418356678+0.00035425762196728943i
0.4844958159627514+0.1235459048226746i,-0.00035639669056816215-0.00009418191651102572i
-0.35638708987628753+0.35069646172612734i,0.00026458285347714835-0.0002558739407883444i
-0.11573295997843516-0.48642126126287055i,0.00008195898145859894+0.00035825472429459675i
0.4761388496569027+0.15261569310354375i,-0.0003484504251453856-0.00011503314401802402i
-0.3769404573693087+0.32850523526307507i,0.0002782919202481642-0.0002383105756878069i
-0.08610888900130131-0.4925292095370267i,0.000059869406061350315+0.0003608922519733931i
0.46603941933106474+0.18112697273147918i,-0.00033928988800639313-0.00013526888521722948i
-0.39611438474185423+0.3051118199107856i,0.00029084756686106753-0.00022002796420774346i
-0.056169696625278404-0.49683471300273885i,0.000037761521262360586+0.000362172660110414i
0.4542344845657724+0.2089754046594695i,-0.0003289604916065734-0.00015481883865463785i
-0.4138387036487773+0.28060182552949875i,0.00030221321701974794-0.00020110124429422268i
-0.02602494744520642-0.4993220153651515i,0.00001571842193007106+0.0003621035494744784i
0.4407672463558427+0.23605907557860473i,-0.00031751168765612717-0.0001736159518091904i
-0.4300485506897739+0.25506494817948844i,0.0003123571583181293-0.0001816073239770326i
0.004215041694391908-0.49998201416511456i,-0.000006177800335131951+0.0003606975906998182i
0.42568698901327584+0.26227887087704876i,-0.0003049967395200833-0.0001915966508108077i
-0.4446846047815905+0.22859464187197862i,0.00032125262071536724-0.00016162456815968363i
0.03443960541161742-0.4988122940902777i,-0.000027846365299915548+0.000357972429305463i
0.4090488998078242+0.2875388373569801i,-0.00029147248173584916-0.000208701054454429i
-0.45769330424773047+0.20128777656756972i,0.00032887783493453643-0.00014123248253223268i
0.06453813477499609-0.49581713581409603i,-0.00004920810426752646+0.0003539505720804984i
0.3909138670052704+0.3117465343821155i,-0.0002769990677193171-0.00022487317180154237i
-0.46902704283120134+0.1732442836737581i,0.00033521607073428713-0.0001205113958880974i
0.09440048208469806-0.4910075003304032i,-0.00007018575119734176+0.00034865925545498477i
0.3713482570425066+0.3348133721707647i,-0.00026163970676865194-0.00024006108273337475i
-0.47864434391298344+0.14456679033887224i,0.0003402556550842312-0.00009954214212113194i
0.12391736396584552-0.48440098884087734i,-0.00009070422370079452+0.00034213029654326044i
0.35042367165485855+0.3566549359964107i,-0.0002454603915077314-0.0002542171008940285i
-0.486510012298656+0.11536024388075583i,0.00034398997035538155-0.00007840574316865208i
0.15298076129876337-0.47602177834219805i,-0.00011069089289028112+0.00033439992760969135i
0.328216685844464+0.3771912951093803i,-0.00022852961693935577-0.0002672979185379664i
-0.4925952630177028+0.08573152772462533i,0.00034641743271647936-0.000057183094150962496i
0.1814843145225964-0.465900533148614i,-0.000130075841112078+0.000325508614766852i
0.3048085676486292+0.3963472952490825i,-0.0002109180923012992-0.0002792647328734507i
-0.49687782666415065+0.055789070255605935i,0.00034754145100479263-0.000035954651937485i
0.2093237128656563-0.4540742926737132i,-0.0001487921066516028+0.0003155008617720433i
0.28028498073369124+0.4140528336763486i,-0.00019269844693615463-0.000290083353571513i
-0.49934203089303736+0.025642448017376807i,0.00034737036641595644-0.00001480012834451699i
0.23639707607807703-0.44058633588206636i,-0.00016677591456061873+0.0003044249998398597i
0.25473567090276394+0.43024311571937i,-0.0001739449313990397-0.0002997242911892552i
-0.4999788577744689-0.004598015290950561i,0.0003459173734315128+0.000006201810860192679i
0.2626053272698053-0.4254860229067907i,-0.00018396689281928216+0.0002923329644365472i
0.22825413766461533+0.44485889189438965i,-0.00015473311503468737-0.0003081628263349497i
-0.4987859767953711-0.03482165255222269i,0.0003432004224743317+0.000026973840005147628i
0.28785255548949545-0.40882861441264684i,-0.0002003082731125801+0.00027928006006483063i
0.20093729206559377+0.4578466747333827i,-0.00013513958125830453-0.0003153790594817929i
-0.49576775338816914-0.06491785822539704i,0.00033924210485083425+0.000047440259512840904i
0.3120463667174299-0.3906750693657224i,-0.00021574707556909823+0.00026532471408705733i
0.17288510203679022+0.46915893452523494i,-0.0001152416217721645-0.0003213579414156324i
-0.49093523295517655-0.09477649311435253i,0.0003340695206052372+0.00006752727278804116i
0.33509822198797673-0.3710918219497792i,-0.0002302342768809812+0.0002505282206684596i
0.14420022655431508+0.4787542732540867i,-0.00009511693094251358-0.0003260892843802415i
-0.4843061004471649-0.12428828743007819i,0.00032771412997338833+0.00008716325298378775i
0.3569237614042051-0.3501505384456518i,-0.00024372496129602654+0.00023495447595202283i
0.11498763995150363+0.48659757609830256i,-0.00007484330154914899-0.0003295677540606168i
-0.47590461564403236-0.15334524067120436i,0.0003202115891837051+0.00010627899868265693i
0.37744311285890275-0.3279278549634179i,-0.00025617845404680257+0.00021866970560090223i
0.08535424775790984+0.49266013993564917i,-0.00005449832310278768-0.0003317928426204087i
-0.4657615243744223-0.18184101685948656i,0.000311601571408048+0.00012480797758458408i
0.39658118433220857-0.3045050969871256i,-0.00026755843685638835+0.000201742185864342i
0.055408495470949115+0.4969197783844037i,-0.00003415908390376138-0.0003327688230839532i
-0.4539139459991855-0.20967133368384855i,0.00030192757371770606+0.00014268655734956005i
0.4142679386961783-0.2799679817584253i,-0.0002778330452358658+0.00018424195933777494i
0.025259971691920124+0.49936090299598884i,-0.000013901877989007916-0.000332504685425437i
-0.44040523757045-0.23673434412888555i,0.00029123671094754487+0.0001598542228033662i
0.4304386500206137-0.2544063045882531i,-0.00028697494736482803+0.00016624054659801303i
-0.004980992921242433+0.49997458030200403i,0.000006198081916354687-0.00033101405479784115i
-0.42528483516341836-0.26293100919122925i,0.00027957949741528747+0.00017625377877713143i
0.44503414044218764-0.22791361024453083i,-0.00029496140442215033+0.0001478106548993274i
-0.035203729416824425+0.4987585645068865i,0.00002606694436161528-0.0003283150924018747i
-0.40860807296154955-0.2881654603197954i,0.00026700961748249137+0.00019183153791623483i
0.4580009967300274-0.20058685061846332i,-0.00030177431231007677+0.00012902588511658406i
-0.06529763555019907+0.4957173057065584i,0.000045632491005046706-0.0003244303795601899i
-0.39043598075719554-0.31234535025353605i,0.00025358368597905436+0.00020653749286123155i
0.46929176575521453-0.1725260299222257i,-0.0003074002247904521+0.00010996043811698895i
-0.09515258054057427+0.49086193360298647i,0.00006482439932128287-0.00031938678562394286i
-0.3708350606087541-0.3353821909727814i,0.00023936099954371522+0.00022032547227212847i
0.4788651281488716-0.1438338387164666i,-0.0003118303581260625+0.00009068882173257292i
-0.12465930810238399+0.48421021677424847i,0.00008357449522889637-0.00031321532039784236i
-0.34987704347167603-0.3571916775274143i,0.00022440327995917395+0.00023315328023758154i
0.4866860495133187-0.11461527810692937i,-0.00031506057739382143+0.00007128555949153022i
-0.1537098362764036+0.47578649764916425i,0.00010181699473549118-0.0003059509718250659i
-0.3276386266939537-0.3776939965568066i,0.00020877441058190794+0.00024498281868193565i
0.4927259086329328-0.08497727548546836i,-0.0003170913647085084+0.000051824902248019275i
-0.1821978525973766+0.465621603424453i,0.00011948873375096597-0.00029763252972548086i
-0.30420119333674467-0.39681411837246383i,0.00019254016698355933+0.0002557801924554246i
0.4969626022155135-0.05502829322168626i,-0.000317927769666147+0.00003238054382674956i
-0.2100191031520107+0.4537527332504236i,0.00013652938527556986-0.00028830239642868913i
-0.2796505143472949-0.41448207153448496i,0.0001757679429328802+0.0002655157968655118i
0.4993806257808459-0.02487793173721086i,-0.00031757934238452255+0.000013025341771492183i
-0.2370717741035573+0.4402233220980497i,0.00015288166322826728-0.00027800638518764347i
-0.2540764346740837-0.4306331989170019i,0.00015852647285440028+0.0002741643874805117i
0.4999711304004447+0.005363471584810049i,-0.0003160600495845257-0.000006168955744985163i
-0.26325686428675676+0.42508288180561743i,0.00016849151224208574-0.00026679350729881887i
-0.2275725444728709-0.44520839432551i,0.00014088555190295955+0.0002817051321098007i
0.49873195508083407+0.035585246187176206i,-0.00031338817421987247-0.00002513197582758189i
-0.2884785475096149+0.4083868198866463i,0.00018330828281635188-0.00025471574889093454i
-0.20023583660689495-0.458154318800174i,0.00012291575479079063+0.00028812164493722273i
0.49566763467185615+0.06567679334537724i,-0.00030958619922350996-0.000043794978599419714i
-0.31264452323613906+0.39019623676217i,0.00019728489128096837-0.00024182783837591168i
-0.17216635169461936-0.46942359581352844i,0.00010468815449775051+0.0002934020028568508i
0.4907893832710678+0.09552799091145758i,-0.0003046806759973173-0.00006209110583660273i
-0.3356663543666858+0.3705777021594179i,0.00021037796409461077-0.00022818700558321992i
-0.14346681200400535-0.4789749846482353i,0.00008627404198362673+0.0002975387441309841i
0.4841150531849556+0.12502959631381602i,-0.00029870207832660483-0.00007995561960373944i
-0.35745979087979124+0.3496030114951839i,0.00022254796606649828-0.0002138527336215914i
-0.11424224553309628-0.4867735313204097i,0.0000677446480062731+0.00030052884956032844i
0.4756690695971559+0.15407364633813309i,-0.00029168464245241636-0.0000973261300462921i
-0.3779450781510905+0.32734892313541375i,0.0002337593121606361-0.00019888650453062358i
-0.08459960165262206-0.49279069649619944i,0.00004917086812906418+0.0003023737064246563i
0.4654823411827658+0.18255385222639972i,-0.00028366619408284275-0.00011414281154823617i
-0.39704724882101433+0.30389687749252947i,0.0002439804626107647-0.00018335153979861282i
-0.05464735971720125-0.49700445993349884i,0.00003062299197738319+0.0003030790555189488i
0.453592146995858+0.2103659886481556i,-0.0002746879631689045-0.00013034860651853217i
-0.4146963971431507+0.2793326989884713i,0.00025318400114444987-0.0001673125368325811i
-0.024495132077460985-0.49939940106658376i,0.000012170437775277761+0.0003026549216745784i
0.4400420000441415+0.23740827512046664i,-0.00026479438731118844-0.0001458894161275743i
-0.43082793480927484+0.2537462819741483i,0.0002613466961847583-0.0001508354024710276i
0.005746737054123624-0.49996675543876423i,-0.000006118506838344892+0.00030111552821753863i
0.42488148805002857+0.2635817484808104i,-0.00025403290470001316-0.00016071427737429758i
-0.44538282731483664+0.2272312617546941i,0.00026844954496792683-0.0001339869846306583i
0.035967575415689096-0.4987044467765346i,-0.000024176936750710635+0.00029847919587552553i
0.40816609198085274+0.28879062504977887i,-0.00024245373752448756-0.00017477552592624586i
-0.4583078099999124+0.19988467192443687i,0.00027447780058472196-0.00011683480317404944i
0.06605678770896484-0.4956170945878427i,-0.00004193957314921972+0.00029476822670297095i
0.3899569830123393+0.31294265115823594i,-0.00023010966681431667-0.00018802894423822837i
-0.4695555829749982+0.17180658926558834i,0.00027942098202212546-0.00009944678107693521i
0.09590426033059885-0.49071599725667425i,-0.00005934299824739633+0.00029000877364717916i
0.370320798668356+0.33594944075615385i,-0.0002170557997022524-0.00020043389451949892i
-0.47908498421830736+0.143099767510172i,0.0002832728673491954-0.00008189097696093529i
0.12540076434068742-0.48401909069581606i,-0.00007632588012722641+0.0002842306964300962i
0.349329398956175+0.3577267988676222i,-0.00020334933011526614-0.0002119534361852939i
-0.4868611402111027+0.11386926130546374i,0.00028603147025774785-0.00006423532004070788i
0.15443835519381788-0.4755508827091128i,-0.00009282918691124187+0.00027746740446787547i
0.3270596033896861+0.37819502970832597i,-0.00018904929391784354-0.00022255442749462894i
-0.4928555935598094+0.08422204175906922i,0.00028769900023278215-0.00004654734851342569i
0.1829107677697757-0.4653423633034234i,-0.00010879638952929617+0.00026975568759492625i
0.3035929098629469+0.3972792283379116i,-0.00017421631954220274-0.00023220761114353417i
-0.49704640713786113+0.0542666049705809i,0.0002882818066909529-0.000028893952393406983i
0.21071380525827854-0.45343089127849634i,-0.00012417365239861242+0.0002611355353998467i
0.279015196402866+0.41490955477992136i,-0.00015891237514729687-0.00024088768364968622i
-0.4994182443661694+0.02411257498241686i,0.00028779030748586143-0.000011341121766102581i
0.23774572047458298-0.43986005750979573i,-0.0001389100113920326+0.00025164994601781297i
0.2534164068924821+0.43102148960613373i,-0.00014320051335074541-0.00024857334843165005i
-0.4999624253384193-0.006129697397126125i,0.0002862389022379916+0.000006046298597034087i
0.26390758821051274-0.42467952542460563i,-0.0001529575385273241+0.00024134472525708204i
0.22689022191495495+0.4455560700499799i,-0.00012714461457649046-0.00025524735255271375i
-0.49867695858580385-0.03634953843047031i,0.00028364587100268064+0.00002320484735711982i
0.2891036672582639-0.4079448492552007i,-0.00016627149287013683+0.00023026827696665005i
0.1995337159228355+0.458460105784964i,-0.00011080913005494072-0.000260896507165261i
-0.4955665483649428-0.06643635646913794i,0.00028003325884357635+0.00004007267659342405i
0.3132417507821359-0.3897172707341988i,-0.00017881045720433177+0.00021847138557737553i
0.1714470019872321+0.46968637357843007i,-0.00009425882550228384-0.0002655116917570667i
-0.49064257744232354-0.09628004667172135i,0.0002754267469288207+0.00005658977283191949i
0.3362335037559765-0.3700634949761029i,-0.00019053646008574686+0.0002060069917700463i
0.14273286542693664+0.4791937901083261i,-0.00007755852649151682-0.00026908784236494683i
-0.48392306543826047-0.12577139394034767i,0.0002698555108152728+0.00007269816833805072i
0.3579947862314661-0.34905544636521063i,-0.0002014150829585753+0.00019292996224093683i
0.11349638765827152+0.4869475623105308i,-0.000060772866509704674-0.00027162392398395697i
-0.4754326028828188-0.15480247260106417i,0.00026335206662982883+0.00008834214194279269i
0.3784459612542178-0.32677000534323625i,-0.00021141555207730033+0.00017929685454836915i
0.08384456164220375+0.4929193147065362i,-0.00004396603867399764-0.00027312288746150965i
-0.46520226122502795-0.1832670413654861i,0.000255952105897988+0.00010346840872151737i
0.397512186300852-0.3032887270598892i,-0.00022051081504136522+0.00016516567803259355i
0.05388590033602786+0.4970871932455204i,-0.000027201552053148735-0.00027359161122502573i
-0.45326947912471344-0.21106093212831495i,0.0002476943198070321+0.00011802629789781418i
0.41512368717051085-0.2786975429160281i,-0.00022867760181378188+0.0001505956518058472i
0.02373003958251249+0.49943594528079405i,-0.000010541993512241754-0.00027304082824895055i
-0.4396779254430695-0.23808243117789746i,0.00023862021372484884+0.0001319679183988406i
0.4312160133284878-0.25308644609161346i,-0.00023589647015906888+0.00013564696081012117i
-0.006512663110229605+0.49995697538794215i,0.000005951204034612002-0.00027148503872180085i
-0.42447733943336896-0.26423265142475727i,0.00022877391282543472+0.00014524831154519302i
0.4457302737675244-0.2265491622092916i,-0.0002421518354992448+0.00012038051093646764i
-0.03673153242985955+0.4986483768203872i,0.00002221798611445057-0.00026894240892649004i
-0.4077233487166435-0.28941589428590164i,0.0002182019596982423+0.00015782559041603673i
0.4586133525236213-0.19918280633884172i,-0.00024743198524970777+0.00010485768419219525i
-0.06681598028395452+0.49551493848726424i,0.000038199893118642706-0.00026543465689665046i
-0.3894772657084647-0.31353999990056386i,0.00020695310484087088+0.00016966106548914683i
0.46981810305767086-0.17108752759769966i,-0.000251729077758442+0.00008914009489082648i
-0.09665591050496522+0.49056812742806816i,0.000053840267890706864-0.00026098692545879667i
-0.3698058632418168-0.33651668439574045i,0.0001950780909528728+0.0001807193562155353i
0.479303520791556-0.1423661426481697i,-0.0002550391260328568+0.00007328934782429459i
-0.1261421217549377+0.48382604684821107i,0.0000690844537551709-0.00025562764331379847i
-0.34878113020718615-0.3582618629672768i,0.00018262943196293546+0.00019096848824900597i
0.48703489316730786-0.11312375943256814i,-0.00025736196649772306+0.000057366799357735256i
-0.1551667071555433+0.47531336986905975i,0.00008387998231065558-0.00024938837485202287i
-0.3264800081041168-0.37869595759416297i,0.00016966118773213104+0.00020037997611200775i
0.49298392668016905-0.08346739252326327i,-0.00025870121308522987+0.0000414333223646889i
-0.1836234491809421+0.4650612492349002i,0.00009817675035953494-0.00024230365943371065i
-0.3029841094683455-0.3977441882599375i,0.00015622873538230332+0.00020892889114053974i
0.4971288504206797-0.05350557149526977i,-0.00025906419701383004+0.000025549075894112947i
-0.2114082083683417+0.4531072033072643i,0.00011192718539772067-0.00023441084090019922i
-0.2783794192049455-0.4153368466154538i,0.00014238853820140225+0.00021659391461206892i
0.49945449574686135-0.023347943754582295i,-0.0002584618926662074+0.000009773280431281787i
-0.2384193044237359+0.4394949787638285i,0.0001250863991410468-0.00022574988811209032i
-0.2527559799204785-0.43140955108152057i,0.00012819791307591355+0.0002233573760213209i
0.4999523517949373+0.006895126724272151i,-0.0002569088300279013-0.000005836000418161831i
-0.26455788832814203+0.42427439050434806i,0.00013761232861911755-0.00021636320733729822i
-0.22620756240569756-0.44590348245784994i,0.000113714797395557+0.00022920527652923344i
0.49862059662544045+0.03711296328301471i,-0.00025442299419696-0.000021222071027433814i
-0.289728304082587+0.4075011393495045i,0.00014946586442320656-0.0002062954473349674i
-0.19883132247469842-0.4587655991760877i,0.0000989975163661661+0.00023412729766975786i
0.4954641038907304+0.06719498160868465i,-0.00025102571252112504-0.000036329806875990736i
-0.31383843876800915+0.38923660819980677i,0.00016061096575166602-0.00019559329800093988i
-0.17072744541633617-0.4699488314091884i,0.00008410455165406327+0.0002381167954579627i
0.4904944249995179+0.09703109442476388i,-0.0002467415299623755-0.0000511058489912541i
-0.3368000596390103+0.36954763740051955i,0.00017101476195367934-0.00018430528345596446i
-0.1419987793590664-0.47941225332678117i,0.00006909431226870526+0.00024117078009987307i
0.4837297468436656+0.1265121143633621i,-0.0002415980733291729-0.00006549878903432073i
-0.3585291370178352+0.3485062801346863i,0.00018064764033048542-0.0001724815504697925i
-0.11275045889093421-0.48712123286614417i,0.00005402490857070019+0.00024328988156040795i
0.4751948252419699+0.15553015354412222i,-0.00023562590505380877-0.00007945934440519172i
-0.378946151806929+0.32618953873940304i,0.00018948332001141993-0.00016017365312246372i
-0.08308952031210462-0.4930475584706913i,0.000038953930268718894+0.0002444783012997132i
0.46492089434448847+0.18397901839755978i,-0.00022885836722652571-0.00009294052279085427i
-0.39797638649470635+0.3026790829103122i,0.00019749891178070337-0.0001474343346084125i
-0.05312450992794021-0.497169542332161i,0.00002393822924265736+0.0002447437505404221i
0.4529455523289565+0.21175459828795062i,-0.00022133141662879086-0.00010589777562922027i
-0.4155501985895764+0.27806095082556725i,0.0002046749637891355-0.00013431730708963257i
-0.022965086816110786-0.49947209975868717i,0.000009033708000366094+0.00024409737547830316i
0.439312623807592+0.2387552465135762i,-0.00021308345153547893-0.00011828914001299792i
-0.4316032754815733+0.2524252342830269i,0.00021099549314263213-0.00012087703050093534i
0.007278378478568742-0.4999468043782965i,-0.00000570488545692809+0.00024255366989663787i
0.4240719994478244+0.2648821522900271i,-0.00020415513107958713-0.00013007536861022208i
-0.44607686979890715+0.22586574900293954i,0.00021644800341681308-0.00010716849120374704i
0.037495207852963425-0.49859191897581434i,-0.00002022415562104185+0.00024013037568979207i
0.40727945339386284+0.290039702355266i,-0.00019458918799353933-0.0001412200472316616i
-0.45891801439813107+0.1984796913026719i,0.00022102348820314034-0.00009324698137430632i
0.06757482067997486-0.4954124018503262i,-0.00003447224961345684+0.0002368483718443319i
0.38899643915726584+0.3141358308731327i,-0.0001844302355578532-0.0001516896997298463i
-0.4700797162011542+0.17036728239990118i,0.00022471642084715709-0.00007916787999848928i
0.09740713848617749-0.4904198886699308i,-0.000048399038810858426+0.00023273155246581834i
0.36928986472346403+0.33708235635479056i,-0.0001737245696011932-0.00016145387996964006i
-0.4795211281697395+0.14163140164597166i,0.00022752473059339646-0.00006498643632808727i
0.12688298779178855-0.48363264989018995i,-0.00006195629134092849+0.000227806694476493i
0.3482318476972479+0.3587953043651309i,-0.00016251996640542668-0.00017048525066561623i
-0.4872076987881325+0.1123772100316221i,0.000229449765403817-0.000050757556632909486i
0.15589449963874846-0.4750755238921004i,-0.00007509783487436447+0.00022210331564319002i
0.3258994513832866+0.3791952148331653i,-0.00015086547737518376-0.00017875964893735057i
-0.4931112985067803+0.08271176534289248i,0.00023049624176712353-0.000036535595059338076i
0.18433550434481308-0.46477982608428137i,-0.00008777970918538377+0.00021565352362553787i
0.30237440276750566+0.3982074328417824i,-0.00013881122133394916-0.00018625613848923333i
-0.49721032268441034+0.0527436303755741i,0.00023067218186514804-0.00002237414937927123i
0.21210192003902442-0.45278323430201783i,-0.00009996030800110379+0.0002084918567624719i
0.27774279343139574+0.4157623818327049i,-0.0001264081753073611-0.00019295704837667002i
-0.4994897706517452+0.022582475641969864i,0.00022998883850894366-0.000008325862383757544i
0.23909213355668865-0.43912965092255407i,-0.00011160050970943436+0.00020065511733931545i
0.25209476449377055+0.4317958182268318i,-0.00011370796464997302-0.00019884799837545527i
-0.4999413006075144-0.007661321976112892i,0.00022846060830164315+0.000005557770356675038i
0.26520737229994923-0.42386904220123556i,-0.00012266379654569514+0.00019218219809889045i
0.22552417673296085+0.44624906652816587i,-0.00010076265336323775-0.00020391791102495588i
-0.49856326014586705-0.03787708315937792i,0.0002261049335269731+0.000019226585677924184i
0.2903520657031031-0.407057255416458i,-0.00013311636192964515+0.00018311390277785355i
0.19812826709664785+0.4590692340509469i,-0.00008762453544138876-0.00020815901046896578i
-0.49536069230346724-0.06795423118984786i,0.00022294219330174213+0.00003263193030457821i
0.3144341949798555-0.3887558144925969i,-0.00014292720567665737+0.0001734927614636659i
0.17000729285636626+0.4702094044841809i,-0.0000743459280668102-0.00021156680826985448i
-0.4903453171041453-0.09778269661419492i,0.0002189955845671213+0.000045726830018185824i
0.337365629872584-0.3690316948488498i,-0.00015206821685957172+0.0001633628415784953i
0.14126416470891975+0.4796288095852037i,-0.000060978967458608727-0.00021414007642226525i
-0.4835354886686395-0.1272533200507004i,0.00021429099352756212+0.00005846614994263799i
0.3590624511712591-0.34795707829794575i,-0.00016051424415044804+0.0001527695553038298i
0.11200407016739658+0.48729297837395075i,-0.0000475754081571843-0.00021588080784162118i
-0.47495612804639253-0.15625825166574306i,0.00020885685817691172+0.00007080674542100835i
0.37944525782173555-0.32560908889168994i,-0.00016824315352458288+0.00014175946426348796i
0.08233408862001704+0.49317386328195145i,-0.000034186426503421096-0.00021679416464974582i
-0.46463863201520483-0.1846913458579032i,0.00020272402257938033+0.00008270760300314135i
0.39843945749953347-0.3020695106800337i,-0.00017523587326171594+0.00013038008228335863i
0.052362799465527965+0.4972499427943916i,-0.000020862429044543184-0.00021688841462545516i
-0.45262075818250386-0.21244854970530894i,0.0001959255835976642+0.00009412997110953019i
0.41597553958573397-0.2774244884165523i,-0.0001814764262317572+0.00011867967704337543i
0.022199884759203425+0.49950630020962117i,-0.000007652866569090047-0.00021617485623105716i
-0.438946486808705-0.23942828375467218i,0.000188496730782309+0.00010503747998456696i
0.4319893295460096-0.25176421230561785i,-0.00018695194950423357+0.00010670707143125724i
-0.008044272176404077+0.4999346782278804i,0.000005393945558418054-0.00021466773266673952i
-0.4236658598583337-0.26553181375849255i,0.0001804745801548146+0.00011539625060062551i
0.44642222378187935-0.22518258794495885i,-0.00019165270137127044+0.00009451144539809964i
-0.03825899070705066+0.49853350916947314i,0.000018231000126821685-0.0002123841354434504i
-0.4068347978679125-0.29066361200002855i,0.00017189800263217708+0.00012517499222381218i
0.459221404094727-0.19777689267147497i,-0.00019557205592409698+0.00008214213910347784i
-0.06833369793042013+0.4953079207118013i,0.000030812763271924054-0.00020934389800100214i
-0.3885148953007974-0.3147317068837423i,0.0001628074478525438+0.00013434508840186988i
0.4703400309777397-0.16964741956793356i,-0.00019870648537160984+0.00006964845812217909i
-0.09815833332549101+0.49026971712426715i,0.00004309533157294954-0.00020556947993155902i
-0.36877319513787676-0.33764801951186685i,0.00015324476417040908+0.00014288067118501814i
0.4797374150284009-0.14089711043333009i,-0.0002010555303368092+0.000057079481466139527i
-0.12762375152680777+0.4834373360697125i,0.00005503658053080337-0.00020108584239958554i
-0.3476819435290346-0.3593286860153708i,0.00014325301559505054+0.00015075868344061662i
0.48737916585423957-0.11163117906008416i,-0.00020262175841269235+0.00004448387315375544i
-0.1566221217496762+0.47483578113048663i,0.00006659630394890342-0.00019592031537702444i
-0.325318325403249-0.37969436445972593i,0.0001328762964481996+0.00015795892917289553i
0.49323731792690806-0.08195672619671492i,-0.0002034107113030294+0.00003190969803466836i
-0.18504732240455604+0.46449653030606486i,0.00007773634378075761-0.00019010245733779377i
-0.301764182004877-0.39867052520233637i,0.00012215954451590106+0.00016446411180875108i
0.49729043292401304-0.051982347605066766i,-0.000203430840915645+0.000019404242551394713i
-0.2127953294565339+0.4524574208170812i,0.0000884207100528578-0.00018366390807747244i
-0.27710571138982637-0.4161877236390431i,0.00011114835346515019+0.00017025986046018357i
0.4995236781841746-0.021817736646427967i,-0.00020269343481564052+0.000007013841090025157i
-0.23976459710864587+0.43876251063733873i,0.00009861569051716312-0.0001766382353433326i
-0.2514331529776639-0.4321818543415719i,0.00009988878528884157+0.0001753347442224835i
0.4999288809882012+0.008426717149093817i,-0.00020121253148395327-0.000005216291459237265i
-0.2658564294159138+0.4234619172605354i,0.00010828994973371553-0.0001690607759756513i
-0.22484045731406951-0.4465943856558876i,0.00008842718353189682+0.00017968027461533182i
0.49850455846773456+0.03864033206087457i,-0.00019900482586196765-0.00001724222034454524i
-0.29097534147014525+0.40661163429174524i,0.00011741461733106537-0.0001609684722742718i
-0.1974249422521599-0.45937257390292763i,0.000076809988038368+0.00018329089632056732i
0.4952559230319112+0.06871253922536945i,-0.00019608956569601294-0.000029021444246248985i
-0.315029408833717+0.38827332653485574i,0.00012596336523948898-0.00015239970431404746i
-0.16928693681091395-0.4704696563978309i,0.00006508355194292428+0.000186163966416033i
0.49019486329218165+0.0985332872706996i,-0.00019248843922603496-0.000040513040707881825i
-0.33793060394356583+0.3685141043258509i,0.00013391247373967488-0.000143394118939527i
-0.14052941401402083-0.47984502258129436i,0.000053293961611381146+0.00018829972234895973i
0.4833399005550957+0.1279934450574414i,-0.00018822545479046053-0.00005167780322904582i
-0.3595951182542889+0.3474062779377832i,0.0001412408862172649-0.00013399245617283536i
-0.11125761405280854-0.4874643626367922i,0.000041486860213070306+0.00018970123893480666i
0.47471612104226896+0.15698520105176003i,-0.00018332681294453256-0.00006247836958533154i
-0.37994366894145176+0.3250270929562089i,0.00014793025256101963-0.00012423637376915452i
-0.08157865915230936-0.4932997930497773i,0.00002970727558402956+0.0001903743747084431i
0.46435508408557785+0.185402457869353i,-0.00017782077171160827-0.00007287934098213183i
-0.3989017890426986+0.30145844759349694i,0.00015396496118953072-0.0001141682706517265i
-0.05160116154989128-0.4973299586493792i,0.00001799945301319334+0.00019032770799311987i
0.45229470663355026+0.21314122054634216i,-0.00017173750560633622-0.00008284739169190099i
-0.41640009997487537+0.27678659297652i,0.00015933215973791177-0.00010383110995283513i
-0.021434826021083625-0.4995401107591636i,0.000006406693555209831+0.00018957246308986864i
0.4385791244916066+0.24009997711620873i,-0.00016510895908531875-0.00009235136886805356i
-0.4323745654298682+0.251101817504548i,0.00016402176448168852-0.00009326824237869877i
0.008809951592819637-0.49992216117095845i,-0.000005028801557423025+0.00018812242702443525i
0.42325853080395376+0.2661800701000243i,-0.00015796869509440212-0.00010136238227292642i
-0.4467667257200082+0.22449811643245643i,0.0001680264586199042-0.00008252323060505554i
0.03902248838615782-0.4984747117442243i,-0.000016266079863095632+0.00018599385732138217i
0.4063889923682206+0.29128605755048165i,-0.0001503517393924386-0.00010985388370203888i
-0.459523911715438+0.1970728478884342i,0.00017134167958326706-0.00007163967539613898i
0.06909221944083707-0.49520305952264876i,-0.000027265579475266+0.00018320538130500648i
0.3880322444550392+0.31532606232846105i,-0.00014229442133926602-0.00011780173593187702i
-0.47059943759052414+0.16892637658501813i,0.00017396559557545345-0.00006066104412306612i
0.09890910244647774-0.4901191773492405i,-0.000037989263273090914+0.00017977788745431665i
0.3682554648834515+0.338212108333927i,-0.0001338342118401775-0.00012518427106368146i
-0.4799527716739404+0.14016170652731985i,0.00017589907159695268-0.0000496305023383887i
0.12836402040804262-0.48324167005086116i,-0.00004840074504698003+0.00017573440936441206i
0.3471310281789218+0.3598604424606968i,-0.00012500955914138817-0.00013198233818066562i
-0.48754968477719124+0.11088410406257448i,0.00017714562523994378-0.00003859074904189828i
0.15734918096720815-0.47459570635254533i,-0.00005846540720651433+0.0001711000028888443i
0.32473624071363594+0.38019184109686516i,-0.00011585972316968003-0.0001381793402809012i
-0.49336237545874967+0.08120071265048678i,0.00017771137258067868-0.000027583856248760514i
0.18575851087613418-0.4642129267707672i,-0.00006815050969814682+0.00016590161705750338i
0.30115305779835655+0.3991319000492217i,-0.00010642460910582231-0.00014376126049254497i
-0.4973695717654029+0.0512201607641533i,0.00017760496453143775-0.000016651113444752145i
0.21348804418002595-0.45213132782273113i,-0.00007742528982104712+0.00016016795938137522i
0.27646778376116016+0.4166113068306657i,-0.00009674460087450011-0.0001487166776216001i
-0.49955660907847116+0.021052164356471503i,0.0001768375140481506-0.0000058328774852462054i
0.24043630268790922-0.43839512297542504i,-0.00008626105267095053+0.00015392935616988457i
0.25077075611063504+0.43256609431416204i,-0.00008686039522431946-0.00015303677112536352i
-0.49991548378001766-0.009192874653160509i,0.0001754225146213579+0.000004831571535677906i
0.26650466733925704-0.42305458084330716i,-0.00009463125198415813+0.00014721760849796328i
0.22415601493937207+0.44693787482497194i,-0.0000768128370592129-0.00015671531564665094i
-0.4984448825426559-0.03940427240248619i,0.00017337575050779027+0.000015304167951557024i
0.2915977391074253-0.4061658412267507i,-0.00010251156119628658+0.00014006584446864742i
0.19672095877758436+0.4596740538144839i,-0.00006664275666819974-0.00015974866528453807i
-0.4951501871357644-0.06947146814182387i,0.00017071519918701144+0.000025548191264296132i
0.3156236881191485-0.3877907096644693i,-0.00010987993457297909+0.00013250836842286162i
0.16856598815628954+0.4707280223336901i,-0.00005639080948318535-0.0001621357278168582i
-0.49004345473052013-0.09928442883895981i,0.00016746092655249965+0.0000355283895334244i
0.3384945897124627-0.3679964312517707i,-0.00011671665831265665+0.00012458050775124497i
0.13979413818445507+0.48005932760193526i,-0.00004609731897523518-0.0001638779291277769i
-0.4831433737758269-0.1287340518528225i,0.00016363497536876935+0.00004521109502408446i
0.36012674620323465-0.34685544455236766i,-0.00012300439156364174+0.00011631845796310763i
0.11051070148471995+0.4876338210467326i,-0.0000358021232779475-0.00016497916813007786i
-0.4744751956066127-0.15771256420232488i,0.00015926124754617185+0.0000545643317613496i
0.3804409931827634-0.3244451165043241i,-0.00012872819734030858+0.00010775912666530036i
0.08082284286758534+0.49342378327288355i,-0.000025544426102790433-0.00016544576250656994i
-0.46407064203478177-0.18611391696922053i,0.0001543653808021538+0.00006355791467677813i
0.39936298922554103-0.30084745929026624i,-0.0001338755633644272+0.00009893997709873434i
0.050839207154201094+0.49740802550356744i,-0.000015362652485463127-0.00016528638562793952i
-0.4519677892609968-0.21383417339163097i,0.00014897462029259047+0.00007216354007205627i
0.41682348794696344-0.2761488302079917i,-0.0001384364128987665+0.00008989887187264046i
0.020669521582947853+0.4995719671221708i,-0.000005294309874649695-0.00016451199503524037i
-0.4382109285321262-0.2407718892279868i,0.00014311768580878124+0.00008035486716427678i
0.43275859141538003-0.2504396156398221i,-0.00014240310568006267+0.00008067391752645598i
-0.009575805745162314+0.4999076890310866i,0.000004624144954911914-0.00016313575290413622i
-0.42285040405428986-0.26682848399941406i,0.00013682463514515673+0.00008810759051739478i
0.44710998399109947-0.22381390027723658i,-0.00014577042909755353+0.00007130331053655538i
-0.03978608991275098+0.49841396263221294i,0.000014357432714024837-0.0001611729389347651i
-0.4059424287546703-0.2919086017519781i,0.00013012672424962416+0.00009539950320466995i
0.4598251457366029-0.1963691228112788i,-0.0001485355798010312+0.00006182518537007988i
-0.06985077424536776+0.4950962543230945i,0.000023871571716746243-0.00015864085613558608i
-0.3875488785663258-0.3159204600185504i,0.0001230562647724076+0.00010221055058722207i
0.47085754461697504-0.1682057193487673i,-0.00015069813595900236+0.00005227746517066999i
-0.09965983490146954+0.4899667054922535i,0.000033133990919359435-0.00015555872999182654i
-0.3677370659888302-0.3387761857032474i,0.00011564647963108139+0.000108522874634089i
0.4801668067871817-0.1394267558592493i,-0.00015226002042260424+0.00004269771564153983i
-0.12910418351246145+0.4830440880869194i,0.00004211363553046212-0.0001519476015289453i
-0.3465794937534146-0.36039213665924785i,0.00010793135720814778+0.00011432084874910385i
0.4877188643430144-0.11013755099778547i,-0.00015322545508452722+0.000033123002669703544i
-0.1580760663993069+0.47435373591575736i,0.000050781064877880324-0.0001478302147991234i
-0.32415358949408624-0.38068920778315307i,0.00009994550479415987+0.00011959110310941886i
0.49348607999499927-0.08044529068387336i,-0.00015360090675395482+0.00002358975421164607i
-0.18646945890474786+0.4639274519380019i,0.00005910854225454217-0.00014323089933364162i
-0.3005414223957198-0.39959312050571505i,0.00009172400188309328+0.00012432254055948623i
0.49744734820901476-0.050458635846983776i,-0.00015339502489870115+0.0000141336269354467i
-0.2141804533980464+0.45180339187827556i,0.00006707011650268653-0.00013817544811664322i
-0.275829402856062-0.4170346946195212i,0.0000833022539183582+0.00012850634314241365i
0.49958817244348847-0.02028732477419389i,-0.0001526185716338129+0.0000047893780873131736i
-0.2411076395323187+0.4380259245930114i,0.00007464169513332584-0.00013269099164586585i
-0.2501079662607618-0.4329501014488625i,0.00007471584707675983+0.00013213596938795562i
0.4999007182005178+0.00995822848484645i,-0.000151284344362054-0.000004409256978070748i
-0.2671524753628811+0.4226454696994817i,0.0000818011088158312-0.00012680586865329978i
-0.22347124202867208-0.4472810974352931i,0.00006600040466468299+0.000135207142512562i
0.49838384169676986+0.040167338185948455i,-0.00014940709149588213-0.000013429681193969004i
-0.29221964796847577+0.40571831306163697i,0.00008852816711051942-0.00012054949406401252i
-0.1960167091385743-0.4599752372840573i,0.00005719144568536661+0.00013771782972205903i
0.4950430940492377+0.07022945195270497i,-0.00014700342171237229-0.00002224054572658312i
-0.31621742225565663+0.38730640080800083i,0.00009480470535511941-0.00011395222477374069i
-0.16784483939795217-0.47098606589135983i,0.00004832424611865251+0.00013966821284120052i
0.48989070096053444+0.10003455535074093i,-0.00014409170721238897-0.0000308118531228005i
-0.33905797666986+0.36747711263542593i,0.00010061462265386153-0.00010704522382609235i
-0.13905872975929745-0.4802732883501083i,0.00003943370343513217+0.00014106065052667063i
0.4829455179780686+0.1294735744933274i,-0.00014069198147272443-0.000039115053348166556i
-0.36065772458460355+0.34630301522832063i,0.00010594391095529855-0.00009986032356786365i
-0.10976372502950965-0.48780291741197945i,0.00003055420484533808+0.00014189963235089546i
0.47423296149083344+0.15843877520499508i,-0.0001368258319951623-0.000047123132436681246i
-0.38093762019266547+0.32386159669572895i,0.00011078067524204561-0.00009242988835624063i
-0.08006703235311532-0.4935473978661611i,0.00002171949976137646+0.0001421917250731033i
0.46378491571633046+0.18682415728237906i,-0.0001325162885693099-0.00005481069350881669i
-0.39982344777981454+0.3002349829981068i,0.0001151151448918399-0.00008478667738472921i
-0.05007732888012961-0.4974857073795984i,0.000012962576923770898+0.00014194551144141102i
0.4516396160180186+0.2145258424094702i,-0.00012778770757648948-0.00006215402994937564i
-0.41724609332247165+0.2755096374015543i,0.00011893967630494494-0.00007696370818528858i
-0.01990436405432941-0.4996034334297096i,0.000004315546619901676+0.00014117152189531187i
0.4378415089802926+0.24144245430766959i,-0.00012266565287024378-0.00006913119057246152i
-0.43314179741537473+0.24977604405936954i,0.00012224874692741454-0.00006899412135280051i
0.010341442022609254-0.49989282604803376i,-0.000004190471607166039+0.0001398821595613514i
0.42244108975306055+0.26747548972945934i,-0.00011717677377471069-0.00007572203663661454i
-0.44745238860363723+0.223128376878881i,0.00012503894083337142-0.00006091104702433776i
0.04054940268129256-0.4983528261817886i,-0.000012525455389663105+0.00013809161895657012i
0.4054947172611659+0.2925296789380136i,-0.0001113486807456605-0.00008190829060897412i
-0.4601254962653077+0.19566415488536507i,0.000127308926061705-0.00005274747363014608i
0.07060896975031544-0.4949890695695501i,-0.000020660579766035966+0.00013581579883361768i
0.3870644079549114+0.3165133343535469i,-0.00010520981924005443-0.0000876735766130942i
-0.47111474226536887+0.167483885344266i,0.00012905942393371016-0.000044536119415782935i
0.10041013811512345-0.4898138661168672i,-0.00002856831090302062+0.0001330722096190171i
0.36721760885646665+0.3393386860905063i,-0.00009878934233883377-0.00009300345253037497i
-0.48037991067980795+0.13869069594773986i,0.0001302931706077301-0.00003630930721546383i
0.1298438482895208-0.4828461548472911i,-0.00003622249303181318+0.00012987987591121824i
0.3460269507327131+0.36092220315768364i,-0.00009211698266423247-0.0000978854337602236i
-0.48788709496863875+0.10938995741156171i,0.00013101487115502503-0.000028098842935636562i
0.15880238552658263-0.47411143459367666i,-0.00004359842835385328+0.0001262592345182016i
0.3235699822978105+0.38118489914579334i,-0.00008522292412716113-0.00010230900867842035i
-0.4936088220592859+0.07968889786352859i,0.00013123114646753034-0.000019935898185179317i
0.1871797740084017-0.46364167068339857i,-0.00005067294970459097+0.00012223202852522063i
0.2999288864181832+0.4000526212838311i,-0.00007813767403256697-0.00010626564586699429i
-0.4975241528862396+0.04969621043453152i,0.00013095047333294257-0.00001185089746446543i
0.21487216467209808-0.4514751779589715i,-0.00005742448579723217+0.00011782119789197666i
0.2751901793585021+0.4174563218063916i,-0.00007089193606058639-0.00010974879322183585i
-0.49961875901904845+0.019521655488345863i,0.0001301831180355488-0.000003873410300053151i
0.24177821525281962-0.4376564805621702i,-0.00006383311890184233+0.0001130507670848743i
0.24944439416928602+0.4333323106388553i,-0.00006351648462954782-0.00011275386907631067i
-0.4998849750982266-0.010724341054194148i,0.00012894106386231562+0.000003967951314929449i
0.26779946115293796-0.4222361489947801i,-0.00006988063484903047+0.00010794573025421143i
0.22278574937479112+0.4476224884757275i,-0.00005604204113294301-0.00011527824550997249i
-0.4983218268871783-0.04093109182667244i,0.0001272379329130363+0.000011645629842482246i
0.2928406757802164-0.4052706150522638i,-0.00007555056528107503+0.00010253193446820958i
0.19531180417364957+0.4602745593991616i,-0.00004849915252676698-0.00011732122404130368i
-0.49493503483748646-0.07098805308534803i,0.00012508890263043354+0.000019133213180027133i
0.3168102190362688-0.38682196530760965i,-0.00008082822210674652+0.00009683596151549707i
0.16712310141407283+0.47124222225957435i,-0.000040918072726218545-0.00011888400393174654i
-0.48973699315451497-0.10078522925181412i,0.00012251061748145038+0.00002640551942543269i
0.33962037267998935-0.3669577139011202i,-0.0000857007241492719+0.0000908850087854451i
0.13832279965017671+0.4804853401179807i,-0.000033328647251635166-0.00011996964335543035i
-0.4827467244399358-0.13021357544960738i,0.0001195210962340721+0.00003343867518319554i
0.3611876613386682-0.34575055546763445i,-0.00009015701600944969+0.00008470676973120019i
0.10901629562594864+0.4879700871299659i,-0.000025760201542748898-0.00012058301371439921i
-0.47398981007717167-0.15916539656165554i,0.00011613963528509033+0.00004021018719902913i
0.38143315799203015-0.32327809910536376i,-0.00009418787919800417+0.00007832931441383008i
0.07931083856839757+0.49366907233375823i,-0.00001824143333843855-0.00012073074740323405i
-0.46349829661451153-0.18753474134818618i,0.00011238670850326912+0.00004669900714134222i
0.4002827728112545-0.2996225843599003i,-0.0000977859356225867+0.00007178097061753327i
0.04931513770141213+0.4975614398893934i,-0.000010800309495558574-0.00012042117934920422i
-0.4513105784884973-0.2152177901827917i,0.00010828386405926098+0.00005288558937965918i
0.41766752429595133-0.2748705802627752i,-0.00010094564354520223+0.00006509020601536884i
0.019138964416657245+0.4996329454021381i,-0.0000034639675958511763-0.00011966428267466536i
-0.43747125751676447-0.2421132349877056i,0.00010385361871838144+0.00005875194164161678i
0.43352379171684724-0.2491126685259576i,-0.00010366328615541834+0.000058285511852738324i
-0.011107249442608075+0.4998760080508612i,0.0000037413773357438393-0.00011847159884722441i
-0.42203097967453057-0.26812264997788693i,0.00009911935007516894+0.00006428166846190726i
0.44779354794035026-0.2224431120516634i,-0.00010593695293302964+0.000051395288601833104i
-0.04131281571468204+0.49828973833058554i,0.000010790520704770016-0.00011685616270013305i
-0.40504624975206455-0.29315085185715206i,0.00009410518720916403+0.00006946000736792859i
0.4604245717829538-0.19495950997058986i,-0.0001077665140011359+0.00004444773402444202i
-0.07136719499058675+0.49487994130769464i,0.000017659350543795978-0.0001148324227204468i
-0.38657922457140215-0.3171062481481875i,0.0000888359002402132+0.00007427385777827935i
0.4713706391183572-0.16676244047098404i,-0.00010915358769642049+0.00003747073406327455i
-0.10116040114086414+0.4896590953758808i,0.00002432492379087196-0.00011241615701564266i
-0.3666974855190556-0.3399011723817079i,0.00008333678925793427+0.00007871180262095258i
0.48059169203792923-0.1379550927256401i,-0.00011010150160809643+0.000030491756963069513i
-0.13058340381760622+0.48264630659058017i,0.0000307655364377156-0.0001096243853805528i
-0.34547379122714295-0.3614522049181088i,0.0000776335730949166+0.00008276412270848813i
0.48805398544546125-0.1086428892638133i,-0.00011061524736000708+0.00002353775100256878i
-0.15952852745873455+0.4738672387490088i,0.00003696078736464491-0.00010647527789578227i
-0.32298581130801984-0.38168047822754536i,0.00007175227840587501+0.00008642280393696924i
0.4937302105497371-0.07893310017000801i,-0.00011070142943192471+0.00001663504619691568i
-0.1878898453343457+0.4633540194716804i,0.0000428916357087382-0.00010298806049594294i
-0.2993158421168346-0.40051196551124413i,0.00006571912950590394+0.00008968153740464423i
0.4975995948029888-0.04893445052150647i,-0.00011036820833611591+0.000009809260307378043i
-0.21556356719308145+0.451145122629103i,0.00004854045164138897-0.00009918291795145449i
-0.27455050558218597-0.41787775160781515i,0.00005956043941028794+0.00009253571257405631i
0.49964797791950566-0.018756722501248307i,-0.00010962523848351865+0.0000030852094715392088i
-0.24244841908990356+0.4372852275439246i,0.00005389106046113829-0.00009508089471088745i
-0.24878043220704232-0.433714285193166i,0.000053302502505596255+0.00009498240362852426i
0.49986786369620306+0.011489646357842692i,-0.00010848360109041201-0.0000035131762575532055i
-0.2684460140052688+0.4218250554837892i,0.00005892877993724638-0.00009070379405223866i
-0.22209992939999665-0.44796361135107343i,0.00004697148926783321+0.000097020349199868i
0.49825844744550885+0.041693967326831886i,-0.00010695573249139598-0.000009962932200304762i
-0.2934612118993942+0.4048211840432641i,0.00006364045086893806-0.00008607407599103981i
-0.194606636350626-0.4605735836633028i,0.000040593343427609324+0.00009864992566903685i
0.49482561894017335+0.07174570555401621i,-0.0001050553482374499-0.00001624213293077036i
-0.31740246788397086+0.3863358400941265i,0.00006801446085428274-0.00008121475439067624i
-0.16640116671196228-0.47149805504312003i,0.000034193681965252684+0.00009987311426481854i
0.48958194085923046+0.10153488457504259i,-0.000102797363369058-0.00002232996053810044i
-0.3401821672371667+0.3664366720617191i,0.00007204076129130968-0.00007614929371607363i
-0.13758674039770313-0.4806970466138223i,0.000027797698300291395+0.00010069346220806244i
0.4825466028139824+0.13095248877956753i,-0.000100197809263851-0.00002820676708644898i
-0.3617169460359046+0.3451965023607464i,0.00007571087766207216-0.00007090150586580038i
-0.10826880584162854-0.4881368940142699i,0.000021430069020024898+0.00010111603816952994i
0.4737453511222598+0.1598908623616041i,-0.00009727374746558838-0.00003385413111808785i
-0.3819279962320442+0.3226930608964911i,0.00007901791317763204-0.00006549544750980128i
-0.0785546541015878-0.4937903705959995i,0.000015114864471116108+0.00010114738232888144i
0.4632103945879466+0.18824410329356844i,-0.00009404318090713928-0.00003925490807221665i
-0.4007413540560148+0.29900870060672013i,0.00008195654588866607-0.00005995531835045589i
-0.048553026220276074-0.49763678706107184i,0.000008875463516154689+0.00010079545133998471i
0.45098028663058204+0.21590845088224908i,-0.00009052496294378806-0.00004439327451982949i
-0.418088170692468+0.2742300960852773i,0.00008452301939202399-0.00005430536071350101i
-0.01837371527968698-0.4996620671760241i,0.00000273447273445496+0.00010006955852387885i
0.4370997841963917+0.24278266548841337i,-0.00008673870461525469-0.0000492547661427209i
-0.43390496423739466+0.2484479263902683i,0.00008671512728826851-0.00004856976086268801i
0.011872835394446418-0.49985879928484195i,-0.0000032863496773271935+0.00009898030962533681i
0.4216196839670717+0.26876839902043614i,-0.00008270468055500519-0.00005382630941244443i
-0.44813385201464695+0.22175654319762506i,0.00008853219156897882-0.00004277255241787362i
0.04207593640782489-0.49822626343244064i,-0.000009166165073434919+0.00009753953448165509i
0.4045966364657366+0.2937705548461074i,-0.00007844373396367061-0.000058096246952296124i
-0.4607227624016921+0.19425362551446634i,0.0000899750351349536-0.000036937522240703436i
0.07212505737325914-0.49477043399939047i,-0.000014885120389721339+0.00009576021496360925i
0.38609293874031586+0.31769763580549115i,-0.00007397718106023087-0.00006205435659247648i
-0.47162562538940245+0.16603982221585306i,0.00009104594866780885-0.00003108811913523618i
0.1019102314044508-0.48950395783824896i,-0.000020424408855690067+0.0000936564095577611i
0.3661763063830964+0.3404620790512637i,-0.00006932671541930193-0.00006569186415493522i
-0.48080254117851706+0.1372183837131019i,0.00009174865209734679-0.000025247365692810693i
0.13132245754760039-0.4824461079915079i,-0.000025766325232519864+0.0000912431749671i
0.3449196257207163+0.36198057649115384i,-0.00006451431259631027-0.00006900145003040336i
-0.4882199261957819+0.10789478410159281i,0.00009208825092567704-0.000019437773591320783i
0.16025409967811732-0.47362271316052934i,-0.0000308943154475659+0.00008853648511288578i
0.32240068708149083+0.38217437965980683i,-0.00005956213543387742-0.00007197724963518209i
-0.4938506359954158+0.07817633517084699i,0.00009207118768615846-0.000013681262638949478i
0.1885992804026413-0.46306606318358356i,-0.00003579302052189491+0.00008555314792474331i
0.29870190011619624+0.4009695879043703i,-0.00005449244043289945-0.00007461484785967487i
-0.49767406459613106+0.048171793689433196i,0.00009170518883095854-0.000007999083831353804i
0.21625426852486093-0.45081479086889975i,-0.00004044831471345243+0.00008231072030854767i
0.27390999221411716+0.4182974188291675i,-0.00004932748556041066-0.00007691126764408986i
-0.4996762198901824+0.01799096340187116i,0.00009099920735507406-0.000002411746669484444i
0.24311785865717392-0.4369137306151678i,-0.00004484733782432927+0.00007882742168239618i
0.24811569111802273+0.43409446000974533i,-0.000044089439853600954-0.0000788649528392405i
-0.49984977484847576-0.012255706805948665i,0.00008996336147728546+0.000003061049037286494i
0.2690917415889697-0.4214137543368808i,-0.00004897852164635261+0.00007512204647000711i
0.2214133928995665+0.4483029010551325i,-0.000038800295165225684-0.00008047574553180044i
-0.4981940943343494-0.042457527102284606i,0.00008860886970947817+0.000008400476681172806i
0.29408086405614886-0.4043715852949613i,-0.00005283161054452791+0.0000712138759383143i
0.19390081651017707+0.4608707451690593i,-0.00003348178038033243-0.00008174485803360739i
-0.49471523742790285-0.07250397178682229i,0.0000869479826550757+0.00001358864150108934i
0.31799377659527406-0.3858495905139715i,-0.00005639767620283677+0.00006712258976181116i
0.16567864617163502+0.4717519994359167i,-0.000028155278417779002-0.0000826748397537437i
-0.48942593525236333-0.10228508376730272i,0.00008499391188516665+0.000018608634208762105i
0.3407429682093588-0.36591555254556873i,-0.00005966912658123344+0.00006286817769045788i
0.13685016291503224+0.4809068431350878i,-0.000022841746312439593-0.00008326953918989882i
-0.48234554438363864-0.13169187695528872i,0.00008276075624691531+0.000023444579465917474i
0.36224518662055827-0.34464242141345797i,-0.00006263970915649455+0.000058470851690599645i
0.10752086661652416+0.48830177346769527i,-0.000017561638655502093-0.00008353406129197437i
-0.4734999760135573-0.16061673510847402i,0.00008026342596336617+0.000028081679106899456i
0.38242174293777587-0.32210804764761325i,-0.00006530450854256866+0.00005395095891965796i
0.0777980899130615+0.4939097281624663i,-0.000012334834650877783-0.00008347472046604928i
-0.4629216011260267-0.18895380565994363i,0.00007751756488659866+0.000032506250025417115i
0.4011987996242341-0.2983948973847501i,-0.00006765993860829028+0.00004932889588514275i
0.047790605411003856+0.4977101845120315i,-0.000007180569025584289-0.00008309898950044341i
-0.4506491320331245-0.2165993870931391i,0.00007453947126741235+0.000036705756668392i
0.4185076407111682-0.2735897505776578i,-0.00006970372923168382+0.00004462502412705944i
0.017608227625063255+0.49968923447722524i,-0.0000021173670111446687-0.00008241544470789207i
-0.4367274807046514-0.24345230844490265i,0.00007134601740436088+0.000040668838103928344i
0.43428492326878176-0.2477833834178158i,-0.00007143490785036373+0.00003985958775003674i
-0.012638588895689834+0.49983963558454064i,0.000002837016408373408-0.00008143370758855585i
-0.42120759440959715-0.2694142995477817i,0.00006795456853306991+0.00004438532965426528i
0.4484729092141832-0.22107023613349258i,-0.0000728537759868917+0.00003505263311752126i
-0.04283915378407088+0.49816083743047374i,0.000007665652807904283-0.0000801643833278521i
-0.4041462692710008-0.2943903506566667i,0.0000643829013133167+0.00004784627910794212i
0.46101967660799026-0.1935480673790419i,-0.00007396188094609887+0.000030223931005387596i
-0.07288294593402025+0.4946589836957646i,0.000012352492040970061-0.00007861899645078069i
-0.385605942416517-0.3182890601436822i,0.00006064912226641676+0.0000510439575484058i
0.4718793096663438-0.1653175964801833i,-0.00007476198289841038+0.00002539290149621033i
-0.10266001796041696+0.489346889662162i,0.000016882409238299896-0.00007680992396064248i
-0.36565446348532404-0.3410229689889164i,0.000056771586509129995+0.00005397186485862411i
0.4810120667929707-0.1364821348444969i,-0.00007525801757898851+0.000020578541878455944i
-0.13206139855932186+0.48224399531399254i,0.000021241246979052114-0.00007475032629466842i
-0.3443648463275656-0.36250888084289945i,0.000052768817122495935+0.000056624729982986905i
0.48838452601636984-0.10714720788601087i,-0.00007545505484699816+0.000015799357797012493i
-0.160979491296182+0.47337629419616156i,0.000025415852550991785-0.00007245407643222034i
-0.32181500180499434-0.3826681664895363i,0.000048659425484997397+0.000058998506048792687i
0.4939697072998844-0.07742016884747493i,-0.00007535925336249232+0.000011073297882886927i
-0.18930846836260226+0.4627762382889342i,0.000029394110238618384-0.00006993568749287773i
-0.29808745267065545-0.40142705159529096i,0.00004446203288905371+0.0000610903604697418i
0.4977471712770559-0.04740980593356556i,-0.00007497781165026503+0.000006417692070645042i
-0.21694465786070635+0.45048261924761535i,0.00003316496860073161-0.00006721023916178993i
-0.273269031571028-0.4187168866915854i,0.000040195193748300075+0.00006289866017312768i
0.49970309405093427-0.01722594419274683i,-0.00007431891583043067+0.000001849193792349859i
-0.24378692319778744+0.4365404264417395i,0.00003671846272129468-0.00006429330327838448i
-0.24745056327580528-0.43447439840239194i,0.00003587732069047166+0.00006442295211073569i
0.499830317783607+0.013020956395272669i,-0.00007339168430455423-0.0000026162737834845208i
-0.269737033202834+0.4210006823132882i,0.00004004573143929387-0.00006120086892169619i
-0.2207265322982179-0.4486419209976334i,0.000031526611816945186+0.00006566393923073625i
0.49812837689081385+0.04322020515565858i,-0.00007220610969378919-0.000006963567320083468i
-0.29470002161045517+0.40392025565644796i,0.00004313902958496413-0.00005794926732146391i
-0.19319473712226554-0.4611676074250064i,0.00002716098039529866+0.0000666234521040192i
0.49460349974578643+0.07326128579881452i,-0.00007077299833161724-0.000011178368560800618i
-0.3185845345966557+0.38536165350223206i,0.00004599173527065354-0.000054555096918508506i
-0.16495593230223915-0.47200561904794136i,0.000022797987235640665+0.00006730441641351083i
0.48926858588607414+0.10303426086257089i,-0.00006910390761864075-0.000015247225151838146i
-0.3413031650946244+0.36539279236957267i,0.00004859835230511042-0.000051035148891156025i
-0.13611345974429373-0.4811162933953394i,0.000018454775985074882+0.00006771081652885392i
0.4821431588067736+0.13243017403611343i,-0.00006721108155009483-0.000019157586954603986i
-0.362772772667085+0.34408674972001074i,0.00005095450781970535-0.00004740633345626459i
-0.10677287051942386-0.488466289309194i,0.000014148011557501618+0.00006784765540150015i
0.47325329451291503+0.1613414488933193i,-0.00006510738472876111-0.000022897837784147586i
-0.3829147877646152+0.3215214965255492i,0.00005305694521411011-0.000043685607244195106i
-0.07704153859184382-0.4940287089589205i,0.00000989382189820914+0.00006772091102661731i
0.4626315260924761+0.18966228257630716i,-0.00006280623517638942-0.000026457322531159543i
-0.4016554992564767+0.29777961192835967i,0.00005490351254716248-0.00003988990203653357i
-0.047028267876361995-0.49778319627587125i,0.0000057077432643710985+0.00006733748972836383i
0.45031672465924144+0.21728903298848873i,-0.00006032153625594697-0.0000298263696458465i
-0.4189263241817189+0.2729479810365627i,0.00005649314651593345-0.00003603605514392296i
-0.01684289406274833-0.49971601144781147i,0.0000016046691838277422+0.000066705176533805i
0.4363539571012094+0.24412059808016112i,-0.00005766760801471232-0.000032996308982549514i
-0.4346640587333811+0.24711747696202144i,0.000057825852182392865-0.00003214074168878227i
0.013404117335751642-0.4998200812007343i,-0.000002401196764645973+0.00006583258290827001i
0.4207943211551235+0.2700587858386183i,-0.000054859118254747646-0.000035959485024128566i
-0.44881110955730047+0.22038262826375316i,0.000058902678622409026-0.000028220409044274534i
0.0436020752387844-0.4980950246840087i,-0.0000062963842257901795+0.00006472909213103552i
0.403694758410686+0.29500867362877525i,-0.00005191101363243477-0.00003870926552487092i
-0.46131570451907106+0.1928412730139728i,0.000059725690686126844-0.000024291213666557332i
0.07364046808073749-0.49454715486412865i,-0.000010068195292781366+0.00006340480259503711i
0.3851178459287778+0.31887895556927426i,-0.000048838451082708704-0.00004124004562982897i
-0.47213208216783537+0.16459420075273842i,0.00006029793707200749-0.00002036896054228252i
0.10340936823564018-0.4891894554219658i,-0.000013704739598134451+0.00006187046931773015i
0.36513156723627227+0.3415822766728235i,-0.00004565672985637958-0.00004354724754709907i
-0.48122065920355495+0.13574478364149162i,0.00006062341492882337-0.000016469045457501476i
0.13279983430509587-0.4820415332380693i,-0.000017194965205739873+0.00006013744395238593i
0.3438090635355041+0.36303555252796i,-0.00004238122445054911-0.00004562731586737847i
-0.4885481753349006+0.10639859816531165i,0.00006070703121086397-0.000012606400277782038i
0.16170430979704478-0.47312954663989815i,-0.000020528685258820767+0.00005821761358987592i
0.3212283660388589+0.3831602733523376i,-0.00003902731870268029-0.0000474777086423194i
-0.4940878149976434+0.07666303876829103i,0.000060554561021282785-0.000008795441412387881i
0.1900170167363643-0.4624861096735689i,-0.000023696600358018414+0.00005612333864053944i
0.2974721104080258+0.40188279130483545i,-0.00003561034130838929-0.00004909688434947505i
-0.49781930548811165+0.046646924835961466i,0.00006017260318698939-0.000005050021618023329i
0.21763434276686017-0.4501501727504448i,-0.000026690316663026666+0.00005386739008396728i
0.2726272343429409+0.4191345900050487i,-0.000032145503011626585-0.00005048428488710167i
-0.4997289911525856+0.016460102463046453i,0.00005956853331576945-0.0000013833852799056826i
0.24445522032802175-0.4361668801053461i,-0.00002950235973002813+0.00005146288637152643i
0.24678465942711705+0.43485253527383455i,-0.00002864783570359013-0.00005164031475657554i
-0.49980988336112936-0.013786957536102828i,0.000058750454592297865+0.0000021918727100362i
0.2703814965189177-0.4205874045880261i,-0.000032126184115637406+0.000048923230262276035i
0.22003895839366994+0.4489791061773128i,-0.00002513213365359773-0.00005256631660374161i
-0.49806168608297674-0.04398356390327558i,0.00005772714657445454+0.000005663844376283958i
0.29531829229568834-0.4034687603925033i,-0.00003455617879601181+0.00004626204586753753i
0.1924880090297037+0.46146260552879603i,-0.000021612897081285604-0.000053264543303040764i
-0.4944907969698771-0.0740192100189005i,0.00005650801225488102+0.00000902134230084956i
0.31917434968812575-0.38487359440957997i,-0.000036787668467194+0.000043493116172926725i
0.16423263598561688+0.47225734907830696i,-0.000018104278264983316-0.0000537381267797067i
-0.4891102839434358-0.10378397830884639i,0.000055103023654940797+0.000012253929417424649i
0.3418623657646795-0.3648699569661093i,-0.00003881691080950672+0.00004063032129908446i
0.13537624180015345+0.4813238326973258i,-0.000014620030365994181-0.00005399104377575231i
-0.4819398373721292-0.1331689424955691i,0.00005352266621932253+0.00001535194491182606i
0.3632993121237167-0.34353105279000423i,-0.00004064108981493101+0.000037687577753786036i
0.10602442849149016+0.488628876946946i,-0.00001117345913287983-0.00005402807877470398i
-0.47300569801300746-0.16206656622153834i,0.00005177788227928501+0.00001830652620010718i
0.38340673874183856-0.32093497311235164i,-0.00004225830529170274+0.0000346787789185927i
0.07628461109917098+0.4941457485003815i,-0.00000777737763383995-0.00005385478430817969i
-0.46234056098178494-0.1903710965861543i,0.0000498800138512262+0.000021109626973597203i
0.4021110610672969-0.29716440988702153i,-0.000043667558674909436+0.000031617737002762075i
0.04626562459116326+0.4978542579754691i,-0.000004444064148810494-0.00005347743887441487i
-0.4499834561027487-0.21797895115597676i,0.00004784074503468893+0.00002375403131772302i
0.4193438293078725-0.2723063531736051i,-0.00004486873528555013+0.00002851812668590105i
0.01607732557458416+0.49974083381914236i,-0.0000011852233362991573-0.000052903002704645506i
-0.43597960507635314-0.24478909703197652i,0.00004567204427025164+0.000026233363928675408i
0.4350419789277377-0.24645177279113123i,-0.0000458625831932763+0.00002539343065878501i
-0.014169809732332728+0.4997985719734911i,0.0000019880492269372232-0.00005213907161792304i
-0.42038025598720385-0.27070342058658403i,0.000043386106713024845+0.000028542096468770765i
0.4491480614365912-0.21969528540757133i,-0.000046650688849879186+0.000022256887259054132i
-0.04436508979578266+0.49802726114165063i,0.000005065299052196563-0.000051193829208418796i
-0.40324249575806287-0.2956270865174586i,0.000040995296971634326+0.00003067555011760798i
0.461610454626477-0.19213480828344148i,-0.00004723544967143043+0.00001912144038512599i
-0.07439801284989672+0.4944333835610566i,0.000008036741226979327-0.000050075997611626463i
-0.38462904123621117-0.3194688849039933i,0.00003851209245578139+0.000032629894391839394i
0.4723835514869107-0.1638712009366533i,-0.00004762004375684326+0.00001599969185773329i
-0.1041586712857801+0.4890300912812394i,0.000010893285337781764-0.000048794787097019046i
-0.36460800967670565-0.3421415649964793i,0.000035949027567674425+0.00003440214232140035i
0.48142792710696425-0.1350078960399651i,-0.00004780839693941825+0.000012903856384090586i
-0.13353815386619058+0.4818371580329669i,0.000013626556797177322-0.00004735984473481017i
-0.3432526694624587-0.36356215451640406i,0.000033318638964001415+0.00003599014208444994i
0.4887104829535192-0.1056505209017902i,-0.000047805147375698404+0.000009845719264864788i
-0.16242894429392468+0.4728809068648756i,0.000016228914561477468-0.00004578120238336059i
-0.3206411719734028-0.3836522632993797i,0.00003063341210553035+0.00003739256521687815i
0.49420456799769313-0.07590651091558176i,-0.00004761560788264009+0.000006836596968956115i
-0.19072531467532114+0.4621941138124104i,0.000018693465241637182-0.000044069224241642576i
-0.2968562655859805-0.40233837016950214i,0.00002790572930116988+0.000038608891525069894i
0.49789007624616743-0.04588471639240145i,-0.00004724572623970159+0.000003887300685683475i
-0.21832371243897658+0.44981588795160277i,0.000021014073626100885-0.00004223455420794734i
-0.27198499284960065-0.4195520919953012i,0.00002514781944224781+0.0000396393908426387i
0.4997535203204931-0.01569500421549685i,-0.00004670204367699088+0.000001008102948343162i
-0.2451231392937133+0.43579152827663514i,0.000023185369649950585-0.000040288063281824535i
-0.2461183719482644-0.4352304339426529i,0.000022371709611090537+0.000040485101782962697i
0.49978808081510845+0.014552144225338202i,-0.000045991651773991414-0.000001791292592622384i
-0.27102552083897935+0.42017235792496505i,0.000025202751859852416-0.000038240797240951824i
-0.21935106361307424-0.4493160200088362i,0.000019589178735671288+0.00004114780764958071i
0.49799363125343565+0.04474603734823451i,-0.00004512214799579639-0.000004501778184362263i
-0.29593606547506285+0.4030155363566684i,0.000027062387438981382-0.000036103924818547586i
-0.19178102470458527-0.4617573029940787i,0.00001681171344926569+0.000041630009675784506i
0.494376738550731+0.07477617846293019i,-0.000044101590094988366-0.000007114865727529114i
-0.31976361129966474+0.38438385017534715i,0.000028761208870135368-0.00003388868659982448i
-0.1635091497327361-0.47250875314218516i,0.000014050466300773875+0.000041934897773090795i
0.48895063898199487+0.10453267014123507i,-0.00004293844960755114-0.00000962270724225203i
-0.34242095972133607+0.36434548335610684i,0.000030296907328707226-0.000031606344848096654i
-0.1346389016262443-0.48153102475990406i,0.00001131621644766654+0.0000420663189756019i
0.4817351897428833+0.13390661639445117i,-0.000041641564670391103-0.000012018112028536918i
-0.3638251945688989+0.34297376772147076i,0.000031667922909894334-0.000029268134462444073i
-0.10527593310269151-0.48879110020527916i,0.000008619332949511203+0.000042028743773620924i
0.47275679628089606+0.16279052118595633i,-0.00004022009238613265-0.000014294560520652377i
-0.38389798552904764+0.320346914578382i,0.00003287343180655672-0.000026885215259387163i
-0.07552770002492068-0.4942624107180481i,0.000005969740765769469+0.000041827230535224514i
0.4620483156627714+0.19107868182056303i,-0.00003868346095809814-0.00001644621484999809i
-0.40256587480167705+0.2965477284983865i,0.000033913330565372146-0.000024468625760895504i
-0.0455030681586964-0.49792493364990287i,0.0000033768895471050402+0.00004146738821882571i
0.44964893633172226+0.21866757577101742i,-0.000037041321814558156-0.000018467926145487952i
-0.41976054592390527+0.2716633042884395i,0.00003478821755934653-0.000022029238660298747i
-0.015311914770723467-0.49976526573878866i,0.0000008497252949033193+0.00004095533758308762i
0.4356040346945541+0.24545623952601947i,-0.00003530350193660824-0.00002035523861459682i
-0.4354190737790071+0.24578470826129079i,0.00003549937182435894-0.000019577718126352142i
0.014935273474989852-0.49977667215909105i,-0.0000016033350509527273+0.00004029767110283603i
0.41996500906349+0.271346638073343i,-0.000033479956598484306-0.000022104390461864038i
-0.4494841548753355+0.21900664497186406i,0.00003604872941610422-0.000017124479093873772i
0.04512780485090573-0.49795911116820724i,-0.000003974426050507412+0.00003950141180094313i
0.40278909156040676+0.29624402366590563i,-0.00003158072272264588-0.000023712311714732205i
-0.46190431705250734+0.1914271106392313i,0.00003643885745164598-0.00001467964867712675i
0.07515518765017185-0.4943192342593055i,-0.0000062562531973909464+0.00003857397120647422i
0.3841391386718322+0.32005728255786003i,-0.00002961587304475959-0.000025176619039114468i
-0.4726341078474206+0.16314703452250798i,0.00003667292600669596-0.000012253029829491043i
0.10490753453884849-0.4888703618197161i,-0.000008442109331017385+0.000037523106648721524i
0.36408340122118055+0.342699268441799i,-0.000027595471275734253-0.000026495607638965453i
-0.48163426083076033+0.13426990956308227i,0.00003675467804573533-0.000009854067360007057i
0.13427596469638892-0.4816324343840291i,-0.000010525888024785716+0.000036356878095190204i
0.34269527460003124+0.36408712136683963i,-0.000025529528439283165-0.000027668240345313665i
-0.48887183930527933+0.10490141364486621i,0.00003668839756711231-0.000007491816404228175i
0.16315300227271387-0.4726319396602969i,-0.00001250209396155958+0.00003508360473903359i
0.3200530301724947+0.38414257097048166i,-0.000023427960554193665-0.000028694134010710786i
-0.49432035683997355+0.07514902285859504i,0.000036478876149407954-0.000005174913433440979i
0.19143296970369608-0.4619018155963897i,-0.000014365850321228239+0.00003371182153806818i
0.29623952883561216+0.4027922229145425i,-0.00002130054782057612-0.000029573543334776323i
-0.4979598741990523+0.04512161818546148i,0.00003613137808849145-0.0000029115498728511238i
0.2190123744456906-0.44948132984124367i,-0.00001611290321823867+0.00003225023590318528i
0.2713419177840353+0.4199678274769355i,-0.000019156895458939408-0.000030307342255474304i
-0.49977707231098395+0.014929087039454447i,0.00003565160431692247-0.0000007094483858239664i
0.2457902877138279-0.4354159360421178i,-0.000017739623239657288+0.000030707684728917374i
0.245451311588695+0.4356065293163619i,-0.00001700639634006615-0.00003089700304890192i
-0.49976530101058075-0.015318078873415266i,0.00003504565529867277+0.0000014241581322235945i
0.2716687138380497-0.41975710750375317i,-0.00001924300414649157+0.000029093091953003653i
0.21866245875657597+0.4496510974958827i,-0.000014858195532325663-0.00003134457328768018i
-0.49792460337575023-0.04550918790733815i,0.00003431999309248886+0.0000034825448201065865i
0.29655294888520395-0.4025621488181682i,-0.00002062065881260437+0.000027415426825202943i
0.19107339499184564+0.46205013492358693i,-0.000012721156881430619-0.000031652650814509985i
-0.4942617155698486-0.07553375356062328i,0.00003348140277671594+0.00000545951036041969i
0.32035192723479533-0.3838939861544469i,-0.000021870812486606137+0.00002568366305825654i
0.16278508442725137+0.4727582664438888i,-0.000010603831725689531-0.000031824356893064925i
-0.4887900421902123-0.10528189880887609i,0.00003253695342699517+0.0000073493897285265135i
0.342978554840073-0.36382093697596507i,-0.00002299229347249838+0.000023906739025975874i
0.13390105013872627+0.4817363048911233i,-0.000008514429837638681-0.00003186330770312583i
-0.48152960721308685-0.13464475820775085i,0.000031493958835944695+0.000009147064189968757i
0.3643500279548626-0.342416460027796i,-0.000023984521334596325+0.00002209351916481158i
0.10452699529536158+0.48895139449775404i,-0.000006460792670594601-0.00003177358435072307i
-0.47250698071446634-0.16351487629375375i,0.000030359938160893726+0.000010847968567796406i
0.38438813615973966-0.3197588865092302i,-0.000024847492741297777+0.00002025275672619979i
0.0747704163311727+0.49437713113238174i,-0.000004450368976237254-0.00003155970156704019i
-0.4617551816350187-0.19178660082512256i,0.00002914257668178823+0.000012448095813441945i
0.4030195485785982-0.29593113341520305i,-0.00002558176507058449+0.000018393058017341885i
0.04474020955428623+0.4979936589275331i,-0.000002490192846828629-0.00003122657527194344i
-0.4493135569449349-0.21935646942368744i,0.000027849686846742093+0.000013943998926511784i
0.4201760822381861-0.2710204000956809i,-0.000026188437907711646+0.000016522848258030768i
0.014546272633188473+0.4997877429436134i,-0.0000005868642232113152-0.0000307794891792491i
-0.4352276376509028-0.24612358820277075i,0.000026489169777322677+0.000015332790280118078i
0.4357949515885233-0.24511784914346307i,-0.000026669132572359793+0.000014650339170730747i
-0.01570089758157661+0.4997528176031061i,0.000001253468102668772-0.00003022406062122414i
-0.41954897217216597-0.27199000099551146i,0.000025068977399531628+0.00001661213841913678i
0.44981899827107014-0.2183182727782185i,-0.000027025969818496997+0.000012783498410333336i
-0.04589060942845638+0.49788901071776803i,0.0000030251209742602006-0.000029566205769385764i
-0.40233493769543127-0.29686104783239514i,0.000023597075359766663+0.000017780262409008896i
0.46219690029378663-0.1907197459476432i,-0.000027261545855465607+0.000010930020929010876i
-0.07591238151886484+0.4942031430208941i,0.000004722888841530545-0.00002881210442737398i
-0.3836485301989909-0.32064571135611597i,0.00002208140687765535+0.0000188359238223263i
0.47288335984759877-0.16242326741524443i,-0.000027378906843157835+0.000009097302360336117i
-0.10565634705164867+0.48870870320635973i,0.000006342053224190948-0.000027968164569623934i
-0.36355813391447855-0.34325694990604205i,0.00002052985767979055+0.000019778416459457583i
0.48183926907693747-0.1335323901482119i,-0.000027381522017781982+0.000007292414495457723i
-0.1350136558784267+0.48142579856579093i,0.000007878389686045585-0.000027040986796709614i
-0.34213727106993064-0.3646120160533368i,0.000018950222149983714+0.000020607553907851987i
0.48903185319770653-0.10415284235800133i,-0.00002727325560746258+0.00000552208291261755i
-0.16387687284841718+0.47238108140450674i,0.00000932817235071187-0.000026037328874653603i
-0.3194643328299854-0.38463275942103525i,0.00001735017082279396+0.000021323655052349815i
0.4944347904389261-0.07439214058045622i,-0.000027058337698908558+0.0000037926668097827066i
-0.19214037097498024+0.4616076515055195i,0.000010688175999796522-0.000024964070521202915i
-0.29562229241786486-0.40324591268088317i,0.000015737219337808968+0.00002192752765583321i
0.4980283083691175-0.04435919621143057i,-0.00002674133421753054+0.0000021101410786277853i
-0.2197007179850572+0.4491449349985358i,0.000011955675805014036-0.000023828178597083794i
-0.27069840146898716-0.4203833596803136i,0.000014118698962551787+0.000022420450135832748i
0.49979925625491667-0.014163916937822676i,-0.000026327116183763647+0.0000004800806466688957i
-0.2464570548368978+0.4350385400772418i,0.000013128444755683192-0.000022636672854652147i
-0.2447838707274288-0.4359823847183316i,0.000012501728781932567+0.000022804151668260562i
0.49974115318711415+0.016083195477389133i,-0.000025820828407935508-0.0000010923528969832104i
-0.27231146482086765+0.41934009009288886i,0.000014204748852454083-0.000021396592390121372i
-0.21797353625374574-0.44998590205806344i,0.000010893189642021471+0.00002308079075425838i
0.4978542117980018+0.04627144958417377i,-0.00002522785778484999-0.000002602422387938578i
-0.2971693318925807+0.4021070346349833i,0.000015183340147024906-0.00002011496293878835i
-0.19036551236569382-0.46234266483605324i,0.000009299699925511828+0.000023252932390195i
0.49414533748322886+0.07629036932864855i,-0.000024553801347345225-0.0000040458238915289295i
-0.32093968692701536+0.3834024392904452i,0.000016063447715904-0.00001879876514537783i
-0.16206083258193468-0.47300745260378996i,0.00000772759322575436+0.000023323523984164845i
0.4886281031310187+0.10603009834802188i,-0.00002380443423543707-0.000005418693243781103i
-0.34353554062646946+0.3632947548506263i,0.00001684476666400909-0.000017454903933869192i
-0.1331630798827184-0.4819412368151408i,0.000006182897975634029+0.000023295870164882217i
0.4813226994512224+0.13538180199773348i,-0.00002298567773436566-0.000006717610355980857i
-0.3648742018640566+0.3418575668107917i,0.00001752744526096211-0.000016090179092982777i
-0.10377800764063155-0.4891113236540796i,0.00000467131907691532+0.000023173606630663108i
0.47225586108598583+0.16423806563954407i,-0.000022103567530857465-0.00000793960132045094i
-0.38487758029774055+0.3191693260787879i,0.00001811207031940072-0.00001471125718494298i
-0.0740131526086405-0.4944914736800229i,0.0000031982215650669464+0.00002296067318722961i
0.4614607687724346+0.19249328773301097i,-0.000021164222332310937-0.000009082138364741696i
-0.4034724721474727+0.29531306187839046i,0.00001859965093037833-0.000013324644876238867i
-0.043977441381728044-0.4980619978529198i,0.0000017686163340121448+0.000022661286123399322i
0.4489769279154151+0.22004406629180429i,-0.000020173812988433317-0.000010143137710584775i
-0.4205908280896102+0.2703760778979783i,0.00001899160067604425-0.000011936663779956856i
-0.013780791772305123-0.4998098295866898i,0.0000003871479348120661+0.000022279910073294456i
0.4348500240146688+0.24678957729059925i,-0.0000191385322490642-0.00001112095540264176i
-0.43617000228823377+0.24444963279650372i,0.00001928971844418572-0.000010553426889836548i
0.016466289441809334-0.49972857256731895i,-0.0000009419155479828617+0.000021821229512603794i
0.41913175547550985+0.2726319436377371i,-0.000018064565285682235-0.000012014381180248633i
-0.45015298165202255+0.21762860623596686i,0.000019496167972917654-0.000009180816676654666i
0.04665311092476651-0.49781852416062433i,-0.0000022146905486667244+0.000021290120034625056i
0.40187964441484936+0.29747659336337384i,-0.000016958061097320704-0.000012822630472992163i
-0.4624885944776984+0.19001115166257268i,0.000019613456256836298-0.00000782446490782858i
0.07666920186547221-0.4940866743240229i,-0.0000034276840175365036+0.000020691619549345216i
0.38315682615493496+0.32123260571230183i,-0.000015825104914445382-0.000013545334608039478i
-0.4731316977164984+0.16169833710724352i,0.00001964441094822092-0.000006489734241349631i
0.10640471625334263-0.488546680026287i,-0.000004577797388560782+0.00002003089954571938i
0.3630318181751684+0.34381304387489264i,-0.000014671691706772046-0.000014182529323625442i
-0.48204334217835904+0.1327937753200022i,0.000019592156888509388-0.000005181701635358119i
0.13575083486755987-0.4812188152689004i,-0.000005662328552405714+0.000019313236553591612i
0.3415782693675355+0.36513527313850824i,-0.000013503700893096016-0.000014734641689011173i
-0.4891909150692357+0.1034032445917751i,0.00001946009190616581-0.000003905143604869459i
0.1646001635087178-0.4721298968919133i,-0.000006678971878481077+0.00001854398393741421i
0.3188746905132717+0.3851212632950852i,-0.000012326872342963971-0.000015202475536475743i
-0.49454825933993185+0.07363430165124532i,0.000019251862017300062-0.0000026645233474467486i
0.19284712601549953-0.46131318643581776i,-0.000007625816338070851+0.00001772854414907005i
0.29500416696709664+0.40369787419820663i,-0.000011146783751586849-0.000015587195515573i
-0.49809576940967376+0.0435958880533864i,0.000018971336164960457-0.0000014639797499961954i
0.22038835062811793-0.4488082684185842i,-0.000008501341788553359+0.00001687234156177041i
0.27005405460047555+0.42079712342464815i,-0.000009968829460680482-0.000015890309883860792i
-0.4998204629141206+0.013397931500126935i,0.000018622580631936244-0.00000030731827940656886i
0.24712304828459056-0.43466090547331415i,-0.00000930441348622+0.00001598079600116027i
0.24411566011661964+0.43635643506087i,-0.000008798200789116243-0.00001611365215167707i
-0.4997160282152477-0.016849056447860215i,0.000018209833260167234+0.0000008019962494976056i
0.27295338146545084-0.41892287087664437i,-0.000010034274902171899+0.000015059297083504243i
0.21728390690714+0.45031886870400506i,-0.000007639867928288209-0.000016259361701230793i
-0.49778284749923163-0.047034384796040704i,0.00001773747760754855+0.000001860845044243769i
0.2977848222370789-0.4016517590807732i,-0.000010690538922241881+0.000014113179464172766i
0.18965698767317313+0.46263332783929473i,-0.000006498563448109435-0.000016329863502332025i
-0.4940279953778136-0.0770475881975524i,0.000017210017169961084+0.0000028664588675217587i
0.32152649818337-0.3829107749424846i,-0.000011273177517810719+0.000013147699092625076i
0.16133600508223717+0.4732547468314044i,-0.000005378767450498931-0.000016327847048483897i
-0.4884652129982563-0.1067788312089659i,0.000016632049792897273+0.000003816419765224319i
0.34409152495977613-0.3627685024204984i,-0.00001178250997974275+0.000012168010562756727i
0.13242460177585963+0.48214425584530707i,-0.000004284694398210657-0.000016256244637825464i
-0.4811148577566428-0.13611931024086796i,0.00001600824239301456+0.000004708661030490066i
0.36539732425271865-0.3412986535876159i,-0.000012219189812449352+0.000011179145639887932i
0.10302858108199076+0.4892693230931975i,-0.0000032202816379109146-0.000016118209123545484i
-0.4720038287985433-0.16496165173230304i,0.000015343306105433995+0.0000055414654522005i
0.3853659259807754-0.3185797988761691i,-0.00001258419038927853+0.000010185993037821146i
0.07325551982023154+0.4946038738868736i,-0.0000021891796275685684-0.000015917091257901826i
-0.4611654685796871-0.19320030509192382i,0.000014641971967604683+0.0000063134619036575925i
0.403924253631715-0.2946950795439589i,-0.000012878789474040967+0.000009193279511398527i
0.043214374616844076+0.49812838605990495i,-0.000001194743869542001-0.00001565641675288435i
-0.4486394408468848-0.22073192896785532i,0.000013908967245126817+0.000007023620333990668i
0.4210043916911695-0.2697319034129349i,-0.000013104552716462693+0.000008205552321821698i
0.013015083170260594+0.49982996141038283i,-0.0000002400285422509051-0.000015339863178898482i
-0.43447158548573717-0.24745576943269126i,0.000013148992499106162+0.000007671245231201428i
0.43654383418426806-0.2437816249940792i,-0.000013263316231763669+0.000007227163123752795i
-0.017231838073709232+0.49970237290280384i,0.0000006722181849485186-0.00001497123682058654i
-0.418713750766328-0.2732740286996267i,0.00001236669948840896+0.000008255967631632772i
0.45048571342067995-0.21693921116910475i,-0.00001335716837634047+0.0000062622533148899165i
-0.0474156983646393+0.4977460874563476i,0.0000015395571770558305-0.000014554449606141085i
-0.40142360360080714-0.29809222302038496i,0.000011566669993691814+0.000008777735756010358i
0.4627790081059536-0.18930289365242545i,-0.000013388430832732166+0.000005314740880406394i
-0.07742603772812687+0.4939682642361526i,0.000002359859729968435-0.000014093496223151222i
-0.38266441850724214-0.321819528455186i,0.000010753395643268403+0.00000923680435704436i
0.4733787300575585-0.16097380950524065i,-0.00001335963911763772+0.000004388308756337097i
-0.1071530312018926+0.48838272845384423i,0.000003131307376709571-0.000013592431530244965i
-0.3625048460520376-0.34436911324938696i,0.000009931258813845667+0.00000963372286789074i
0.4822460888423239-0.13205563101729667i,-0.000013273522626777455+0.000003486394727776958i
-0.13648789074800705+0.4810099207731946i,0.000003852390148797605-0.000013055348369532724i
-0.3410186616183251-0.36565845560043625i,0.000009104514671909472+0.00000996932244453015i
0.48934863373277643-0.10265418631080056i,-0.000013132984329829369+0.000002612182869643138i
-0.1653232633704212+0.47187682250606455i,0.000004521903344812219-0.000012486355880191385i
-0.3182844954197256-0.38560964565225636i,0.0000082772744141305+0.000010244701998320614i
0.49466037246287664-0.07287707205491181i,-0.000012941080227555433+0.0000017685965297859228i
-0.19355362398085713+0.4610168568723827i,0.000005138942864432563-0.000011889558408439894i
-0.29438554474751105-0.4041496706118781i,0.000007453489757640743+0.000010461213317637492i
0.4981618663485559-0.04283325970811116i,-0.000012700998681597787+0.000000958292846456247i
-0.2210756615753431+0.4484697666855053i,0.000005702899171965931-0.000011269035103731416i
-0.2694092695042277-0.4212106819449285i,0.0000066369387233951924+0.000010620445379592034i
0.49984030142495833-0.012632696729431393i,-0.000012416039725230608+0.00000018365878456983062i
-0.24778865730814853+0.4342814689105756i,0.000006213449958715022-0.000010628820285216512i
-0.24344707213798697-0.43673024367214663i,0.000005831212748201613+0.000010724207954353664i
0.49968953534005256+0.0176140957820562i,-0.000012089594460704178-0.000000553191332088751i
-0.2735948530795334+0.4185038866281385i,0.000006670551578347258-0.000009972884656473084i
-0.21659396314873383-0.4506515608582726i,0.000005039705153321408+0.000010774514605569273i
0.49771011983300384+0.047796427547031034i,-0.00001172512464566906-0.000001250416822607827i
-0.29839980928843735+0.4011947590179492i,0.000007074429333788432-0.000009305117440191615i
-0.1889482133905932-0.4629236874571343i,0.0000042656009899343455+0.00001077356519080748i
0.49390929871504546+0.07780384418483942i,-0.000011326142567575688-0.000001906450221226052i
-0.3221127504408884+0.38241743005835677i,0.000007425566697999602-0.000008629309497966321i
-0.1606109944427201-0.4735017127523121i,0.0000035118682742011073+0.000010723727965828482i
0.48830098136023853+0.10752653142912347i,-0.000010896191300939803-0.0000025199954631008i
-0.34464689734935156+0.3622406167145281i,0.000007724693554341083-0.000007949137493639649i
-0.1316860083647401-0.48234692571108606i,0.000002781250617225872+0.000010627521395855539i
0.4809056918031328+0.13685571700090587i,-0.00001043882543796141-0.0000030900247325188373i
-0.36591978470731273+0.3407381574638487i,0.00000797277354504054-0.000007268149151787547i
-0.10227910819171795-0.4894269566502022i,0.0000020762612479225612+0.000010487595775861069i
0.4717504936296084+0.16568406866844831i,-0.000009957592378225636-0.0000036157740281124474i
-0.38585356287690564+0.31798874207878347i,0.000008170990618597661-0.000006589749655983212i
-0.07249791055747937-0.49471589569501967i,0.0000013991784196772099+0.000010306714760242459i
0.4608688909357667+0.1939060870371545i,-0.000009456014258123954-0.000004096737504836508i
-0.40437528278517787+0.29407562365608336i,0.000008320734868721906-0.000005917189224443751i
-0.04245140186391755-0.4981943875985329i,0.0000007520421847983547+0.000010087736900127752i
0.448300705717318+0.22141849163207694i,-0.000008937570595248757-0.000004532660657237042i
-0.42141716288638825+0.2690863139461805i,0.000008423587758691227-0.000005253551893621034i
-0.012249539437536983-0.49984970257326916i,0.00000013665251409200933+0.000009833597283983913i
0.43409193213816727+0.24812059886012933i,-0.000008405681717374444-0.000004923532412864084i
-0.4369168372133737+0.24311226309773984i,0.000008481306825753815-0.000004601745533243403i
0.01799715086717027-0.49967578287684633i,-0.00000044543126749400637+0.000009547289374180863i
0.41829456821151506+0.27391469046882594i,-0.00000786369303975292-0.000005269576208555182i
-0.45081758361022384+0.21624852498936398i,0.000008495809960448245-0.000003964493109316032i
0.048177979144916366-0.49767326498071063i,-0.0000009928897642867088+0.000009231847128746359i
0.4009664255094449+0.29870637115314713i,-0.000007314860248404353-0.000005571240125715557i
-0.4630685313110267+0.18859340937319224i,0.00000846915935547293-0.0000033443252046635333i
0.07818249651716563-0.49384947724092443i,-0.0000015046415532669874+0.000008890327493742587i
0.38217091759738087+0.322404914001843i,-0.000006762335440843929-0.000005829186163655088i
-0.4736248471050404+0.16024812210340034i,0.000008403545217994725-0.0000027435737997864644i
0.10790089932762786-0.4882184130795283i,-0.0000019798400337208474+0.000008525793347543849i
0.3619768279676545+0.3449235925189914i,-0.000006209154269354499-0.000006044278732489091i
-0.48244789940700133+0.13131639476620932i,0.000008301269338088478-0.0000021643673101344493i
0.1372244309765147-0.48080067977462104i,-0.0000024178691345222714+0.000008141296973809771i
0.34045805832144227+0.3661799980057507i,-0.000005658224125481516-0.000006217572449082952i
-0.48950539963214895+0.10190410506679952i,0.000008164728604333386-0.0000016086268694101229i
0.166045779923019-0.471623423046568i,-0.000002818337935067268+0.000007739864135167734i
0.31769335812025723+0.3860963411408307i,-0.000005112313397944815-0.000006350299321004553i
-0.49477152035858585+0.07211888936234997i,0.000007996398555507801-0.0000010780638422355565i
0.19425947239949823-0.4607202277163127i,-0.000003181074260135832+0.00000732447881458992i
0.2937660363967174+0.4045997366560221i,-0.000004574041829668862-0.00000644385540445931i
-0.49822698984455877+0.04206974875916647i,0.000007798817054799268-0.0000005741785434603236i
0.22176225840019725-0.4481309947993476i,-0.0000035061173128051128+0.000006898068686160214i
0.26876365687923987+0.42162247006499787i,-0.000004045871993152545-0.000006499787022716964i
-0.49985916255476226+0.01186665021541312i,0.000007574568170052391-0.00000009826013560416776i
0.2484534895319564-0.4339017954851215i,-0.0000037937094129502033+0.000006463491371469072i
0.24277771754637648+0.4371022454692714i,-0.0000035301018969696105-0.000006519776631605745i
-0.4996620654375702-0.01837987589075868i,0.000007326266340297928+0.0000003486123295733089i
0.2742354873441343-0.4180847025362584i,-0.000004044286911854467+0.000006023521532223628i
0.21590331578348024+0.4509824135344489i,-0.000003028858729853562-0.000006505628418262311i
-0.49763641978384165-0.048559140254957556i,0.0000070565409051803364+0.0000007655677645827374i
0.2990139007898165-0.4007375997245962i,-0.000004258470355984522+0.000005580838843888255i
0.1882388003670895+0.46321217880248083i,-0.000002544093742583726-0.0000064592537184877455i
-0.4937896385873056-0.07856069972190025i,0.000006768021069967972+0.0000011519398388618054i
0.3226980515101524-0.38192397000142253i,-0.000004437053975088741+0.000005138016889300158i
0.1598854115506143+0.47374678558123784i,-0.0000020775782618125787-0.000006382656336795676i
-0.4881357994161861-0.10827476145996043i,0.000006463321374588454+0.0000015072627591633603i
0.34520126567823284-0.36171266317712014i,-0.000004580994571411106+0.000004697513005251689i
0.13094691056846003+0.4825476817311359i,-0.000001630900824059608-0.000006277917851556064i
-0.4806955928953435-0.13759258475581143i,0.0000061450277306443295+0.0000018312660904186864i
0.366441191188097-0.34017764396040884i,-0.0000046913998880272805+0.000004261659109061781i
0.1015291999144402+0.4895826597494214i,-0.0000012054654123943612-0.000006147182985553589i
-0.47149624698746817-0.1664068789587687i,0.000005815684085622626+0.000002123868673585718i
0.3863400990280971-0.3173977212792556i,-0.0000047695165350544915+0.000003832653526167689i
0.07173993578410134+0.494825974635808i,-0.0000008024907728419316-0.00000599264511982644i
-0.4605714273504211-0.19461219611852287i,0.000005477779768588138+0.000002385171700389919i
0.40482516773572114-0.2934562598740216i,-0.000004816717552814193+0.000003412553833820625i
0.04168813409925032+0.49825843810812975i,-0.0000004230107823250168-0.000005816532025826203i
-0.4479611141353774-0.22210531687938392i,0.000005133737566527752+0.0000026154510078372066i
0.421828749892892-0.2684408752182908i,-0.0000048344896909111895+0.00000300327073006997i
0.01148377155646807+0.49986748882321697i,-0.00000006787583499117936-0.000005621091887795182i
-0.4337114556766294-0.24878562821882158i,0.000004785902575275407+0.000002815148657973173i
0.4372886196864855-0.2424431128838393i,-0.00000482442048166124+0.0000026065629314184475i
-0.01876261684039998+0.4996472383460223i,0.0000002622447908808739-0.000005408579683784473i
-0.4178745996084899-0.27455549164794824i,0.0000044365318635687215+0.0000029848638705151557i
0.45114820062810007-0.21555811352313198i,-0.000004788185185363705+0.000002224033096839736i
-0.0489403422909194+0.49759849269876555i,0.0000005668596275546029-0.000005181243989993188i
-0.4005085020273307-0.29932060052648307i,0.00000408778498335057+0.000003125343377749302i
0.46335677259972274-0.18788426469536684i,-0.000004727533683572468+0.0000018571247703129514i
-0.07893896727157046+0.49372874941123834i,0.0000008456508202665843-0.000004941314269093048i
-0.38167671539714443-0.3229903251845817i,0.000003741715353927655+0.0000032374712724114597i
0.47386965746759324-0.159522840810234i,-0.000004644277394809681+0.0000015071203286556535i
-0.10864870968968729+0.4880521700830627i,0.0000010984690872683027-0.00000469098869896019i
-0.36144815597480073-0.34547804458853115i,0.0000034002625420830733+0.0000033222584202022006i
0.4826483825849991-0.13057763250704132i,-0.000004540276285086024+0.000001175139916266773i
-0.13796084463880068+0.48058952855831405i,0.000001325327890650961-0.000004432422593784029i
-0.3398968516061235-0.36670146333655734i,0.000003065245454730837+0.0000033808315090949703i
0.4896608215856499-0.1011545668255189i,-0.000004417426043170825+0.0000008621413434428626i
-0.1667681022851334+0.4713681349021681i,0.000001526396874081981-0.000004167717464895626i
-0.31710167081574664-0.38658291282467644i,0.000002738356455229499+0.0000034144218077066473i
0.49488131195239093-0.07136131955831554i,-0.000004277645487808308+0.0000005689209202179644i
-0.19496506042915385+0.46042173545778314i,0.0000017019946261573454-0.000003898910763879897i
-0.293146034182163-0.4050496354804514i,0.0000024211564090755096+0.0000034243537047178333i
0.49829074893100184-0.041306921203809674i,-0.000004122864271032976+0.0000002961151932379509i
-0.2224485303055815+0.4477903893491666i,0.0000018525808302744658-0.000003627966345637568i
-0.2681176090542081-0.4220340510244814i,0.000002115070659386236+0.0000034120331006487645i
0.49987665544539794-0.011101357961278709i,-0.000003955010938406901+0.00000004420354901473121i
-0.2491179342099817+0.43352032188197465i,0.000001978747863743007-0.000003356765684074463i
-0.24210798872619038-0.43747400378522056i,0.0000018213859273993287+0.0000033789357222597043i
0.49963322775837327+0.0191448307713862i,-0.0000037760014034237516-0.00000018648835696119892i
-0.27487567356999765+0.41766375537873207i,0.000002081211910280133-0.0000030870998680420344i
-0.21521235724574148-0.45131299016205934i,0.0000015412481281794495+0.0000033265954284286423i
0.49756135671078866+0.04932095692443586i,-0.0000035877278895089823-0.000000395784389320488i
-0.29962748611423823+0.4002787180675439i,0.0000021608036510782344-0.00000282066240007011i
-0.18752914108105448-0.46350036540425327i,0.0000012756610868554237+0.0000032565925746095476i
0.4936686244614756+0.07931658882709308i,-0.0000033920483890322067-0.0000005836529874273987i
-0.32328279083173583+0.38142883172368586i,0.000002218458600291813-0.0000025590428153371936i
-0.1591596489222528-0.47399152894897467i,0.0000010254861360394+0.0000031705425008897666i
0.4879692767397898+0.10902195534007272i,-0.0000031907766845458074-0.0000007502015356971707i
-0.3457550194595714+0.36118307884121154i,0.000002255207151070663-0.000002303721133257621i
-0.13020770093506273-0.4827480876402308i,0.0000007914425706262818+0.000003070084206272984i
0.4804841707123559+0.13832834757084028i,-0.0000029856729731215435-0.000000895670102353625i
-0.3669619332855631+0.3396155501866302i,0.0000022721643981744827-0.0000020560631490443207i
-0.10077924882356581-0.48973799623133846i,0.0000005741089319458134+0.0000029568692691270264i
0.47124069865478746+0.16712851670150292i,-0.0000027784351301780973-0.0000010204246015621256i
-0.3868259241066582+0.31680517365849914i,0.0000022705198027469206-0.0000018173165676593444i
-0.07098198809243247-0.494935674656772i,0.0000003739250892783424+0.0000028325510707842207i
0.46027268770771695+0.1953170664734546i,-0.0000025706906446191025-0.0000011249494357075754i
-0.40527429824164846+0.29283542544518926i,0.0000022515267640157337-0.0000015886079777243084i
-0.040924963927596536-0.4983221016442259i,0.00000019119508304232822+0.0000026987743760718255i
0.44762027608397614+0.2227908388924476i,-0.0000023639892524613963-0.0000012098396760711126i
-0.42223954255884394+0.26779402453786216i,0.0000022164921615345436-0.0000013709406582415107i
-0.010718172137674703-0.49988488432430767i,0.0000000260906905535273+0.0000025571653211273198i
0.43332976617996594+0.24944929174257946i,-0.0000021597962914384012-0.0000012757928412753775i
-0.4376595715451611+0.24177261171660894i,0.0000021667659300975062-0.0000011651932064118422i
0.019527843383486315-0.49961830358312065i,-0.00000012134432786271785+0.0000024093218552132597i
0.41745345512875587+0.27519486652765207i,-0.0000019594867943623588-0.0000013236003336365427i
-0.4514779545124539+0.2148664141845259i,0.0000021037307276643195-0.0000009721189704331406i
0.049702395200016486-0.49752333499176676i,-0.0000002511893474302472+0.0000022568046794415497i
0.4000494434150231+0.2999333454933978i,-0.0000017643403343262275-0.0000013541385939629035i
-0.4636441221096143+0.18717389707702053i,0.0000020287917545379433-0.0000007923462669589124i
0.07969505740253477-0.4936076452361755i,-0.00000036364140966572673+0.000002101128721347665i
0.3811814222522132+0.3235741964240241i,-0.0000015755366301654222-0.0000013683600354015797i
-0.4741135513846939+0.1587964031216748i,0.0000019433667796652264-0.0000006263793589023342i
0.10939606971958432-0.48788556406032235i,-0.00000045900921498561996+0.0000019437551801662505i
0.36091844050003397+0.34603090395126834i,-0.000001394151915994522-0.0000013672838166480685i
-0.48284792871979865+0.1298377817673566i,0.0000018488764272963547-0.00000047460016550080113i
0.13869673919311862-0.4803780318255169i,-0.000000537706628689639+0.0000017860841734588863i
0.33933465197526336+0.3672212861635156i,-0.000001221156074110653-0.0000013519865142127555i
-0.489815290042489+0.10040400913980664i,0.0000017467347743615292-0.0000003372706730368875i
0.16748983794808056-0.47111252287766786i,-0.0000006002457533345205+0.0000016294480114747423i
0.3165090440806052+0.3870677953563245i,-0.000001057410526145165-0.0000013235927524957888i
-0.49499013780056517+0.07060280021450088i,0.0000016383403058323302-0.00000021453601134813313i
0.19566999560040427-0.4601229450029675i,-0.0000006472296216785076+0.0000014751051212953709i
0.2925251487446954+0.4054978018237434i,-0.0000009036668730573629-0.0000012832658491658515i
-0.4983535342721656+0.04054321462606959i,0.0000015250672720363725-0.00000010642815826711704i
0.22313408486739855-0.44744951533994726i,-0.000000679344565207503+0.0000013242346384621366i
0.267470736731092+0.42244385965186293i,-0.000000760566270433386-0.0000012321985317809099i
-0.4998931708697017+0.01033525755684004i,0.0000014082574884274383-0.000000012870231428490069i
0.2497815989693412-0.43313861320201097i,-0.0000006973523137536903+0.000001177931679427801i
0.2414374964349517+0.43784395354191497i,-0.0000006286395215864509-0.0000011716037797523274i
-0.49960341318400503-0.019910522834918294i,0.0000012892126146896732+0.00000006631867553768726i
0.27551501944115797-0.41724261034905286i,-0.0000007020818818859725+0.0000010372033038401614i
0.21452069834285226+0.4516417257596502i,-0.0000005083078671860014-0.000001102705843645238i
-0.49748532160384773-0.05008343997380861i,0.000001169186946301027+0.0000001314181575157744i
0.30024017300815137-0.39981967932929263i,-0.0000006944212976007495+0.0000009029651713764504i
0.1868188463837012+0.4637866823804585i,-0.0000003998844465706418-0.000001026731491449903i
-0.4935466474353741-0.0800730739326686i,0.0000010493807478244445+0.0000001828007100190885i
0.3238665762197693-0.38093358059271654i,-0.0000006753092283715358+0.00000077603889362782i
0.1584333174466317+0.474234378075461i,-0.00000030357640256171487-0.0000009449015288684578i
-0.4878018045356462-0.10976967552211297i,0.0000009309341532532006+0.00000022092553730487073i
0.3463077665802-0.3606534291551937i,-0.0000006457265588420392+0.0000006571500774051309i
0.12946799038509582+0.48294657876233993i,-0.00000021948759848174698-0.0000008584226378563613i
-0.4802718165641148-0.13906456792546584i,0.000000814921654739293+0.00000024633200606929056i
0.36748161896399983-0.33905344166718177i,-0.0000006066879733761603+0.0000005469270518224172i
0.10002886586484497+0.48989140152566996i,-0.00000014762191322859296-0.0000007684795746623937i
-0.4709842400450468-0.16785054440926706i,0.0000007023471969999155+0.00000025963279517705067i
0.3873106461588046-0.3162126648126376i,-0.0000005592335953224694+0.0000004459002676313569i
0.07022367844698538+0.49504343129470546i,-0.00000008788707765824454-0.000000676227765438907i
-0.4599730635224744-0.19602226065390682i,0.0000005941398906530573+0.0000002615067924356303i
0.4057222824352728-0.2922146860320798i,-0.0000005044207332265366+0.0000003545023535518039i
0.040161502325722576+0.498383813851632i,-0.00000004009901320346438-0.0000005827863341763732i
-0.4472785831767106-0.22347662026862303i,0.0000004911503537012998+0.0000002526917896797561i
0.4226491491065101-0.26714732762842996i,-0.00000044331578234026534+0.0000002730688107837255i
0.009952352163622419+0.4999003248299115i,-0.000000003986631608718004-0.0000004892315942627354i
-0.4329472553576237-0.2501131520800452i,0.00000039414768638489663+0.0000002339770273757229i
0.4380293011051455-0.24110232537507556i,-0.00000037698632765633174+0.00000020183932351586415i
-0.020293219514838118+0.49958741445021704i,0.00000002080294710084864-0.00000039659103141470846i
-0.4170315265743344-0.2758343778135689i,0.0000003038170806856796+0.00000020619563960675828i
0.4518064536756945-0.21417499280231037i,-0.00000030649349234874247+0.0000001409596600769458i
-0.05046452689806319+0.49744622783024417i,0.00000003469880277278005-0.000000305837802082946i
-0.39958964156350196-0.30054616882200513i,0.00000022075806190081457+0.00000017021704965886615i
0.46393018835260535-0.18646387239071993i,-0.000000232884572948388+0.00000009048413642646924i
-0.08045115594990498+0.49348460079407097i,0.00000003820029494092594-0.00000021788576773276534i
-0.3806854301385848-0.32415809055603084i,0.00000014548335594144369+0.00000012693936550776806i
0.47435613747020605-0.15807037494799508i,-0.00000015718599984372286+0.000000050378610959545524i
-0.11014336847764869+0.4877170311964045i,0.000000031870860726137585-0.00000013358508165495016i
-0.36038807360011804-0.3465837335158276i,0.00000007841837236697914+0.00000007728182331480898i
0.48304614652931915-0.12909840848889909i,-0.00000008039665878743186+0.000000020523977120976116i
-0.13943250372670024+0.4801646258666559i,0.000000016331577847351767-0.00000005371834120206284i
-0.33877185156184475-0.3677410294727651i,0.000000019901289657591643+0.000000022177325591847505i
0.4899684138263527-0.09965399797652864i,-0.00000000348160603679663+0.0000000007201180950111015i
-0.1682113760323137+0.47085502336700247i,-0.000000007745459926430729+0.00000002100268541170946i
-0.31591587011920824-0.38755255180389625i,-0.00000002981627412700047-0.00000003743488099661878i
0.4950976068338877-0.06984489731645285i,0.00000007263379342999958-0.000000009309714134811464i
-0.19637466707312234+0.45982229284711207i,-0.00000003964390753313181+0.00000008993975234135749i
-0.29190377235499404-0.4059457988401676i,-0.00000007056802533553966-0.00000010061634515085153i
0.49841495490685533-0.03978019502366399i,0.0000001470692784682287-0.000000009914134766125766i
-0.2238193112909941+0.4471068093656776i,-0.00000007861002649446319+0.0000001525302476496585i
-0.26682343224154426-0.42285345919141154i,-0.00000010227121639104419-0.00000016643632686622636i
0.49990831797504304-0.009569915005431428i,0.00000021899463231419385-0.0000000015085180451424177i
-0.25044487306674124+0.4327551061350295i,-0.00000012385958935731472+0.00000020828872504848449i
-0.24076663305973284-0.43821365807714585i,-0.00000012492435096211139-0.00000023397845120551883i
0.4995722309705404+0.020675386078979043i,0.00000028763413179002164+0.00000001543041296900083i
-0.2761539142713822+0.4168197042295502i,-0.00000017458478494656774+0.0000002568078612674912i
-0.2138287315115487-0.45197018376171494i,-0.00000013860440105123325-0.0000003023470638602086i
0.4974079238275425+0.05084502340822982i,0.0000003522704893129565+0.00000004037025584518692i
-0.30085235084787376+0.3993589203810829i,-0.00000022996107973165666+0.0000002977588478997724i
-0.18610830875549142-0.4640726932651178i,-0.0000001434635667754179-0.00000037067325512653934i
0.493423316981319+0.08082858905785387i,0.0000004122482753642231+0.00000007272881391392344i
-0.32444979711838307+0.3804366535647209i,-0.0000002891539919127694+0.00000033089122987393374i
-0.15770680964184014-0.4744768965967082i,-0.00000013972561174069287-0.0000004381205217465479i
0.4876329923828197+0.11051635604587373i,0.0000004669768125800691+0.0000001118801532411859i
-0.3468598965570751+0.3601221511559831i,-0.0000003513257363668223+0.00000035603220586358847i
-0.12872817146803966-0.4831447188375523i,-0.00000012768180880193536-0.0000005038900390146524i
0.48005814013499226+0.1397996798864629i,0.0000005159325361181693+0.00000015716078751823652i
-0.36800063781793596+0.3384897555151387i,-0.0000004156417003499114+0.0000003730854089476168i
-0.09927844361279936-0.49004443947829085i,-0.00000010768653264006136-0.000000567225518603455i
0.47072648094610076+0.16857139618213615i,0.0000005586608184033919+0.00000020787594713874682i
-0.3877946548611012+0.3156186319260755i,-0.0000004812767118122062+0.0000003820291886688373i
-0.06946539944088073-0.4951508085025903i,-0.00000008015253697564775-0.0000006274176307058598i
0.4596721646838296+0.19672621279945188i,0.0000005947772597496542+0.0000002633058891873787i
-0.4061695100793585+0.29159247888533596i,-0.0000005474210643345346+0.00000038291441828628635i
-0.03939814189883728-0.4984451387913652i,-0.000000045545955371844895-0.0000006838079722960112i
0.446935645401424+0.224161095193031i,0.0000006239684496708774+0.0000003227122057710853i
-0.42305795938870056+0.2664992218015423i,-0.0000006132862650198285+0.0000003758618534686768i
-0.009186704245053828-0.49991537450961443i,-0.0000000043810654535496444-0.000000735792566565667i
0.43256353329321834+0.2507756434677735i,0.0000006459922069148464+0.0000003853440890725861i
-0.4383981983128141+0.2404306912261361i,-0.0000006781104741570818+0.00000036105907092086806i
0.0210583526247545-0.4995561352256024i,0.00000004278514301517926-0.0000007828248818714454i
0.416608424121328+0.27647245979938406i,0.0000006606773093623525+0.0000004504445126898796i
-0.4521340881609366+0.213482286792972i,-0.0000007411636080979379+0.000000338757017462682i
0.051226344782970806-0.49736873560093087i,0.00000009535855539310497-0.0000008244183618139916i
0.39912870673773276+0.3011575048686086i,0.00000066792272791433+0.0000005172562902282288i
-0.46421536147137155+0.18575262809660092i,-0.000000801752079532786+0.00000030926620188239324i
0.08120687032574797-0.4933611805794414i,0.00000015271363385892451-0.0000008601484613435608i
0.380188349406139+0.32474044200478336i,0.0000006676963813259497+0.0000005850279737294243i
-0.474597805968825+0.15734319378687978i,-0.0000008592231522013365+0.0000002729525634573617i
0.11089021339659469-0.48754813609255654i,0.0000002141991927853813-0.0000008896541870253949i
0.3598566657055873+0.3471349677792779i,0.0000006600334316255394+0.0000006530195563318174i
-0.48324342636235773+0.12835795020066548i,-0.0000009129688900089411+0.00000023023305236964925i
0.14016774569932267-0.47995087538826464i,0.0000002791442074262093-0.00000091263914278993i
0.3382080608725008+0.3682591278390055i,0.0000006450341422627863+0.000000720507945551912i
-0.49012058339184306+0.09890297088964162i,-0.0000009624296835198219+0.00000018157095833656125i
0.1689323240309899-0.47059720118016307i,0.0000003468636161841917-0.0000009288720856115761i
0.31532175950945457+0.3880356168241817i,0.000000622861323455513+0.0000007867921757390521i
-0.4952041096140811+0.06908604843664441i,-0.0000010070973398476058+0.00000012747102462837901i
0.19707868238003948-0.4595213439014581i,0.0000004166640775917315-0.0000009381869985974422i
0.2912815156571297+0.4063920612727635i,0.0000005937373913356209+0.0000008511983305701247i
-0.4984754015048378+0.039016299981071256i,-0.0000010465177250413753+0.00000006847438525099229i
0.22450381715472403-0.4467638364362705i,0.000000487849644222038-0.0000009404826918976055i
0.2661753062904715+0.42326128447625944i,0.0000005579410694221708+0.000000913084148900994i
-0.49992248753976154+0.008803767896981764i,-0.0000010802929511508799+0.000000005153363435390658i
0.2511073641320452-0.4323713657866759i,0.0000005597273170472573-0.0000009357219446638895i
0.24009500936071793+0.43858155231765195i,0.0000005158037626663025+0.000000971843289860324i
-0.4995400720050224-0.021440982914763908i,-0.0000011080831032351072-0.00000006189383030092111i
0.27679196574773474-0.4163966022183133i,0.0000006316124452576086-0.0000009239302039655173i
0.21313606756153064+0.45229679919176985i,0.0000004677056358139842+0.0000010269092357421815i
-0.49732955437735293-0.05160726964658981i,-0.0000011296075046283916-0.00000013204846237242369i
0.30146362738315663-0.39889800650981877i,0.0000007028339382439793-0.0000009051938591037901i
0.18539713904969773+0.46435683318134247i,0.0000004140714291066929+0.000001077758814008059i
-0.49329902420256355-0.08158469663577766i,-0.00000114464552178555-0.00000020467666482353644i
0.3250320613452705-0.3799396160114653i,0.0000007727392583084717-0.000000879658112143891i
0.15697973639862237+0.4747175197378745i,0.00000035536604539127394+0.0000011239153225299352i
-0.487463231491278-0.11126355936521251i,-0.0000011530369129726806-0.00000027913481128278303i
0.3474110172808393-0.35959081029594453i,0.0000008406991646907739-0.0000008475244676855389i
0.1279878551058708+0.48334094319515253i,0.0000002920899435311108+0.0000011649512450741191i
-0.4798435327402228-0.1405352459348328i,-0.0000011546817279377246-0.0000003547748437451459i
0.36851859781570395-0.33792605725890623i,0.0000009061121816692456-0.000000809047866917516i
0.09852759301428426+0.4901955455243103i,0.00000022477437359893348+0.0000012004905469252126i
-0.47046781277661637-0.16929263453457058i,-0.0000011495397684650446-0.0000004309495147645216i
0.3882775582640255-0.31502464059842095i,0.0000009684087657961577-0.0000007645334928325224i
0.06870676203940798+0.4952562418226706i,0.0000001539764896919688+0.0000012302105434604377i
-0.4593703827116685-0.19743048546420222i,-0.0000011376296223835986-0.0000005070175108474996i
0.4066155893106832-0.2909703696706717i,0.0000010270551497436915-0.0000007143332751136976i
0.038634493624152416+0.49850451211372326i,0.00000008027437634067548+0.0000012538433373904864i
-0.4465918543766394-0.22484582626548427i,-0.0000011190272861355518-0.0000005823484242435247i
0.4234655816323337-0.2658512727836794i,0.0000010815568427528197-0.0000006588421246313385i
0.008420839364548044+0.4999284691222906i,0.000000004262024386143375+0.000001271176823267212i
-0.43217899170096596-0.2514383285571575i,-0.0000010938643934157618-0.0000006563275419090993i
0.4387658714887334-0.2397592750514757i,0.0000011314617702746895-0.0000005984939287077422i
-0.021823631731864385+0.4995229017768531i,-0.00000007345570811546641+0.0000012820552607006998i
-0.4161845395763516-0.27711067519376315i,-0.0000010623260696440218-0.0000007283604221754785i
0.45246046638556275-0.21278986198763725i,0.0000011763630380574287-0.0000005337573393104844i
-0.051988237881146954+0.49728929427983404i,-0.00000015226811493813194+0.0000012863794205174416i
-0.39866703083309785-0.30176891640462916i,-0.0000010246484341259585-0.0000007978772315554893i
0.464499249982924-0.18504173006928687i,0.0000012159013086426665-0.00000046513138712103295i
-0.08196258957079203+0.49323582067605665i,-0.00000023156360640038614+0.0000012841063108050313i
-0.3796905720350683-0.3253228136097093i,-0.0000009811157736780452-0.0000008643368161729014i
0.47483816549963725-0.15661642555034572i,0.0000012497667809783532-0.00000039314095499290473i
-0.11163699353796139+0.4873773149392468i,-0.00000031073458641612213+0.0000012752484924184455i
-0.3593246088771762-0.34768616965405796i,-0.0000009320574132363351-0.0000009272304844715182i
0.4834393769421512-0.1276179728458251i,0.000001277700766611285-0.00000031833214466233515i
-0.1409028541997495+0.47973521668605723i,-0.0000003891822096880832+0.0000012598729960474i
-0.33764367204394724-0.3687771442524232i,-0.0000008778443105203832-0.00000098608548014754i
0.4902714075680404-0.09815249384711255i,0.0000012994968586770938-0.0000002412675707044172i
-0.169653071066411+0.4703374927162705i,-0.00000046632098817464887+0.0000012380998553561924i
-0.3147271044592004-0.3885185534895669i,-0.0000008188854031861147-0.000001040468126630433i
0.495309255077375-0.06832781956139508i,0.0000013150016926387991-0.00000016252161564399958i
-0.19778243068318713+0.45921853466631557i,-0.0000005415832174576209+0.0000012101002729873382i
-0.29065877092499876-0.4068381522802681i,-0.000000755623738060185-0.0000010899866268996586i
0.49853448311040605-0.038253095496451034i,0.000001324115300425849-0.00000008267567983405823i
-0.22518799166639544+0.44641903315063824i,-0.0000006144231952964743+0.00000117609443836363i
-0.2655267512124678-0.42366889875533004i,-0.0000006885324130063817-0.0000011342935049511138i
0.4999352887167309-0.00803838223493479i,0.0000013267910622711407-0.0000000023134592115765107i
-0.25176946142471335+0.4319858288515157i,-0.0000006843212064628029+0.0000011363490182109732i
-0.23942301772763397-0.4389491996060475i,-0.0000006181103627241117-0.0000011730876778017484i
0.4995065455490263+0.022205747340120235i,0.0000013230352631254437+0.00000007798371666306374i
-0.27742956318701945+0.41597174110226254i,-0.0000007507872498919381+0.0000010911743425535677i
-0.21244309893189223-0.4526231354892826i,-0.0000005448780203212785-0.000001206116149526651i
0.4972498226232784+0.05236861269459782i,0.000001312906263027683+0.0000001576414547743549i
-0.3020743919936262+0.39843537459113965i,-0.000000813364486254816+0.0000010409213105911666i
-0.18468572974883513-0.46464066566826134i,-0.0000004693728868376276-0.0000012331753214443158i
0.4931733785768588+0.08233983068655237i,0.0000012965132932121418+0.00000023609674660092663i
-0.3256137583481307+0.37944090489334725i,-0.0000008716323862266335+0.0000009859780423474304i
-0.15625249023680818-0.47495781114019364i,-0.00000039214504101933325-0.0000012541119151867575i
0.4872921314454554+0.112009719521134i,0.0000012740148920298198+0.00000031280226467990827i
-0.3479615182722644+0.3590578436159624i,-0.0000009252095619967553+0.0000009267663032747555i
-0.12724743384949205-0.4835368155805486i,-0.00000031375262156702317-0.000001268823507994769i
0.47962760406946486+0.14126970013888496i,0.000001245616996933304+0.00000038723048004389187i
-0.3690358885558815+0.33736078401528946i,-0.0000009737562669096247+0.0000008637377301058224i
-0.09777670664491894-0.4903462835149983i,-0.00000023475731379622716-0.0000012772586821502686i
0.47020784532963306+0.17001269356849716i,0.0000012115707108153508+0.0000004588775743706481i
-0.3887597460484095+0.314429128017557i,-0.0000010169765505345195+0.00000079736988715405i
-0.06794815883645716-0.49536129521337946i,-0.00000015571987216866663-0.000001279416792982074i
0.45906732750019036+0.19813351278989133i,0.000001172169762888462+0.0000005272671224089775i
-0.40706090989648+0.290346795641944i,-0.0000010546200589187258+0.0000007281621829799336i
-0.037870950107315615-0.4985634978852107i,-0.00000007719570948185987-0.0000012753473623427567i
0.44624682009512256+0.2255292476735669i,0.0000011277476860353103+0.0000005919535221005151i
-0.4238724056948746+0.26520191788932723i,-0.000001086483472265305+0.0000006566316778547373i
-0.0076551501329533145-0.4999411728430301i,0.0000000002694173564968438-0.0000012651491068392602i
0.4317932406692468+0.2520996415875085i,0.0000010786747341426088+0.0000006525251517908239i
-0.43913271058410275+0.2390865142206418i,-0.000001112411574781787+0.0000005833088127704895i
0.022588664226693644-0.49948927838775997i,0.00000007614359607696812-0.0000012489686123958883i
0.4157594831200969+0.2777474582934316i,0.0000010253545643416773+0.0000007086072360017695i
-0.4527859783976637+0.21209615580514668i,-0.0000011322979539496483+0.0000005087330908619751i
0.0527498135910624-0.49720946825916346i,0.00000014991279463529114-0.000001226998668918945i
0.39820422411895967+0.3023788377896823i,0.0000009682207103158703+0.0000007598644034069286i
-0.46478224403504803+0.1843296157709626i,-0.0000011460853289549888+0.00000043344874202630757i
0.08271792109799403-0.49311008558386576i,0.00000022108471731892128-0.0000011994762809104916i
0.37919170837944055+0.3259036397985617i,0.0000009077328738890239+0.0000008060029228961737i
-0.47507760631256146+0.1558885077378141i,-0.0000011537655104813378+0.0000003580004012530685i
0.11238331633567947-0.48720613234309174i,0.0000002891924565698358-0.0000011666803718284664i
0.35879151354938416+0.34823577364105507i,0.0000008443730629785552+0.0000008467726059241354i
-0.4836343886228161+0.1268769139547921i,-0.0000011553789964814046+0.0000002829288307128435i
0.14163743668929663-0.4795192144718533i,0.0000003537979173768224-0.0000011289292018046562i
0.3370782955865445+0.36929351329176957i,0.0000007786416046764447+0.0000008819683656896724i
-0.4904212768149427+0.09740100440399155i,-0.0000011510142109022042+0.00000020876671500428888i
0.17037322463358953-0.47007746279049956i,0.00000041449499286927037-0.0000010865775199993614i
0.3141315155498208+0.3889997964611115i,0.0000007110530627117161+0.0000009114314260799832i
-0.49541343379094444+0.06756864826394349i,-0.0000011408063946231577+0.00000013603455813148728i
0.1984855195174624-0.45891543005798807i,0.0000004709124716434404-0.0000010400134743844792i
0.29003514880588377+0.40728250661019305i,0.0000006421320888461376+0.0000009350501757149867i
-0.49859259039881537+0.037489019154716224i,-0.000001124936160066845+0.00000006523670978507758i
0.2258714424068318-0.446073964523616i,0.0000005227166593470354-0.0000009896553030976267i
0.26487737771537506+0.4240747368664137i,0.0000005724092378622541+0.0000009527606648320034i
-0.4999471122897958+0.007272195609321007i,-0.0000011036277230437772-0.0000000031424526627893646i
0.2524307725773701-0.4316000604399589i,0.0000005696136991360804-0.0000009359478326919157i
0.23875026892331289+0.43931503487389895i,0.0000005024167757208629+0.0000009645467451422284i
-0.49947204249509686-0.022971241766475393i,-0.0000010771468273846302-0.00000006864216135620649i
0.27806631427934536-0.4155466860840752i,0.0000006113515777758336-0.0000008793588096144966i
0.21174943643468414+0.4529476276827489i,0.00000043268451019699565+0.0000009704398551541891i
-0.49716911956627685-0.05313061497170897i,-0.0000010457983797858888-0.00000013082869071452415i
0.3026842524323504-0.3979725899163453i,0.0000006477218063797122-0.000000820375092076729i
0.18397369170822203+0.46492262585409805i,0.0000003637356728503422+0.000000970518455782748i
-0.4930467712128909-0.0830955536442014i,-0.0000010099238140339735-0.00000018929856371737823i
0.3261944959482333-0.37894208558631975i,0.0000006785607670454416-0.0000007594987301282866i
0.15552468204887446+0.47519620603405033i,0.0000002960828805576205+0.0000009649071233284986i
-0.48712008346068897-0.11275639896871721i,-0.0000009698982053760288-0.00000024368151139900085i
0.34851100742581587-0.3585248165723643i,0.0000007037507189456764-0.0000006972429622125341i
0.12650651862229279+0.4837307713283463i,0.00000023022420403040667+0.0000009537753091114253i
-0.47941074544323775-0.14200460498116416i,-0.0000009261271572554529-0.00000029364316706576044i
0.36955211801085575-0.3367955013164181i,0.0000007232204597464644-0.0000006341281567625105i
0.09702539545264804+0.4904950888908604i,0.00000016663936977436946+0.0000009373357771603i
-0.4699469700289991-0.1707331358002363i,-0.0000008790434839293933-0.0000003388874786789314i
0.38924082626900314-0.3138336597865642i,0.0000007369456405438339-0.000000570677727493652i
0.06718920079807855+0.49546440422241317i,0.00000010578612081935494+0.000000915842733382485i
-0.4587633905743412-0.1988368573328021i,-0.0000008291037136183422-0.0000003791588248597082i
0.4075050799780021-0.2897233224680744i,0.0000007449487348164818-0.0000005074140509647655i
0.03710712232596844+0.4986205317616141i,0.00000004809676027335132+0.0000008895896615578812i
-0.44590093418031634-0.2262129220195637i,-0.0000007767844378068116-0.0000004142438220607597i
0.42427803980790185-0.26455272284789755i,0.0000007472986641730939-0.00000044485441471290977i
0.006889247532946036+0.49995192143621153i,-0.000000006025099662589701+0.0000008589068833041702i
-0.43140667191703796-0.25276114521298465i,-0.0000007225785331087774-0.00000044397281259443476i
0.4394983239243177-0.2384139745179642i,0.0000007441100859156183-0.0000003835070238253443i
-0.0233538391281069+0.49945370093140007i,-0.000000056207562127960846+0.0000008241588608378553i
-0.4153336465637644-0.2783843718101021i,-0.0000006669912827338855-0.0000004682210254002638i
0.4531102326196017-0.21140273407897492i,0.0000007355423496291381-0.00000032386709319695045i
-0.05351146093969203+0.4971276935204023i,-0.0000001021132240606016+0.000000785741262899021i
-0.39774067849509315-0.3029888317985073i,-0.0000006105364250335291-0.000000486909403656967i
0.4650639521498667-0.18361785107829398i,0.0000007217981321336838-0.00000026641305193983554i
-0.08347325394897981+0.4929824113920699i,-0.0000001434416910280532+0.0000007440778156079515i
-0.3786921504236323-0.3264844834143463i,-0.000000553732156873307-0.0000005000050955853746i
0.47531573703191093-0.15516100626303117i,0.0000007031217621793581-0.00000021160288546875846i
-0.1131295708525121+0.4870330244999269i,-0.00000017993181265227348+0.0000006996169612718632i
-0.3582577717869059-0.3487853426565326i,-0.0000004970971196660196-0.0000005075216070332715i
0.4838280701329109-0.1261363394721459i,0.0000006797972482238288-0.00000015987063969072824i
-0.14237188225827416+0.4793013050466499i,-0.0000002113636248017093+0.0000006528283492546875i
-0.33651232364072964-0.3698097979512878i,-0.00000044114639581162575-0.0000005095186166674436i
0.490569799967027-0.09665006852933129i,0.0000006521460244866773-0.00000011162311048545767i
-0.17109317385669032+0.46981554780715057i,-0.0000002375599867500906+0.000000604199183954903i
-0.3135353849926408-0.38948090881547626i,-0.0000003863875430276099-0.0000005061014568095508i
0.4955162546964715-0.06681010053136631i,0.0000006205244322210563-0.00000006723674028598746i
-0.19918833804706992+0.45861046658184296i,-0.0000002583879035843349+0.0000005542304557034186i
-0.2894110415768846-0.40772668742575163i,-0.0000003333166936182569-0.0000004974202651257957i
0.4986493324198463-0.03672563695445227i,0.0000005853209547663091-0.000000027054742064559836i
-0.22655455858631499+0.44572706715903226i,-0.0000002737595262729861+0.0000005034330809913921i
-0.26422757813671444-0.42448036206309536i,-0.00000028241474513043583-0.0000004836688145048456i
0.4999575674173335-0.006506774023677437i,0.0000005469532264403034+0.000000008615530592158899i
-0.253091686852244+0.4312124972513288i,-0.00000028363282396567847+0.00000045232397886400753i
-0.23807715534012172-0.43968062146865083i,-0.0000002341436680787459-0.00000046508303051970597i
0.4994361721103082+0.023735900191916202i,0.0000005058648366863587+0.00000003950495036048213i
-0.2787026083445668+0.415119873955254i,-0.00000028801192527243263+0.0000004014221105708382i
-0.21105547251134404-0.45327183921661707i,-0.00000018894295550320914-0.00000044193920785623843i
0.4970870545818226+0.05389171048420343i,0.00000046252195210133026+0.00000006538470487232254i
-0.30329359808227724+0.39750808936546456i,-0.00000028694712745370115+0.00000035124450964454264i
-0.1832614174124111-0.4652042772830947i,-0.00000014722623805294627-0.0000004145519389917603i
0.49291881159384066+0.08385029952973837i,0.0000004174097800319809+0.0000000860680939881183i
-0.3267746635968579+0.37844159505496067i,-0.0000002805345746258032+0.00000030230232949001357i
-0.15479670435637544-0.47543426806590555i,-0.00000010937808707838181-0.00000038327177021132067i
0.4869466971267782+0.11350203175019492i,0.0000003710288983306054+0.00000010141202438800176i
-0.34905987426609286+0.3579901662099907i,-0.0000002689156082377576+0.00000025509693530605725i
-0.12576550197658093-0.4839243741892759i,-0.00000007575102687037747-0.00000034848260174537747i
0.4791925665564818+0.14273839453153073i,0.0000003238914766040651+0.00000011131819224892488i
-0.37006767578326466+0.33622864628281457i,-0.000000252275795192361+0.00000021011606673539102i
-0.09627405201417139-0.4906435255085649i,-0.00000004666277571683698-0.0000003105988503927627i
0.4696847966729329+0.1714523953335826i,0.0000002765174148699387+0.00000011573394685019673i
-0.3897211886109159+0.3132366730967904i,-0.00000023084364105312688+0.00000016783009704911713i
-0.06643028051891445-0.4955671328136587i,-0.00000002239373386556614-0.0000002700623944471031i
0.45845818183337556+0.19953895323684548i,0.00000022943042594611356+0.00000011465283005586043i
-0.40794848932696176+0.2890983874061198i,-0.00000020488899778802807+0.00000012868841392445156i
-0.03634340288617924-0.498677177814927i,-0.0000000031847347967837285-0.0000002273393220657205i
0.4455538066299014+0.22689528349353855i,0.00000018315408814593128+0.00000010811478874718723i
-0.42468287383354564+0.26390212497679866i,-0.00000017472117743854308+0.0000000931159459744888i
-0.00612352417546233-0.49996227908242935i,0.000000010764925568917114-0.00000018291650540053202i
0.4310188955374754+0.25342127367566963i,0.00000013820789492801523+0.00000009620605940843287i
-0.43986310146541113+0.23774009331562557i,-0.00000014068678495689797+0.0000000615098581430539i
0.02411876382687561-0.4994177336970643i,0.000000019299168959845504-0.00000013729802384420163i
0.4149066400926257+0.2790198500435555i,0.00000009510332806083853+0.00000007905872619170449i
-0.4534336191044519+0.21070803423030038i,-0.00000010316728521583998+0.00000003423643789363004i
0.05427278732608429-0.4970455344612355i,0.000000022306513300412377-0.00000009100146062664061i
0.397276004235247+0.3035973327940467i,0.00000005433998060665521+0.00000005684995588885861i
-0.4653447644802825+0.18290487345549833i,-0.00000006257632085209936+0.000000011628192806830194i
0.08422819553761346-0.49285436260604915i,0.00000001972114086123397-0.00000004455409772272068i
0.37819150852588906+0.3270637788884024i,0.00000001640175561188846+0.00000002980091530747453i
-0.47555294791283437+0.15443235862713772i,-0.000000019356799149603857-0.000000006018821234722624i
0.11387536452362446-0.48685955602173436i,0.00000001152364918628327+0.0000000015109654021048473i
0.3577229940281935+0.34933331120520994i,-0.000000018246834185910207-0.0000000018246214282968823i
-0.4840208118318768+0.12539468692970085i,0.000000026022232409136998-0.000000018447423643106088i
0.1431057983695543-0.4790830531275483i,-0.0000000022585199678762537+0.00000004665874327725439i
0.33594536672057684+0.37032443281379324i,-0.000000049164241055817675-0.00000003772196616478032i
-0.4907173674896907+0.09589812377925738i,0.00000007306890100162391-0.000000025441468521667448i
0.17181252623259918-0.469553312586576i,-0.000000021550976365710708+0.00000009035631997195156i
0.3129383233724967+0.3899603252180019i,-0.00000007593530767797507-0.00000007754749920897615i
-0.4956181083665857+0.066050613937649i,0.00000012127199165536326-0.000000026827725620356206i
0.19989049380908916-0.45830520915923834i,-0.00000004623260229762437+0.00000013207680245097246i
0.28878605988848+0.40816912947893824i,-0.00000009817452058003266-0.00000012092092781963056i
-0.4987050998542448+0.03596138648098793i,0.0000001701045756764739-0.000000022477470429200506i
0.22723694778815293-0.4453799060766359i,-0.00000007613609737435689+0.00000017130324557892767i
0.2635769631872472+0.4248842091878334i,-0.00000011552907009034802-0.00000016742780576963943i
-0.4999670448886936+0.005740555068117778i,0.00000021902776035787883-0.00000001230777287851161i
0.2537518118847355-0.43082470440078935i,-0.00000011104884356754976+0.00000020753252285869323i
0.2374032877435239+0.4400443943267046i,-0.00000012768169657984122-0.00000021662229742357234i
-0.49939932529270525-0.024501285028119796i,0.00000026749453529400504+0.000000003717523939928549i
0.2793380530758514-0.41469286992305343i,-0.00000015071408492268993+0.0000002402791173969406i
0.21036081797625703+0.45359420512436877i,-0.00000013435330417123417-0.0000002680301682567244i
-0.49700401867634825-0.054653461652118485i,0.00000031495369007042003+0.000000025587141626026164i
0.30390203669980465-0.3970434382341813i,-0.00000019483241438359552+0.0000002690788081527614i
0.1825485177187494+0.46548405508859303i,-0.00000013530532461134258-0.0000003211519823431624i
-0.49278989083382446-0.08460563077809871i,0.0000003608537776967471+0.00000005324202547140965i
0.32735386911886394-0.37794099867939834i,-0.0000002430635582351261+0.0000002934922272403574i
0.1540681680535038+0.4756704324713753i,-0.00000013034181561966266-0.0000003754664860667163i
-0.4867723636644247-0.11424818032188494i,0.0000004046470979104897+0.00000008657532713608611i
0.3496077266913963-0.3574554579891197i,-0.0000002950284468048432+0.0000003131082649175715i
0.12502399483714274+0.4841160595032687i,-0.00000011931127973420732-0.00000043043415616845305i
-0.4789734587349961-0.14347263127409005i,0.0000004457936743988928+0.0000001254327114813612i
0.37058216984956216-0.3356617844503196i,-0.0000003503115582752669+0.0000003275472998940405i
0.09552228727850504+0.4907900288140172i,-0.00000010210819146279733-0.0000004855008892429116i
-0.46942171669045824-0.17217203468673342i,0.000000483765200065717+0.00000016961298599271316i
0.39020044113318186-0.3126397335547747i,-0.00000040846352075702014+0.0000003364642337280061i
0.06567100896575828+0.4956679165402673i,-0.00000007867422240350691-0.0000005401018089376942i
-0.4581520928072927-0.20024136306049042i,0.0000005180489247075212+0.0000002188690491981672i
0.4083907460890966-0.28847355612819503i,-0.00000046900395616876764+0.00000033955130934226005i
0.03557940276600202+0.4987318717064258i,-0.000000048999155910262416-0.0000005936651664027757i
-0.44520582907223205-0.2275778947002636i,0.0000005481514598586007+0.0000002729091524882158i
0.42508651600805425-0.2632516900083592i,-0.0000005314245479719219+0.00000033654069506942965i
0.005357591043258392+0.4999706815515672i,-0.000000013121484837144657-0.0000006456163089794673i
-0.43063030325428897-0.2540815896325014i,0.0000005736024761108924+0.0000003313984677846824i
0.4402266515376158-0.2370664364005845i,-0.0000005951923134248577+0.00000032720681712530415i
-0.024883827342117193+0.4993798125633291i,0.000000028871312114854827-0.0000006953816917166098i
-0.4144788555224561-0.27965545570856654i,0.0000005939582689118901+0.0000003939609516003894i
0.4537557462795634-0.21001362209492924i,-0.0000006597530597607656+0.00000031136842499733457i
-0.05503418177779951+0.49696142706862034i,0.00000007684281791289904-0.0000007423929060573705i
-0.3968105932435785-0.3042059035543727i,0.0000006088051696846094+0.0000004601814941888911i
0.4656242895535372-0.18219224878126708i,-0.0000007245350025622932+0.00000028889037591359653i
-0.08498313490643603+0.49272437532043256i,0.0000001306080490134636-0.000000786090699950692i
-0.3776901746747592-0.32764308906732736i,0.0000006177627800924473+0.0000005296083407156756i
0.4757888475848771-0.15370413074559225i,-0.0000007889525236100465+0.00000025968512631457133i
-0.1146210864130213+0.48668416310971263i,0.00000018993414991601607-0.0000008259289637107237i
-0.357187572341889-0.34988124220718786i,0.000000620487008383566+0.0000006017557696988573i
0.484212222453598-0.12465352227342907i,-0.0000008524100446275989+0.00000022371392007617604i
-0.143839574115011+0.47886289502082324i,0.0000002545414068741374-0.0000008613786561718837i
-0.3353778169702312-0.3708389808775985i,0.0000006166728879858049+0.0000006761070123780363i
0.49086358822281134-0.0951467361238908i,-0.0000009143059926368161+0.00000018098766511533773i
-0.17253167088736124+0.46928919353825i,0.00000032410457521330134-0.0000008919316460655805i
-0.31234072290416903-0.3904396087496351i,0.0000006060571598757792+0.0000007521173951844648i
0.4957186037484244-0.06529175447060823i,-0.0000009740368320761581+0.00000013156749193831823i
-0.2005923759699143+0.4579980943005928i,0.00000039825451276878073-0.0000009171044440734123i
-0.2881605960209599-0.408611395937453i,0.0000005884206017077018+0.000000829217686110566i
0.4987595017572815-0.035197833733317536i,-0.0000010310011384266874+0.00000007556498965493563i
-0.22791899922511807+0.44503091788516475i,0.0000004765801100699753-0.0000009364418016882267i
-0.26292592520740743-0.4252878414988842i,0.0000005635900882484094+0.0000009068176245227595i
0.49997515386775815-0.004975104746255142i,-0.0000010846036878351301+0.00000001314211696699816i
-0.2544115369398563+0.430435118592414i,0.0000005586305060731554-0.0000009495201538325778i
-0.23672905852851223-0.44040791680034486i,0.0000005314403693151953+0.000000984309612832387i
0.4993611113148614+0.025265830273430025i,-0.0000011342595371227562-0.000000055489212364634286i
-0.2799730377961188+0.41426411078354936i,0.0000006439175764897433-0.0000009559508831404047i
-0.2096658652731883-0.45391628885544194i,0.0000004918955531428933+0.0000010610725474431979i
0.4969196212308016+0.05541430248232361i,-0.000001179398068621737-0.00000013006786807571913i
-0.3045099576712174+0.3965770734069035i,0.000000731918680085671-0.0000009553833848934917i
-0.18183538511381134-0.46576352281995625i,0.0000004449302849054852+0.0000011364757655358567i
0.49265961842145106+0.0853599814112154i,-0.0000012194669744890916-0.0000002102845624973192i
-0.32793250196912616+0.37743873342837964i,0.0000008220796467468473-0.0000009475079128152753i
-0.15333946566352225-0.47590626290215476i,0.00000039057061197473357+0.0000012098830835339801i
0.486596692668791+0.11499327872726557i,-0.0000012539361555048108-0.00000029578322476083296i
-0.3501549542301656+0.3569191289585363i,0.000000913817989624031-0.0000009320581872507807i
-0.1242823897576748-0.4843073910263823i,0.0000003288945294007651+0.0000012806569025255507i
0.47875303167899874+0.1442057492802698i,-0.0000012823015098706798-0.00000038616268275317307i
-0.37109598981645814+0.335093352943161i,0.0000010065263222995443-0.0000009088137486964443i
-0.09477049382341363-0.4909361626692872i,0.00000026003220103992524+0.0000013481623554938808i
0.4691573398849667+0.17289048796536685i,-0.000001304088588177043-0.000000480978643592673i
-0.390678973525199+0.31204127835531736i,0.0000010995759606617666-0.0000008776020411771648i
-0.06491177873398848-0.49576831937158233i,0.00000018416585371710003+0.0000014117714709407004i
0.45784473340039733+0.200942520949841i,-0.0000013188560915005917-0.0000005797459615822448i
-0.4088322400406088+0.28784726589454346i,0.0000011923206880410475-0.0000008383002115919216i
-0.03481551457190976-0.4987861775135948i,0.00000010152934378559481+0.000001470867327367095i
0.4448566115098969+0.22825918983229668i,-0.0000013261991905249933-0.0000006819411808505495i
-0.4254893561982315+0.262599855262897i,0.0000012841006611579071-0.0000007908366128528742i
-0.00459184074734284-0.4999786930297244i,0.000000012407397423138028+0.0000015248481731104871i
0.4302405051653626+0.25474052732834973i,-0.0000013257526446362427-0.0000007870053382247139i
-0.44058936410180555+0.23639144114764538i,0.0000013742464335652699-0.0000007351920004157771i
0.02564863706486381-0.49934150182498416i,-0.00000008286547203234647+0.0000015731314862223007i
0.41404990304309797+0.2802896231079839i,-0.0000013171937011281412-0.0000008943470103002925i
-0.4540770042030021+0.20931793509636404i,0.0000014620830725396713-0.0000006714004136329856i
0.05579525169447874-0.4968769357457148i,-0.00000018390636446117553+0.0000016151579494050288i
0.3963440557982129+0.30481297844576677i,-0.0000013002447559522424-0.0000010033455871920574i
-0.4659029175276548+0.1814784145218354i,0.000001546934344789679-0.0000005995497352397491i
0.08573767947023464-0.49259401404602754i,-0.0000002902857038996421+0.000001650395315510237i
0.3771877592326556+0.3282208483860578i,-0.0000012746757588536534-0.0000011133547540736722i
-0.4760238263084227+0.15297476012123998i,0.0000016281269459110906-0.0000005197819242029385i
0.11536634395711703-0.48650841038120585i,-0.00000040152925101815865+0.000001678342139725071i
0.3566511171703867+0.3504275701710287i,-0.0000012403063472406173-0.0000012237061603520162i
-0.4844026923628442+0.12391128303653007i,0.000001704994748229314-0.000000432292919104482i
0.14457281695908794-0.4786423954488529i,-0.0000005171204063126317+0.0000016985313553415106i
0.33480928490746964+0.3713518767295928i,-0.000001197007694733687-0.0000013337132551789926i
-0.49100885263718874+0.09439434312041768i,0.0000017768830415268974-0.0000003373322111895915i
0.17325021531974896-0.46902475548769723i,-0.0000006365027914384369+0.0000017105336709035986i
0.31174219417594345+0.39091719408000714i,-0.0000011447040620164927-0.0000014426752669888144i
-0.49581813142007375+0.06453195970496137i,0.0000018431527411647328-0.0000002352020881700185i
0.2012935920688213-0.45769068693231274i,-0.0000007590830944504774+0.0000017139607675592466i
0.287534260627987+0.40905192155778164i,-0.0000010833740393608632-0.0000015498813038645502i
-0.4988129288151927+0.034433416297170366i,0.0000019031845382635283-0.00000012625655182512084i
0.22860032048301615-0.444681667609274i,-0.0000008842341631303371+0.0000017084682765962313i
0.26227407491086274+0.4256896938433818i,-0.0000010130514720057768-0.0000016546145507911771i
-0.4999822851493817+0.0042088606482712345i,0.0000019563829669198747-0.000000010899914375518939i
0.2550704696557968-0.43004530494611304i,-0.0000010112983290942563+0.0000016937585184126908i
0.23605407846316775+0.44076962383081564i,-0.0000009338260614310164-0.0000017561565392463576i
-0.49932192108032075-0.026031098339789116i,0.0000020021803638835224+0.00000011041491949434292i
0.28060717020160875-0.4138351617485655i,-0.0000011395909439908072+0.0000016695829855505023i
0.20897022521884392+0.45423652544831006i,-0.0000008458436374615599-0.0000018537914641184i
-0.49683425325708797-0.0561757953954527i,0.000002040040696719435+0.00000023718847622978675i
0.3051169687562551-0.39611056018369023i,-0.000001268404107822685+0.0000016357445538974318i
0.18112163045695895+0.4660411156156488i,-0.0000007493060980672979-0.0000019468105226243797i
-0.4925283854762634-0.08611491386495003i,0.000002069463237211746+0.00000036887703207246694i
0.3285101699761034-0.37693636468619796i,-0.0000013970105682683476+0.0000015920994077342656i
0.15261020808232492+0.4761401945990952i,-0.0000006444710156615426-0.0000020345162497336933i
-0.48642007536593906-0.11573888942390717i,0.000002089986057638663+0.0000005048952145138953i
0.35070116478454677-0.3563827445824578i,-0.0000015246677688475079+0.000001538558665954521i
0.12354029766434485+0.48449680410387685i,-0.0000005316509106525228-0.0000021162268245817906i
-0.47853167671956376-0.1449393110357501i,0.0000021011893285437817+0.0000006446188725781335i
0.3716087436644831-0.334524917300879i,-0.0000016506220228684474+0.000001475089698507013i
0.09401828259897+0.4910803625256829i,-0.00000041121219494151487-0.000002191280322486963i
-0.4688920576906526-0.17360931768957108i,0.0000021026983977528414+0.0000007873882003857716i
0.3911563938502937-0.31144287310840374i,-0.000001774112789325556+0.0000014017171238990956i
0.06415220079112674+0.4958667768662109i,-0.0000002835737899876838-0.000002259038887457276i
-0.4575364951477343-0.20164398946556583i,0.0000020941866316224346+0.0000009325110969543322i
0.4092725793317288-0.2872210823804605i,-0.0000018943770262830345+0.000001318523480433747i
0.03405134928235326+0.4988385309032004i,-0.00000014920542595471574-0.000002318892800494503i
-0.4445065455761539-0.22894073149691133i,0.0000020753780008534783+0.0000010792667437901747i
0.4258910026450027-0.2619481864756431i,-0.0000020106535967912367+0.0000012256495657338355i
0.003825884270535207+0.4999847492922888i,-0.000000008625630313989279-0.000002370264419563208i
-0.42984989299916937-0.25539964942294585i,0.0000020460493946527124+0.0000012269093805363836i
0.4409508474930578-0.2357166733463812i,-0.0000021221877020346714+0.000001123294441014743i
-0.026413582014502418+0.4993012373661043i,0.00000013760058391349537-0.000002412611967793199i
-0.41362017447489335-0.28092391495965774i,0.000002006032648561992+0.000001374672257762127i
0.4543970013071113-0.20862253907272751i,-0.0000022282353162099527+0.000001011715098494857i
