signal_0,signal_1
1+0i,1+0i
1+0i,0.6180039534611382-0.7861738682892461i
1+0i,-0.23614004853088422-0.9717154049391907i
1+0i,-0.9098695353582827-0.4148753641849875i
1+0i,-0.8884624426064102+0.458918610689988i
1+0i,-0.18828215537214854+0.9820925479560156i
1+0i,0.6557306029699393+0.7549529353163058i
1+0i,0.9987578136810982-0.04895384835055494i
1+0i,0.5787429014865367-0.8154409060935057i
1+0i,-0.28340893463996153-0.95892472975682i
1+0i,-0.9290146710487112-0.3698047100976383i
1+0i,-0.864850297317682+0.5018174410225533i
1+0i,-0.13996243082096144+0.9900286736607052i
1+0i,0.6918227056855784+0.7218611739355456i
1+0i,0.9950347618382257-0.09777763321197244i
1+0i,0.5380519211587935-0.842676500325945i
1+0i,-0.32996330682359476-0.9437548203559203i
1+0i,-0.9458473351359576-0.32382654956267554i
1+0i,-0.8390962241091722+0.5434580882904672i
1+0i,-0.09130933973705557+0.9955031915000914i
1+0i,0.7261847456745182+0.6869869210675849i
1+0i,0.9888413547962256-0.14634167922715818i
1+0i,0.4960395041732928-0.8678088517993183i
1+0i,-0.3756797013074807-0.9262466842945392i
1+0i,-0.9603235528684838-0.27706331804382117i
1+0i,-0.8112693782774643+0.5837303662390422i
1+0i,-0.042452252596692344+0.9985024656421465i
1+0i,0.7587261194278768+0.6504235190745367i
1+0i,0.9801950730792699-0.1945170860234232i
1+0i,0.452817835042382-0.8907721233015118i
1+0i,-0.42043706524664903-0.906447914499004i
1+0i,-0.9724060185184569-0.22963961923802512i
1+0i,-0.7814447374909078+0.622527996861606i
1+0i,0.006478940835093094+0.9990198532444721i
1+0i,0.7893614043813768+0.6122690353976596i
1+0i,0.9691203125182044-0.24217611251016827i
1+0i,0.40850245484028364-0.9115066335591084i
1+0i,-0.46411711685032153-0.8844125443832881i
1+0i,-0.9820642036216617-0.18168185230888045i
1+0i,-0.7497028752800022+0.659748925604544i
1+0i,0.05535421929951606+0.9970557207450196i
1+0i,0.818010611045021+0.5726259674810099i
1+0i,0.9556483076665375-0.289192557356111i
1+0i,0.36321191457191393-0.9299590317738468i
1+0i,-0.5066046966201891-0.8602008828172913i
1+0i,-0.9892744438768728-0.1333178336810361i
1+0i,-0.7161297170814801+0.6952956231340355i
1+0i,0.1040438180273538+0.9926174381327058i
1+0i,0.8445994179202839+0.5316009339615428i
1+0i,0.9398170337896706-0.3354421343941222i
1+0i,0.3170674193141686-0.9460824521680307i
1+0i,-0.5477881085497729-0.8338793295000877i
1+0i,-0.9940200044316523-0.08467641464555295i
1+0i,-0.6808162796513906+0.7290753726786419i
1+0i,0.15241861563175474+0.9857193512315748i
1+0i,0.8690593884425883+0.48930435315300774i
1+0i,0.9216710877657537-0.3808028417201611i
1+0i,0.27019246430922045-0.9598366480443699i
1+0i,-0.5875594501681741-0.8055201713616057i
1+0i,-0.9962911233564318-0.035887096039626476i
1+0i,-0.6438583947194603+0.7610005420125223i
1+0i,0.20035051863649805+0.9763827321081424i
1+0i,0.8913281692495265+0.4458501098939102i
1+0i,0.9012615483090997-0.4251553232755534i
1+0i,0.22271246421621763-0.9711881049369666i
1+0i,-0.6258149303509672-0.7752013606810547i
1+0i,-0.9960850331842632+0.012920358726931647i
1+0i,-0.6053564178104478+0.7909888391980298i
1+0i,0.24771284237509977+0.9646357077870196i
1+0i,0.9113496691405156+0.4013552118690342i
1+0i,0.8786458159981365-0.46838322172911473i
1+0i,0.17475437675011646-0.9801101325027757i
1+0i,-0.6624551738643938-0.7430062756729339i
1+0i,-0.9934059604694896+0.06161631102169762i
1+0i,-0.5654149232085415+0.8189635512633586i
1+0i,0.29438068701008857+0.9505131675345619i
1+0i,0.9290742181609797+0.3559394365490594i
1+0i,0.8538874336590307-0.5103735215070346i
1+0i,0.12644632195426003-0.9865829348767663i
1+0i,-0.6973855116561634-0.7090234643510043i
1+0i,-0.9882651033945631+0.11007163343975596i
1+0i,-0.5241423860873656+0.8448537650511231i
1+0i,0.34023130744029456+0.934056649044038i
1+0i,0.9444587063135327+0.3097249699236585i
1+0i,0.8270558877231611-0.5510168808540012i
1+0i,0.0779171983667255-0.9905936592886442i
1+0i,-0.7305162559566758-0.6733463725372272i
1+0i,-0.9806805875299914+0.15815809408241122i
1+0i,-0.48165085287102033+0.8685945695361605i
1+0i,0.38514447588688727+0.9153142039280311i
1+0i,0.9574667014696729+0.26283603823005053i
1+0i,0.7982263912413767-0.5902079518486291i
1+0i,0.029296297349188927-0.9921364228144606i
1+0i,-0.7617629593084199-0.636073056936036i
1+0i,-0.9706773999275722+0.2057487374025304i
1+0i,-0.4380556009304604+0.8901272389761404i
1+0i,0.42900283597612454+0.8943402429946787i
1+0i,0.9680685461280505+0.21539853390113783i
1+0i,0.7674796493001728-0.627845687339639i
1+0i,-0.019287083148757767-0.9912123172120015i
1+0i,-0.7910466566982852-0.5973058842442244i
1+0i,-0.9582873018015788+0.25271826036862993i
1+0i,-0.3934747887543496+0.9093993963256882i
1+0i,0.47169224716833796+0.8711953618531093i
1+0i,0.9762414327389425+0.16753963697509808i
1+0i,0.734901607644125-0.6638336338162414i
1+0i,-0.06770402411733306-0.9878293918646236i
1+0i,-0.8182940900273906-0.5571512173131166i
1+0i,-0.9435487201259485+0.2989433827183184i
1+0i,-0.3480290977641891+0.9263651564140115i
1+0i,0.5131021184181017+0.8459461474603128i
1+0i,0.9819694573890874+0.11938743322140905i
1+0i,0.7005831853653537-0.6980802092767435i
1+0i,-0.11582636903889995-0.9820026149335898i
1+0i,-0.8434379142154983-0.515719089422129i
1+0i,-0.9265066185473957+0.3443032100947362i
1+0i,-0.3018413669697796+0.9409852484568001i
1+0i,0.5531257299902355+0.8186649662860016i
1+0i,0.9852436517160689+0.07107053024694723i
1+0i,0.6646199925737434-0.7304989652131174i
1+0i,-0.16352710420708444-0.97375381289394i
1+0i,-0.866416884302029-0.4731228677615742i
1+0i,-0.9072123480850471+0.38867958888685883i
1+0i,-0.25503622168311685+0.9532271175454625i
1+0i,0.5916605423994293+0.7894297348339093i
1+0i,0.9860619929968499+0.02271767284977949i
1+0i,0.6271120340112936-0.7610088318861505i
1+0i,-0.21068073456897937-0.9631115887029562i
1+0i,-0.8871760229726599-0.4294789072570173i
1+0i,-0.8857234781554141+0.4319574516259625i
1+0i,-0.207739697526269+0.9630650048299859i
1+0i,0.6286084914883354+0.7583236733168923i
1+0i,0.9844293924303066-0.02554264111225374i
1+0i,0.5881633996200402-0.789534346125385i
1+0i,-0.2571636538653154-0.9501112189233394i
1+0i,-0.9056667680094677-0.38490619589793595i
1+0i,-0.862103608528181+0.47402515182611527i
1+0i,-0.16007886098176793+0.9704800061859888i
1+0i,0.6638762687092622+0.7254350433391568i
1+0i,0.9803576617087937-0.07358254307630996i
1+0i,0.547881943115098-0.8160058609504054i
1+0i,-0.3028545078664659-0.9347945301947796i
1+0i,-0.921847099233012-0.3395259927594615i
1+0i,-0.8364221628820808+0.5147747871959214i
1+0i,-0.11218142774248269+0.9754601092310635i
1+0i,0.6973755857281555+0.6908568704915972i
1+0i,0.9738654580481454-0.12127517310035535i
1+0i,0.506378949652784-0.8403597363745109i
1+0i,-0.347634549529379-0.9172097555175747i
1+0i,-0.9356816445767089-0.29346145992772354i
1+0i,-0.8087541646916663+0.5541025101919653i
1+0i,-0.06417538012182389+0.978000208630561i
1+0i,0.7290234225262455+0.6546866528155026i
1+0i,0.9649782079192866-0.16849505492203742i
1+0i,0.4637687937179888-0.8625385108186411i
1+0i,-0.3913879849318692-0.8974113708800905i
1+0i,-0.9471417650066953-0.24683728955660808i
1+0i,-0.7791799962342747+0.5919088249310885i
1+0i,-0.016188584784471494+0.9781020997078204i
1+0i,0.7587422582339419+0.6170260561355259i
1+0i,0.9537280097970344-0.21511846553105796i
1+0i,0.4201685883850694-0.8824910526318188i
1+0i,-0.43400230887610364-0.8754599128277342i
1+0i,-0.956205618074105-0.19977932729652936i
1+0i,-0.7477851415620088+0.6280988695287963i
1+0i,0.031651587947448406+0.975774450448406i
1+0i,0.7864602839936456+0.5779805973046817i
1+0i,0.9401535163128885-0.2610237980585522i
1+0i,0.3756978271323079-0.9001726912846095i
1+0i,-0.47536862909243105-0.8514217776346316i
1+0i,-0.962858199960918-0.15241419334404047i
1+0i,-0.7146599143358066+0.6625826829843644i
1+0i,0.07921864196751799+0.9710327520619657i
1+0i,0.8121115972122344+0.5376593164420522i
1+0i,0.9242997962680108-0.30609191681398823i
1+0i,0.3304780194115272-0.9155453278733744i
1+0i,-0.5153819780175314-0.8253690028001901i
1+0i,-0.9670913659549163-0.10486890236496843i
1+0i,-0.6798991714675485+0.6952754557894423i
1+0i,0.1263873292064212+0.9638992483383633i
1+0i,0.8356363766303266+0.49617443927792426i
1+0i,0.9062181770301955-0.3502065033314382i
1+0i,0.28463232119142984-0.9285775246456194i
1+0i,-0.5539416111674789-0.7973790316507092i
1+0i,-0.9689038293636371-0.05727048354287606i
1+0i,-0.6436020135613099+0.726097763496009i
1+0i,0.17303401818909214+0.954402844106755i
1+0i,0.8569810377034524+0.4536410307507128i
1+0i,0.8859660679039794-0.39325439232221204i
1+0i,0.23828516170591585-0.9392445733298235i
1+0i,-0.5909512911760101-0.7675344618813251i
1+0i,-0.9683011389513008-0.009745601999446352i
1+0i,-0.6058714731864298+0.7549757825409811i
1+0i,0.21903705613789645+0.9425789931768161i
1+0i,0.8760983678598697+0.41017664102566065i
1+0i,0.8636067651260928-0.43512589646990224i
1+0i,0.19156186764670663-0.9475285421268467i
1+0i,-0.6263195566212713-0.7359227789252732i
1+0i,-0.9652956350559436+0.03757981717635056i
1+0i,-0.5668141920525647+0.7818414876884975i
1+0i,0.2642771234591329+0.9284695662101867i
1+0i,0.8929476412706117+0.3659009451265206i
1+0i,0.8392092391987841-0.4757151190465361i
1+0i,0.14458828604328353-0.9534183012937366i
1+0i,-0.6599599748201592-0.7026360750859272i
1+0i,-0.9599063846166422+0.0845809610675729i
1+0i,-0.526540088190599+0.8066328305167443i
1+0i,0.30863757948120385+0.912122699037215i
1+0i,0.9074947128391604+0.3209353773882254i
1+0i,0.8128479053311036-0.5149202533746738i
1+0i,0.09749040707229589-0.9569095273245759i
1+0i,-0.6917913778278664-0.6677707554117701i
1+0i,-0.9521590954118826+0.13113449603282384i
1+0i,-0.485162014272593+0.8292938984435947i
1+0i,0.35200479834773596+0.8935926219987933i
1+0i,0.9197120911906821+0.2754027619510041i
1+0i,0.7846023778127595-0.5526438682097294i
1+0i,0.05039398803330988-0.9580046858062811i
1+0i,-0.7217380809412841-0.6314272313355703i
1+0i,-0.9420860098801588+0.17711892859236494i
1+0i,-0.44279540822930846+0.8497750538543603i
1+0i,0.3942684940076613+0.8729394709555536i
1+0i,0.9295789905137719+0.2294269405244645i
1+0i,0.7545572091963805-0.588793178169222i
1+0i,0.0034241797180853406-0.9567129931000267i
1+0i,-0.7497300830680256-0.5937096031362241i
1+0i,-0.9297257789620503+0.22241495894196822i
1+0i,-0.39955793734481254+0.8680330529651953i
1+0i,0.4353220332866002+0.850229080666441i
1+0i,0.937081361180722+0.18313239865361272i
1+0i,0.7228016152119797-0.6232802983911037i
1+0i,-0.04329484361347601-0.9530503570707485i
1+0i,-0.7757032483880545-0.5547253323149269i
1+0i,-0.9151233164693147+0.2669058259705235i
1+0i,-0.3555691370242338+0.8840311441267437i
1+0i,0.4750627360695563+0.8255327612956126i
1+0i,0.9422118991453662+0.1366438917180003i
1+0i,0.6894291863816516-0.6560224826611794i
1+0i,-0.08964024945587884-0.947039297157782i
1+0i,-0.7995994688017072-0.5145849050064581i
1+0i,-0.8983296345506985+0.31047764269198075i
1+0i,-0.3109500454431103+0.8977391453445441i
1+0i,0.5133921616739603+0.7989270588605849i
1+0i,0.9449700341901518+0.09008607188986022i
1+0i,0.6545375873431981-0.6869423443101361i
1+0i,-0.13549090630669658-0.9387088441488763i
1+0i,-0.8213668067262002-0.4734014875713505i
1+0i,-0.8794016608858879+0.3530197210405923i
1+0i,-0.2658228352945765+0.9091335008648479i
1+0i,0.5502163805439981+0.7704935004852558i
1+0i,0.9453618971660409+0.043583117267524674i
1+0i,0.6182282449281509-0.7159680592431286i
1+0i,-0.1807277357955347-0.9280944200873594i
1+0i,-0.8409596178721861-0.43129057553543687i
1+0i,-0.8584020382981469+0.3944248850203215i
1+0i,-0.22031044385419382+0.9181973167469115i
1+0i,0.585446230451977+0.740318325368793i
1+0i,0.9434002664399006-0.0027416356135353467i
1+0i,0.5806060260725135-0.7430335505294439i
1+0i,-0.22523405657794454-0.9152376988077646i
1+0i,-0.8583386537023492-0.388369637059693i
1+0i,-0.8353989075325815+0.43458977124448284i
1+0i,-0.1745362025813122+0.9249203754150134i
1+0i,0.6189975564497878+0.7084922024251612i
1+0i,0.939104493833796-0.04876605470778422i
1+0i,0.5417789066672891-0.7680786540457456i
1+0i,-0.26889591891317144-0.900186447658643i
1+0i,-0.873471143344907-0.3447577521354565i
1+0i,-0.8104656740001557+0.47341511595010843i
1+0i,-0.12862346747065573+0.9292991292551938i
1+0i,0.6507914338733022+0.6751099355882884i
1+0i,0.93250041040907-0.09436956966281532i
1+0i,0.5018576324806221-0.7910492647340535i
1+0i,-0.3116024288825987-0.8829943510323466i
1+0i,-0.8863308548064932-0.3005752487078495i
1+0i,-0.7836807593378928+0.5108060276228996i
1+0i,-0.08269525135831118+0.9313366733929417i
1+0i,0.6807543737642539+0.6402701578141531i
1+0i,0.9236202125148111-0.13943352216282973i
1+0i,0.46095537330378017-0.8118974631041508i
1+0i,-0.35324606124707647-0.8637208163799935i
1+0i,-0.8968981354001906-0.25594333693376536i
1+0i,-0.7551273386823725+0.5466722444227522i
1+0i,-0.036873859372578144+0.9310426978580922i
1+0i,0.708818510137958+0.6040750148435856i
1+0i,0.9125023285850129-0.18384150830673074i
1+0i,0.4191873714895548-0.8305816216797386i
1+0i,-0.3937229599860315-0.8424307634454828i
1+0i,-0.9051599313759395-0.210983742779857i
1+0i,-0.7248930645969768+0.5809283756564494i
1+0i,0.008719471297751191+0.9284334194123227i
1+0i,0.7349217685903957+0.5666298398180297i
1+0i,0.8991912672315119-0.22747971194891575i
1+0i,0.3766705860635845-0.8470664911577228i
1+0i,-0.43293322560903874-0.8191943975051268i
1+0i,-0.9111097868114127-0.16581834216090294i
1+0i,-0.6930697786330441+0.6134941266030978i
1+0i,0.05396492616701748+0.9235314933820895i
1+0i,0.7590080158049399+0.5280428198648782i
1+0i,0.8837374472399386-0.2702372279683533i
1+0i,0.3335233335968878-0.861323266120544i
1+0i,-0.4707811883812276-0.7940869674489568i
1+0i,-0.9147478218916556-0.12056879680954025i
1+0i,-0.659753211540967+0.6442945060589i
1+0i,0.0987444616234221+0.9163659059057716i
1+0i,0.7810271895867391+0.4884246557893094i
1+0i,0.8661970101337477-0.3120063744722482i
1+0i,0.2898649270313199-0.8733296302120459i
1+0i,-0.5071756666572824-0.7671885095860377i
1+0i,-0.9160806907750739-0.07535619305484909i
1+0i,-0.6250426731793826+0.6732600160306329i
1+0i,0.1429421454116988+0.9069718470677407i
1+0i,0.8009354091213445+0.44788821602561085i
1+0i,0.8466316160262497-0.352682992984712i
1+0i,0.24581531364891357-0.8830697807577159i
1+0i,-0.5420302095746485-0.7385835780988631i
1+0i,-0.9151215193114839-0.030300684669730515i
1+0i,-0.5890407331987331+0.7003268230716546i
1+0i,0.18644448836591546+0.8953905654538961i
1+0i,0.8186950652233996+0.40654818601289944i
1+0i,0.8251082235326685-0.39216673571795824i
1+0i,0.20149471337106162-0.8905344328801497i
1+0i,-0.5752633234146916-0.7083609631111187i
1+0i,-0.9118898229444893+0.014478859074615519i
1+0i,-0.5518528935995914+0.7254369108199898i
1+0i,0.22914076636741038+0.8816692047227479i
1+0i,0.8342748904107307+0.3645207141678195i
1+0i,0.8016988545630709-0.43036133907344765i
1+0i,0.15702325856431154-0.8957208032297812i
1+0i,-0.6067986810006493-0.6766133973685455i
1+0i,-0.9064114051955295+0.05886519903413667i
1+0i,-0.5135872542862016+0.7485382133647807i
1+0i,0.2709233315430767+0.865860622842996i
1+0i,0.8476500087086679+0.3219230556302997i
1+0i,0.7764803448626847-0.4671748825730352i
1+0i,0.1125206365163762-0.8986325735192855i
1+0i,-0.6365653135631535-0.6434372525643979i
1+0i,-0.8987182371900162+0.10274306441358982i
1+0i,-0.4743541727516424+0.7695847291350819i
1+0i,0.3116879117625177+0.8480231947028759i
1+0i,0.8588019651589607+0.2788732149577906i
1+0i,0.7495340812083797-0.5025200324751273i
1+0i,0.06810573572866335-0.8992798341171666i
1+0i,-0.6644977845674975-0.6089322263687837i
1+0i,-0.8888483187469101+0.14599948253333841i
1+0i,-0.43426591904286466+0.7885366150731057i
1+0i,0.3513338975390218+0.828220598847803i
1+0i,0.8677187350764298+0.23548958893852998i
1+0i,0.7209457262087304-0.5363142693881465i
1+0i,0.023896297150503426-0.8976790080217592i
1+0i,-0.6905363450615974-0.5732010212449741i
1+0i,-0.876845521611836+0.18852409912655804i
1+0i,-0.3934363271614594+0.8053602609224574i
1+0i,0.3897646154883345+0.8065215891510935i
1+0i,0.874394713164848+0.19189061068551905i
1+0i,0.6908049316901613-0.5684800992526439i
1+0i,-0.019991428544681944-0.8938527556009253i
1+0i,-0.7146270701693178-0.5363490161557759i
1+0i,-0.8627594154699472+0.23020948819148807i
1+0i,-0.35198044405969126+0.820028343530552i
1+0i,0.4268875875510047+0.7829997522676365i
1+0i,0.87883068267082+0.14819439615996857i
1+0i,0.6592050416830457-0.5989452471244684i
1+0i,-0.0634430165696438-0.8878298605448981i
1+0i,-0.7367219764203983-0.49848393227872734i
1+0i,-0.8466450774282163+0.2709514504660334i
1+0i,-0.310014177390652+0.832519861132536i
1+0i,0.4626147752381088+0.7577332517619858i
1+0i,0.8810337648205078+0.10451839425610604i
1+0i,0.6262427860490309-0.6276428332536446i
1+0i,-0.1063461954805006-0.8796450975398508i
1+0i,-0.7567791196753111-0.4597154938607635i
1+0i,-0.8285628857075201+0.3106492996375168i
1+0i,-0.2676539431668906+0.8428201476521162i
1+0i,0.4968628082164138+0.730804559840622i
1+0i,0.8810173488488721+0.06097904155855963i
1+0i,0.592017965814594-0.6545115310174145i
1+0i,-0.1485911654768956-0.8693390822275896i
1+0i,-0.7747626734707524-0.42015508535066914i
1+0i,-0.8085782983323628+0.3492061354486406i
1+0i,-0.22501631447317622+0.8509208671216906i
1+0i,0.5295531966071954+0.7023001776527515i
1+0i,0.8788010029940511+0.017691422859138828i
1+0i,0.5566331312954617-0.6794957063304525i
1+0i,-0.1900709065798447-0.8569581040720802i
1+0i,-0.7906429876788742-0.3799154059512496i
1+0i,-0.7867616176505895+0.38652910291148285i
1+0i,-0.1822176723665519+0.856819988390562i
1+0i,0.5606125264327724+0.6723103451549188i
1+0i,0.8744103668908896-0.025231061508161345i
1+0i,0.5201932541122708-0.7025455382207724i
1+0i,-0.2306814757638332-0.8425539428063162i
1+0i,-0.8043966274406009-0.33911012273284613i
1+0i,-0.7631877415565832+0.42252963689446554i
1+0i,-0.1393738600803755+0.8605217403550327i
1+0i,0.5899726377061358+0.640928741561992i
1+0i,0.8678770258566998-0.06767702048659793i
1+0i,0.48280539420959623-0.723617120325765i
1+0i,-0.2703222921642791-0.8261836691828001i
1+0i,-0.8160063924000939-0.2978535234454065i
1+0i,-0.7379359023290886+0.4571236914024215i
1+0i,-0.09659984162892268+0.8620365480078728i
1+0i,0.6175707847215871+0.6082521774304244i
1+0i,0.8592383676193731-0.10953738827790926i
1+0i,0.4445783629982285-0.7426725431290144i
1+0i,-0.30889640952887865-0.8079094307979569i
1+0i,-0.8254613163335354-0.2562601701580789i
1+0i,-0.7110893940290862+0.49023195292694816i
1+0i,-0.0540093658852947+0.8613809496667756i
1+0i,0.6433497781677779+0.5743802794392514i
1+0i,0.8485374220924325-0.1507057305307003i
1+0i,0.4056223837443819-0.7596799568248486i
1+0i,-0.34631077513105973-0.787798223804545i
1+0i,-0.8327566473305303-0.2144445548430931i
1+0i,-0.6827352894337113+0.5217800373030268i
1+0i,-0.011714637178022902+0.8585774958016847i
1+0i,0.6672581087489157+0.5394151689499652i
1+0i,0.8358226848535892-0.1910785398221841i
1+0i,0.3660487503293265-0.7746136147635896i
1+0i,-0.3824764744158642-0.7659216513667251i
1+0i,-0.8378938087504718-0.17252075800484706i
1+0i,-0.6529641475091552+0.5516986695679962i
1+0i,0.030174006578933515+0.8536546299391257i
1+0i,0.6892500520645038+0.5034611354381286i
1+0i,0.8211479250324903-0.23055551956317138i
1+0i,0.3259694854988928-0.787453897496094i
1+0i,-0.4173089607026723-0.7423556697497377i
1+0i,-0.8408803412388025-0.13060211143542488i
1+0i,-0.6218697124486744+0.5799238463803293i
1+0i,0.07154840724206035+0.8466465521777627i
1+0i,0.709285754563182+0.46662430589743564i
1+0i,0.804571978359614-0.2690398555025586i
1+0i,0.28549699971438175-0.7981873175010951i
1+0i,-0.4507282693251518-0.7171803229698753i
1+0i,-0.8417298261492488-0.08880086615467689i
1+0i,-0.5895486053212445+0.6063969806180473i
1+0i,0.11230289033638868+0.8375930659030636i
1+0i,0.7273313004511627+0.429012311320903i
1+0i,0.7861585261714911-0.3064384740562724i
1+0i,0.2447437517047083-0.8068065047429034i
1+0i,-0.4826592156463444-0.6904794669607358i
1+0i,-0.840461790777328-0.047227866566313725i
1+0i,-0.5561000093920367+0.6310650278395322i
1+0i,0.15233455859206702+0.8265394083401519i
1+0i,0.743358759500709+0.390733951363963i
1+0i,0.7659758612075128-0.3426622867365688i
1+0i,0.20382191180422057-0.8133101732699285i
1+0i,-0.5130315764458148-0.6623404842384317i
1+0i,-0.837101595867803-0.005992231831570549i
1+0i,-0.5216253501876331+0.6538805943531761i
1+0i,0.19154357425844193+0.8135360656322399i
1+0i,0.7573462157684593+0.35189885829045997i
1+0i,0.7440966410702283-0.37762642001061486i
1+0i,0.16284302914163504-0.8177030691260126i
1+0i,-0.5417802542358898-0.6328539900713852i
1+0i,-0.8316803059138984+0.034798954571164775i
1+0i,-0.48622797138691215+0.6748020267059871i
1+0i,0.22983342937989065+0.7986385731777982i
1+0i,0.7692777772971968+0.3126171612950792i
1+0i,0.7205976302546251-0.4112504299719755i
1+0i,0.12191770372304905-0.8199958999066833i
1+0i,-0.5688454241251137-0.602113531179737i
1+0i,-0.8242345428189537+0.07504094616842168i
1+0i,-0.45001280762265117+0.6937934824651684i
1+0i,0.2671112032653133+0.7819073020020676i
1+0i,0.7791435669375476+0.2729991522845579i
1+0i,0.6955594316816822-0.44345850126503594i
1+0i,0.08115526442612436-0.8202052463506606i
1+0i,-0.5941726629088167-0.5702152780049028i
1+0i,-0.8148063235415093+0.11463162480214528i
1+0i,-0.41308605527928444+0.710824982230303i
1+0i,0.30328780643301007+0.7634072319781426i
1+0i,0.7869396944878284+0.23315495418514823i
1+0i,0.6690662086979948-0.4741796297601282i
1+0i,0.040663453893422685-0.8183534564133264i
1+0i,-0.6177130601289952-0.5372577116017556i
1+0i,-0.8034428823925853+0.15347178107695386i
1+0i,-0.3755548423689178+0.7258724428769865i
1+0i,0.33827821036445266+0.7432077127491233i
1+0i,0.7926682104108177+0.19319419282550776i
1+0i,0.6412053985260786-0.5033477885359504i
1+0i,0.0005481212806593416-0.8144685223231727i
1+0i,-0.6394233109081924-0.5033413062139106i
1+0i,-0.7901964786987509+0.19146538313672581i
1+0i,-0.33752689856054696+0.7389176920952849i
1+0i,0.3720016624539958+0.7213822132358668i
1+0i,0.7963370414451452+0.15322567342242172i
1+0i,0.6120674181692576-0.5309020767857044i
1+0i,-0.03908707621951129-0.8085839411742031i
1+0i,-0.6592657904247035-0.4685682085971232i
1+0i,-0.7751241905867216+0.22851983300953413i
1+0i,-0.2991102264269472+0.7499484643481691i
1+0i,0.40438188559669075+0.6980080606445289i
1+0i,0.7979599084863079+0.11335706267169227i
1+0i,0.5817453637905946-0.5567868513238985i
1+0i,-0.07814096219555383-0.8007385596568228i
1+0i,-0.6772086099587404-0.4330419151563721i
1+0i,-0.7582876956841104+0.2645462098086119i
1+0i,-0.2604127749592663+0.7589583784356729i
1+0i,0.4353472619128495+0.673166169914267i
1+0i,0.7975562271677323+0.07369457741827969i
1+0i,0.5503347045972852-0.5809518404316729i
1+0i,-0.11651511933490105-0.7909764035767637i
1+0i,-0.6932256545012159-0.396866947959327i
1+0i,-0.7397530395668992+0.2994594991275788i
1+0i,-0.22154211638190038+0.7659468969099035i
1+0i,0.464831000165505+0.6469407645682435i
1+0i,0.7951509916256523+0.03434268084855224i
1+0i,0.5179329722702409-0.6033522398398394i
1+0i,-0.15411415644259993-0.7793464928558734i
1+0i,-0.7072966019781308-0.3601485306823118i
1+0i,-0.7195903928168549+0.33317880802046823i
1+0i,-0.18260512727912787+0.7709192676440028i
1+0i,0.4927712864854965+0.6194190899502282i
1+0i,0.7907746419827426-0.0045962128867372i
1+0i,0.4846394469832619-0.6239487907100536i
1+0i,-0.1908459634070894-0.7659026427499848i
1+0i,-0.7194069242041257-0.3229922655347487i
1+0i,-0.6978737975814415+0.3656275650109012i
1+0i,-0.14370767502078013+0.7738864479143763i
1+0i,0.5191114180780397+0.5906911198447455i
1+0i,0.7844629161342096-0.04302202474696637i
1+0i,0.4505548410571921-0.6427078395356501i
1+0i,-0.22662195340684158-0.7507032520576508i
1+0i,-0.7295478697381652-0.285503812194579i
1+0i,-0.6746809045548442+0.3967337046299305i
1+0i,-0.1049543104468853+0.7748650114099824i
1+0i,0.5437999196443205+0.5608492574907841i
1+0i,0.776256686466325-0.08083728674140217i
1+0i,0.4157809812919959-0.659601379944446i
1+0i,-0.26135729170093436-0.7338110791289292i
1+0i,-0.7377164288727254-0.24778856977014843i
1+0i,-0.6500927013212978+0.42642983603827656i
1+0i,-0.0664479677409806+0.7738770386349548i
1+0i,0.5667906423115989+0.5299880320076155i
1+0i,0.7662017821810154-0.11794740694378736i
1+0i,0.3804204910136224-0.6746070764458899i
1+0i,-0.2949711103975875-0.7152930065157481i
1+0i,-0.7439152810445917-0.20995136278393978i
1+0i,-0.6241932330211398+0.4546533953459334i
1+0i,-0.028289672388558937+0.7709499912211132i
1+0i,0.588042844925273+0.4982037912562066i
1+0i,0.7543487979410501-0.1542609228355215i
1+0i,0.3445764728630194-0.6877082702243313i
1+0i,-0.3273867086472725-0.6952197951344734i
1+0i,-0.7481527250107097-0.17209613215011355i
1+0i,-0.5970693163156107+0.48134678129986486i
1+0i,0.009421741918625604+0.7661165707149324i
1+0i,0.6075212576162132+0.46559439216113524i
1+0i,0.7407528895882637-0.18968974227729063i
1+0i,0.30835219334181574-0.6988939671384786i
1+0i,-0.35853173776077457-0.6736658288371713i
1+0i,-0.7504425921860322-0.13432563209146317i
1+0i,-0.5688102476387795+0.5064574740689355i
1+0i,0.046589906610014054+0.7594145624491518i
1+0i,0.6251961276161359+0.4322588895159176i
1+0i,0.7254735577224594-0.22414937145711578i
1+0i,0.27185077011300707-0.7081588081443378i
1+0i,-0.3883383708075147-0.650708850310568i
1+0i,-0.7508041435918344-0.09674113391211409i
1+0i,-0.5395075067336207+0.5299381369137972i
1+0i,0.08312118101380156+0.7508866651521728i
1+0i,0.6410432473526695+0.39829722428910186i
1+0i,0.7085744199604795-0.25755912921239904i
1+0i,0.23517486303562968-0.7155030224146686i
1+0i,-0.41674345630527326-0.626429689240897i
1+0i,-0.7492619509124853-0.059442137510164694i
1+0i,-0.5092544564746116+0.5517467005881056i
1+0i,0.11892490384580529+0.7405803069887421i
1+0i,0.6550439649139536+0.3638099124396849i
1+0i,0.6901229727239055-0.28984234717481855i
1+0i,0.19842636988995432-0.7209323634823059i
1+0i,-0.443688655668925-0.6009119836986062i
1+0i,-0.7458457622059064-0.022526091479848798i
1+0i,-0.4781460399810465+0.5718464303760525i
1+0i,0.1539136327157352+0.7285474487629671i
1+0i,0.6671851770297829+0.3288977352382012i
1+0i,0.6701903434295371-0.32092655523933855i
1+0i,0.1617061277243112-0.7244580287872039i
1+0i,-0.4691205641428263-0.5742418957093173i
1+0i,-0.7405903528578555+0.01391187738442437i
1+0i,-0.44627847602372483+0.590205975729336i
1+0i,0.18800337100371795+0.7148443750493743i
1+0i,0.6774593047723952+0.29366143207449547i
1+0i,0.6488510339792231-0.3507436519121878i
1+0i,0.1251136207264143-0.7260965630577835i
1+0i,-0.49299081499875663-0.5465078219864681i
1+0i,-0.7335353624125274+0.04977922440924498i
1+0i,-0.41374895372275267+0.6067994025244247i
1+0i,0.2211137815082631+0.699531474049398i
1+0i,0.6858642522346925+0.2582013967146651i
1+0i,0.626182656464866-0.37923005914710606i
1+0i,0.08874669549102221-0.7258697460058154i
1+0i,-0.5152561668386714-0.5178001008066555i
1+0i,-0.7247251179518446+0.084986236457335i
1+0i,-0.38065532752600917+0.6216062080179089i
1+0i,0.2531683863167478+0.6826730069993912i
1+0i,0.6924033484970613+0.22261737794814543i
1+0i,0.6022656620203384-0.40632686133431684i
1+0i,0.05270128452229844-0.7238044648605864i
1+0i,-0.5358785738988201-0.48821071601106664i
1+0i,-0.714208444732838+0.11944626974896i
1+0i,-0.34709581344640844+0.6346113186337767i
1+0i,0.28409475240056786+0.6643368679817963i
1+0i,0.6970852732454365+0.18700818554151216i
1+0i,0.5771830637646225-0.431979928162306i
1+0i,0.017071138773173594-0.7199325723123013i
1+0i,-0.5548252393086788-0.4578329991152814i
1+0i,-0.7020384648268602+0.15307597544739893i
1+0i,-0.31316868752152166+0.6458050707714627i
1+0i,0.3138246624893358+0.6445943350135643i
1+0i,0.6999239664532209+0.15147140238830914i
1+0i,0.551020154789862-0.4561400211284738i
1+0i,-0.018052430014185772-0.7142907304765562i
1+0i,-0.5720686513146752-0.42676133050549114i
1+0i,-0.6882723845357717+0.18579551241326095i
1+0i,-0.27897198744149554+0.6551831748771537i
1+0i,0.34229427083158437+0.6235198133051467i
1+0i,0.7009385225874099+0.11610310371437851i
1+0i,0.5238642221539668-0.4787628835307511i
1+0i,-0.05258079644306357-0.7069202415309057i
1+0i,-0.5875866025343826-0.3950908406916186i
1+0i,-0.6729712713887502+0.21752874658092616i
1+0i,-0.24460321827066858+0.6627466630732026i
1+0i,0.3694442435032028+0.6011905715994904i
1+0i,0.7001530698451545+0.08099758416578162i
1+0i,0.4958042578402428-0.49980931382826005i
1+0i,-0.08642825739063961-0.6978668657113065i
1+0i,-0.601362192361851-0.36291711257721776i
1+0i,-0.6561998215488152+0.24820343646017407i
1+0i,-0.2101590631648247+0.6685018206911443i
1+0i,0.39521988297919775+0.5776864725132531i
1+0i,0.6975966349705366+0.04624709357157586i
1+0i,0.4669306676459763-0.5192452223147926i
1+0i,-0.11951225609285343-0.687180627390169i
1+0i,-0.6133838126985958-0.33033588569223415i
1+0i,-0.6380261184806252+0.27775140431685386i
1+0i,-0.1757350999599276+0.6724601021028142i
1+0i,0.4195712367389139+0.5530896978121447i
1+0i,0.6933029942425712+0.0119415821367507i
1+0i,0.4373349789582752-0.5370416711041449i
1+0i,-0.15175359379407283-0.674915609988869i
1+0i,-0.6236451172374271-0.29744276331805297i
1+0i,-0.6185213837503883+0.3061086926382112i
1+0i,-0.1414255244793808+0.6746380312911273i
1+0i,0.4424531897296529+0.5274844695586822i
1+0i,0.6873105112642708-0.02183154421847544i
1+0i,0.4071095483686317-0.5531748974809315i
1+0i,-0.18307662841707786-0.6611297405059624i
1+0i,-0.6321449745776999-0.26433292341462944i
1+0i,-0.5977597208450023+0.33321570554092433i
1+0i,-0.10732288137566615+0.675057087647204i
1+0i,0.4638255405683198+0.5009567680739173i
1+0i,0.6796619622188713-0.05498765769781747i
1+0i,0.3763472700678169-0.5676263207243071i
1+0i,-0.213409459757253-0.6458845644676643i
1+0i,-0.6388874055002426-0.23110083423708572i
1+0i,-0.5758178529106013+0.35901733483280873i
1+0i,-0.07351780328864407+0.6737435775234386i
1+0i,0.48365306141517683+0.4735940476547685i
1+0i,0.6704043492929725-0.08744513101411472i
1+0i,0.3451412859498002-0.5803825325648697i
1+0i,-0.24268410075438177-0.6292450121296783i
1+0i,-0.643881504778514-0.19783997550415525i
1+0i,-0.5527748553207028+0.3834630704925539i
1+0i,-0.04009875906701346+0.6707284921128364i
1+0i,0.5019055415078393+0.44548495098558494i
1+0i,0.6595887029972884-0.11912554773248771i
1+0i,0.31358469833763963-0.5914352714866759i
1+0i,-0.27083663444577655-0.6112791567788024i
1+0i,-0.6471413479487561-0.16464256595315424i
1+0i,-0.5287118839909317+0.40650709538522045i
1+0i,-0.00715181176165014+0.6660473522632828i
1+0i,0.5185578143971165+0.41671902317645615i
1+0i,0.6472698741438709-0.14995390002918318i
1+0i,0.28177028622559663-0.600781381136664i
1+0i,-0.297807356255596-0.5920579659992444i
1+0i,-0.6486858835063505-0.1315992980861768i
1+0i,-0.5037119003611261+0.4281083640847062i
1+0i,0.025239612940178596+0.6597400408712929i
1+0i,0.5335897689789809+0.38738642635170534i
1+0i,0.6335063162640037-0.17985877337085593i
1+0i,0.2497902259104316-0.6084227531527284i
1+0i,-0.32354090132680424-0.5716550467818706i
1+0i,-0.6485388110379743-0.09879908087982417i
1+0i,-0.4778593939662318+0.44823066572764686i
1+0i,0.05699494721217713+0.6518506235331452i
1+0i,0.5469863444687469+0.3575776557000032i
1+0i,0.6183598592734814-0.20877251766718585i
1+0i,0.21773581686080049-0.6143662547690328i
1+0i,-0.34798635665428096-0.5501463853649894i
1+0i,-0.6467284458392458-0.06632879119624738i
1+0i,-0.45124010351506094+0.4668426708760439i
1+0i,0.08803668993341987+0.6424271581620495i
1+0i,0.5587375095141945+0.32738325788260497i
1+0i,0.6018954752114578-0.23663140449869516i
1+0i,0.18569721364724834-0.61862364160269i
1+0i,-0.3710973578296921-0.5276100827025744i
1+0i,-0.643287570605565-0.03427303459681752i
1+0i,-0.42394073739066285+0.48391796241827856i
1+0i,0.11829060333969854+0.6315214943080526i
1+0i,0.5688382256938954+0.2968935526786518i
1+0i,0.5841810368957668-0.26337577007146545i
1+0i,0.15376316472635707-0.6212114560697811i
1+0i,-0.3928321702610197-0.5041260864600201i
1+0i,-0.6382532748192664-0.002713916221236526i
1+0i,-0.39604869447769697+0.49943505058976095i
1+0i,0.14768589698741777+0.6191890629426784i
1+0i,0.5772883956949887+0.26619835872608955i
1+0i,0.5652870703512194-0.28895014360072235i
1+0i,0.1220207588415175-0.6221509119203593i
1+0i,-0.4131537547816176-0.47977592043891176i
1+0i,-0.6316667824894329+0.02826917764513376i
1+0i,-0.3676517862111328+0.5133773722452463i
1+0i,0.17615539858243295+0.6054886574928452i
1+0i,0.5840927965112727+0.23538672419388004i
1+0i,0.5452865018780868-0.31330336087599i
1+0i,0.0905551797694765-0.6214677654218251i
1+0i,-0.43202981761541054-0.45464241233048885i
1+0i,-0.6235732689311029+0.05859978673474831i
1+0i,-0.3388379607265784+0.5257332745645513i
1+0i,0.20363571127389382+0.5904822069282831i
1+0i,0.5892609980473286+0.20454666319586637i
1+0i,0.5242544006357466-0.3363886628114449i
1+0i,0.05944947010657692-0.6191921737575325i
1+0i,-0.44943284471606126-0.4288094206929315i
1+0i,-0.6140216672987097+0.08820457215418295i
1+0i,-0.30969502997591714+0.5364959834219785i
1+0i,0.2300673570616354+0.5742345417235216i
1+0i,0.5928072675575418+0.17376489872888998i
1+0i,0.5022677176212814-0.3581637788360816i
1+0i,0.028784304751488413-0.6153585412426961i
1+0i,-0.4653401205484903-0.40236156204012713i
1+0i,-0.6030644656138096+0.11701349943974816i
1+0i,-0.28031040065267465+0.5456635566970017i
1+0i,0.2553949060146694+0.556813153529516i
1+0i,0.5947504603900557+0.14312661288786532i
1+0i,0.47940502192463536-0.3785909950291376i
1+0i,-0.0013622252976195903-0.610005353992475i
1+0i,-0.4797337314309009-0.37538393891923943i
1+0i,-0.590757495049757+0.14496000886430793i
1+0i,-0.2507708097496653+0.5532388228495715i
1+0i,0.27956709104778665+0.5382879494009991i
1+0i,0.5951138975449727+0.1127152050784527i
1+0i,0.45574623514100165-0.3976372069568556i
1+0i,-0.03091481825390359-0.6031750037075826i
1+0i,-0.49260055360426325-0.3479618698414548i
1+0i,-0.5771597102558679+0.17198117259359183i
1+0i,-0.22116206554730322+0.5592293051275595i
1+0i,0.3025369080529817+0.5187310014339632i
1+0i,0.5939252305931295+0.08261205891398254i
1+0i,0.4313723648171921-0.41527395721675187i
1+0i,-0.05980115542487294-0.5949136012705248i
1+0i,-0.5039322262438698-0.32018062191456176i
1+0i,-0.5623329625206818+0.19801783833745207i
1+0i,-0.19156879480438332+0.5636471318164604i
1+0i,0.32426170123219794+0.49821629267291895i
1+0i,0.5912162945367466+0.05289631844741571i
1+0i,0.40636523780209716-0.4314774577451135i
1+0i,-0.08795208317494274-0.5852707808710029i
1+0i,-0.5137251096740693-0.2921251470077634i
1+0i,-0.5463417665881962+0.22301475918928843i
1+0i,-0.16207419689441066+0.5665089329820512i
1+0i,0.3447032335275801+0.4768194601501288i
1+0i,0.587022949225833+0.023644674351599726i
1+0i,0.38080723436194186-0.4462285969922567i
1+0i,-0.1153017825189277-0.5742994954016114i
1+0i,-0.5219802290923219-0.2638798222584609i
1+0i,-0.5292530619525111+0.2469207093950682i
1+0i,-0.13275980559972644+0.5678357241955715i
1+0i,0.36382774209494506+0.4546175359186699i
1+0i,0.5813849099744555-0.005068839378042839i
1+0i,0.3547810239089325-0.45951293211793875i
1+0i,-0.1417879259430542-0.5620558038850192i
1+0i,-0.528703204152248-0.2355281957075171i
1+0i,-0.5111359694648919+0.26968858584186883i
1+0i,-0.10370525924291493+0.5676527777676312i
1+0i,0.38160597881521596+0.4316886869380528i
1+0i,0.5743455680488434-0.03317303766475585i
1+0i,0.3283693031772203-0.47132066640619297i
1+0i,-0.16735182109593494-0.5485986517111948i
1+0i,-0.5339041647973587-0.2071527378242573i
1+0i,-0.49206154409330705+0.2912754951044942i
1+0i,-0.07498807980039769+0.5659894820517536i
1+0i,0.39801323588715554+0.40811195466531536i
1+0i,0.5659518017246313-0.06059976504374728i
1+0i,0.3016545376628636-0.4816466121445261i
1+0i,-0.19193854103848015-0.5339896444777863i
1+0i,-0.5375976537772473-0.17883459965476398i
1+0i,-0.4721025246774292+0.31164282593730247i
1+0i,-0.04668346160679787+0.562879189410779i
1+0i,0.41302935659253637+0.38396699519588184i
1+0i,0.5562537786332463-0.08728406435857955i
1+0i,0.27471870712481056-0.49049013925675494i
1+0i,-0.21549704078874454-0.5182928162387186i
1+0i,-0.5398025163164168-0.15065337829750863i
1+0i,-0.45133308152260165+0.3307563071467994i
1+0i,-0.018864070220854096+0.558359053469564i
1+0i,0.42663873137197217+0.35933382078740744i
1+0i,0.5453047501378187-0.113164333055542i
1+0i,0.2476430559219283-0.49785511002175326i
1+0i,-0.2379802599450003-0.5015743929752393i
1+0i,-0.5405417774423031-0.12268689037875063i
1+0i,-0.42982856267380726+0.3485860508286005i
1+0i,0.008400148015592745+0.552469856305142i
1+0i,0.4388302793956023+0.3342925435860414i
1+0i,0.5331608384964244-0.1381824667155285i
1+0i,0.22050784893681866-0.5037498002516853i
1+0i,-0.25934521121787063-0.48390255211005184i
1+0i,-0.5398425075133938-0.09501095416678615i
1+0i,-0.4076652397056617+0.3651065809999793i
1+0i,0.03504214523455007+0.5452558262508996i
1+0i,0.44959741585781976+0.30892312235833447i
1+0i,0.519880817585565-0.16228398950830025i
1+0i,0.19339213381077194-0.5081868073430711i
1+0i,-0.27955305474980563-0.4653471788889285i
1+0i,-0.5377356765205713-0.06769918092908617i
1+0i,-0.38492005385678046+0.380296847706123i
1+0i,0.060997939665402595+0.536764447014233i
1+0i,0.45893800526889367+0.2833051130134304i
1+0i,0.5055258879690288-0.1854181712998368i
1+0i,0.16637351018576393-0.5111829456519509i
1+0i,-0.29856915814759083-0.4459796204552483i
1+0i,-0.5342559977648397-0.040822776099754626i
1+0i,-0.3616703633265883+0.3941402267244413i
1+0i,0.08620677121831569+0.5270462588275656i
1+0i,0.4668543010586794+0.25751742367922525i
1+0i,0.49015944710694404-0.2075381311896533i
1+0i,0.13952790661904615-0.5127591296804834i
1+0i,-0.3163631422006599-0.42587243844123374i
1+0i,-0.5294417615423608-0.014450350786726573i
1+0i,-0.33799369253988865+0.40662450503650605i
1+0i,0.11061124466423072+0.516154652370474i
1+0i,0.4733528718484763+0.2316380750730418i
1+0i,0.4738468555068625-0.22860092730138087i
1+0i,0.11292936580370502-0.5129402455964458i
1+0i,-0.332908912304602-0.4050991608954645i
1+0i,-0.5233346594931295+0.011352255891191126i
1+0i,-0.3139674841692701+0.417741852281444i
1+0i,0.1341574600923894+0.5041456562159732i
1+0i,0.4784445147863478+0.20574396688208182i
1+0i,0.45665519962299966-0.24856763269634863i
1+0i,0.0866498386947219-0.5117550116391244i
1+0i,-0.3481846756553898-0.38373403435937437i
1+0i,-0.5159796002926895+0.036522143187741746i
1+0i,-0.28966885468787656+0.42748877844765726i
1+0i,0.15679513037095072+0.4910777185667842i
1+0i,0.48214415637879804+0.17991065084166505i
1+0i,0.43865305231153573-0.267403397326281i
1+0i,0.06075898810469996-0.5092358279951055i
1+0i,-0.3621729443251656-0.3618517768960925i
1+0i,-0.5074245173868965+0.06099950342489385i
1+0i,-0.26517435420516505+0.4358660781015247i
1+0i,0.1784776853814028+0.47701148405747257i
1+0i,0.48447074128747625+0.15421211117000475i
1+0i,0.41991023164894237-0.2850774959873574i
1+0i,0.035324002296544255-0.5054186167551371i
1+0i,-0.37486052437499795-0.3395273328631419i
1+0i,-0.497720169487884+0.08472776463483526i
1+0i,-0.24055973131623834+0.442878761492085i
1+0i,0.1991623628427998+0.46200956640595947i
1+0i,0.48544710959346554+0.12872055298733648i
1+0i,0.40049755891686845-0.3015633622836337i
1+0i,0.010409419062332587-0.5003426525888047i
1+0i,-0.38623849120354803-0.3168356302062982i
1+0i,-0.48691993456508165+0.10765372082538424i
1+0i,-0.2158997036711623+0.44853597290955927i
1+0i,0.2188102855872896+0.44613631770284495i
1+0i,0.4850998630636624+0.10350619931451199i
1+0i,0.38048661655109434-0.31683860865309776i
1+0i,-0.013923039261708833-0.494050384796894i
1+0i,-0.39630215137302444-0.29385134103528876i
1+0i,-0.4750795980782207+0.12972764958950844i
1+0i,-0.1912677349444989+0.45285089671278594i
1+0i,0.23738652519380152+0.42945759512932336i
1+0i,0.48345922098357874+0.07863709721195046i
1+0i,0.35994950684359484-0.3308850325541942i
1+0i,-0.0376146194344788-0.4865872514222082i
1+0i,-0.40505099119507987-0.2706486462232247i
1+0i,-0.4622571362099644+0.15090341682369346i
1+0i,-0.16673581885725186+0.45584065147617137i
1+0i,0.25486015193201716+0.4120405258943898i
1+0i,0.4805588661487233+0.05417893358417916i
1+0i,0.33895861217583517-0.34368860895449915i
1+0i,-0.060609679235074834-0.4780014861179823i
1+0i,-0.41248861239914797-0.2473010047506163i
1+0i,-0.4485124948638277+0.17113856836420083i
1+0i,-0.14237427087352061+0.4575261727404189i
1+0i,0.2712042710136153+0.39395327117924483i
1+0i,0.4764357816322498+0.03019486113822653i
1+0i,0.31758635754812664-0.3552394693061235i
1+0i,-0.08285581734713793-0.4683439184891043i
1+0i,-0.4186226552442153-0.22388092849176627i
1+0i,-0.43390736519863904+0.19039440839473448i
1+0i,-0.11825152816266257+0.4579320848831348i
1+0i,0.2863960451922576+0.37526478987170725i
1+0i,0.4711300789699099+0.006745334945996009i
1+0i,0.29590497615427014-0.36553186723430703i
1+0i,-0.10430399091849828-0.4576677686349089i
1+0i,-0.4234647094718997-0.20045976311622446i
1+0i,-0.41850495647384145+0.20863606452353675i
1+0i,-0.09443395838463804+0.45708656265522163i
1+0i,0.30041670379764324+0.35604460286577144i
1+0i,0.4646848184244216-0.016112039978465414i
1+0i,0.2739862787329177-0.3745641312063824i
1+0i,-0.12490862055515065-0.4460284366333722i
1+0i,-0.4270302135339765-0.17710747575103009i
1+0i,-0.4023697669804536+0.22583253947226375i
1+0i,-0.07098567782167983+0.45502118295673377i
1+0i,0.31325153833209946+0.33636255869140963i
1+0i,0.4571458220100823-0.038322649715971956i
1+0i,0.2519014274070533-0.3823386044877476i
1+0i,-0.1446276825519433-0.4334832877152302i
1+0i,-0.42933834256100656-0.15389245002070384i
1+0i,-0.3855673538305829+0.24195674936310443i
1+0i,-0.04796837934357753+0.45177076745157063i
1+0i,0.3248898848004792+0.31628860122742325i
1+0i,0.44856147997480766-0.05983500076352585i
1+0i,0.22972071470099723-0.3888615727295894i
1+0i,-0.16342278820590342-0.4200914338826415i
1+0i,-0.430411885570429-0.13088128905152988i
1+0i,-0.3681641023740071+0.2569855486342729i
1+0i,-0.02544117065679269+0.44737321664387103i
1+0i,0.3353250929854656+0.2958925402354179i
1+0i,0.43898255145079523-0.08060083735157364i
1+0i,0.20751334840027175-0.39414317956967176i
1+0i,-0.18125925010173094-0.4059135127307232i
1+0i,-0.4302771124422384-0.10813862699461647i
1+0i,-0.3502269960035203+0.2708997416572147i
1+0i,-0.003460423249495137+0.4418693360602318i
1+0i,0.34455448292064034+0.27524382543618986i
1+0i,0.4284619599965523-0.10057524651080571i
1+0i,0.1853472428937676-0.39819733066258056i
1+0i,-0.1981061353025111-0.39101146423152844i
1+0i,-0.42896363121822656-0.08572694958881032i
1+0i,-0.3318233871016088+0.28368408117131694i
1+0i,0.017920367594446176+0.4353026552009286i
1+0i,0.3525792888527322+0.25441132483079093i
1+0i,0.4170545847621992-0.11971675068455921i
1+0i,0.1632888176099407-0.40104158658913025i
1+0i,-0.21393630542202463-0.37544830623879555i
1+0i,-0.42650423630649886-0.06370642424969558i
1+0i,-0.31302076986953564+0.2953272536936953i
1+0i,0.038650711379384556+0.42771923994001954i
1+0i,0.3594045910221712+0.2334631079475063i
1+0i,0.4048170480166916-0.13798738772550737i
1+0i,0.14140280312939535-0.40269704512626586i
1+0i,-0.2287264435979855-0.35928790946823086i
1+0i,-0.422934748196648-0.04213474013492201i
1+0i,-0.293886555766214+0.30582185210241497i
1+0i,0.05868323928714249+0.4191674990685902i
1+0i,0.3650392356274468+0.2124662346729536i
1+0i,0.39180749977992296-0.1553527781581227i
1+0i,0.11975205552521764-0.40318821338857513i
1+0i,-0.24245706842807518-0.34259477270206407i
1+0i,-0.4182938453125122-0.02106695859897542i
1+0i,-0.27448785226829386+0.3151643356313176i
1+0i,0.07797380912012125+0.40969798568745935i
1+0i,0.36949574337357677+0.19148655030062273i
1+0i,0.37808540030453947-0.17178217963110382i
1+0i,0.09839737945002787-0.40254287038033426i
1+0i,-0.2551125349725186-0.3254337989583095i
1+0i,-0.41262288864869423-0.0005553744124271575i
1+0i,-0.25489124564490206+0.32335497755331205i
1+0i,0.09648159808832589+0.3993631941653197i
1+0i,0.3727902070381979+0.1705884874034751i
1+0i,0.36371130115185957-0.1872485285265582i
1+0i,0.07739736045489823-0.4007919205229465i
1+0i,-0.26668102296814467-0.3078700733545638i
1+0i,-0.40596573985413553+0.019350611918220628i
1+0i,-0.23516258842035986+0.3303978008663815i
1+0i,0.11416918327219083+0.38821735338559765i
1+0i,0.3749421785203481+0.14983487510886007i
1+0i,0.34874662560336667-0.2017284687350303i
1+0i,0.0568082069902901-0.3979692387464198i
1+0i,-0.2771545124392199-0.28996864338333883i
1+0i,-0.3983685734407953+0.038604610433627375i
1+0i,-0.2153667921761691+0.3363005023326773i
1+0i,0.13100260963504293+0.37631621701021767i
1+0i,0.37597454586674217+0.12928675632400932i
1+0i,0.33325344914407773-0.21520236764733186i
1+0i,0.036683602502985996-0.3941115077553041i
1+0i,-0.2865287469297484-0.2717943023008919i
1+0i,-0.3898796838080023+0.05716334635141204i
1+0i,-0.1955676263196227+0.3410743652556858i
1+0i,0.14695144550105876+0.363716851491029i
1+0i,0.375913400798267+0.10900321342896425i
1+0i,0.317294280746547-0.22765431945548464i
1+0i,0.01707456800587644-0.3892580480990565i
1+0i,-0.29480318462019195-0.25341137631442134i
1+0i,-0.380549287783192+0.07498675282708459i
1+0i,-0.17582752342068547+0.344734161413544i
1+0i,0.16198882545641785+0.35047742255983044i
1+0i,0.3747878972853922+0.08904120292093257i
1+0i,0.3009318456745193-0.23907213589576182i
1+0i,-0.00197066454054734-0.38345064169426957i
1+0i,-0.30198093762877826-0.23488351623333187i
1+0i,-0.3704293233876085+0.09203805167159987i
1+0i,-0.15620739169137327+0.34729804259807484i
1+0i,0.17609148067306601+0.3366569809257776i
1+0i,0.3726301017452249+0.06945539946001796i
1+0i,0.2842288705132227-0.24944732460670954i
1+0i,-0.020406767734965754-0.3767333494613138i
1+0i,-0.3080686998333477-0.21627349422913494i
1+0i,-0.35957324554104686+0.10828382189221292i
1+0i,-0.1367664351528189+0.3487874222388442i
1+0i,0.18923975669575765+0.3223152479045055i
1+0i,0.3694748354548803+0.05029804973101429i
1+0i,0.2672478711191614-0.2587750553140434i
1+0i,-0.038191422869569586-0.36915232375093765i
1+0i,-0.31307666358420794-0.1976430063255767i
1+0i,-0.34803581942287737+0.12369405596460899i
1+0i,-0.11756198200475176+0.3492268476195191i
1+0i,0.2014176187738663+0.30751240169656174i
1+0i,0.36535950979571724+0.031618836499741815i
1+0i,0.25005094416602514-0.267054114092284i
1+0i,-0.05528541247120296-0.3607556162469702i
1+0i,-0.3170184257114256-0.17905248121576225i
1+0i,-0.33587291220746796+0.1382422037855402i
1+0i,-0.09864932168014817+0.34864386321991725i
1+0i,0.21261264485968095+0.2923088650237311i
1+0i,0.3603239549607342+0.013464753205203017i
1+0i,0.2326995629450306-0.27428684598987335i
1+0i,-0.07165270106880546-0.3515929820396768i
1+0i,-0.31991088326140554-0.16056089597655193i
1+0i,-0.3231412838906244+0.151905204296236i
1+0i,-0.08008155103468886+0.34706886574129814i
1+0i,0.22281600643435986+0.2767650948206934i
1+0i,0.35441024277297295-0.00412001060908837i
1+0i,0.21525437805779216-0.2804790863401797i
1+0i,-0.08726050404716487-0.34171568057037416i
1+0i,-0.32177411942740186-0.14222559922239075i
1+0i,-0.3098983779199509+0.16466350480760977i
1+0i,-0.06190943008624569+0.34453495139465107i
1+0i,0.23202243736138145+0.26094137466608563i
1+0i,0.3476625042761341-0.02109417275986397i
1+0i,0.1977750236176764-0.28564008111506944i
1+0i,-0.10207934448762049-0.3311762741516922i
1+0i,-0.3226312801665978-0.12410214221110662i
1+0i,-0.2962021123360197+0.17650106809861144i
1+0i,-0.044181247684258323+0.3410777560518871i
1+0i,0.24023019100499765+0.24489761062165463i
1+0i,0.3401267427697345-0.037419450559350254i
1+0i,0.18031992955168802-0.2897823967106683i
1+0i,-0.11608309793699692-0.3200284247693238i
1+0i,-0.3225084420226384-0.10624411838315714i
1+0i,-0.28211067212297763+0.18740536739883723i
1+0i,-0.02694269745246272+0.3367352888778683i
1+0i,0.24744098588784258+0.22869313113070183i
1+0i,0.331850642969998-0.05306064143499413i
1+0i,0.16294614056926998-0.29292181958629177i
1+0i,-0.1292490250865323-0.30832668987032674i
1+0i,-0.32143447169684697-0.08870301178349028i
1+0i,-0.26768230345685445+0.19736736940560556i
1+0i,-0.010236764311299024+0.33154776007717923i
1+0i,0.2536599401972833+0.2123864916076499i
1+0i,0.32288337698430447-0.06798569188749483i
1+0i,0.14570914233715807-0.2950772462073145i
1+0i,-0.14155779238282082-0.29612631783996024i
1+0i,-0.3194408779337552-0.0715280547816112i
1+0i,-0.2529751105272305+0.2063815055240327i
1+0i,0.005896378151580256+0.32555740340327105i
1+0i,0.2588954954843038+0.1960352843292386i
1+0i,0.31327540779131324-0.08216575468098418i
1+0i,0.12866269537061448-0.29627056377083866i
1+0i,-0.15299348063263368-0.2834830438637124i
1+0i,-0.31656165630699906-0.05476609547084657i
1+0i,-0.23804685559331404+0.21444563155603408i
1+0i,0.021419459232700833+0.3188082940891924i
1+0i,0.26315932993151603+0.1796959542147597i
1+0i,0.303078290921013-0.095575234199282i
1+0i,0.11185867712115213-0.29652652221938364i
1+0i,-0.1635435817028644-0.2704528868636806i
1+0i,-0.3128331275099884-0.038461475092194136i
1+0i,-0.22295476291881192+0.22156097610059372i
1+0i,0.03629819139499089+0.31134616286846967i
1+0i,0.26646626159825715+0.16342362105792568i
1+0i,0.29234447502871835-0.10819181994210629i
1+0i,0.09534693270930006-0.29587259807231936i
1+0i,-0.17319898345557092-0.25709194818875075i
1+0i,-0.3082937697720497-0.022655915791688963i
1+0i,-0.2077553272113353+0.22773207796294287i
1+0i,0.05050133912900412+0.30321820676181577i
1+0i,0.26883414208052814+0.14727190874646284i
1+0i,0.2811271020546112-0.11999650817489811i
1+0i,0.07917513471818895-0.29433885062738896i
1+0i,-0.18195394309611435-0.2434562127262127i
1+0i,-0.3029840460348784-0.007388418983034203i
1+0i,-0.19250412717158158+0.23296671290431592i
1+0i,0.06400077628074906+0.2944728973102202i
1+0i,0.27028374105170727+0.13129278197753586i
1+0i,0.2694798076557849-0.13097361178536898i
1+0i,0.06338865242982937-0.29195777110533455i
1+0i,-0.18980604914954652-0.22960135308853472i
1+0i,-0.29694622653613606+0.007304825450551292i
1+0i,-0.17725564473519784+0.23727581009675455i
1+0i,0.07677153177328508+0.28515978693763655i
1+0i,0.2708386221764507+0.11553639094763257i
1+0i,0.2574565225908877-0.14111075843885298i
1+0i,0.04803043085109479-0.2887641253293166i
1+0i,-0.1967561723165931-0.2155825375130973i
1+0i,-0.2902242074568162+0.021390518919626796i
1+0i,-0.16206309056613208+0.24067335867871734i
1+0i,0.08879182368872192+0.27532931412682365i
1+0i,0.27052501091481546+0.100050924464703i
1+0i,0.2451112757284349-0.1503988771629649i
1+0i,0.03314087984060983-0.2847947905473939i
1+0i,-0.20280840549572746-0.20145424209479568i
1+0i,-0.28286332629662575+0.034838322699988475i
1+0i,-0.14697823633459428+0.24317630483712785i
1+0i,0.1000430817166132+0.26503260809014295i
1+0i,0.2693716547565445+0.08488247189830825i
1+0i,0.23249799933874513-0.15883217352983153i
1+0i,0.01875777361121056-0.28008858702089096i
1+0i,-0.207969993291799-0.18727006795161202i
1+0i,-0.2749101746469939+0.047620915194245765i
1+0i,-0.13205125428540773+0.24480443986970632i
1+0i,0.11050995801377526+0.2543212936129954i
1+0i,0.26740967644629104+0.07007489435030248i
1+0i,0.2196703373162048-0.1664080936410401i
1+0i,0.004916160845443426-0.27468610501382534i
1+0i,-0.2122512513643351-0.17308256390165785i
1+0i,-0.2664124090344877+0.059714037804505724i
1+0i,-0.11733056457381749+0.2455802797080302i
1+0i,0.1201803265592091+0.24324729674141748i
1+0i,0.2646724207795509+0.0556697053943459i
1+0i,0.20668145696335466-0.17312727715653012i
1+0i,-0.008351714376179147-0.2686295278288273i
1+0i,-0.2156654760000238-0.15894305520680815i
1+0i,-0.25741856050837014+0.07109652937622749i
1+0i,-0.10286269081564406+0.24552893640659584i
1+0i,0.12904527112593955+0.2318626519769281i
1+0i,0.261195295565974+0.041705961697381215i
1+0i,0.19358386495104785-0.1789934996436056i
1+0i,-0.021016480672588128-0.26196245154301395i
1+0i,-0.21822884432368148-0.14490147891300215i
1+0i,-0.24797784364474124+0.0817503492122375i
1+0i,-0.08869212426728605+0.2446779821261686i
1+0i,0.13709906202905167+0.22021931163123817i
1+0i,0.25701560737159057+0.028220163800245737i
1+0i,0.1804292280498247-0.18401360455614554i
1+0i,-0.033051696362090904-0.25472970210315404i
1+0i,-0.21996030559038382-0.13100622629068054i
1+0i,-0.2381399656362529+0.09166058869458632i
1+0i,-0.07486119701848494+0.24305730616085763i
1+0i,0.14433912184594885+0.2083689579808347i
1+0i,0.25217239266424324+0.015246167297939761i
1+0i,0.16726819920669345-0.18819742518673063i
1+0i,-0.044433895280300645-0.2469771504430972i
1+0i,-0.22088146402809322-0.11730399285069527i
1+0i,-0.22795493613072687+0.10081547159028365i
1+0i,-0.061409964547128895+0.2406989655775482i
1+0i,0.15076598034069552+0.1963628188468478i
1+0i,0.24670624499714766+0.0028151046228534135i
1+0i,0.154150249518769-0.19155769696571068i
1+0i,-0.055142621370180694-0.23875152628790264i
1+0i,-0.22101645372511475-0.1038396363815475i
1+0i,-0.21747287847421642+0.10920634315477801i
1+0i,-0.048376097950789045+0.23763703005355938i
1+0i,0.1563832188592145+0.18425148720902998i
1+0i,0.2406591388739763-0.009044682403420143i
1+0i,0.14112350663083556-0.1941099605111581i
1+0i,-0.06516045203690174-0.23010023130833743i
1+0i,-0.2203918060799106-0.09065604342295529i
1+0i,-0.2067438430041076+0.11682764818433318i
1+0i,-0.035794786134235757+0.23390742151354513i
1+0i,0.16119740449587247+0.17208474544413901i
1+0i,0.23407425094512918-0.02030769912205239i
1+0i,0.1282346000578678-0.19587245586202018i
1+0i,-0.0744730102985788-0.22107115228647525i
1+0i,-0.21903631035215898-0.07779400455880256i
1+0i,-0.19581762302589256+0.12367689820496634i
1+0i,-0.02369864819606793+0.22954774917978943i
1+0i,0.16521801436461364+0.15991139475872207i
1+0i,0.2269957791890031-0.030951343603284692i
1+0i,0.11552851390606164-0.19686600835359408i
1+0i,-0.0830689658020128-0.2117124749480138i
1+0i,-0.21698086787339804-0.0652920988793905i
1+0i,-0.1847435740931832+0.12975462802134535i
1+0i,-0.012117656220803283+0.2245971406610167i
1+0i,0.16845735033911421+0.14777909036410605i
1+0i,0.2194687607339392-0.040955941175941604i
1+0i,0.10304844743694216-0.1971139066195641i
1+0i,-0.09094002481017668-0.20207249910964567i
1+0i,-0.2142583404930703-0.053186587928857214i
1+0i,-0.1735704371945224+0.1350643418838118i
1+0i,-0.0010790686455709048+0.2190960697136996i
1+0i,0.17093044465635499+0.13573418291762643i
1+0i,0.21153888897626977-0.050304767907237716i
1+0i,0.09083568388890004-0.19664177322821053i
1+0i,-0.0980809093052348-0.19219945578045777i
1+0i,-0.21090339385127235-0.04151131941868854i
1+0i,-0.16234616643264227+0.139612449565413i
1+0i,0.00939262566706079+0.21308618131654614i
1+0i,0.17265495680647847+0.1238215667286408i
1+0i,0.20325233064742956-0.05898406305807042i
1+0i,0.07892946793899858-0.1954774284819618i
1+0i,-0.1044893253872586-0.1821413268448364i
1+0i,-0.20695233608291827-0.03029764095256665i
1+0i,-0.15111776176196898+0.14340819267341318i
1+0i,0.019275752556431477+0.20661011470334367i
1+0i,0.1736510621586811+0.11208453520091453i
1+0i,0.19465554347843814-0.06698303057678145i
1+0i,0.06736689215531383-0.1936507479291297i
1+0i,-0.1101659211843937-0.1719456679408776i
1+0i,-0.20244295256936023-0.01957432397145067i
1+0i,-0.13993110732863043+0.14646356155105375i
1+0i,0.028551486835553135+0.19971132500169897i
1+0i,0.1739413327981448+0.10056464395453893i
1+0i,0.18579509510329953-0.07429382973176177i
1+0i,0.0561827927564594-0.19119351415439448i
1+0i,-0.11511423452489976-0.1616594351327835i
1+0i,-0.19741433736270414-0.009367498090974521i
1+0i,-0.12883081593388251+0.1487932031553112i
1+0i,0.03720387568952167+0.19243390412533629i
1+0i,0.1735506110725442+0.08930158204077433i
1+0i,0.17671748383395122-0.0809115550201598i
1+0i,0.045409654960452635-0.18813926343036666i
1+0i,-0.11934063065516348-0.15132881595830405i
1+0i,-0.19190672191511626+0.0002994040340172392i
1+0i,-0.11786008011694826+0.15041432032491808i
1+0i,0.04521985122058912+0.18482240156560129i
1+0i,0.17250587636838763+0.07833305163220906i
1+0i,0.16746896192841138-0.08683420552616039i
1+0i,0.03507752816980124-0.1845231278262197i
1+0i,-0.12285423032030807-0.14099906541298496i
1+0i,-0.1859613017502986+0.009405691220464599i
1+0i,-0.10706053032675128+0.15134656287988082i
1+0i,0.05258923219751454+0.17692164572361344i
1+0i,0.17083610565733998+0.06769465653847212i
1+0i,0.15809536196073298-0.09206264393778565i
1+0i,0.025213951203739253-0.1803816733810551i
1+0i,-0.125666828555365-0.13071434741186358i
1+0i,-0.17962006171703757+0.01793344758395877i
1+0i,-0.09647210062408759+0.1516119110191271i
1+0i,0.0593047151039973+0.16877656641816038i
1+0i,0.16857212837061658+0.057419799864544985i
1+0i,0.1486419268863503-0.09660054546575839i
1+0i,0.015843887752056612-0.17575273495914184i
1+0i,-0.12779280456494535-0.1205175822464223i
1+0i,-0.17292560046523697+0.025867555659504257i
1+0i,-0.08613290232643897+0.1512345515065365i
1+0i,0.06536185461770191+0.1604320191959587i
1+0i,0.16574647617551735+0.04753959109462967i
1+0i,0.13915314437941154-0.10045433694157309i
1+0i,0.00698967218804894-0.17067524841155152i
1+0i,-0.12924902309793374-0.11045030053010918i
1+0i,-0.16592095478322655+0.033195708831790606i
1+0i,-0.07607910597704995+0.1502407471575428i
1+0i,0.07075903368748995+0.15193261206034214i
1+0i,0.16239322824213495+0.0380827628495987i
1+0i,0.12967258599984885-0.10363312640444321i
1+0i,-0.0013290341591066374-0.1651890806739513i
1+0i,-0.13005472775079258-0.10055250409967814i
1+0i,-0.15864942443131216+0.03990841312796191i
1+0i,-0.06634483198813895+0.14865870015852498i
1+0i,0.07549742341183283+0.1433225352218205i
1+0i,0.15854785260014292+0.02907559753045136i
1+0i,0.12024275172723091-0.10614862351811039i
1+0i,-0.009095276209641179-0.15933485843332856i
1+0i,-0.1302314266585192-0.09086253431203706i
1+0i,-0.15115439810055722+0.04599897846289713i
1+0i,-0.056962050275284504+0.1465184097693512i
1+0i,0.07958093295589086+0.13464539445932933i
1+0i,0.15424704419536817+0.020541864024028092i
1+0i,0.11090492037603687-0.10801505118851171i
1+0i,-0.01629482779068566-0.1531537959973141i
1+0i,-0.1298027710560963-0.08141694814738587i
1+0i,-0.143479181117722+0.05146349946357989i
1+0i,-0.0479604891662901+0.1438515249756414i
1+0i,0.08301614977832245+0.12594404866441733i
1+0i,0.14952856026351016+0.012502764610587976i
1+0i,0.1016990063828768-0.10924904878193528i
1+0i,-0.022916203757908024-0.14668752299845625i
1+0i,-0.12879442721530335-0.07225040249918142i
1+0i,-0.1356668255070615+0.0563008260351084i
1+0i,-0.039367553833214365+0.14069119267146724i
1+0i,0.08581227047136011+0.11726045212212517i
1+0i,0.14443105364385936+0.004976892175905412i
1+0i,0.0926634234304907-0.10986956737040435i
1+0i,-0.02895066163040317-0.1399779125623089i
1+0i,-0.1272339422819494-0.06339554700005758i
1+0i,-0.12775996300745482+0.06051252386617535i
1+0i,-0.03120825446096266+0.1370719019653402i
1+0i,0.08798102254900958+0.10863550206202285i
1+0i,0.13899390465921518-0.0020198022066321986i
1+0i,0.08383495534618751-0.10989775745660159i
1+0i,-0.03439219282484414-0.13306691056258002i
1+0i,-0.12515060455692573-0.05488292570035834i
1+0i,-0.11980064162906603+0.06410282510629348i
1+0i,-0.023505144329908016+0.1330293252123555i
1+0i,0.08953657754827385+0.10010889199077426i
1+0i,0.1332570521893553-0.008474031295694073i
1+0i,0.07524863468376985-0.10935684965451489i
1+0i,-0.03923750361131629-0.125996366578808i
1+0i,-0.12257529878080879-0.046740887882458164i
1+0i,-0.11183016631748662+0.06707856948055312i
1+0i,-0.016278267953643552+0.12860015638324898i
1+0i,0.0904954558369436+0.09171897129385986i
1+0i,0.12726082456438492-0.014375183312409792i
1+0i,0.066937629368099-0.10827202882413932i
1+0i,-0.04348598594914077-0.11880786716216168i
1+0i,-0.11954035699612355-0.03899550825974142i
1+0i,-0.10388894427518107+0.0694491361401676i
1+0i,-0.009545119376214009+0.12382194738687977i
1+0i,0.09087642354868579+0.08350261156870252i
1+0i,0.12104577090111023-0.019715323227514202i
1+0i,0.05893313775033572-0.1066703021788986i
1+0i,-0.047139678396174924-0.1115425720030254i
1+0i,-0.11607940557367266-0.031670516774057814i
1+0i,-0.09601633547005019+0.07122636657836155i
1+0i,-0.003320610696216291+0.11873294296621985i
1+0i,0.0907003820917797+0.07549508012457554i
1+0i,0.11465249350021056-0.024489183787975488i
1+0i,0.05126429238968459-0.104580361902895i
1+0i,-0.05020321731946534-0.10424105358005525i
1+0i,-0.11222720899955921-0.02478723816979013i
1+0i,-0.08825050883916902+0.07242447897121396i
1+0i,0.0023829491519138934+0.11337191478933777i
1+0i,0.08999025070181318+0.06772992105635534i
1+0i,0.10812148191450943-0.02869414640217114i
1+0i,0.043958072844260454-0.10203244283160444i
1+0i,-0.052683778668593216-0.09694314085444186i
1+0i,-0.10801951102761763-0.018364541486503554i
1+0i,-0.08062830467226198+0.0730599743317264i
1+0i,0.007555865366159979+0.1077779953560723i
1+0i,0.08877084253088144+0.06023884426954394i
1+0i,0.10149294928901886-0.03233021203844889i
1+0i,0.03703922771962594-0.0990581757641369i
1+0i,-0.05459101060549159-0.08968776755525418i
1+0i,-0.10349287380791983-0.012418799575596759i
1+0i,-0.07318510363441183+0.07315153489262681i
1+0i,0.012191058038349599+0.10199051233814535i
1+0i,0.08706873478626845+0.053051622803136675i
1+0i,0.0948066715617608-0.03539996232701942i
1+0i,0.030530206188707408-0.0956904369876416i
1+0i,-0.05593695731579515-0.08251282558200299i
1+0i,-0.0986845156057815-0.006963858709588735i
1+0i,-0.06595470286084755+0.07271991515906061i
1+0i,0.01628405278899136+0.09604882396532088i
1+0i,0.08491213345013189+0.04619599876491804i
1+0i,0.0881018301006344-0.037908511089454186i
1+0i,0.02445109916132067-0.09196319460480856i
1+0i,-0.056735974356837214-0.07545502402903942i
1+0i,-0.09363214772730458-0.0020110183157452874i
1+0i,-0.05896919952860057+0.07178782609636362i
1+0i,0.019832961391984632+0.08999215606295963i
1+0i,0.08233073312833551+0.039697598160792755i
1+0i,0.08141685833589295-0.039863446553478295i
1+0i,0.018819590245547236-0.08791135226366176i
1+0i,-0.05700463592608801-0.06854975431316924i
1+0i,-0.08837381126687952+0.0024309791711431203i
1+0i,-0.05225888228040189+0.07037981294038975i
1+0i,0.022838452541347476+0.08385944133691067i
1+0i,0.07935557259118273+0.033579854865874254i
1+0i,0.07478929293014515-0.041274764543146505i
1+0i,0.01365091660682479-0.08357059089493654i
1+0i,-0.05676163446106379-0.06183096186099575i
1+0i,-0.08294771428931241+0.0063559483788043335i
1+0i,-0.04585213084554321+0.06852212713837487i
1+0i,0.025303712947147585+0.07768916149021235i
1+0i,0.07601888658138334+0.027863943950400108i
1+0i,0.06825563000827373-0.042154792965762626i
1+0i,0.00895783979396202-0.0789772090662568i
1+0i,-0.05602767300743111-0.05533102478607152i
1+0i,-0.07739207005427812+0.00976025106883082i
1+0i,-0.03977532417063242+0.06624259294693463i
1+0i,0.027234398982080105+0.07151919274252933i
1+0i,0.07235395447506057+0.022568724538232443i
1+0i,0.06185118694834441-0.042518107946923615i
1+0i,0.004750626564514304-0.07416796256406133i
1+0i,-0.05482535081607495-0.04908063995807369i
1+0i,-0.07174493688370165+0.012642776323933659i
1+0i,-0.034052757340366946+0.06357046923048401i
1+0i,0.028638579133502887+0.06538665530773378i
1+0i,0.0683949463899691+0.01771069233986611i
1+0i,0.05560997021152281-0.04238144199375145i
1+0i,0.001037039705158005-0.06917990381377845i
1+0i,-0.05317904265223893-0.04310871683698113i
1+0i,-0.0660440602634388+0.015004911001309938i
1+0i,-0.02870656753473241+0.06053630701805759i
1+0i,0.029526667548104815+0.05932776736755911i
1+0i,0.06417676734129435+0.01330394196561924i
1+0i,0.04956454966432059-0.04176358459361556i
1+0i,-0.00217766119395554-0.06405022174610107i
1+0i,-0.0511147723203718-0.03744227941473634i
1+0i,-0.06032671775928884+0.016850500637300987i
1+0i,-0.02375666923452314+0.057171803389151676i
1+0i,0.02991134898760179+0.05337770405989087i
1+0i,0.05973490004942265+0.009360139088163067i
1+0i,0.043745939820229576-0.040685275681327786i
1+0i,-0.004890709088309072-0.05881608271239734i
1+0i,-0.04866008092698422-0.03210637657525306i
1+0i,-0.05462956731398554+0.018185801022708246i
1+0i,-0.01922069885191309+0.053509652269763675i
1+0i,0.029807495543866285+0.04757046197909215i
1+0i,0.05510524700591786+0.005888502486878628i
1+0i,0.0381834884000704-0.0391690924318625i
1+0i,-0.007101809065065509-0.05351447304529091i
1+0i,-0.04584389042053394-0.027124001150943686i
1+0i,-0.04898849947641287+0.019019420701448603i
1+0i,-0.01511396892708766+0.049583392728225435i
1+0i,0.029232075490539466+0.041938729662838695i
1+0i,0.050323972403561804+0.0028957959698423484i
1+0i,0.03290477258129045-0.03723932985798052i
1+0i,-0.008813108315051596-0.04818204385133199i
1+0i,-0.042696362962090784-0.022516017920362952i
1+0i,-0.043438494096933226+0.019362254677539433i
1+0i,-0.011449431995815338+0.04542725536668994i
1+0i,0.028204054675393636+0.036513764515366136i
1+0i,0.04542734453376708+0.0003863301326712445i
1+0i,0.027935503276077484-0.03492187571268222i
1+0i,-0.0100291566745711-0.04285495861144459i
1+0i,-0.03924875669320849-0.018301100757171916i
1+0i,-0.03801348200347306+0.019227409646578705i
1+0i,-0.008237654196431207+0.04107600740821399i
1+0i,0.026744290883376973+0.031325276590891266i
1+0i,0.040451579249912786-0.001638026122867342i
1+0i,0.023299437746635517-0.03224408021507248i
1+0i,-0.010756857955066649-0.037568744151525155i
1+0i,-0.03553327847800268-0.014495679105557881i
1+0i,-0.03274621215192665+0.01863012109784699i
1+0i,-0.005486798648120402+0.03656479708125617i
1+0i,0.02487542162430879+0.026401319633336088i
1+0i,0.03543268508824097-0.00317782442353305i
1+0i,0.01901830083340322-0.029234621134953037i
1+0i,-0.011005412311899453-0.03235814553026614i
1+0i,-0.031582934204889314-0.01111389392163827i
1+0i,-0.027668124721623145+0.01758766266176055i
1+0i,-0.0032026185958079507+0.0319289979030929i
1+0i,0.022621745821503697+0.02176818973948926i
1+0i,0.03040631062887164-0.004236006261070091i
1+0i,0.01511171503850103-0.025923364786168378i
1+0i,-0.010786249935753722-0.02725698537397704i
1+0i,-0.02743137723970509-0.008167563184331789i
1+0i,-0.022809230602099224+0.016119248104570535i
1+0i,-0.0013884602804675886+0.02720405346112157i
1+0i,0.02000909989811768+0.01745033198245876i
1+0i,0.025407594668324422-0.004817863013757692i
1+0i,0.011597139672397566-0.02234122349140565i
1+0i,-0.010112956381295083-0.022298028168999406i
1+0i,-0.02311275562602757-0.005666157042860144i
1+0i,-0.018197997691357364+0.014245926397823936i
1+0i,-0.00004527545742325813+0.02242532328630157i
1+0i,0.017064728776634737+0.013470255300828944i
1+0i,0.020471019761666306-0.004930986870417673i
1+0i,0.008489819236798396-0.01852001009171162i
1+0i,-0.009001189877601044-0.017512850001287317i
1+0i,-0.018661558630393697-0.003616782631550303i
1+0i,-0.0138612443982195+0.011990470314085823i
1+0i,0.0008283565506601945+0.01762793040607674i
1+0i,0.013817152323604559+0.009848455926439407i
1+0i,0.015630269677118964-0.004585212907414723i
1+0i,0.0058027411812292505-0.01449229008240429i
1+0i,-0.007468590993417193-0.012931714209944123i
1+0i,-0.014112463229782747-0.0020241785460986027i
1+0i,-0.00982404071245135+0.009377259022672767i
1+0i,0.0012361974147586195+0.012846611155062165i
1+0i,0.010296027786413524+0.0066033495902851885i
1+0i,0.010918091288703267-0.003792552601349309i
1+0i,0.003546603134821637-0.010291231963314417i
1+0i,-0.00553468505739361-0.008583453397055999i
1+0i,-0.009500181136189672-0.0008907189390497929i
1+0i,-0.006109617176100805+0.006432155179599229i
1+0i,0.001184309157846367+0.008115567810599628i
1+0i,0.0065320087814902126+0.0037512127117935974i
1+0i,0.0063661614133257395-0.002567119091182513i
1+0i,0.001729789678556225-0.005950456395333424i
1+0i,-0.003220777758991693-0.004495358210120726i
1+0i,-0.00485930694837043-0.00021642715608351714i
1+0i,-0.0027392820581067204+0.0031823770245012987i
1+0i,0.0006810045279951136+0.003468324607016034i
1+0i,0.002556601403848193+0.0013061327418198718i
1+0i,0.002004959077700112-0.0009250445333330752i
1+0i,0.00035835868680513395-0.0015038847570871827i
1+0i,-0.0005498443796563229-0.000693073285837024i
1+0i,-0.0002241680138966921+0.0000010012010914008004i
1+0i,0.000267652998221032-0.00034363398609307285i
1+0i,-0.0002632113633335435-0.0010624123328789093i
1+0i,-0.0015979819637769294-0.0007200322057749733i
1+0i,-0.0021363563222737453+0.0011156100782596105i
1+0i,-0.0005639627694258732+0.00301441230483137i
1+0i,0.002453586873986529+0.002799499284896381i
1+0i,0.004371323424429368-0.00023383406528438536i
1+0i,0.002893938618625385-0.0041163494651800065i
1+0i,-0.0016357078552790738-0.005444890627803285i
1+0i,-0.005898970557764723-0.0023176843350034325i
1+0i,-0.006030060531511242+0.0035349522281232252i
1+0i,-0.001035773001480895+0.007570365741245413i
1+0i,0.0057635569428023965+0.005960288641132027i
1+0i,0.008893815234987217-0.0009140791820513236i
1+0i,0.005124444430203293-0.008105293744899036i
1+0i,-0.0034218036903984786-0.009648442327461348i
1+0i,-0.010313184268028408-0.003479507698313469i
1+0i,-0.009649973203000834+0.006311361906864081i
1+0i,-0.001057980844272599+0.012130057795379812i
1+0i,0.009352802883122294+0.008769135686905391i
1+0i,0.013310657007077412-0.0020306767131708344i
1+0i,0.006946206715431413-0.012279186322466145i
1+0i,-0.005604849763149676-0.013643609180433315i
1+0i,-0.014807183209870466-0.004200480250411533i
1+0i,-0.012971559537736778+0.009421601902195343i
1+0i,-0.0006337814754480578+0.01665986994845494i
1+0i,0.013192889202965335+0.01120786521130807i
1+0i,0.017590037729849232-0.0035724244918054326i
1+0i,0.008348466856194859-0.01660608652729044i
1+0i,-0.0081663192925569-0.017402262022289713i
1+0i,-0.019347417243623974-0.004477876435291941i
1+0i,-0.015972024441670497+0.012840933883130937i
1+0i,0.00023137693659819845+0.021126628546070263i
1+0i,0.017254343024980995+0.013260349361125943i
1+0i,0.02170111902362153-0.005526042893502761i
1+0i,0.009322700471952425-0.02105353982809448i
1+0i,-0.011085905020696826-0.020897713850212617i
1+0i,-0.023900374855136713-0.004311260352670454i
1+0i,-0.01863039887424089+0.016543239786879205i
1+0i,0.0015298355704222088+0.025497747546885982i
1+0i,0.021506792522205425+0.014912562267736717i
1+0i,0.025614163426062892-0.0078762501367359i
1+0i,0.009862637192303354-0.025588725195015847i
1+0i,-0.014341623013349375-0.024104826176490735i
1+0i,-0.02843273081508963-0.003702469586016846i
1+0i,-0.0209276180944167+0.020501147999658565i
1+0i,0.0032517760557369494+0.029741367848515842i
1+0i,0.025919108062460155+0.016152625664805794i
1+0i,0.029300657256806587-0.010605845267486792i
1+0i,0.00996427104051119-0.030178602930064993i
1+0i,-0.017909922615513923-0.027000108280826805i
1+0i,-0.03291149204227522-0.0026555898099937256i
1+0i,-0.022846591542622183+0.024686163806319335i
1+0i,0.005385280092064234+0.033826492661009934i
1+0i,0.03045954548914006+0.01697084536872446i
1+0i,0.032733427606959964-0.013695798456370548i
1+0i,0.009625861440840497-0.03479006237994472i
1+0i,-0.021765802092614688-0.02956180901036869i
1+0i,-0.037304141105276745-0.0011769203301913514i
1+0i,-0.02437226413027799+0.029068803569356403i
1+0i,0.007916397297944784+0.03772311841575109i
1+0i,0.035095890960245915+0.01735973852953867i
1+0i,0.03588675302452456-0.017125348210085163i
1+0i,0.00884792489872893-0.03939006894810062i
1+0i,-0.025882929468167643-0.0317700008066069i
1+0i,-0.04157877680843126+0.0007250692575250534i
1+0i,-0.025491668742844503+0.03361873208568461i
1+0i,0.010829220976146981+0.04140236071694763i
1+0i,0.03979560676385491+0.01731405159620473i
1+0i,0.038736467492895006-0.020872105073837778i
1+0i,0.007633217438733134-0.04394580982796727i
1+0i,-0.030233768050560023-0.033606655669703826i
1+0i,-0.04570425132152009+0.0030397910671020236i
1+0i,-0.026193969797098184+0.038304902559483094i
1+0i,0.014105971450908035+0.04483657486413237i
1+0i,0.044525977526794394+0.01683076897624064i
1+0i,0.04126005732724799-0.024912161377941132i
1+0i,0.005986707920688123-0.04842483788667187i
1+0i,-0.03478970612544105-0.03505571280326189i
1+0i,-0.04965030332821767+0.00575459932815028i
1+0i,-0.026470497728732282+0.043095698621519685i
1+0i,0.01772708660522732+0.04799947049704764i
1+0i,0.04925425623410583+0.0159091124060581i
1+0i,0.04343675064265537-0.029220206560088096i
1+0i,0.003915542389490684-0.052795213137937856i
1+0i,-0.03952119027613729-0.03610313771591767i
1+0i,-0.053387686685921094+0.008854858912221467i
1+0i,-0.026314774322159847+0.047959077819689014i
1+0i,0.02167131921970045+0.050866219938967956i
1+0i,0.053947809479946096+0.014550531084360715i
1+0i,0.04524759907805399-0.033769647574971536i
1+0i,0.0014289996482129662-0.0570256412545565i
1+0i,-0.044397861782505675-0.03673697259031353i
1+0i,-0.05688829410908326+0.012324021663667719i
1+0i,-0.02572252883042315+0.05286271600204635i
1+0i,0.025915840689453226+0.053413559840749206i
1+0i,0.05857426137586802+0.012758682656788405i
1+0i,0.046675551491659535-0.038532733885012264i
1+0i,-0.0014615617222602344-0.06108560858451118i
1+0i,-0.04938869553880131-0.03694737776482077i
1+0i,-0.06012527540952445+0.016143710190021497i
1+0i,-0.024691704869288043+0.05777415201241639i
1+0i,0.030436350672491504+0.055619885755629886i
1+0i,0.06310163554992161+0.010539405175393653i
1+0i,0.04770551937590031-0.04348068651004349i
1+0i,-0.00474276464131871-0.06494551315061917i
1+0i,-0.05446214092348267-0.0367266642087456i
1+0i,-0.06307314985031305+0.020293808739019783i
1+0i,-0.02322245810574412+0.0626609321197108i
1+0i,0.03520719220132737+0.05746533930391449i
1+0i,0.06749849467971193+0.007900680191361243i
1+0i,0.04832443377334801-0.048583830599957294i
1+0i,-0.008399282817199795-0.06857679113130442i
1+0i,-0.05958626404844504-0.03606931690748254i
1+0i,-0.06570791219459207+0.024752560763083954i
1+0i,-0.02131714479712978+0.06749075360537654i
1+0i,0.0402014717701461+0.058931887617036924i
1+0i,0.07173407701437506+0.004852587173535188i
1+0i,0.048521293509295016-0.053811730982578285i
1+0i,-0.012413917728498383-0.0719520383397935i
1+0i,-0.06472889081197765-0.03497200911007181i
1+0i,-0.06800713205709279+0.029496672747373425i
1+0i,-0.018980301272792516+0.07223160693893896i
1+0i,0.04539118389213413+0.06000339478201992i
1+0i,0.07577842935437018+0.0014072494786364943i
1+0i,0.04828720459145239-0.05913333012946348i
1+0i,-0.016767682952069096-0.0750451262405415i
1+0i,-0.06985775017880448-0.033433607427709656i
1+0i,-0.06995004619391797+0.03450142385453643i
1+0i,-0.01621861448546237+0.07685191597934012i
1+0i,0.05074733960594515+0.06066568503987682i
1+0i,0.07960253597395517-0.00242122786857666i
1+0i,0.04761541066257636-0.06451708797494618i
1+0i,-0.02143989546318007-0.07783131206496013i
1+0i,-0.07494061711188288-0.0314551678078268i
1+0i,-0.07151764339538032+0.0397407809180913i
1+0i,-0.013040883794198745+0.08132067564971275i
1+0i,0.0562400983967221+0.06090659752494229i
1+0i,0.08317844298918492-0.0066168282956689875i
1+0i,0.046501314427528535-0.06993112301860775i
1+0i,-0.02640827350773304-0.08028734261347031i
1+0i,-0.07994545458420833-0.02903992244423556i
1+0i,-0.07269274167713854+0.045187518297062586i
1+0i,-0.009457974174749601+0.0856075865452972i
1+0i,0.061838902985654524+0.06071603236629939i
1+0i,0.08647937769412835-0.011161701383789122i
1+0i,0.044942490012211476-0.07534335413844648i
1+0i,-0.031649040621924474-0.08239155135738807i
1+0i,-0.08484055410467783-0.02619325771941619i
1+0i,-0.07346005749645838+0.05081334208713985i
1+0i,-0.005482761086292483+0.0896831859483823i
1+0i,0.06751261643278536+0.0600859880073022i
1+0i,0.0894798624097136-0.016036247801456335i
1+0i,0.04293868624783684-0.08072164254139522i
1+0i,-0.03713703535202326-0.08412394848213241i
1+0i,-0.08959467420009105-0.022922683310125064i
1+0i,-0.07380626675301197+0.05658901816830586i
1+0i,-0.0011300672556782548+0.0935189747403659i
1+0i,0.07322966099072643+0.05901058963448825i
1+0i,0.0921558224130544-0.021219211095181607i
1+0i,0.04049182090994494-0.08603393327944336i
1+0i,-0.04284582620605017-0.0854663035425466i
1+0i,-0.09417717630556845-0.019237792622028377i
1+0i,-0.07372005736710267+0.0624845035556332i
1+0i,0.003583408328638448+0.09708753971921263i
1+0i,0.07895815814212019+0.05748610864285202i
1+0i,0.09448468754022236-0.02668777593544524i
1+0i,0.037605965977371286-0.09124839576351171i
1+0i,-0.0487478313501513-0.08640222043169052i
1+0i,-0.09855815752802102-0.015150214752842305i
1+0i,-0.07319217326240629+0.0684690805088533i
1+0i,0.008639168890985531+0.10036267085068255i
1+0i,0.08466606925112155+0.05551097310029998i
1+0i,0.09644548708207812-0.032417672392443184i
1+0i,0.03428732401176708-0.09633356271333732i
1+0i,-0.05481444254543945-0.08691720439610455i
1+0i,-0.10270857976173246-0.010673558216378668i
1+0i,-0.07221544961513222+0.07451149284737846i
1+0i,0.01401700546069095+0.10331947300361477i
1+0i,0.09032133625886644+0.05308576921004468i
1+0i,0.09801893762088235-0.038383285793617744i
1+0i,0.030544195793235508-0.10125846698995764i
1+0i,-0.06101615280610011-0.08699872086320985i
1+0i,-0.10660039465160123-0.00582334669181319i
1+0i,-0.0707848392667946+0.08058008391075448i
1+0i,0.019695089204622013+0.10593447174319309i
1+0i,0.09589202185486582+0.050213233805551i
1+0i,0.09918752348484366-0.04455777169444189i
1+0i,0.026386939381969156-0.10599277576789834i
1+0i,-0.06732268724667148-0.08663624588000425i
1+0i,-0.11020666391801606-0.0006169470932772085i
1+0i,-0.06889743023338668+0.08664293560006703i
1+0i,0.025650070097088477+0.10818571278141846i
1+0i,0.10134644856047263+0.04689823794826307i
1+0i,0.09993556952841176-0.05091317547529309i
1+0i,0.02182792080932952-0.110506921516803i
1+0i,-0.07370313657568654-0.08582130799643009i
1+0i,-0.11350167457767305+0.004926509715578661i
1+0i,-0.06655245427953836+0.09266800793361472i
1+0i,0.031857181500353535+0.11005285471081776i
1+0i,0.10665333616703138+0.04314776173361457i
1+0i,0.10024930597785903-0.057420556060594694i
1+0i,0.016881456634491306-0.11477222927698706i
1+0i,-0.08012609268432125-0.0845475214616017i
1+0i,-0.11646104861678393+0.010786215209236463i
1+0i,-0.0637512865620662+0.09862327855024415i
1+0i,0.03829035020697397+0.11151725467568208i
1+0i,0.11178193697998325+0.038970860445569064i
1+0i,0.10011692511441084-0.06405011324181525i
1+0i,0.011563748634421389-0.11876103973014245i
1+0i,-0.08655978577237478-0.08281061063631896i
1+0i,-0.11906184669698117+0.016939776110661567i
1+0i,-0.060497436383044105+0.10447688159605861i
1+0i,0.04492231147501099+0.11256204666468149i
1+0i,0.11670216833103902+0.03437862223404699i
1+0i,0.09952862960070269-0.07077131807342343i
1+0i,0.005892810925450269-0.12244682758512895i
1+0i,-0.09297222244985143-0.08060842556083038i
1+0i,-0.12128266549969399+0.023363313519745396i
1+0i,-0.056796529127986856+0.1101972454348128i
1+0i,0.05172472856891082+0.11317221213945669i
1+0i,0.12138474183350095+0.02938411752291515i
1+0i,0.09847667229058195-0.07755304580058062i
1+0i,-0.00011161015607157043-0.12580431481937224i
1+0i,-0.09933132425060323-0.0779409486525147i
1+0i,-0.12310372834177899+0.03003156783180074i
1+0i,-0.052656279499821546+0.1157532286291191i
1+0i,0.05866831630260097+0.1133346427456106i
1+0i,0.12580128887085382+0.024002340388615543i
1+0i,0.09695538739704365-0.0843637107692144i
1+0i,-0.006428123058716175-0.1288095783387728i
1+0i,-0.10560506599496045-0.07481029254384321i
1+0i,-0.12450696872357418+0.03691800899644174i
1+0i,-0.04808645619384868+0.12111425364861997i
1+0i,0.06572296806717569+0.1130381948852763i
1+0i,0.12992448182580296+0.0182501421808587i
1+0i,0.09496121292828616-0.09117140276323818i
1+0i,-0.01303378452486955-0.13144015164309567i
1+0i,-0.1117616134410108-0.07122068910655831i
1+0i,-0.1254761065002401+0.04399495164741093i
1+0i,-0.043098838192764895+0.12625043777246853i
1+0i,0.0728578858134866+0.11227373596399172i
1+0i,0.1337281505759164+0.01214615768698241i
1+0i,0.0924927043373305-0.0979440242100255i
1+0i,-0.019904199197205624-0.13367512010948882i
1+0i,-0.11776945966916404-0.06717846974329189i
1+0i,-0.1259967163981004+0.05123367461608815i
1+0i,-0.03770716289386106+0.13113272066677606i
1+0i,0.08004171245006661+0.11103418215884127i
1+0i,0.13718739380289763+0.005710724170444922i
1+0i,0.08955053936623485-0.1046494276938821i
1+0i,-0.027013624893359102-0.13549520953395625i
1+0i,-0.12359755965185358-0.06269203706270399i
1+0i,-0.12605628862958698+0.05860454432561117i
1+0i,-0.03192706631261092+0.1357329881330365i
1+0i,0.08724266610913027+0.10931452758955697i
1+0i,0.1402786846851181-0.0010342063586080627i
1+0i,0.08613751410149147-0.11125555321814068i
1+0i,-0.034335083098204384-0.13688286759914747i
1+0i,-0.12921546246962998-0.05777182808852211i
1+0i,-0.12564428139320077+0.06607714154880912i
1+0i,-0.025776015637887326+0.14002419154092863i
1+0i,0.09442867572796064+0.10711186480941333i
1+0i,0.142979970567356-0.008065161256844935i
1+0i,0.08225853029259256-0.11773056465966475i
1+0i,-0.04184047420381592-0.13782233796664206i
1+0i,-0.13459344064645634-0.05243026918644872i
1+0i,-0.12475216507844938+0.07362039100155171i
1+0i,-0.019273234443855963+0.1439804624781461i
1+0i,0.10156751738978258+0.10442539656808593i
1+0i,0.14527076622755178-0.015357247337148869i
1+0i,0.07792057402082306-0.12404298486493628i
1+0i,-0.04950069700982518-0.1382997267228502i
1+0i,-0.1397026160906932-0.0466817229256418i
1+0i,-0.12337345802994995+0.08120269323370254i
1+0i,-0.012439620892095937+0.1475772221710718i
1+0i,0.10862695086732445+0.1012564388341275i
1+0i,0.14713224038774061-0.022884256503175285i
1+0i,0.07313268583997173-0.13016182884452698i
1+0i,-0.05728577198153477-0.1383030609396114i
1+0i,-0.14451508214394504-0.04054242712325775i
1+0i,-0.12150375375955326+0.08879205827264344i
1+0i,-0.005297659284546095+0.1507912852529419i
1+0i,0.11557485581357527+0.097608415100078i
1+0i,0.14854729514501455-0.03061877647756723i
1+0i,0.0679059225446721-0.1360567345325503i
1+0i,-0.06516496774992611-0.13782233914339515i
1+0i,-0.14900402125765394-0.034030426351186756i
1+0i,-0.11914073953040621+0.09635624046939056i
1+0i,0.0021286746466234324+0.153600957480707i
1+0i,0.12237936704787238+0.0934868420284434i
1+0i,0.1495006380282792-0.038532306153476394i
1+0i,0.06225331075536038-0.14169809058962993i
1+0i,-0.07310693032656264-0.13684957352057808i
1+0i,-0.1531438178368831-0.027165496213555764i
1+0i,-0.11628420627208477+0.10386287399457689i
1+0i,0.00981401430225548+0.15598612702785195i
1+0i,0.1290090083912607+0.08889930653160973i
1+0i,0.14997884641763093-0.04659537508215137i
1+0i,0.05618979254127579-0.1470571607419629i
1+0i,-0.08107981449748519-0.13537882372043666i
1+0i,-0.1569101658121514-0.019969060731648447i
1+0i,-0.11293604982124965+0.11127960843115446i
1+0i,0.017731708200507117+0.15792834900794828i
1+0i,0.13543282451311828+0.08385543441311931i
1+0i,0.14997042409514058-0.05477766659452259i
1+0i,0.04973216333429784-0.15210620416509413i
1+0i,-0.089051416853477-0.13340622215211484i
1+0i,-0.16028017052329224-0.012464103199503408i
1+0i,-0.10910026351746269+0.11857424391245171i
1+0i,0.025853930929880392+0.1594109229125487i
1+0i,0.14162051026125022+0.07836685073146632i
1+0i,0.1494658497287205-0.06304814404196138i
1+0i,0.04289900241672066-0.1568185914390429i
1+0i,-0.09698930990960317-0.13092999070675154i
1+0i,-0.163232444524066-0.004675070898505482i
1+0i,-0.1047829222187737+0.1257148652582884i
1+0i,0.03415179860029424+0.16041896267706185i
1+0i,0.1475425369599808+0.07244713208050893i
1+0i,0.14845761712425654-0.07137517963081187i
1+0i,0.03571059629504207-0.16116891562129548i
1+0i,-0.10486097676471676-0.1279504488710496i
1+0i,-0.16574719694251322+0.003372225917364552i
1+0i,-0.09999215783627595+0.13266997456812743i
1+0i,0.04259548830515649+0.16093945911933505i
1+0i,0.15317027517519+0.06611175101265575i
1+0i,0.14694026711532704-0.07972668531687174i
1+0i,0.028188855299509902-0.16513309800586107i
1+0i,-0.11263394575165651-0.12447001323368846i
1+0i,-0.16780631605970378+0.011650720332317989i
1+0i,-0.09473812652088351+0.1394086217387076i
1+0i,0.05115436109306179+0.16096133452772804i
1+0i,0.15847611346162835+0.05937801286199203i
1+0i,0.14491041099433258-0.08807024521981993i
1+0i,0.02035722377529178-0.1686884881599542i
1+0i,-0.12027592453114994-0.12049318842095164i
1+0i,-0.1693934447985022+0.020132199922564598i
1+0i,-0.08903296766897623+0.14590053238424525i
1+0i,0.05979708793555673+0.1604754892082826i
1+0i,0.16343357262619335+0.05226498525434993i
1+0i,0.1423667454236645-0.09637324901362862i
1+0i,0.012240584255693437-0.1718139578548203i
1+0i,-0.12775493308696906-0.11602654953266271i
1+0i,-0.1704940488440783+0.028787422282269354i
1+0i,-0.08289075494615152+0.1521162326500069i
1+0i,0.06849177816733425+0.15947483983410768i
1+0i,0.1680174150610279+0.04479342061989501i
1+0i,0.13931005880046898-0.10460302574729508i
1+0i,0.0038651560307209204-0.17448998853368342i
1+0i,-0.135039435086609-0.11107871618381487i
1+0i,-0.1710954771490453+0.03758623443497032i
1+0i,-0.07632743955997824+0.15802717042484696i
1+0i,0.07720610986736892+0.15795434947412818i
1+0i,0.1722037487222418+0.03698567205096327i
1+0i,0.13574322908345596-0.11272697755076898i
1+0i,-0.004741611454658387-0.17669875198759033i
1+0i,-0.14209846708069068-0.10566031829100897i
1+0i,-0.17118701460816566+0.04649769563001636i
1+0i,-0.06936078604322057+0.16360583247504396i
1+0i,0.08590746164384666+0.15591104921273952i
1+0i,0.17597012535367362+0.02886560287351605i
1+0i,0.131671213124944-0.12071271268373664i
1+0i,-0.013551149918975644-0.17842418393900666i
1+0i,-0.14890176502531993-0.09978395377584502i
1+0i,-0.17075992672036433+0.05549020301191278i
1+0i,-0.06201030083840431+0.16882585704043995i
1+0i,0.09456304528231761+0.1533440513065497i
1+0i,0.1792956325802547+0.02045849032462793i
1+0i,0.12710102758575736-0.12852817738993322i
1+0i,-0.022533887808608294-0.1796520502631996i
1+0i,-0.15541988762478298-0.0934641383896131i
1+0i,-0.16980749608924706+0.06453161964098333i
1+0i,-0.054297154002672626+0.17366214145435646i
1+0i,0.10314003871533083+0.15025455385912226i
1+0i,0.18216097952216814+0.011790923750734927i
1+0i,0.12204172154456294-0.13614178602684088i
1+0i,-0.03165936962190036-0.18037000560862568i
1+0i,-0.1616243360070867-0.08671724789485138i
1+0i,-0.16832505064722242+0.07358940433642965i
1+0i,-0.046244094378530026+0.17809094437095457i
1+0i,0.11160571877286357+0.1466458370292839i
1+0i,0.1845485756089339+0.002890697761893997i
1+0i,0.1165043409466039-0.14352254895001088i
1+0i,-0.04089637849377664-0.1805676442095892i
1+0i,-0.16748766926197725-0.07956145286947128i
1+0i,-0.16630998352259302+0.082630742807779i
1+0i,-0.03787535860119891+0.18208998220755934i
1+0i,0.11992759317614632+0.14252325082303088i
1+0i,0.18644260230170015-0.006213299204051739i
1+0i,0.11050188506943255-0.15064019764269818i
1+0i,-0.05021306153046394-0.18023654271719647i
1+0i,-0.17298361539001464-0.07201664642805011i
1+0i,-0.1637617645034259+0.09162267953784377i
1+0i,-0.029216574336785164+0.1856385194347854i
1+0i,0.12807353124297113+0.13789419455316226i
1+0i,0.18782907746226157-0.015491200436816965i
1+0i,0.10404925521500924-0.15746530659502514i
1+0i,-0.0595770573750281-0.17937029490797185i
1+0i,-0.17808717723205758-0.06410436518247306i
1+0i,-0.1606819430865038+0.10053224987965301i
1+0i,-0.020294658167223895+0.18871745237409449i
1+0i,0.13601189278024145+0.13276808808440405i
1+0i,0.18869591213852582-0.024912280143270113i
1+0i,0.09716319586830546-0.16396941145241925i
1+0i,-0.0689556254776901-0.17796453816329758i
1+0i,-0.18277473297094748-0.055847703790211214i
1+0i,-0.15707414313405205+0.10932661183142275i
1+0i,-0.011137708557903997+0.1913093861904545i
1+0i,0.14371165464932467+0.1271563350147562i
1+0i,0.18903295956813515-0.03444507577341885i
1+0i,0.08986222859219316-0.17012512297048804i
1+0i,-0.07831577654034397-0.17601697164691016i
1+0i,-0.18702413082122366-0.04727122346310108i
1+0i,-0.1529440491950918+0.11797317695740527i
1+0i,-0.0017748943619296659+0.19339870479698357i
1+0i,0.1511425345016497+0.12107227797601207i
1+0i,0.18883205623466054-0.04405751297443365i
1+0i,0.08216657895678772-0.17590623633277694i
1+0i,-0.0876244036023951-0.17352736614190709i
1+0i,-0.19081477754822065-0.03840085483239279i
1+0i,-0.1482993845820192+0.1264397399284421i
1+0i,0.0077636606689303524+0.19497163341874327i
1+0i,0.15827511119589843+0.1145311462677292i
1+0i,0.18808705484398855-0.053717032656019015i
1+0i,0.07409809682846125-0.18128783540887886i
1+0i,-0.09684841323491797-0.1704975655429766i
1+0i,-0.19412772048478594-0.029263795587008534i
1+0i,-0.14314988132625242+0.13469460616417625i
1+0i,0.017446996882486215+0.19601629359400674i
1+0i,0.16508094142403248+0.10754999606918499i
1+0i,0.186793849122157-0.06339071964429058i
1+0i,0.06568017036927815-0.18624639155303244i
1+0i,-0.10595485631225483-0.16693148003361613i
1+0i,-0.1969457227420015-0.01988840332129286i
1+0i,-0.13750724216934201+0.14270671706911248i
1+0i,0.027243440737441643+0.19652275042326495i
1+0i,0.17153267209113338+0.10014764350299965i
1+0i,0.18495039036975233-0.07304543239734677i
1+0i,0.05693763412161064-0.19075985656757444i
1+0i,-0.1149110578344654-0.16283507101194938i
1+0i,-0.19925333133954218-0.010304084045982043i
1+0i,-0.13138509477771465+0.15044577236701048i
1+0i,0.03712072932177207+0.19648305190882992i
1+0i,0.17760414801360114+0.092344590851954i
1+0i,0.1825566957419747-0.08264793325396776i
1+0i,0.04789667157499821-0.1948077494812873i
1+0i,-0.12368474528050091-0.15821632786211456i
1+0i,-0.20103693801158803-0.0005411768315962389i
1+0i,-0.12479893840002929+0.15788234905239187i
1+0i,0.04704613686442016+0.19589126026095746i
1+0i,0.18327051452153728+0.08416294625699738i
1+0i,0.1796148482574002-0.0921650186873143i
1+0i,0.03858471263287836-0.19837123681965968i
1+0i,-0.13224417498055693-0.1530852367010071i
1+0i,-0.20228483247530285+0.009369164933086746i
1+0i,-0.1177660832159048+0.16498801649413802i
1+0i,0.056986602720987684+0.19474347507982143i
1+0i,0.1885083145739929+0.07562633724940807i
1+0i,0.17612898857224055-0.10156364903813575i
1+0i,0.02903032641553355-0.20143320607228904i
1+0i,-0.14055825600673785-0.14745374126228558i
1+0i,-0.20298724798077045+0.019395095173436298i
1+0i,-0.11030558265335755+0.17173544724424852i
1+0i,0.06690886031072765+0.1930378483563362i
1+0i,0.19329558002019093+0.06675981849346654i
1+0i,0.17210529859032947-0.1108110772067846i
1+0i,0.019263109852431085-0.2039783320919284i
1+0i,-0.14859667109383964-0.1413356961108225i
1+0i,-0.2031363989937027+0.029504199148927573i
1+0i,-0.10243815897956883+0.17809852312462782i
1+0i,0.07677956648092377+0.19077459126848287i
1+0i,0.19761191666558575+0.057589774137693506i
1+0i,0.16755197701203908-0.1198749757902786i
1+0i,0.009313572531969305-0.20599313618991105i
1+0i,-0.15632999411672097-0.13474681241108122i
1+0i,-0.20272651089512833+0.039663619350204786i
1+0i,-0.09418612249549044+0.1840524361862833i
1+0i,0.08656543077574477+0.1879559727834384i
1+0i,0.20143858282871824+0.04814381519263112i
1+0i,0.1624792069576893-0.1287235621596855i
1+0i,-0.0007869817105261856-0.20746603772372957i
1+0i,-0.16372980366726902-0.12770459650213847i
1+0i,-0.20175384161547041+0.04984018275781449i
1+0i,-0.0855732846891524+0.18957378415837986i
1+0i,0.09623334408980037+0.18458631010917678i
1+0i,0.20475856110304017+0.03845067237125491i
1+0i,0.15689911583265675-0.13732572098417617i
1+0i,-0.011006575974946732-0.20838739800427858i
1+0i,-0.17076879229231925-0.12022828156008726i
1+0i,-0.20021669515377033+0.060000528944354634i
1+0i,-0.07662486572530958+0.19464066002911312i
1+0i,0.10575050619191534+0.18067195107226092i
1+0i,0.20755662306714306+0.028540084844261973i
1+0i,0.15082572763213642-0.14565112372117284i
1+0i,-0.021312683748422434-0.20874955638253004i
1+0i,-0.1774208709739496-0.11233875265522422i
1+0i,-0.19811542696620552+0.07011123850116607i
1+0i,-0.06736739667012111+0.199232735426278i
1+0i,0.11508455161204827+0.1762212485310573i
1+0i,0.20981938671700956+0.0184426853767115i
1+0i,0.1442749079133004-0.15367034460701176i
1+0i,-0.031672354120422797-0.20854685840810624i
1+0i,-0.18366126845528574-0.10405846553673956i
1+0i,-0.19545244124130084+0.08013896127218449i
1+0i,-0.05782861686885773+0.20333133749249074i
1+0i,0.1242036733937392+0.17124452696551143i
1+0i,0.21153536642482482+0.008189882324671105i
1+0i,0.13726430169123-0.1613549726993816i
1+0i,-0.04205233824975314-0.20777567598511826i
1+0i,-0.18946662503816208-0.09541135950132423i
1+0i,-0.19223218011223053+0.0900505438812477i
1+0i,-0.04803736691206502+0.2069195189782739i
1+0i,0.1330767442259476+0.16575404141572148i
1+0i,0.21269501526045598-0.0021862610193369783i
1+0i,0.12981326454243725-0.16867771954141542i
1+0i,-0.05241921657001654-0.20643441948371558i
1+0i,-0.1948150805036297-0.08642276472425611i
1+0i,-0.18846110488919926+0.09981315604491924i
1+0i,-0.03802347764115668+0.20998212130543079i
1+0i,0.14167343448158265+0.15976392897179598i
1+0i,0.21329075954379545-0.012653149235255526i
1+0i,0.12194278722586277-0.17561252203759997i
1+0i,-0.06273952622002761-0.2045235417988163i
1+0i,-0.19968635583225414-0.07711930445194513i
1+0i,-0.1841476694269538+0.10939441517073745i
1+0i,-0.02781765565795629+0.21250583038318732i
1+0i,0.14996432670533863+0.15329015304666513i
1+0i,0.21331702552856027-0.02317777923601317i
1+0i,0.11367541415589327-0.18213464015354688i
1+0i,-0.07297988818769977-0.20204553438035594i
1+0i,-0.20406182842828074-0.06752879247354149i
1+0i,-0.17930228577386034+0.11876250875068844i
1+0i,-0.017451365814288314+0.21447922499040448i
1+0i,0.15792102611057746+0.14635044069158587i
1+0i,0.21277025815079867-0.03372686587308589i
1+0i,0.10503515608501318-0.18822074907501601i
1+0i,-0.08310713366009637-0.19900491529195952i
1+0i,-0.20792460057992948-0.057680126306017834i
1+0i,-0.1739372822795607+0.1278863140715436i
1+0i,-0.00695671116719794+0.21589281756850837i
1+0i,0.16551626666384472+0.13896421324089187i
1+0i,0.2116489318080671-0.0442669681788513i
1+0i,0.09604739737520698-0.19384902548630795i
1+0i,-0.0930884290785517-0.19540820938707892i
1+0i,-0.21125956091723785-0.04760317654199467i
1+0i,-0.16806685436788643+0.13673551477749374i
1+0i,0.0036336891071817035+0.21673908730165004i
1+0i,0.17272401235609572+0.13115251059798388i
1+0i,0.2099535531678816-0.05476461573794646i
1+0i,0.08673879825695804-0.1989992276541154i
1+0i,-0.10289139940607488-0.19126392072317833i
1+0i,-0.21405343865879164-0.037328672822517256i
1+0i,-0.16170700821032388+0.14528071383610533i
1+0i,0.01428682334276736+0.2170125053927165i
1+0i,0.17951955328171498+0.12293790949856051i
1+0i,0.20768665603651726-0.06518643468238614i
1+0i,0.07713719249269037-0.20365276903005655i
1+0i,-0.11248424912450616-0.18658249736542426i
1+0i,-0.21629485046932334-0.0268880869078892i
1+0i,-0.1548754975627586+0.15349354247602234i
1+0i,0.024969412054096085+0.21670955247615922i
1+0i,0.18587959616988634+0.11434443610952369i
1+0i,0.204852788351323-0.07549927280984797i
1+0i,0.06727148087760781-0.20779278511323224i
1+0i,-0.12183588049112143-0.18137628876134454i
1+0i,-0.2179743397812859-0.016313513328552062i
1+0i,-0.14759175405442748+0.16134676468388343i
1+0i,0.03564803314563239+0.21582872814092i
1+0i,0.1917823490375997+0.1053974733427964i
1+0i,0.2014584913913569-0.08567032333119373i
1+0i,0.05717152102511587-0.21140419334316798i
1+0i,-0.13091600859845395-0.17565949589699292i
1+0i,-0.21908440846509955-0.0056375481048247245i
1+0i,-0.13987681124278964+0.16881437686857237i
1+0i,0.04628924715809448+0.2143705525690049i
1+0i,0.19720759965961634+0.09612366328239094i
1+0i,0.19751227133218632-0.09566724676201985i
1+0i,0.046868013896287405-0.21447374582330062i
1+0i,-0.1396952727969981-0.16944811447316382i
1+0i,-0.2196195407645684+0.005106833970954988i
1+0i,-0.13175322277137846+0.17587170232305116i
1+0i,0.05685972205312469+0.212337560327229i
1+0i,0.20213678757772355+0.0865508051403699i
1+0i,0.1930245633009836-0.10545829048364427i
1+0i,0.036392387543095886-0.21699007470555493i
1+0i,-0.14814534405805885-0.1627598713670164i
1+0i,-0.21957621944594086+0.015886402993675726i
1+0i,-0.12324497498946488+0.18249548013754302i
1+0i,0.06732635704272855+0.20973428638130942i
1+0i,0.20655306939969467+0.07670774917280111i
1+0i,0.18800768811748822-0.11501240551150119i
1+0i,0.025776678543416857-0.2189437300974596i
1+0i,-0.15623902787324095-0.15561415466999437i
1+0i,-0.21895293414100137+0.026667798049286845i
1+0i,-0.11437739441249337+0.18866394824260763i
1+0i,0.07765640497702822+0.20656724443256416i
1+0i,0.21044137716720665+0.0666242870003866i
1+0i,0.18247580193487886-0.1242993600232786i
1+0i,0.015053411611999634-0.22032721038451542i
1+0i,-0.16395036230786125-0.14803193761707836i
1+0i,-0.21775018189642492+0.0374176512679196i
1+0i,-0.10517705042067947+0.1943569202866179i
1+0i,0.08781759281293758+0.20284489770798195i
1+0i,0.21378846960156603+0.05633103879004993i
1+0i,0.17644483902194769-0.13328984921526155i
1+0i,0.00425547787578659-0.22113498489200062i
1+0i,-0.1712547108477625-0.1400356967450694i
1+0i,-0.21597045997310363+0.048102711334504i
1+0i,-0.09567165360978679+0.19955585607910292i
1+0i,0.09777823969737301+0.1985776223641318i
1+0i,0.2165829760662541+0.04585933776345197i
1+0i,0.16993244795417126-0.14195560107313981i
1+0i,-0.006583987695935593-0.22136350884195535i
1+0i,-0.17812884970256682-0.13164932463870693i
1+0i,-0.21361825097029202+0.058689965970634715i
1+0i,-0.08588995022291385+0.20424392535934277i
1+0i,0.10750737221144581+0.19377766369420882i
1+0i,0.21881543311590407+0.035241112506007026i
1+0i,0.16295792150611105-0.1502694776629194i
1+0i,-0.017431729216012923-0.22101123059260708i
1+0i,-0.18455104925315843-0.12289803764287054i
1+0i,-0.21070000037998066+0.06914676290895069i
1+0i,-0.07586161310503023+0.20840606467828285i
1+0i,0.11697483633672037+0.18845908535537315i
1+0i,0.22047831353224953+0.02450876755564839i
1+0i,0.15554212056108374-0.15820557156845202i
1+0i,-0.02825449266994713-0.22007859117883777i
1+0i,-0.19050114935708423-0.11380827893688213i
1+0i,-0.20722408670680875+0.07944092889072962i
1+0i,-0.06561712963298508+0.2120290272111811i
1+0i,0.12615140572094946+0.1826377118602208i
1+0i,0.22156604777867167+0.01369506275415612i
1+0i,0.1477073923759993-0.1657392971243509i
1+0i,-0.03901914808787044-0.21856801620328875i
1+0i,-0.19596062825239224-0.10440761738286955i
1+0i,-0.20320078431794517+0.08954088622870444i
1+0i,-0.055187687082763476+0.21510142534828958i
1+0i,0.13500888583866152+0.17633106460179993i
1+0i,0.2220750378361252+0.0028329918454661i
1+0i,0.13947748355971137-0.17284747611660334i
1+0i,-0.04969281061932659-0.21648390015829924i
1+0i,-0.20091266482819353-0.09472464257432403i
1+0i,-0.1986422192155892+0.09941576649023279i
1+0i,-0.044605055902785885+0.21761376594116305i
1+0i,0.14352021366146667+0.16955829170572445i
1+0i,0.22200366341427555-0.008044339195080408i
1+0i,0.1308774481419891-0.17950841764790912i
1+0i,-0.06024296004009923-0.21383258328884894i
1+0i,-0.2053421940586741-0.08478885652323226i
1+0i,-0.19356231795190987+0.10903552087079041i
1+0i,-0.0339014713671353+0.2195584781127137i
1+0i,0.15165955247387505+0.16234009202577743i
1+0i,0.2213522805624986-0.018903833619004773i
1+0i,0.12193355112729914-0.1857019918905273i
1+0i,-0.07063755823009002-0.2106223211360093i
1+0i,-0.20923595542638473-0.07463056243454372i
1+0i,-0.18797674993234037+0.11837102684427797i
1+0i,-0.02310951408563784+0.22092993356985036i
1+0i,0.15940238149270436+0.1546986336206908i
1+0i,0.22012321273591529-0.02971252467335468i
1+0i,0.11267316794290114-0.19140969747615466i
1+0i,-0.08084516417285703-0.20686324692889466i
1+0i,-0.2125825341902166-0.06428075102515056i
1+0i,-0.18190286337797842+0.12739419069472196i
1+0i,-0.012261989848789318+0.22172445938821728i
1+0i,0.1667255799716412+0.14665746706952423i
1+0i,0.21832073440160943-0.040437695208971156i
1+0i,0.10312468020424381-0.19661472229984622i
1+0i,-0.0908350460407644-0.20256732702068153i
1+0i,-0.21537239538337033-0.05377098485103098i
1+0i,-0.17535961524136334+0.1360780455535087i
1+0i,-0.001391809284616144+0.2219403432691085i
1+0i,0.1736075054971526+0.13824143400118208i
1+0i,0.2159510472996236-0.05104699566580484i
1+0i,0.09331736823229093-0.2013019975432445i
1+0i,-0.10057728994474534-0.19774830959079992i
1+0i,-0.21759791045681243-0.043133281110712234i
1+0i,-0.16836749539202095+0.14439684458725713i
1+0i,0.009468132198329357+0.22157783129897302i
1+0i,0.1800280662075707+0.12947657123000877i
1+0i,0.2130222495019955-0.06150855998277898i
1+0i,0.08328130076716715-0.20545824475114668i
1+0i,-0.11004290494433591-0.19242166686081957i
1+0i,-0.21925337651394422-0.032399993395750115i
1+0i,-0.1609484454087982+0.15232614900368047i
1+0i,0.020285073712433946+0.22063911827183985i
1+0i,0.18596878669370054+0.12039001090406166i
1+0i,0.2095442974410036-0.07179111899157298i
1+0i,0.07304722233033323-0.20907201582468568i
1+0i,-0.1192039239318077-0.18660453109570005i
1+0i,-0.22033502811242897-0.021603692859488953i
1+0i,-0.15312577233507124+0.159842910566218i
1+0i,0.031026506974249374+0.21912833066443343i
1+0i,0.1914128673665797+0.111009877085508i
1+0i,0.20552896110467256-0.08186411086722982i
1+0i,0.0626464386934213-0.21213372582393675i
1+0i,-0.12803350002385-0.1803156246849449i
1+0i,-0.2208410416391915-0.01077704927401582i
1+0i,-0.14492405777034797+0.16692554833270828i
1+0i,0.041660292715314615+0.2170515023825665i
1+0i,0.19634523710596952+0.10136517919362456i
1+0i,0.2009897726235039-0.09169778822371749i
1+0i,0.05211070091583123-0.21463567850248785i
1+0i,-0.13650599811519634-0.1735751846196135i
1+0i,-0.22077153229436472+0.000047287558080464426i
1+0i,-0.1363690626875325+0.1735540193588438i
1+0i,0.05215477497675495+0.21441654342545732i
1+0i,0.20075259903160553+0.09148570275001916i
1+0i,0.1959419684971002-0.10126332145931835i
1+0i,0.041472088415227135-0.21657208452630167i
1+0i,-0.144597081270774-0.166404881701105i
1+0i,-0.22012854374932833+0.010836805575699118i
1+0i,-0.12748762837913574+0.17970988313343417i
1+0i,0.06247889285590026+0.21123320164185774i
1+0i,0.20462346926810007+0.0814018978729722i
1+0i,0.19040242573286928-0.110532897974969i
1+0i,0.030762891535189834-0.2179390723589245i
1+0i,-0.15228379165628994-0.15882773483602552i
1+0i,-0.21891603057282896+0.021559246960553592i
1+0i,-0.11830757394793953+0.18537635953953466i
1+0i,0.07260228928690023+0.20751301777812736i
1+0i,0.2079482086035159+0.07114476597315608i
1+0i,0.18438959219113454-0.11947981690827994i
1+0i,0.02001549407248937-0.21873469182460328i
1+0i,-0.15954462573147823-0.1508680207882122i
1+0i,-0.217139833547349+0.032182722922233134i
1+0i,-0.10885759076805025+0.19053838016311758i
1+0i,0.08249541645264023+0.20326927404361875i
1+0i,0.21071904697090757+0.06074574510645975i
1+0i,0.17792341145175308-0.12807857904688794i
1+0i,0.009262256222775043-0.21895891039010523i
1+0i,-0.16635960345552012-0.14255117977410398i
1+0i,-0.21480764802533595+0.042675826331989734i
1+0i,-0.0991671343508379+0.195182632799055i
1+0i,0.09212963744209134+0.198516936442769i
1+0i,0.21293010071142887+0.050236594441214644i
1+0i,0.1710252425366121-0.13630497160686286i
1+0i,-0.0014646016020369301-0.21861360223480364i
1+0i,-0.17271033128015406-0.13390371730102035i
1+0i,-0.21192898550147365+0.053007741782470794i
1+0i,-0.0892663140569927+0.19929759903265853i
1+0i,0.10147732378548957+0.19327259114613823i
1+0i,0.21457738260680087+0.03964927829679195i
1+0i,0.16371777484010933-0.14413614758510165i
1+0i,-0.012133113638725185-0.21770253020681313i
1+0i,-0.17858005873275098-0.12495310265953573i
1+0i,-0.20851512860277877+0.06314835266451549i
1+0i,-0.0791857811007745+0.20287358480370213i
1+0i,0.11051194851932941+0.18755437519409895i
1+0i,0.21565880469791227+0.029015850208369123i
1+0i,0.15602493863584474-0.15155069941874585i
1+0i,-0.022711681883174156-0.2162313207905313i
1+0i,-0.18395372841887425-0.1157276644909769i
1+0i,-0.20457907972284767+0.07306834486751974i
1+0i,-0.06895661529550892+0.20590274388864496i
1+0i,0.11920817445398652+0.18138190184696698i
1+0i,0.21617417393495342+0.01836833746861983i
1+0i,0.14797181154221928-0.15852872670971466i
1+0i,-0.033169187020131816-0.21420743223772368i
1+0i,-0.18881801930158382-0.10625648385907466i
1+0i,-0.2001355035499452+0.08273930672676316i
1+0i,-0.058610210990520356+0.2083790942655922i
1+0i,0.12754193733874739+0.17477618091400188i
1+0i,0.21612518073266856+0.007738626591290057i
1+0i,0.13958452134241311-0.16505189779817056i
1+0i,-0.043475096758595476-0.21164011604020774i
1+0i,-0.1931613831427719-0.09656928526102383i
1+0i,-0.19520066376079484+0.09213382485932531i
1+0i,-0.04817816264895501+0.2102985273551523i
1+0i,0.13549052364202552+0.167759534410748i
1+0i,0.2155153805319089-0.0028416498659892125i
1+0i,0.13089014556524217-0.17110350499514074i
1+0i,-0.05359957117309626-0.20854037194712882i
1+0i,-0.19697407402003547-0.08669632601753582i
1+0i,-0.18979235417271464+0.10122557554976122i
1+0i,-0.037692150513402425+0.2116588101587934i
1+0i,0.14303264268846927+0.16035550790971434i
1+0i,0.21435016849559457-0.013341224691570619i
1+0i,0.12191660824266476-0.17666851331143252i
1+0i,-0.06351356466661219-0.20492089675367153i
1+0i,-0.2002481708609072-0.07666828448401533i
1+0i,-0.1839298246661821+0.10998941136740473i
1+0i,-0.027183826801884713+0.2124595803443127i
1+0i,0.15014849291940333+0.1525887779632096i
1+0i,0.2126367474933333-0.023729305205203374i
1+0i,0.11269257426720573-0.18173360254726306i
1+0i,-0.07318892418770699-0.20079602711079853i
1+0i,-0.20297759296453294-0.06651614752570242i
1+0i,-0.1776337022078781+0.11840144271899573i
1+0i,-0.016684702870685617+0.21270233435562344i
1+0i,0.15681982206849737+0.14448505598935585i
1+0i,0.21038408955419213-0.03397567983437358i
1+0i,0.10324734177825377-0.186287202634633i
1+0i,-0.08259848335270653-0.196181676627022i
1+0i,-0.2051581085089702-0.056271097698500534i
1+0i,-0.1709259073206817+0.12643911406309155i
1+0i,-0.00622603777267422+0.21239040865101394i
1+0i,0.16302998107058206+0.1360709890227462i
1+0i,0.20760289099139317-0.04405082169100878i
1+0i,0.09361073301008757-0.19031952215219938i
1+0i,-0.09171615214314063-0.19109526755342443i
1+0i,-0.2067873360701234-0.045964400574362796i
1+0i,-0.16382956636197837+0.134081274536424i
1+0i,0.004161271369677047+0.2115289542003292i
1+0i,0.16876397154805287+0.12737405773996618i
1+0i,0.20430552142590033-0.05392598877344387i
1+0i,0.08381298403659458-0.1938225699602111i
1+0i,-0.10051700186926206-0.18555565736187327i
1+0i,-0.20786473920576903-0.03562729264544672i
1+0i,-0.15636891998489588+0.14130824276678183i
1+0i,0.014446796768463221+0.210124904397008i
1+0i,0.17400848674616975+0.11842247217716531i
1+0i,0.20050596695791065-0.06357332043541555i
1+0i,0.07388463384796262-0.19679016993077686i
1+0i,-0.10897734511206936-0.17958306054372572i
1+0i,-0.20839161418506613-0.02529087023493584i
1+0i,-0.14856922816867496+0.1481018656721182i
1+0i,0.024600684756189158+0.20818693656549267i
1+0i,0.17875194581567194+0.10924506556210171i
1+0i,0.19621976775606936-0.07296592978195136i
1+0i,0.06385641319317902-0.1992179687762681i
1+0i,-0.11707481037879916-0.17319896597211704i
1+0i,-0.20837107097027666-0.014985979834408192i
1+0i,-0.140456672214323+0.15444557107122414i
1+0i,0.03459375757184251+0.2057254272681458i
1+0i,0.1829845213683755+0.09987118668653902i
1+0i,0.1914639503537374-0.08207799167133076i
1+0i,0.05375913361900857-0.20110343700591277i
1+0i,-0.12478841123026391-0.16642605018522455i
1+0i,-0.2078080075830732-0.004743110278018076i
1+0i,-0.132058254109903+0.1603244139574171i
1+0i,0.044397611781231076+0.20275240163832972i
1+0i,0.18669816025868213+0.09033059124658212i
1+0i,0.18625695495976308-0.09088482602270535i
1+0i,0.043623577131210844-0.20244586306743806i
1+0i,-0.13209860966251222-0.1592880869605482i
1+0i,-0.20670907801262645+0.005407712847406321i
1+0i,-0.1234016936763305+0.16572511631309841i
1+0i,0.053984712982392616+0.19928147698772464i
1+0i,0.18988659757109283+0.08065333257851447i
1+0i,0.18061855810792724-0.0993629761503343i
1+0i,0.033480386897245445-0.20324634075696546i
1+0i,-0.13898737355003715-0.15180985356134208i
1+0i,-0.20508265384661267+0.015437030169899384i
1+0i,-0.11451532390932245+0.1706361003696617i
1+0i,0.06332848646488307+0.19532780095607968i
1+0i,0.19254536382076007+0.07086965221594127i
1+0i,0.17456979098443642-0.10749028186769694i
1+0i,0.02335995940151967-0.20350775000604215i
1+0i,-0.14543822798300451-0.14401703404570393i
1+0i,-0.20293877982921488+0.02531604850517498i
1+0i,-0.10542798493619836+0.17504751524396786i
1+0i,0.0724034035109275+0.19090798449049115i
1+0i,0.19467178540077196+0.061009870690591134i
1+0i,0.16813285378653808-0.11524594712782815i
1+0i,0.01329233845451977-0.20323473117969568i
1+0i,-0.1514363003566321-0.13593612003657818i
1+0i,-0.20028912357210513+0.03501673747776436i
1+0i,-0.0961689170075934+0.17895125690932276i
1+0i,0.0811850630465692+0.18604002995880056i
1+0i,0.19626497833605128+0.051104278994034975i
1+0i,0.16133102647746317-0.12261060198997312i
1+0i,0.0033071114459342493-0.2024336530435663i
1+0i,-0.15696835909678686-0.1275943093569873i
1+0i,-0.19714691966510264+0.04451192245022245i
1+0i,-0.08676765294376644+0.18234098148547082i
1+0i,0.08965026837213343+0.1807432547178033i
1+0i,0.19732583542946439+0.04118303111085607i
1+0i,0.15418857631342953-0.1295663587270288i
1+0i,-0.006566691780803227-0.2011125745814773i
1+0i,-0.1620228459320031-0.11901940293916584i
1+0i,-0.19352690845275827+0.05377537343800347i
1+0i,-0.07725391045317909+0.18521211185850972i
1+0i,0.09777709872329601+0.1750382104716116i
1+0i,0.19785700691078867+0.03127603802551249i
1+0i,0.14673066252735728-0.1360968619130607i
1+0i,-0.016300697069159-0.1992812008670859i
1+0i,-0.1665899016483161-0.11023970041895939i
1+0i,-0.189445269761349+0.06278188970657411i
1+0i,-0.06765748473732032+0.18756183766764645i
1+0i,0.10554497543680769+0.1689465987686298i
1+0i,0.19786287472353276+0.021412863595322705i
1+0i,0.13898323856121803-0.14218733235537956i
1+0i,-0.025867280757297932-0.1969508332145139i
1+0i,-0.1706613852894693-0.10128389482786229i
1+0i,-0.18491955187767312+0.0715073797672864i
1+0i,-0.058008141790474664+0.1893891087213185i
1+0i,0.1129347225183189+0.1624911829972338i
1+0i,0.19734952060815153+0.011622622670747873i
1+0i,0.13097295224458422-0.14782460476111747i
1+0i,-0.035239660821545546-0.19413431385296231i
1+0i,-0.1742308867910843-0.0921809667944277i
1+0i,-0.17996859609657084+0.079928936509413i
1+0i,-0.04833551279626007+0.19069462193027362i
1+0i,0.11992862143370162+0.15569569725024837i
1+0i,0.1963246881628356+0.0019338818314780307i
1+0i,0.12272704432091716-0.15299715905386654i
1+0i,-0.04439198404172884-0.1908459653892315i
1+0i,-0.17729373306314275-0.08296007866449634i
1+0i,-0.17461245716815477+0.08802490722742233i
1+0i,-0.03866899001437923+0.1914808018696211i
1+0i,0.12651045996964244+0.1485847524367912i
1+0i,0.1947977390847222-0.007625436907155211i
1+0i,0.11427324572548535-0.15769514528158823i
1+0i,-0.053299408893358394-0.18710152533969876i
1+0i,-0.17984698756057702-0.07365046894582084i
1+0i,-0.1688723199883679+0.09577495832496778i
1+0i,-0.02903762454117379+0.1917517751055971i
1+0i,0.1326655750340254+0.14118374002689196i
1+0i,0.1927796038149946-0.017028149078144414i
1+0i,0.10563967401950974-0.1619104020826166i
1+0i,-0.06193818389131052-0.1829180760296508i
1+0i,-0.18188944340672467-0.0642813474772066i
1+0i,-0.16277041288756328+0.10316013450008138i
1+0i,-0.01947002631629642+0.19151333844567298i
1+0i,0.13838088929155432+0.13351873381953092i
1+0i,0.19028272683083186-0.026247897114274124i
1+0i,0.0968547293842349-0.16563646870201693i
1+0i,-0.07028572113026005-0.17831397017282044i
1+0i,-0.18342161015887648-0.054881791715320975i
1+0i,-0.15632991788138176+0.11016291223957594i
1+0i,-0.009994266735210179+0.19077292129266657i
1+0i,0.14364494155518817+0.1256163901283911i
1+0i,0.18732100684547565-0.03525923576170381i
1+0i,0.08794699057612208-0.16886859057574186i
1+0i,-0.07832066478843293-0.17330875245751864i
1+0i,-0.1844456943289104-0.045480644523873466i
1+0i,-0.14957487825621224+0.11676724747460403i
1+0i,-0.0006377842133248185+0.18953954230454345i
1+0i,0.14844791087904088+0.1175038467816261i
1+0i,0.18390973219475681-0.044037713268799475i
1+0i,0.07894511124033052-0.17160371852485992i
1+0i,-0.08602295438330634-0.16792307747787494i
1+0i,-0.18496557379513712-0.03610641383999047i
1+0i,-0.14253010386797413+0.12295861727355821i
1+0i,0.008572706967517996+0.18782376058162634i
1+0i,0.15278163432346945+0.10920862133241568i
1+0i,0.180065511704184-0.05255994808275937i
1+0i,0.06987771697405826-0.17384050162649872i
1+0i,-0.09337388259046105-0.16217862435930544i
1+0i,-0.1849867662637262-0.026787174581379414i
1+0i,-0.13522107453783+0.12872405547294943i
1+0i,0.017611304215731954+0.1856376216217986i
1+0i,0.15663961838790869+0.10075850887592194i
1+0i,0.17580620134512212-0.06080370080684962i
1+0i,0.06077330352428157-0.175579273851958i
1+0i,-0.1003561474598895-0.15609800843646846i
1+0i,-0.1845163919595034-0.017550473145324656i
1+0i,-0.12767384193177148+0.1340521821714606i
1+0i,0.02645300029263865+0.18299459830204956i
1+0i,0.16001704413162945+0.09218147986561187i
1+0i,0.17115082700164008-0.06874794119204858i
1+0i,0.051660136495934705-0.17682203458565868i
1+0i,-0.10695389888753054-0.14970469034956024i
1+0i,-0.18356313074633418-0.008423234836785282i
1+0i,-0.11991493031274504+0.13893322703693906i
1+0i,0.035073762802143485+0.1799095271611892i
1+0i,0.16291076602679844+0.0835055783177007i
1+0i,0.16611950368121892-0.07637290995854275i
1+0i,0.04256615293671899-0.17757242316104976i
1+0i,-0.11315277922355133-0.1430228829309111i
1+0i,-0.18213717389673964+0.0005683254520666876i
1+0i,-0.11197123655421307+0.14335904640055755i
1+0i,0.04345060924759409+0.1763985402738204i
1+0i,0.16531930461200275+0.07475882078682836i
1+0i,0.1607333515127047-0.08366017526469989i
1+0i,0.03351886515354206-0.1778356875712705i
1+0i,-0.1189399579228379-0.13607745625835735i
1+0i,-0.18025017074869268+0.009398789004578773i
1+0i,-0.10386992980270124+0.14732313413667364i
1+0i,0.05156167741592961+0.17247899301955014i
1+0i,0.16724283303760445+0.0659690964889576i
1+0i,0.1550144088835912-0.0905926836637801i
1+0i,0.02454526710315115-0.17761864753317053i
1+0i,-0.1243041601671729-0.12889384125492284i
1+0i,-0.17791517050473304+0.018043615195343893i
1+0i,-0.09563835117407088+0.15082062635090315i
1+0i,0.05938629086983537+0.16816938806398526i
1+0i,0.16868315761688285+0.05716406893900837i
1+0i,0.1489855430759614-0.097154805411644i
1+0i,0.01567174368588055-0.17692965210312944i
1+0i,-0.12923568941260635-0.12149793221581556i
1+0i,-0.17514655944450597+0.02647921928763345i
1+0i,-0.08730391386395184+0.1538482999225767i
1+0i,0.06690501934986151+0.16348929587926386i
1+0i,0.16964369251879347+0.04837107946091784i
1+0i,0.14267035876615436-0.10333237401197573i
1+0i,0.006923983256687525-0.175778532061975i
1+0i,-0.13372644383941945-0.11391598864376008i
1+0i,-0.17195999383654856+0.03468304586004623i
1+0i,-0.07889400404704014+0.1564045649708944i
1+0i,0.07409973391021181+0.15845927214157668i
1+0i,0.1701294287592434+0.03961705291671371i
1+0i,0.13609310475746994-0.10911271990894106i
1+0i,-0.0016731063481594116-0.17417654730404705i
1+0i,-0.13776992670580637-0.10617453677218339i
1+0i,-0.16837232884858694+0.04263363762945899i
1+0i,-0.07043588293285108+0.15848945133672898i
1+0i,0.08095365663410158+0.15310077235152633i
1+0i,0.17014689766800717+0.030928405988866634i
1+0i,0.1292785793179991-0.11448469826071624i
1+0i,-0.010095477987154433-0.17213632948211793i
1+0i,-0.14136125062982355-0.09830027115284075i
1+0i,-0.16440154376771873+0.050310699457612316i
1+0i,-0.06195659033704043+0.16010458919402584i
1+0i,0.08745140479709201+0.14743606403002024i
1+0i,0.1697041290276926+0.02233095833672258i
1+0i,0.12225203449693106-0.11943871075076701i
1+0i,-0.018320021328476488-0.16967182017532076i
1+0i,-0.1444971358471855-0.09031995668006754i
1+0i,-0.16006666385259552+0.057695157349479734i
1+0i,-0.05348285011766192+0.16125318392600987i
1+0i,0.09357902936955821+0.14148813684783404i
1+0i,0.16881060409944554+0.01384984693326364i
1+0i,0.11503907979252673-0.12396672141712098i
1+0i,-0.02632463465831187-0.16679820486148902i
1+0i,-0.14717590251509205-0.08226033141809828i
1+0i,-0.15538767914910162+0.06476921227288888i
1+0i,-0.045040977814718844+0.16193998542193874i
1+0i,0.09932404777235679+0.13528061105096748i
1+0i,0.16747720376732753+0.005509443872880479i
1+0i,0.10766558554329841-0.12806226650301064i
1+0i,-0.03408829215636422-0.16353184298828397i
1+0i,-0.14939745715429828-0.07414801059076902i
1+0i,-0.15038546060900673+0.07151638865058947i
1+0i,-0.03665679081921082+0.16217125196978224i
1+0i,0.10467547082271475+0.12883764454644994i
1+0i,0.16571615204942863-0.002666722075660953i
1+0i,0.10015758641092304-0.13172045835513344i
1+0i,-0.041591106432157916-0.15989019444917085i
1+0i,-0.15116327334305438-0.06600939208449734i
1+0i,-0.1450816738576337+0.07792157739798469i
1+0i,-0.02835552138458293+0.16195470893894467i
1+0i,0.1096238238302786+0.12218383901432896i
1+0i,0.16354095523876386-0.010656039914228178i
1+0i,0.09254118531895603-0.1349379834182275i
1+0i,-0.04881438613617182-0.15589174278065993i
1+0i,-0.15247636679726664-0.05787056380576981i
1+0i,-0.13949869096173312+0.08397107340200312i
1+0i,-0.02016173277915618+0.16129950246491392i
1+0i,0.11416116182606276+0.11534414541125974i
1+0i,0.16096633695075996-0.01843688661962059i
1+0i,0.08484245820565814-0.13771309439668813i
1+0i,-0.055740688480696826-0.151555915406244i
1+0i,-0.15334126499116935-0.04975721322349873i
1+0i,-0.13365950055250367+0.08965260735896619i
1+0i,-0.012099238862817857+0.16021614836444512i
1+0i,0.11828107892962605+0.10834376922936978i
1+0i,0.15800816936672102-0.02598869288730028i
1+0i,0.0770873599421536-0.14004559667542288i
1+0i,-0.06235386652657739-0.14690300126012384i
1+0i,-0.1537639714919259-0.041694539414599635i
1+0i,-0.12758761666102644+0.09495537191174612i
1+0i,-0.004191027355037569+0.15871647652554197i
1+0i,0.12197871188208899+0.10120807587096928i
1+0i,0.15468340097391384-0.03329200421414932i
1+0i,0.06930163175878787-0.14193682911298547i
1+0i,-0.06863911111353496-0.1419540661300774i
1+0i,-0.1537519251997624-0.03370716791806986i
1+0i,-0.1213069866242967+0.09987004204887359i
1+0i,0.00354081295575142+0.15681357103100343i
1+0i,0.12525073779452503+0.09396249649521408i
1+0i,0.15100998111293096-0.04032853713983089i
1+0i,0.0615107105129962-0.14338963934021712i
1+0i,-0.07458298733353241-0.1367308660637499i
1+0i,-0.15331395470252654-0.025819068688745932i
1+0i,-0.11484189841960811+0.10438878975053012i
1+0i,0.011075160829162253+0.1545217062876741i
1+0i,0.12809536618271386+0.08663243468707837i
1+0i,0.1470067816516635-0.047081230486757324i
1+0i,0.05373964012127641-0.14440835371702587i
1+0i,-0.08017346546851027-0.13125575918615967i
1+0i,-0.1524602279697912-0.018053477426899306i
1+0i,-0.10821688778320489+0.10850529288838552i
1+0i,0.018391926802452326+0.1518562794456684i
1+0i,0.13051232538016286+0.07924317429194203i
1+0i,0.14269351611256728-0.05353429145945807i
1+0i,0.04601298546603035-0.14499874211852282i
1+0i,-0.08539994633572684-0.1255516162783665i
1+0i,-0.15120219762681456-0.01043282054391053i
1+0i,-0.10145664546598065+0.11221473840798717i
1+0i,0.025472112837960727+0.14883373940276187i
1+0i,0.13250284344162278+0.07181978875086195i
1+0i,0.1380906565859372-0.05967323648520489i
1+0i,0.03835474907518662-0.14516797773946277i
1+0i,-0.09025328100579477-0.11964173046805361i
1+0i,-0.14955254206276136-0.0029786440075785306i
1+0i,-0.09458592497453348+0.11551381984377668i
1+0i,0.03229786721318377+0.14547151269879596i
1+0i,0.13406962366897052+0.06438705226214678i
1+0i,0.1332193487665788-0.06548492669901425i
1+0i,0.030788290858676355-0.14492459212269457i
1+0i,-0.09472578488022604-0.11354972638221769i
1+0i,-0.14752510264053614+0.004288453706815104i
1+0i,-0.08762945114017148+0.11840072923773173i
1+0i,0.038852534498275595+0.14178792661332434i
1+0i,0.13521681491021775+0.056969353084315104i
1+0i,0.12810132545460776-0.07095759799751274i
1+0i,0.023336251171079847-0.14427842563313542i
1+0i,-0.09881124613679827-0.10729946911029081i
1+0i,-0.14513481728735075+0.011348884351630634i
1+0i,-0.08061182985149237+0.12087514355301596i
1+0i,0.04512070048608033+0.1378021297868207i
1+0i,0.1359499768005183+0.04959060928388571i
1+0i,0.12275881886311964-0.07608088560754116i
1+0i,0.016020477454182454-0.1432405736135269i
1+0i,-0.10250492857227306-0.10091497332284638i
1+0i,-0.14239765075572747+0.01818412813875793i
1+0i,-0.07355745927802462+0.12293820569382118i
1+0i,0.05108823196039456+0.13353401069154866i
1+0i,0.13627604013127076+0.042274187218826614i
1+0i,0.11721447207615232-0.08084584313671685i
1+0i,0.008861954696807575-0.1418233284719259i
1+0i,-0.10580356889283657-0.09442031288660732i
1+0i,-0.13933052185397984+0.024776787297984465i
1+0i,-0.06649044290312053+0.12459250026171739i
1+0i,0.056742311208927435+0.12900411428268288i
1+0i,0.13620326254973789+0.0350428230349109i
1+0i,0.11149124999974705-0.08524495609436535i
1+0i,0.0018807399322443921-0.14004011796344146i
1+0i,-0.10870536852302379-0.0878395313107942i
1+0i,-0.13595122795332312+0.031110634811077884i
1+0i,-0.05943450467393557+0.1258420241972441i
1+0i,0.06207146520830335+0.12423355716346274i
1+0i,0.13574117980697606+0.027918547437779245i
1+0i,0.10561235014700843-0.08927214989222726i
1+0i,-0.004904099024093847-0.1379054399401781i
1+0i,-0.11120998002377952-0.08119655335299904i
1+0i,-0.13227836708561533+0.03717065819070278i
1+0i,-0.052412906564902745+0.1266921524730922i
1+0i,0.06706558942933165+0.11924394160002508i
1+0i,0.13490055278620014+0.020922613988228034i
1+0i,0.09960111359488472-0.0929227923550387i
1+0i,-0.011474540412383077-0.1354347938535796i
1+0i,-0.11331848822959695-0.07451509810473267i
1+0i,-0.12833125795130323+0.04294309819339424i
1+0i,-0.04544836883873828+0.12714959902201659i
1+0i,0.07171596623160827+0.1140572687221817i
1+0i,0.13369331055704037+0.014075431152242045i
1+0i,0.09348093644601481-0.09619369079141352i
1+0i,-0.0178136607757614-0.13264460930245775i
1+0i,-0.1150333862333368-0.06781859386769121i
1+0i,-0.12412985816147727+0.0484154823761169i
1+0i,-0.038562993275706337+0.12722237309851475i
1+0i,0.07601527783720922+0.10869585124572861i
1+0i,0.13213248971334673+0.007396498320584567i
1+0i,0.08727518212336158-0.09908308369535697i
1+0i,-0.02390568247076323-0.12955217192782914i
1+0i,-0.11635854636527071-0.0611300951215947i
1+0i,-0.11969468104097374+0.05357665342630853i
1+0i,-0.031778189627724045+0.12691973128826078i
1+0i,0.07995761389371389+0.10318222604995758i
1+0i,0.13023217026332637+0.0009043459954797481i
1+0i,0.08100709481861984-0.10159062716812674i
1+0i,-0.02973601631361583-0.12617554696232552i
1+0i,-0.1172991863300641-0.05447220187326582i
1+0i,-0.11504671132126015+0.058416792215720784i
1+0i,-0.025114605538933715+0.1262521253932582i
1+0i,0.08353847365700125+0.09753906694089592i
1+0i,0.12800740835075808-0.005383519675912628i
1+0i,0.0746997144075003-0.10371737616898678i
1+0i,-0.035291299254870984-0.1225335007473393i
1+0i,-0.11786183068178299-0.04786698166449533i
1+0i,-0.1102073200523701+0.06292743554870328i
1+0i,-0.018592060158707936+0.12523114643363467i
1+0i,0.08675476284410458+0.09178909792645641i
1+0i,0.12547416609484707-0.011450667859807862i
1+0i,0.06837579313604172-0.10546576072158757i
1+0i,-0.04055942699465309-0.11864542053524552i
1+0i,-0.11805426783250202-0.04133589450320857i
1+0i,-0.10519817906246395+0.06710148859578716i
1+0i,-0.012229481656730205+0.12386946501889794i
1+0i,0.08960478522581793+0.08595500732418485i
1+0i,0.12264923884390962-0.017281789343126498i
1+0i,0.06205771437213248-0.10683955722021335i
1+0i,-0.04552958147072761-0.11453123289697202i
1+0i,-0.11788550280466112-0.03489972096860689i
1+0i,-0.10004117529167564+0.0709332320234259i
1+0i,-0.006044848832883708+0.12218076835229762i
1+0i,0.09208822904768749+0.08005936301564515i
1+0i,0.11955018014453105-0.022862738066062406i
1+0i,0.055767413705466964-0.10784385499688662i
1+0i,-0.0501922531715126-0.11021132105689793i
1+0i,-0.11736570595094341-0.028578493726329427i
1+0i,-0.09475832532380174+0.07441832385046701i
1+0i,-0.000055136997261930054+0.12017969414163768i
1+0i,0.09420614838638067+0.0741245291537753i
1+0i,0.11619522473307102-0.02818056777529704i
1+0i,0.04952630266729293-0.108485018326286i
1+0i,-0.054539258246027955-0.10570644147756658i
1+0i,-0.1165061578780864-0.02239143267437046i
1+0i,-0.08937169043512823+0.07755379608130505i
1+0i,0.005723731722254396+0.11788176169847754i
1+0i,0.09596093956618718+0.0681725846207751i
1+0i,0.1126032098604605-0.033223563712650575i
1+0i,0.043355195328572266-0.10877064406055396i
1+0i,-0.05856375040251195-0.10103764001598883i
1+0i,-0.11531919082263806-0.016356883924526222i
1+0i,-0.0839032924742884+0.08033804618462873i
1+0i,0.011276933505644078+0.11530330051508708i
1+0i,0.09735631277749698+0.06222524352433016i
1+0i,0.10879349526406754-0.03798126927339937i
1+0i,0.03727423802162293-0.10870951510027967i
1+0i,-0.06226022760696781-0.09622616797142514i
1+0i,-0.11381812673721747-0.010492262807618493i
1+0i,-0.07837503088054446+0.08277082350515057i
1+0i,0.016590783278948522+0.11246137661480102i
1+0i,0.09839725905544622+0.05630377800925737i
1+0i,0.1047858821020631-0.042444507587964225i
1+0i,0.03130284241603298-0.10831154992126488i
1+0i,-0.06562453361216826-0.09129339834149196i
1+0i,-0.11201721235532666-0.004814001073718946i
1+0i,-0.07280860114034526+0.08485321071365365i
1+0i,0.021652770363125292+0.1093737169765393i
1+0i,0.09909001279252982+0.050428943650060856i
1+0i,0.10060053116621409-0.04660539800008304i
1+0i,0.025459622164655915-0.10758774838899199i
1+0i,-0.06865385436657108-0.0862607425992622i
1+0i,-0.10993155151112537+0.0006625015588638556i
1+0i,-0.06722541497342682+0.08658760041804178i
1+0i,0.026451589250573396+0.10605863233820012i
1+0i,0.09944200997372188+0.044620907677423965i
1+0i,0.0962578806883077-0.05045736743386507i
1+0i,0.01976233331989763-0.10655013410406228i
1+0i,-0.07134670937112746-0.08114956829874227i
1+0i,-0.10757703499784801+0.005922921369899102i
1+0i,-0.06164652253018994+0.08797766707475937i
1+0i,0.030977165445359774+0.10253493868641297i
1+0i,0.0994618423365636+0.03889918027843345i
1+0i,0.09177856405358928-0.053995156661214884i
1+0i,0.014227818704367567-0.10521169353218382i
1+0i,-0.07370293807001982-0.07598111780977264i
1+0i,-0.10497026825467842+0.010954050001022047i
1+0i,-0.05609253687161961+0.08902833435595449i
1+0i,0.03522067632220096+0.0988218777417755i
1+0i,0.09915920767166693+0.03328254919637051i
1+0i,0.08718332773160817-0.05721482149993847i
1+0i,0.008871956403316353-0.10358631218154218i
1+0i,-0.07572368137891367-0.07077642847600235i
1+0i,-0.10212849717690214+0.015743829117521174i
1+0i,-0.05058356099166364+0.0897457381429829i
1+0i,0.03917456697823271+0.09493903674914085i
1+0i,0.09854485649114748+0.027789017841258146i
1+0i,0.08249294973079883-0.06011372899135335i
1+0i,0.003709612529218328-0.1016887080985964i
1+0i,-0.0774113584712614-0.06555625448123822i
1+0i,-0.09906953234802315+0.020281380287137385i
1+0i,-0.04513911762983567+0.09013718533129846i
1+0i,0.042832561070443545+0.09090626788188118i
1+0i,0.09763053530358934+0.022435747107130262i
1+0i,0.07772815887796725-0.06269054862432916i
1+0i,-0.0012454016085547068-0.09953436296044033i
1+0i,-0.07876963895952493-0.060340990700132435i
1+0i,-0.09581167199526282+0.024557030013473244i
1+0i,-0.039778082108863785+0.09021110864537096i
1+0i,0.04618966665031858+0.08674360756724157i
1+0i,0.09642892674423766+0.017239001076193573i
1+0i,0.0729095552176639-0.06494523869035804i
1+0i,-0.005980367813739229-0.09713945104789602i
1+0i,-0.07980341062383195-0.05515059879896367i
1+0i,-0.0923736239714711+0.02856232988021703i
1+0i,-0.0345186184185727+0.08997701767500431i
1+0i,0.04924217702566091+0.08247119603702949i
1+0i,0.09495358681820157+0.012214096773799504i
1+0i,0.06805753181923045-0.06687902787141131i
1+0i,-0.010483694695562193-0.09452076638841586i
1+0i,-0.08051874285549093-0.05000453584118877i
1+0i,-0.08877442706694458+0.03229007178093764i
1+0i,-0.02937811875288318+0.0894454463562287i
1+0i,0.05198766669764422+0.07810919740390014i
1+0i,0.09321887952246595+0.00737535812145537i
1+0i,0.063192198271133-0.06849439217893523i
1+0i,-0.014744946664287148-0.09169564836167285i
1+0i,-0.08092284599693457-0.044921685640560725i
1+0i,-0.08503337195403352+0.03573429822764598i
1+0i,-0.024373146691929866+0.088627897130823i
1+0i,0.05442498243888852+0.07367772055850333i
1+0i,0.0912399091195159+0.002736074218081405i
1+0i,0.05833330613311225-0.06979502737833058i
1+0i,-0.01875486816888398-0.08868190606343018i
1+0i,-0.081024026772982-0.039920293091984506i
1+0i,-0.08116992206569076+0.038890307749587606i
1+0i,-0.019519384205864177+0.08753678202841898i
1+0i,0.056554229595640666+0.06919674117671869i
1+0i,0.08903245034127666-0.00169153793759853i
1+0i,0.05350017660670442-0.0707858170485804i
1+0i,-0.022505403133983228-0.08549774172487283i
1+0i,-0.08083164002078952-0.03501790169694939i
1+0i,-0.0772036347063248+0.041754655411751385i
1+0i,-0.01483158264102337+0.08618536092405102i
1+0i,0.058376753713943456+0.06468602511919846i
1+0i,0.08661287680692062-0.005896366188185589i
1+0i,0.04871163067387598-0.07147279644130733i
1+0i,-0.025989709571429077-0.08216167348509291i
1+0i,-0.08035603693744538-0.030231294486415143i
1+0i,-0.07315408268947086+0.04432514850030108i
1+0i,-0.010323517832825153+0.08458767723191171i
1+0i,0.05989511760594475+0.06016505349747505i
1+0i,0.08399808794185715-0.009868431344597292i
1+0i,0.043985921941922176-0.071863112317413i
1+0i,-0.029202169359804814-0.07869245781385052i
1+0i,-0.07960851007483702-0.02557643852947077i
1+0i,-0.0690407767919372+0.04660083743950102i
1+0i,-0.006007949473110785+0.08275849130295435i
1+0i,0.06111307398816274+0.055652949672037995i
1+0i,0.08120543468790747-0.013598910639052764i
1+0i,0.03934067242044304-0.07196497895251626i
1+0i,-0.03213839320317842-0.07510901188008112i
1+0i,-0.07860123532115079-0.02106843320101173i
1+0i,-0.06488308930820884+0.04858200202165232i
1+0i,-0.0018965848426999235+0.08071321179980463i
1+0i,0.062035533838557685+0.05116840843804371i
1+0i,0.07825264429627746-0.017080156461999146i
1+0i,0.03479281144319584-0.07178763051466683i
1+0i,-0.034795220797980655-0.07143033615893782i
1+0i,-0.07734721111713061-0.016721462366136048i
1+0i,-0.06070017898208011+0.050270133048031365i
1+0i,0.0019999529972272202+0.0784678253272453i
1+0i,0.06266853063359772+0.04672962764378441i
1+0i,0.07515774449548662-0.020305710358706614i
1+0i,0.030358517933971235-0.0713412700291885i
1+0i,-0.037170716254291816-0.06767543756644022i
1+0i,-0.07586019516300471-0.012548750623008746i
1+0i,-0.05651091758473539+0.05166790949477075i
1+0i,0.005672152478628626+0.07603882460026698i
1+0i,0.06301918064012609+0.0423542424757239i
1+0i,0.07193898732590534-0.023270312278942145i
1+0i,0.026053166201421268-0.07063701515601031i
1+0i,-0.039264158834834334-0.0638632534060798i
1+0i,-0.0741546388787684-0.008562523729652678i
1+0i,-0.05233381839985819+0.05277917133300192i
1+0i,0.009111636206111301+0.07344313543436308i
1+0i,0.06309563944968184+0.03805926263185545i
1+0i,0.06861477293098804-0.025969905090662503i
1+0i,0.02189127543301926-0.06968684101442185i
1+0i,-0.04107602909159792-0.0600125764060489i
1+0i,-0.07224561988628538-0.004773973323535099i
1+0i,-0.048186966866868894+0.05360888814734036i
1+0i,0.012311179001032072+0.070698042844391i
1+0i,0.06290705495497066+0.033861012592430385i
1+0i,0.06520357359272322-0.028401634385976884i
1+0i,0.017886463043130036-0.06850352029883015i
1+0i,-0.04260799049618365-0.05614198111912286i
1+0i,-0.07014877278641961-0.001193226026026454i
1+0i,-0.04408795362310341+0.054163123710880334i
1+0i,0.015264721286192096+0.06782111653890921i
1+0i,0.06246351697939262+0.029775075183761074i
1+0i,0.06172385829523433-0.03056384362466512i
1+0i,0.01405140201456332-0.0671005609367845i
1+0i,-0.043862866675623065-0.05226975194969087i
1+0i,-0.06788021850812918+0.002170682993168655i
1+0i,-0.04005381017469101+0.054448996688257756i
1+0i,0.017967377804472114+0.06483013609646499i
1+0i,0.06177600378087468+0.02581623861689557i
1+0i,0.05819401809589676-0.032456064677248424i
1+0i,0.01039778235702397-0.06549214154723816i
1+0i,-0.044844614380536926-0.04841381306401267i
1+0i,-0.06545649250915953+0.005309831933571844i
1+0i,-0.0361009474141346+0.05447463765098441i
1+0i,0.0204154416819469+0.06174301610885029i
1+0i,0.06085632566070787+0.021998447168538778i
1+0i,0.05463229257783095-0.0340790038459281i
1+0i,0.006936276789639716-0.06369304496274245i
1+0i,-0.04555829232700572-0.044591660430538686i
1+0i,-0.06289447210963726+0.008217429722558341i
1+0i,-0.03224509719016365+0.054249142601113666i
1+0i,0.022606383863004384+0.058577731573877835i
1+0i,0.059717065916626774+0.0183347556567195i
1+0i,0.051056697651177624-0.035434523457598364i
1+0i,0.003676510738280082-0.061718590083993316i
1+0i,-0.046010026067394835-0.040820296227095446i
1+0i,-0.06021130324052915+0.01088782879122054i
1+0i,-0.028501257122394076+0.05378252321035453i
1+0i,0.02453884796173253+0.05535224381679084i
1+0i,0.0583715193869703+0.014837287848411387i
1+0i,0.04748495496323826-0.03652561913853633i
1+0i,0.0006270367217431905-0.05958456233887548i
1+0i,-0.046206969058556285-0.0371161658409429i
1+0i,-0.0574243268885638+0.013316533260653688i
1+0i,-0.02488363883972148+0.0530856539919546i
1+0i,0.02621264059024346+0.05208442721500423i
1+0i,0.05683362883941405+0.011517198920698996i
1+0i,0.04393442316936711-0.03735639289523884i
1+0i,-0.0022046868158442628-0.057307143020872586i
1+0i,-0.04615726010829223-0.033495097676235375i
1+0i,-0.05455100551786477+0.01550020254873205i
1+0i,-0.02140561980726067+0.05217021663201695i
1+0i,0.027628717240659753+0.048791996995539474i
1+0i,0.05511791946346009+0.008384642081155455i
1+0i,0.0404220313074908-0.03793202214016068i
1+0i,-0.004812312185871123-0.05490283778342648i
1+0i,-0.045869977392663505-0.029972245971255973i
1+0i,-0.05160884974619873+0.0174366504241361i
1+0i,-0.018079698892072876+0.051048641715360145i
1+0i,0.0287891638131076+0.04549243836825409i
1+0i,0.053239431730573286+0.0054487394369559915i
1+0i,0.03696421450934039-0.038258724814774346i
1+0i,-0.007190614625561921-0.05238840456755144i
1+0i,-0.045355089247642214-0.026562036815046316i
1+0i,-0.04861534555043813+0.01912483955083932i
1+0i,-0.014917455802947174+0.04973404808857363i
1+0i,0.02969717389723093+0.04220293725084469i
1+0i,0.05121365288960335+0.002717557185931037i
1+0i,0.03357685227094533-0.038343720775365187i
1+0i,-0.009335499950724316-0.0497807812397386i
1+0i,-0.04462340194869983-0.023278117539737648i
1+0i,-0.0455878822715861+0.02056487158240662i
1+0i,-0.011929514524183109+0.04824018010952648i
1+0i,0.030357021929373347+0.03894031283361785i
1+0i,0.049056447367878155+0.00019808518633066506i
1+0i,0.030275209493717047-0.038195189619279195i
1+0i,-0.011244007700471282-0.04709701321593537i
1+0i,-0.04368650470116637-0.020133309651062872i
1+0i,-0.04254368168453911+0.02175797288125466i
1+0i,-0.009125510847708589+0.04658134303825938i
1+0i,0.030774032361668837+0.035720952223249114i
1+0i,0.04678398635012791-0.002103779054426637i
1+0i,0.02707388049555879-0.03782222514089871i
1+0i,-0.012914309799882142-0.04435418134516519i
1+0i,-0.042556712072575734-0.017139565445249517i
1+0i,-0.03949972839169437+0.02270647595341637i
1+0i,-0.006514064092019169+0.04477233682890571i
1+0i,0.030954544992753893+0.032560747395179696i
1+0i,0.044412676808193906-0.004183241948237076i
1+0i,0.02398673617896585-0.03723478661741664i
1+0i,-0.014345704782751281-0.04156933032319187i
1+0i,-0.04124700410570151-0.01430792844581492i
1+0i,-0.03647270179257721+0.023413796704290293i
1+0i,-0.004102753080399403+0.0428283885860441i
1+0i,0.03090587662265435+0.029475034674025513i
1+0i,0.041959090254294736-0.006036620944683966i
1+0i,0.02102687453002841-0.03644364713447085i
1+0i,-0.015538607632477608-0.03875939790253016i
1+0i,-0.03977096435756515-0.011648497778744812i
1+0i,-0.03347890987389739+0.02388440763530561i
1+0i,-0.0018980964347355773+0.04076508395168494i
1+0i,0.030636279206556545+0.026478536950383946i
1+0i,0.03943989148948575-0.007661347208289234i
1+0i,0.018206574608708614-0.03546033917087356i
1+0i,-0.016494535314709367-0.03594114516010673i
1+0i,-0.03814271611536202-0.009170396589215856i
1+0i,-0.03053422505587549+0.024123807115331672i
1+0i,0.00009446277498559308+0.03859829769092308i
1+0i,0.03015489469360998+0.023585308830803422i
1+0i,0.03687176761684695-0.009055963879797251i
1+0i,0.015537254176751702-0.03429709766998976i
1+0i,-0.01721608809054289-0.03313108807798409i
1+0i,-0.03637685704498004-0.006881744587447016i
1+0i,-0.027654022321347935+0.024138484873980372i
1+0i,0.0018705680016298382+0.03634412374515975i
1+0i,0.029471706747599472+0.02080868490544891i
1+0i,0.0342713575859177-0.010220119962591324i
1+0i,0.01302943109518625-0.03296680083276949i
1+0i,-0.01770692671381526-0.03034543068582192i
1+0i,-0.0344883925315692-0.004789634795515254i
1+0i,-0.024853119844106646+0.02393588387664377i
1+0i,0.0034269558046384416+0.0340188050217147i
1+0i,0.028597489556238826+0.018161231305217535i
1+0i,0.031655182530945035-0.011154559891026537i
1+0i,0.01069268860859925-0.03148290887400546i
1+0i,-0.017971745630302207-0.027600000006185052i
1+0i,-0.032492667974472304-0.0029001145510797435i
1+0i,-0.022145722322182832+0.02352435875314233i
1+0i,0.004761458054930712+0.03163866318761725i
1+0i,0.027543753944945494+0.015654700706765008i
1+0i,0.02903957716067709-0.011861108852813457i
1+0i,0.008535644618311406-0.029859400989047526i
1+0i,-0.01801624231036867-0.02491018303544534i
1+0i,-0.030405300300719848-0.001218170808000265i
1+0i,-0.019545367210400424+0.022913130963191607i
1+0i,0.005872999785330861+0.029220028733396325i
1+0i,0.026322691019231265+0.013299990930154989i
1+0i,0.02644062245172204-0.012342653952583032i
1+0i,0.006565925031264982-0.028110710782957564i
1+0i,-0.017847082859801466-0.022290865983913027i
1+0i,-0.02824210896224753+0.0002522802421532156i
1+0i,-0.017064874034538418+0.022112240892504978i
1+0i,0.0067615927265961846+0.0267791715698014i
1+0i,0.02494711356727477+0.0111071072596892i
1+0i,0.023874079890935068-0.012603121318328473i
1+0i,0.004790141255932521-0.02625166041791136i
1+0i,-0.017471864066118645-0.019756375988994414i
1+0i,-0.02601904668200592+0.0015083992196528i
1+0i,-0.014716296956899277+0.021132497083190357i
1+0i,0.007428324584601012+0.024332232416591763i
1+0i,0.023430395460797344+0.00908512860395771i
1+0i,0.021355327504923045-0.012647449266532199i
1+0i,0.0032138719009099414-0.02429739373755685i
1+0i,-0.016899072049579092-0.017320425504653025i
1+0i,-0.023752130213212732+0.002548425285047933i
1+0i,-0.012510880750032599+0.01998542281116292i
1+0i,0.007875344129404153+0.021895155237850385i
1+0i,0.021786409298038795+0.007242177596331993i
1+0i,0.018899297906597237-0.012481557655384432i
1+0i,0.0018416487161286577-0.02226330862900143i
1+0i,-0.016138037699360827-0.01499605955929324i
1+0i,-0.02145737137415302+0.0033716735700338374i
1+0i,-0.010459020321851578+0.01868320023154124i
1+0i,0.008105842181744965+0.019483620972739847i
1+0i,0.020029462537406863+0.005585394722046645i
1+0i,0.016520418579790933-0.012112313568554444i
1+0i,0.0006769468008548623-0.020164988884142594i
1+0i,-0.015198889085915053-0.012795606062421198i
1+0i,-0.019150708618173667+0.003978528349843528i
1+0i,-0.008570223921456963+0.017238612320406153i
1+0i,0.008124028596929428+0.01711298280423157i
1+0i,0.01817423237424336+0.00412091654274247i
1+0i,0.01423255461332968-0.011547493484437387i
1+0i,-0.0002778209130929986-0.018018135822161913i
1+0i,-0.014092501050291438-0.01073062932812581i
1+0i,-0.016847939394876752+0.004370432011549002i
1+0i,-0.006853080140701183+0.01566498284786819i
1+0i,0.007935105360039654+0.01479820320115575i
1+0i,0.016235699616108504+0.0028538580739185396i
1+0i,0.012048954085632297-0.010795742097637439i
1+0i,-0.0010213049101507965-0.015838499934193822i
1+0i,-0.012830442180258092-0.008811886970593631i
1+0i,-0.014564653553981049+0.004549869887666856i
1+0i,-0.005315228811923994+0.013976114623077004i
1+0i,0.00754523591987624+0.012553792960938979i
1+0i,0.01422908181402329+0.0017882993552224974i
1+0i,0.009982196289969958-0.009866527970620598i
1+0i,-0.0015532160946212588-0.013641812809454371i
1+0i,-0.011424919391263201-0.007049290313582476i
1+0i,-0.0123161680379463+0.004520351039129247i
1+0i,-0.003963335887440059+0.012186226256622011i
1+0i,0.006961510901991535+0.01039375247168318i
1+0i,0.012169765908232873+0.0009272762379446547i
1+0i,0.008044142978958602-0.008770096203952825i
1+0i,-0.0018743185872435175-0.011443719599491494i
1+0i,-0.009888720337699325-0.005451868442070004i
1+0i,-0.010117463103236662+0.004286385085965877i
1+0i,-0.0028030723712849947+0.01030988768968807i
1+0i,0.006191910353545186+0.008331515402797019i
1+0i,0.010073240647260883+0.00027277539853053003i
1+0i,0.00624589279475475-0.007517418323287709i
1+0i,-0.0019864183680061444-0.009259712273706137i
1+0i,-0.00823515388650105-0.00402773601022099i
1+0i,-0.007983120303083634+0.003853455197889013i
1+0i,-0.0018390973585081889+0.00836195474235159i
1+0i,0.005245262684473482+0.006379895023277644i
1+0i,0.00795502903831825-0.00017426642856726866i
1+0i,0.004597739038800272-0.006120139590270032i
1+0i,-0.0018923478333557008-0.007105063914914059i
1+0i,-0.006477988890828062-0.002784064905421298i
1+0i,-0.005927262456809163+0.0032279873703511142i
1+0i,-0.0010750452219675847+0.006357502935513628i
1+0i,0.004131200480582735+0.004551033335986327i
1+0i,0.005830621085525036-0.00041395902075182884i
1+0i,0.0031091309218755523-0.004590523952738166i
1+0i,-0.001595946350486406-0.00499476429848823i
1+0i,-0.004631391506433949-0.0017270598534686401i
1+0i,-0.003963495822229703+0.002417316124499039i
1+0i,-0.0005135169712006507+0.0043117608421759405i
1+0i,0.0028601133746110766+0.0028563532048986318i
1+0i,0.0037154070699002735-0.000447451077130298i
1+0i,0.0017886384217066411-0.00294139685702221i
1+0i,-0.0011020369055644765-0.0029434569925640254i
1+0i,-0.002709861297291806-0.0008619380351274244i
1+0i,-0.002104854678400474+0.001429646781748666i
1+0i,-0.00015607579256020495+0.002240043224063652i
1+0i,0.0014430981710260797+0.0013065136403986573i
1+0i,0.0016246116216997624-0.000276918520614526i
1+0i,0.0006439208614905406-0.0011860861517270233i
1+0i,-0.0004163989564846506-0.0009653782099325225i
1+0i,-0.0007281663801285577-0.0001929127692138332i
1+0i,-0.0003637485160274689+0.0002740144754053614i
1+0i,-0.0000032467644709952307+0.0001576842090024317i
1+0i,-0.00010809357068841125-0.00008863160475313419i
1+0i,-0.0004267711685649003+0.00009445124071993206i
1+0i,-0.0003183006915083582+0.0006616386818601215i
1+0i,0.0004542623859530516+0.000925702365387503i
1+0i,0.001298722140290079+0.00027681869778662055i
1+0i,0.001248087977707754-0.0010397599271730175i
1+0i,-0.00005452072642825507-0.0019200292370428257i
1+0i,-0.001781110281287467-0.0013200719890521905i
1+0i,-0.00242404135917694+0.0006624790115889476i
1+0i,-0.0010922671226235338+0.0025876287327085915i
1+0i,0.0015023507117805607+0.0027165385622882157i
1+0i,0.0033556961919955983+0.0005450832707880407i
1+0i,0.002719641964343842-0.002501116807972231i
1+0i,-0.0003083622652810653-0.003977923291738355i
1+0i,-0.0035630572351677036-0.002379674559090632i
1+0i,-0.0043528552509984435+0.0014220173712753193i
1+0i,-0.0016732009917550925+0.004577419052273779i
1+0i,0.002719416051606449+0.004394462311902536i
1+0i,0.005427576959249025+0.0006107359443152051i
1+0i,0.0040406663655358-0.004098807493671596i
1+0i,-0.0007622217674628042-0.006001002463689633i
1+0i,-0.005440555284906419-0.0032602146369293044i
1+0i,-0.0061992857373600295+0.0023669779900692073i
1+0i,-0.002057322225572875+0.006616292988817276i
1+0i,0.004096195841806875+0.0059474356463794145i
1+0i,0.007499181055547823+0.00047365960551006914i
1+0i,0.0052017204890970345-0.005820946460366472i
1+0i,-0.0014125514712048258-0.00797451374112713i
1+0i,-0.0073998012441437375-0.003955402719367144i
1+0i,-0.007949880688912702+0.00349036257800589i
1+0i,-0.002241859739893616+0.008689347214357193i
1+0i,0.005622658943566259+0.007364099921774326i
1+0i,0.009555386394573167+0.00013476072269246733i
1+0i,0.006194207230874008-0.007655065836856592i
1+0i,-0.0022548254384393385-0.00988400946276635i
1+0i,-0.00942662968107502-0.004459907504806741i
1+0i,-0.00959171916052855+0.00478429733081011i
1+0i,-0.0022250589672589156+0.010781557193416459i
1+0i,0.007288052533788579+0.008633822090749133i
1+0i,0.011581197509716767-0.0004040390447990977i
1+0i,0.007010406726817485-0.009588171988252467i
1+0i,-0.003283563352117668-0.01171540867741425i
1+0i,-0.011506575880743726-0.004769374977974087i
1+0i,-0.011112465216278098+0.006240070725767542i
1+0i,-0.0020061852798439325+0.012877842842256883i
1+0i,0.009080951676207018+0.00974673786236341i
1+0i,0.013561810075964187-0.0011398152649856619i
1+0i,0.007643506343176232-0.01160680395501023i
1+0i,-0.004492358031078224-0.013455056765468766i
1+0i,-0.013624939731116068-0.004880443497502311i
1+0i,-0.012500419178139308+0.007848174508622852i
1+0i,-0.0015855233129097677+0.014963134127692464i
1+0i,0.010989311372037212+0.010693791598354901i
1+0i,0.015482674391904977-0.0020686571148064298i
1+0i,0.008087626906638841-0.01369709351667905i
1+0i,-0.005873906541444365-0.015089783102804415i
1+0i,-0.015766850285586047-0.00479075484626682i
1+0i,-0.013744566114362493+0.009598347701592574i
1+0i,-0.0009643722090072028+0.017022436355865558i
1+0i,0.013000520881287647+0.011466772807904344i
1+0i,0.017329557584476296-0.0031856876455725693i
1+0i,0.008337845090442855-0.01584482664466615i
1+0i,-0.00742004477085908-0.01660695655563131i
1+0i,-0.017917330753112987-0.004498961219325696i
1+0i,-0.014834621394297712+0.011479623452211908i
1+0i,-0.00014503681801208458+0.019040894903539135i
1+0i,0.015101460098374231+0.012058349115917133i
1+0i,0.019088604304699608-0.00448508783911429i
1+0i,0.008390211886906663-0.01803550610419035i
1+0i,-0.009121785319707835-0.017994538603725397i
1+0i,-0.02006136366662885-0.004004728139315197i
1+0i,-0.015761073147943366+0.01348037853304259i
1+0i,0.0008691850972399518+0.02100385914748768i
1+0i,0.017278557759012315+0.01246209559328078i
1+0i,0.020746395689118433-0.00596012434788851i
1+0i,0.008241767111462822-0.020254414962321058i
1+0i,-0.010969358551887354-0.019241133898916254i
1+0i,-0.0221839559806688-0.00330873330412745i
1+0i,-0.016515221480454922+0.015588385293281083i
1+0i,0.0020740195854894884+0.022896945351457997i
1+0i,0.019517851249500433+0.012672520351336512i
1+0i,0.022290006368874744-0.007603180799206406i
1+0i,0.007890549898046524-0.022486680756608226i
1+0i,-0.012952256636680985-0.020336038075868007i
1+0i,-0.024270203850382824-0.0024126613866074977i
1+0i,-0.017089214304327176+0.01779086585505558i
1+0i,0.0034642370833455286+0.024706098274895366i
1+0i,0.021805047784476343+0.012685086316875727i
1+0i,0.023707059316330978-0.009405792531098382i
1+0i,0.007335605160552481-0.024717340077278965i
1+0i,-0.015059280402936488-0.02126928264293883i
1+0i,-0.02630535684615201-0.0013191948207940847i
1+0i,-0.01747607966487442+0.020074548339710643i
1+0i,0.005033676751061823+0.026417651273170698i
1+0i,0.024125586715043904+0.01249622911829644i
1+0i,0.024985778327835537-0.011358684615210163i
1+0i,0.00657698600997718-0.026931403315341267i
1+0i,-0.01727858881704786-0.022031676792241935i
1+0i,-0.028274881360976098-0.000032000623849861i
1+0i,-0.0176697544479522+0.02242572490267094i
1+0i,0.006775274462033182+0.02801838466539096i
1+0i,0.02646470272583687+0.012103371028082885i
1+0i,0.026115037950607795-0.013451813010540686i
1+0i,0.005615752131759362-0.02911391932916981i
1+0i,-0.01959775088724109-0.02261484597989427i
1+0i,-0.030164522971581516+0.0014442866827749801i
1+0i,-0.017665109372528763+0.02483031134957729i
1+0i,0.00868109432717906+0.029495582152987653i
1+0i,0.028807489677125982+0.011504930921445835i
1+0i,0.02708441067174948-0.01567440868084642i
1+0i,0.00445396414266511-0.03125003978326541i
1+0i,-0.022003799788394486-0.0230112671398039i
1+0i,-0.03196036751883062+0.0031040859752653393i
1+0i,-0.017457970184693992+0.02727390810130993i
1+0i,0.010742363622762319+0.030837085080147934i
1+0i,0.03113896484648518+0.010700330225740805i
1+0i,0.027884211198036996-0.018015024498169444i
1+0i,0.0030946739612882877-0.03332508291486727i
1+0i,-0.024483288994105182-0.023214300407156722i
1+0i,-0.03364890067845527+0.004940894160956772i
1+0i,-0.0170451349839211+0.0297418622712802i
1+0i,0.012949510978084524+0.032031344335738274i
1+0i,0.03344413332382036+0.009689994850107582i
1+0i,0.028505537666379484-0.020461584745242338i
1+0i,0.0015419112408007465-0.0353245964869475i
1+0i,-0.027022350195976447-0.02321821724098545i
1+0i,-0.035217065799386174+0.006947314438488476i
1+0i,-0.016424387626842833+0.0322193306149842i
1+0i,0.015292207667926093+0.03306746970564926i
1+0i,0.03570805231373014+0.008475353099603492i
1+0i,0.028940309636597227-0.023001437020507057i
1+0i,-0.00019933407305916875-0.037234419689818755i
1+0i,-0.029606752784158724-0.023018224848779523i
1+0i,-0.0366523197939717+0.009115088066595212i
1+0i,-0.015594507168401104+0.03469134310929529i
1+0i,0.017759411843610518+0.03393527649442579i
1+0i,0.03791589510020852+0.007058829592875836i
1+0i,0.029181302730445745-0.025621406341192893i
1+0i,-0.0021231329816785776-0.039040743758130506i
1+0i,-0.0322219646580614-0.022610486829989188i
1+0i,-0.03794268687215586+0.011435129510938127i
1+0i,-0.014555273314940238+0.03714286691731895i
1+0i,0.020339415526203566+0.034625329245603347i
1+0i,0.04005301443061207+0.005443835217094819i
1+0i,0.029222179793535464-0.02830785123235152i
1+0i,-0.00422264238007161-0.040730171075386526i
1+0i,-0.03485321413186472-0.021992139969434638i
1+0i,-0.03907680992018524+0.013897564826274064i
1+0i,-0.013307467878579914+0.03955887049385885i
1+0i,0.023019894175636543+0.03512898240131701i
1+0i,0.042105005078590226+0.0036347531683883763i
1+0i,0.029057518469941118-0.031046721582977027i
1+0i,-0.006490133605887002-0.04228977254428451i
1+0i,-0.03748555269603149-0.021161307126005217i
1+0i,-0.040043999333608846+0.01649177311969268i
1+0i,-0.01185287223698114+0.04192438758664499i
1+0i,0.02578795864051205+0.03543841775343698i
1+0i,0.04405776534930472+0.0016369211403391946i
1+0i,0.028682835092798044-0.03382361804436227i
1+0i,-0.00891702447358522-0.04370714300812272i
1+0i,-0.04010391839344049-0.020117106176572662i
1+0i,-0.04083427912419075+0.019206430929659797i
1+0i,-0.010194260817345768+0.04422458088944931i
1+0i,0.02863020928503351+0.03554667855068144i
1+0i,0.045897557294734256-0.0005433902628284373i
1+0i,0.028094604808011674-0.036623852740683874i
1+0i,-0.011493914663859362-0.044970454516216014i
1+0i,-0.04269319956706345-0.018859654989701193i
1+0i,-0.04143843013083826+0.022029559345222167i
1+0i,-0.008335390638129315+0.04644480510506423i
1+0i,0.03153279208192515+0.035447700138816596i
1+0i,0.047611065412151536-0.002899002797977595i
1+0i,0.027290277862303335-0.03943251105748059i
1+0i,-0.014210624326272969-0.0460685072346932i
1+0i,-0.04523829873527202-0.017390072418456592i
1+0i,-0.041848030175725276+0.02494857367999608i
1+0i,-0.006280986956435235+0.048570669178829705i
1+0i,0.034481456453409845+0.03513633702412896i
1+0i,0.04918545360495591-0.005421859435887969i
1+0i,0.02626829200114235-0.04223451427021465i
1+0i,-0.017056235741518346-0.046990777813175476i
1+0i,-0.047724196350912615-0.01571047531635321i
1+0i,-0.04205549101841181+0.02795033550651185i
1+0i,-0.0040367250833548765+0.050588097466965076i
1+0i,0.037461614636299816+0.03460838626380853i
1+0i,0.05060842019192591-0.008103056678346644i
1+0i,0.025028080936602207-0.04501468277248108i
1+0i,-0.02001913787869582-0.04772746502762481i
1+0i,-0.050136014201205926-0.013823971595177537i
1+0i,-0.04205409197290391+0.031021206848143013i
1+0i,-0.0016092084435674805+0.05248338960836676i
1+0i,0.040458402342061765+0.0338606071006577i
1+0i,0.05186825075859576-0.010932880210072292i
1+0i,0.023570078859803084-0.04775779966168541i
1+0i,-0.023087073672620015-0.048269532530080324i
1+0i,-0.052459078207321624-0.011734649358035195i
1+0i,-0.04183801006519789+0.03414710631825221i
1+0i,0.0009940570307302443+0.05424327887376851i
1+0i,0.04345674047835111+0.032890736773593755i
1+0i,0.052953868652827106-0.013900843743943538i
1+0i,0.021895720987289004-0.050448674439129135i
1+0i,-0.02624718983641506-0.04860874854701915i
1+0i,-0.0546789803851446-0.00944756215543977i
1+0i,-0.04140234662188971+0.03731356698935737i
1+0i,0.003764692068083598+0.05585498877220954i
1+0i,0.04644139769500086+0.03169750244970265i
1+0i,0.05385488293572675-0.0169957309064239i
1+0i,0.020007440145395624-0.05307220658144586i
1+0i,-0.029486089015580502-0.048737722379656866i
1+0i,-0.05678163973226054-0.006968710426544459i
1+0i,-0.04074315019383557+0.04050579576907602i
1+0i,0.006693476671719292+0.05730628770157698i
1+0i,0.04939705351478231+0.030280629238058437i
1+0i,0.054561633608802985-0.02020563999906201i
1+0i,0.017908659411348175-0.05561344874120918i
1+0i,-0.03278988408135606-0.048649937571599244i
1+0i,-0.05875336181055831-0.004305019201656428i
1+0i,-0.03985743573259555+0.04370873405438877i
1+0i,0.009770386050069697+0.058585541437591725i
1+0i,0.05230836180747911+0.028640844260123276i
1+0i,0.05506523394863607-0.023518031461541567i
1+0i,0.01560378084441754-0.05805766933628641i
1+0i,-0.03614425435358791-0.04833978162182215i
1+0i,-0.060580896799031995-0.001464312155925327i
1+0i,-0.03874319995141404+0.0469071194313577i
1+0i,0.0129846297226764+0.05968176326392658i
1+0i,0.055160014364892845+0.026779876766201957i
1+0i,0.05535760979132226-0.026919777851985932i
1+0i,0.013098170354929689-0.06039041429013369i
1+0i,-0.039534503536443666-0.0478025721339605i
1+0i,-0.06225149579737418+0.0015447178824877228i
1+0i,-0.037399432816757845+0.050085548183899146i
1+0i,0.016324693648678952+0.06058466155519188i
1+0i,0.0579368043343726+0.024700454302128878i
1+0i,0.055431535620496915-0.030397216151137423i
1+0i,0.010398138773190634-0.06259756768871014i
1+0i,-0.04294561914426222-0.04703457930626554i
1+0i,-0.06375296516774494+0.004712541853430539i
1+0i,-0.03582612513086853+0.05322853837251529i
1+0i,0.01977838521407309+0.06128468463423003i
1+0i,0.06062368926930159+0.022406294945024916i
1+0i,0.05528066732480651-0.033936202188647194i
1+0i,0.007510919194437403-0.06466541112401925i
1+0i,-0.04636233318957027-0.04603304468031581i
1+0i,-0.06507371870966178+0.008028830686039504i
1+0i,-0.03402427218037257+0.05632059324207738i
1+0i,0.02333288090349974+0.06177306273551625i
1+0i,0.06320585355670247+0.01990209564155565i
1+0i,0.05489957150324819-0.03752216698207372i
1+0i,0.004444640689670858-0.06658068149944513i
1+0i,-0.049769183900882086-0.0447961960805709i
1+0i,-0.06620282747125884+0.011482494679234194i
1+0i,-0.031995873440645646+0.05934626471681206i
1+0i,0.026974776472547+0.06204184691742714i
1+0i,0.06566876998471195+0.017193516696579116i
1+0i,0.05428375120977727-0.041140174772309204i
1+0i,0.0012082984856468838-0.06833062707803632i
1+0i,-0.05315057823432924-0.04332325869111348i
1+0i,-0.06713006700918092+0.015061725888781848i
1+0i,-0.029743928340321225+0.06229021674058749i
1+0i,0.030690139427444238+0.06208394477765853i
1+0i,0.06799826021614112+0.014287162474345475i
1+0i,0.05342966804195063-0.04477498253307655i
1+0i,-0.002188279269663824-0.06990306156165488i
1+0i,-0.0564908549404579-0.04161446223035304i
1+0i,-0.06784596191906717+0.01875404335725433i
1+0i,-0.02727242810499498+0.06513728822142013i
1+0i,0.03446456361062718+0.061893152838135256i
1+0i,0.07018055393864046+0.011190558388456786i
1+0i,0.052334760492088434-0.048411100726865136i
1+0i,-0.005734468027233153-0.07128641599645916i
1+0i,-0.05977434794569781-0.03967104419904764i
1+0i,-0.06834182746892459+0.022546341012763694i
1+0i,-0.024586343713769998+0.06787255534082676i
1+0i,0.03828322568300466+0.06146418547828552i
1+0i,0.07220234646714067+0.007912124270551393i
1+0i,0.050997458493442116-0.052032855075245195i
1+0i,-0.00941888650170906-0.07246978830847645i
1+0i,-0.06298544980705538-0.03749524919165508i
1+0i,-0.06860980817864264+0.026424938052574332i
1+0i,-0.021691610016749442+0.07048139299123096i
1+0i,0.04213094328686168+0.06079270030853476i
1+0i,0.07405085458020695+0.004461144221102456i
1+0i,0.04941719410809971-0.05562444910791384i
1+0i,-0.013229439328075694-0.0734429902820272i
1+0i,-0.0661086749985092-0.03509032427571565i
1+0i,-0.06864291320041863+0.0303756316185708i
1+0i,-0.01859510607586349+0.07294953510808114i
1+0i,0.04599223466724557+0.05987531988923754i
1+0i,0.07571387037870694+0.0008477330587641132i
1+0i,0.047594408317807875-0.059170027252109854i
1+0i,-0.017153362546544624-0.07419659180345291i
1+0i,-0.06912872278840404-0.03246051045864512i
1+0i,-0.0684350483669216+0.03438375156315349i
1+0i,-0.015304631805472643+0.0752631336676343i
1+0i,0.04985137952440023+0.05870964971398894i
1+0i,0.07717981296273603-0.002917200502686526i
1+0i,0.04553055389346146-0.06265373822219156i
1+0i,-0.021177271741541402-0.07472196220294314i
1+0i,-0.0720305394688445-0.02961103027590874i
1+0i,-0.06798104478655817+0.0384342170964762i
1+0i,-0.011828881002948818+0.07740881612651708i
1+0i,0.053692480865377+0.05729429239025608i
1+0i,0.0784377777310342-0.006821993808634985i
1+0i,0.04322809433368156-0.06605979846821276i
1+0i,-0.025287212650849877-0.07501130853820888i
1+0i,-0.07479937970066075-0.02654807154902101i
1+0i,-0.06727668387818844+0.042511595099037826i
1+0i,-0.008177410872880254+0.07937374108512954i
1+0i,0.057499527619358615+0.05562885796453878i
1+0i,0.0794775831161421-0.010854273196337395i
1+0i,0.0406904988776097-0.0693725554422614i
1+0i,-0.029468714051852526-0.0750577106752827i
1+0i,-0.0774208667409762-0.02327876737611024i
1+0i,-0.06631871875102191+0.04660015987754512i
1+0i,-0.00436060816158893+0.08114565196374031i
1+0i,0.061256457778516835+0.05371397035371173i
1+0i,0.08028981457823574-0.015000999742201641i
1+0i,0.0379222336117207-0.07257655044214648i
1+0i,-0.0337068427234002-0.07485515303378612i
1+0i,-0.0798810513247152-0.01981117243184356i
1+0i,-0.065104891849145+0.05068395413668893i
1+0i,-0.0003896520312756946+0.08271292848766862i
1+0i,0.06494722182438786+0.05155126985879637i
1+0i,0.08086586569094094-0.019248517649345993i
1+0i,0.0349287487050702-0.07565658079372381i
1+0i,-0.037986260274171575-0.07439855287656535i
1+0i,-0.08216646897654219-0.01615423566728856i
1+0i,-0.06363394879416279+0.054746850935030664i
1+0i,0.003723526184748399+0.08406463578625009i
1+0i,0.06855584619879149+0.0491434117520928i
1+0i,0.08119797616339992-0.02358260509132684i
1+0i,0.03171646182188084-0.07859776113574535i
1+0i,-0.04229128162149605-0.07368378503658991i
1+0i,-0.08426419553571246-0.01231776951373129i
1+0i,-0.0619056483737103+0.05877261638962217i
1+0i,0.007966286192666955+0.08519057091931893i
1+0i,0.07206649657826582+0.04649406094331662i
1+0i,0.08127926665440194-0.02798852731881519i
1+0i,0.028292737774666978-0.08138558357457648i
1+0i,-0.04660593489851468-0.0727077029874109i
1+0i,-0.08616190068309763-0.008312415707530725i
1+0i,-0.05992076863805496+0.06274497289126844i
1+0i,0.012325324750461657+0.08608130665465381i
1+0i,0.07546354071182294+0.04360788274508769i
1+0i,0.08110377024648828-0.03245109182758482i
1+0i,0.02466586449517948-0.08400597648046595i
1+0i,-0.0509140225622917-0.07146815617722697i
1+0i,-0.0878478992672303-0.00414960786571323i
1+0i,-0.05768110908162622+0.06664766259052218i
1+0i,0.016786724307334622+0.0867282323302137i
1+0i,0.07873161058355369+0.040490529772738426i
1+0i,0.08066646046051293-0.0369547053785214i
1+0i,0.020845025414232856-0.08644536170221882i
1+0i,-0.055199183471052085-0.06996400356064801i
1+0i,-0.08931120023453755+0.00015846904583220007i
1+0i,-0.055189488901011+0.07046451091355938i
1+0i,0.021336004085863346+0.08712359164599184i
1+0i,0.0818556636642321+0.03714862502791349i
1+0i,0.07996327570416911-0.04148343265347522i
1+0i,0.016840268354932755-0.08869070998314729i
1+0i,-0.0594449556951709-0.06819512327655014i
1+0i,-0.09054155297799477+0.004598922198085581i
1+0i,-0.0524497413356863+0.07417948986706019i
1+0i,0.02595817341338859+0.0872605172418911i
1+0i,0.08482104301955426+0.03358974122974555i
1+0i,0.0789911400614201-0.04602105632470226i
1+0i,0.01266247105688871-0.090729594367984i
1+0i,-0.06363483982383902-0.06616241843490558i
1+0i,-0.09152949092818058+0.009158197174021167i
1+0i,-0.049466704112479304+0.07777678089206512i
1+0i,0.03063778710073884+0.08713306193014203i
1+0i,0.0876135360470183+0.029822376471476644i
1+0i,0.07774798034354505-0.05055113831038821i
1+0i,0.008323303461622536-0.09255024139805655i
1+0i,-0.06775236252754038-0.06386781899010702i
1+0i,-0.09226637222112997+0.01382212685815079i
1+0i,-0.04624620602938631+0.0812408370285502i
1+0i,0.035359002658747876+0.08673622646339912i
1+0i,0.09021943161865564+0.025855926294194025i
1+0i,0.07623273933659624-0.0550570819843456i
1+0i,0.003835186901536193-0.0941415799003948i
1+0i,-0.07178114013557275-0.06131427969303189i
1+0i,-0.09274441728841792+0.018575982755727985i
1+0i,-0.042795049728897645+0.08455644415510866i
1+0i,0.040105639136161025+0.08606598373270988i
1+0i,0.09262557541288526+0.02170065228280226i
1+0i,0.0744453851943813-0.05952219510444029i
1+0i,-0.0007887496535835953-0.09549328718552734i
1+0i,-0.07570494198783145-0.05850577412884546i
1+0i,-0.09295674322651812+0.023404528547740378i
1+0i,-0.039120990725301855+0.08770878107165714i
1+0i,0.04486123735646752+0.08511929930301118i
1+0i,0.09481942322561536+0.017367647302424606i
1+0i,0.07238691694061208-0.06392975322164571i
1+0i,-0.005534716127498528-0.09659583247853235i
1+0i,-0.07950775332099401-0.055447284862282176i
1+0i,-0.09289739481464708+0.028292075679451103i
1+0i,-0.035232712764538404+0.09068347819749478i
1+0i,0.04960912132597921+0.08389414820762518i
1+0i,0.09678909205838365+0.012868797506056538i
1+0i,0.07005936605852127-0.06826306332986723i
1+0i,-0.010388310470436507-0.09744051741835971i
1+0i,-0.08317383745103138-0.05214478972680475i
1+0i,-0.09256137206295056+0.0332225407726249i
1+0i,-0.03113979960896874+0.09346667466230632i
1+0i,0.05433246058110117+0.08238952793732472i
1+0i,0.09852340878972787+0.00821674125642852i
1+0i,0.06746579416099503-0.07250552751581313i
1+0i,-0.015334570208774087-0.09801951347152349i
1+0i,-0.08668779701667662-0.04860524430855759i
1+0i,-0.09194465418599296+0.03817950464474028i
1+0i,-0.026852703352895767+0.0960450735737961i
1+0i,0.05901433323925061+0.08060546757391981i
1+0i,0.10001195624514332+0.00342482511665234i
1+0i,0.06461028674905377-0.07664070636823542i
1+0i,-0.02035802621717391-0.09832589611792314i
1+0i,-0.09003463405206558-0.044836560690385385i
1+0i,-0.0910442199100078+0.04314627271247061i
1+0i,-0.02238270938772472+0.09840599525255989i
1+0i,0.06363778951526287+0.07854303303283967i
1+0i,0.10124511649081928-0.0014929429247564283i
1+0i,0.06149794308126519-0.08065238190681967i
1+0i,-0.02544275851052983-0.09835367567877015i
1+0i,-0.09319980866122528-0.04084758253527587i
1+0i,-0.08985806403622526+0.04810593655153523i
1+0i,-0.017741898148281678+0.10053742823251383i
1+0i,0.06818591546341715+0.07620432839390114i
1+0i,0.10221411118685998-0.006521942818474125i
1+0i,0.05813486219134535-0.08452461979285451i
1+0i,-0.03057245384548201-0.09809782466927183i
1+0i,-0.09616929607240395-0.03664805660239186i
1+0i,-0.08838521019673165+0.05304143638069739i
1+0i,-0.012943103783929905+0.10242807783366596i
1+0i,0.07264189670440463+0.07359249331421222i
1+0i,0.10291103884683278-0.011646994222833926i
1+0i,0.05452812510575102-0.08824183058657373i
1+0i,-0.035730464914467824-0.09755430157189898i
1+0i,-0.09892964185640146-0.03224860080231581i
1+0i,-0.08662571975371537+0.05793562423424184i
1+0i,-0.007999869909717468+0.10406741212323342i
1+0i,0.07698908189666448+0.07071169653196191i
1+0i,0.1033289088621985-0.016852410481368173i
1+0i,0.050685773327399715-0.09178882981971082i
1+0i,-0.0408998709093083-0.09672007093958464i
1+0i,-0.10146801510003675-0.027660668911179204i
1+0i,-0.08458069680753715+0.06277132758471084i
1+0i,-0.002926402603784437+0.10544570509100377i
1+0i,0.08121104571253515+0.06756712548463009i
1+0i,0.10346167216244338-0.022122054606325894i
1+0i,0.04661678366576476-0.09515089665633256i
1+0i,-0.046063539226190844-0.09559311975210635i
1+0i,-0.1037722593336646-0.02289651207596076i
1+0i,-0.08225228929377384+0.06753141317602601i
1+0i,0.0022624791723569113+0.10655407687542066i
1+0i,0.08529165108158221+0.06416497207982103i
1+0i,0.10330424839446593-0.027439397057520507i
1+0i,0.042331039507383886-0.09831383092040231i
1+0i,-0.05120418807964971-0.09417246996308731i
1+0i,-0.10583094102019108-0.01796913725533886i
1+0i,-0.07964368616418882+0.07219885082637775i
1+0i,0.007551395544355688+0.10738453088805473i
1+0i,0.08921511046630094+0.06051241467148176i
1+0i,0.10285254951798639-0.032787575099125624i
1+0i,0.03783929863426596-0.10126400827476298i
1+0i,-0.05630444978976067-0.09245818718947768i
1+0i,-0.10763339542231654-0.012892262752043485i
1+0i,-0.07675911066139882+0.07675677696044839i
1+0i,0.012924459891053956+0.10792998769590888i
1+0i,0.09296604593910884+0.05661759630861059i
1+0i,0.10210349972732584-0.038149453511117475i
1+0i,0.03315315771072251-0.10398843334328083i
1+0i,-0.06134693450428087-0.09045138550999757i
1+0i,-0.10916976967470048-0.007680271003624412i
1+0i,-0.07360380971179209+0.08118855763161349i
1+0i,0.0183653350024396+0.10818431553330782i
1+0i,0.09652954783414636+0.052489599337646325i
1+0i,0.10105505162383394-0.043507686426993875i
1+0i,0.028285013571722403-0.10647479057572758i
1+0i,-0.06631429411588272-0.08815422835375715i
1+0i,-0.11043106289838406-0.002348158808882561i
1+0i,-0.07018403947594631+0.08547785079677461i
1+0i,0.02385729101846312+0.10814235732793237i
1+0i,0.09989123175286842+0.04813841645353169i
1+0i,0.09970619857747744-0.04884478006520993i
1+0i,0.02324802145795301-0.10871149266360945i
1+0i,-0.07118928613397257-0.08556992547509285i
1+0i,-0.11140916320605723+0.003088514823129218i
1+0i,-0.06650704711033725+0.0896086676093797i
1+0i,0.02938326493098154+0.10779995413880203i
1+0i,0.1030372937087228+0.04357491830785179i
1+0i,0.09805698323056047-0.054143156118452135i
1+0i,0.01805605035428632-0.1106877263244801i
1+0i,-0.07595483727083341-0.082702726025498i
1+0i,-0.11209688145860028+0.008613683005679426i
1+0i,-0.06258104880848155+0.09356543249999805i
1+0i,0.034925921425243346+0.10715396491764581i
1+0i,0.10595456320334525+0.03881081779547322i
1+0i,0.09610850211118208-0.05938521556247898i
1+0i,0.012723635599270255-0.11239349528233186i
1+0i,-0.08059410650301269-0.07955790774830279i
1+0i,-0.11248798164569714+0.014210827284464718i
1+0i,-0.05841520420371757+0.09733304181849782i
1+0i,0.04046771483234296+0.10620228251907951i
1+0i,0.10863055403462091+0.033858631153650086i
1+0i,0.09386290633881633-0.06455340264474332i
1+0i,0.007265928943555128-0.11381966028235439i
1+0i,-0.08509054737095488-0.07614176233647112i
1+0i,-0.11257720777617407+0.019863035713777687i
1+0i,-0.054019587229616806+0.10089692081742761i
1+0i,0.04599095195994862+0.10494384589926407i
1+0i,0.1110535126456589+0.02873163601959731i
1+0i,0.09132339841922135-0.0696302688124562i
1+0i,0.0016986462447517656-0.1149579759896825i
1+0i,-0.08942796928288853-0.07246157700840987i
1+0i,-0.11236030717701498+0.025553062480673232i
1+0i,-0.04940515354739695+0.10424307876260075i
1+0i,0.051477855565392375+0.10337864845722036i
1+0i,0.11321246383314906+0.023443826604005215i
1+0i,0.08849422514072855-0.07459853634008061i
1+0i,-0.003961987004896337-0.11580112463364522i
1+0i,-0.0935905975928622-0.06852561237101483i
1+0i,-0.1118340501136928+0.031263388853302904i
1+0i,-0.04458370466269383+0.10735816196410407i
1+0i,0.05691062823289519+0.1015077424876334i
1+0i,0.11509725364369244+0.01800986614883555i
1+0i,0.08538066659876817-0.07944116141752634i
1+0i,-0.009699292113521683-0.11634274627146979i
1+0i,-0.09756313222761462-0.06434307665324153i
1+0i,-0.11099624565845902+0.03697628522467451i
1+0i,-0.03956784886654465+0.11022950452895475i
1+0i,0.062271516415288566+0.09933323972876622i
1+0i,0.11669858929746277+0.012445036847952368i
1+0i,0.08198902139015735-0.0841413964624891i
1+0i,-0.01549619537548711-0.11657746555829725i
1+0i,-0.10133080464259678-0.059924096407216805i
1+0i,-0.10984575374754138+0.04267387401908251i
1+0i,-0.03437095914742379+0.11284517664541559i
1+0i,0.06754287440013698+0.09685830800395034i
1+0i,0.11800807598996342+0.006765187418672942i
1+0i,0.0783265880332173-0.08868285142349062i
1+0i,-0.02133528778973485-0.11650091492371409i
1+0i,-0.10487943289396422-0.055279683787270634i
1+0i,-0.10838249338271018+0.048338193225319286i
1+0i,-0.029007128232574182+0.11519403021846822i
1+0i,0.07270722796058907+0.09408716396995143i
1+0i,0.11901825043459636+0.0009866785211171056i
1+0i,0.07440164268407932-0.09304955384415382i
1+0i,-0.027198886086600073-0.11610975406873357i
1+0i,-0.10819547462066313-0.050421700530192425i
1+0i,-0.10660744694736303+0.05395126031857049i
1+0i,-0.023491120927682484+0.11726574168615987i
1+0i,0.07774733745268204+0.09102506200031316i
1+0i,0.11972261102125582-0.004873673769728276i
1+0i,0.07022341323357069-0.09722600746414224i
1+0i,-0.03306909483426281-0.11540168571120549i
1+0i,-0.11126607773883454-0.04536281877246306i
1+0i,-0.10452266062206503+0.05949513633159852i
1+0i,-0.017838323934079196+0.11905085185737246i
1+0i,0.08264626012309606+0.08767827924644134i
1+0i,0.1201156444791198-0.010798656227066324i
1+0i,0.06580204988276651-0.10119724913792688i
1+0i,-0.03892786939208559-0.11437546752196173i
1+0i,-0.11407912865962293-0.04011647885213023i
1+0i,-0.10213124089934106+0.06495198983545042i
1+0i,-0.012064693332094145+0.12054080262303059i
1+0i,0.08738741139457176+0.08405409693369478i
1+0i,0.12019284894520665-0.01677071825190675i
1+0i,0.061148592308590904-0.10494890385913322i
1+0i,-0.04475707947507035-0.1130309202085385i
1+0i,-0.1166232978510589-0.034696844254331456i
1+0i,-0.09943734721232786+0.07030416059048272i
1+0i,-0.006186699927897716+0.12172797040479122i
1+0i,0.09195462490029449+0.08016077796401751i
1+0i,0.1199507533540234-0.022772032945084904i
1+0i,0.05627493354373643-0.1084672376856304i
1+0i,-0.05053857309156545-0.11136893171801726i
1+0i,-0.11888808257497332-0.029118753870184116i
1+0i,-0.09644618070669751+0.07553422262999143i
1+0i,-0.00022127266909410803+0.12260569621780457i
1+0i,0.09633221104354713+0.07600754091063171i
1+0i,0.11938693307772116-0.028784559242861177i
1+0i,0.05119378070752957-0.11173920836871205i
1+0i,-0.056254240615174124-0.10939145754531962i
1+0i,-0.12086384664080288-0.023397671748816448i
1+0i,-0.09316396919988085+0.0806250465411206i
1+0i,0.00581425965851721+0.12316831223714528i
1+0i,0.10050501386476479+0.07160453050395021i
1+0i,0.11850002176051029-0.03479010488344977i
1+0i,0.04591861273622307-0.11475251349866986i
1+0i,-0.06188607875156074-0.10710151714813258i
1+0i,-0.12254185702969445-0.017549634531650038i
1+0i,-0.08959794838610195+0.08555986071105715i
1+0i,0.011902228234315929+0.12341116477094824i
1+0i,0.10445846600483019+0.06696278472110748i
1+0i,0.11728971930564368-0.04077038996894477i
1+0i,0.040463635272437556-0.1174956359887338i
1+0i,-0.06741625416154041-0.10450318648445375i
1+0i,-0.12391431725438881-0.011591196766652418i
1+0i,-0.08575633935994574+0.09032231131072566i
1+0i,0.018024685282198544+0.12333063355707828i
1+0i,0.10817864156093682+0.06209419860431285i
1+0i,0.1157567959879767-0.0467071108851195i
1+0i,0.034843732884101294-0.11995788672970019i
1+0i,-0.07282716650342393-0.10160158670349749i
1+0i,-0.12497439733296792-0.005539374308101891i
1+0i,-0.0816483225451187+0.09489652079328775i
1+0i,0.02416346619715242+0.12292414731427023i
1+0i,0.11165230663964493+0.05701148494551573i
1+0i,0.11390309267989628-0.05258200434052849i
1+0i,0.029074418793182726-0.12212944425856798i
1+0i,-0.07810151066013069-0.09840286903530829i
1+0i,-0.12571626026760374+0.000588413985575206i
1+0i,-0.07728400812862682+0.0992671446907134i
1+0i,0.030300252486650074+0.12219019549303078i
1+0i,0.11486696742078469+0.051728131986627734i
1+0i,0.11173151719323954-0.058376911286210406i
1+0i,0.023171782303742082-0.1240013912960902i
1+0i,-0.08322233792000912-0.09491419593884211i
1+0i,-0.12613508493292128+0.006774406037155727i
1+0i,-0.07267440311376874+0.10341942649847877i
1+0i,0.03641663529168339+0.12112833618615088i
1+0i,0.11781091555561672+0.046258358295690694i
1+0i,0.10924603675460347-0.06407384047809586i
1+0i,0.017152434127315118-0.12556574802029455i
1+0i,-0.08817311588463353-0.09114371858244194i
1+0i,-0.1262270852923959+0.013000557595093557i
1+0i,-0.06783137511805215+0.10733925044605097i
1+0i,0.04249417925040591+0.11973920017337236i
1+0i,0.12047327073309114+0.04061706498990226i
1+0i,0.10645166664616539-0.06965503144595657i
1+0i,0.011033449811344673-0.12681550195566366i
1+0i,-0.09293778688205348-0.08710055074449023i
1+0i,-0.1259895258753395+0.019248604308610986i
1+0i,-0.06276761305433659+0.11101319195919085i
1+0i,0.04851448646643075+0.11802449108951547i
1+0i,0.1228440202591016+0.03481978548623154i
1+0i,0.10335445505868131-0.07510301663538149i
1+0i,0.004832311483260274-0.12774463437077171i
1+0i,-0.09750082467004609-0.08279473923552073i
1+0i,-0.12542073346138796+0.025500124601363493i
1+0i,-0.057496584845155956+0.11442856562924593i
1+0i,0.054459260343835664+0.11598698172017491i
1+0i,0.12491405550528464+0.028882632969472875i
1+0i,0.09996146421768277-0.08040068249281494i
1+0i,-0.0014331518711455798-0.1283481430906538i
1+0i,-0.10184728922080105-0.0782372309561386i
1+0i,-0.12452010493394342+0.0317366031089944i
1+0i,-0.05203249233120714+0.1175734705144175i
1+0i,0.06031036905186964+0.11363050644383468i
1+0i,0.12667520509610303+0.02282224577594201i
1+0i,0.09628074785799833-0.08553132926815393i
1+0i,-0.007744825371210087-0.128622061644037i
1+0i,-0.10596287938618476-0.07343983671772317i
1+0i,-0.12328811127871138+0.03793949444419401i
1+0i,-0.04639022354538305+0.12043683260850313i
1+0i,0.06604990838421197+0.11095994985391122i
1+0i,0.12812026471564494+0.01665573089858033i
1+0i,0.09232132513548251-0.09047872931471442i
1+0i,-0.014084370218634304-0.12856347467967305i
1+0i,-0.1098339832511933-0.06841519196496304i
1+0i,-0.12172629771820197+0.04409028705209167i
1+0i,-0.040585302533429575+0.1230084443237294i
1+0i,0.07166026378041643+0.10798123160872035i
1+0i,0.12924302342867672+0.010400605825977915i
1+0i,0.0880931510782454-0.0952271836725546i
1+0i,-0.02043328645692965-0.128170529600381i
1+0i,-0.11344772599241064-0.0631767145508092i
1+0i,-0.11983727998782066+0.05017056691895563i
1+0i,-0.034633836911283855+0.1252790008459902i
1+0i,0.07712417128085361+0.10470128757165158i
1+0i,0.1300382864240178+0.0040747389337379356i
1+0i,0.08360708369265109-0.09976157672814333i
1+0i,-0.026772976279057364-0.1274424443779293i
1+0i,-0.11679201506820576-0.05773855972533853i
1+0i,-0.11762473677387042+0.056162080898251435i
1+0i,-0.02855246335735909+0.12724013323305322i
1+0i,0.08242477719103469+0.10112804731783362i
1+0i,0.13050189410213942-0.0023037113483788674i
1+0i,0.0788748478518438-0.10406742875116168i
1+0i,-0.03308480764769548-0.1263795115265354i
1+0i,-0.11985558257795448-0.05211557251026956i
1+0i,-0.11509339834836776+0.062046799420113555i
1+0i,-0.0223582912454584+0.12888443813899575i
1+0i,0.08754569623664318+0.09727040809724956i
1+0i,0.130630737443006-0.008716358365924527i
1+0i,0.07390899610652724-0.10813094611778139i
1+0i,-0.039350177991910304-0.12498309822745361i
1+0i,-0.1226280246387636-0.04632323764044582i
1+0i,-0.11224903144999632+0.06780697835318124i
1+0i,-0.016068844630596393+0.1302055040612835i
1+0i,0.09247106799687659+0.09313820535755504i
1+0i,0.13042276960452628-0.01514464983501737i
1+0i,0.06872286656911997-0.11193906903905161i
1+0i,-0.045550577744317144-0.12325564261181743i
1+0i,-0.12509983763991406-0.04037762726241304i
1+0i,-0.10909842047470969+0.07342521979156993i
1+0i,-0.009702002805755172+0.13119793402042504i
1+0i,0.09718561141081167+0.08874217994270968i
1+0i,0.12987701371646826-0.021569930970199075i
1+0i,0.06333053803317493-0.11547951662300956i
1+0i,-0.051667653484027305-0.12120064622353441i
1+0i,-0.12726245124751315-0.034295346588283586i
1+0i,-0.10564934505340025+0.07888453154444391i
1+0i,-0.003275939652464546+0.13185736459596875i
1+0i,0.10167467715938923+0.08409394209589144i
1+0i,0.12899356684929442-0.027973507910321077i
1+0i,0.05774678250005638-0.11874082910974834i
1+0i,-0.0576832704528118-0.11882266269852744i
1+0i,-0.12910825804457185-0.028093477710331147i
1+0i,-0.10191055410760368+0.08416838511119513i
1+0i,0.0031909379879014946+0.13218048125670823i
1+0i,0.10592429773426448+0.0792059324069974i
1+0i,0.12777360015201888-0.03433671120739229i
1+0i,0.05198701529427767-0.12171240712990533i
1+0i,-0.06357957421495954-0.1161272827109481i
1+0i,-0.13063063970489183-0.021789521788200678i
1+0i,-0.09789173648739437+0.08926077193164227i
1+0i,0.009680052692146592+0.1321650299372773i
1+0i,0.10992123501412869+0.07409137985628171i
1+0i,0.12621935516779917-0.04064095914376188i
1+0i,0.046067242957562954-0.12438454784881658i
1+0i,-0.06933905123524245-0.11312111525106822i
1+0i,-0.13182398961263997-0.015401339826186598i
1+0i,-0.09360348830833244+0.09414625770784743i
1+0i,0.016172719350453436+0.13180982482775563i
1+0i,0.1136530251791433+0.06876425711628818i
1+0i,0.12433413635053273-0.046867820644376834i
1+0i,0.0400040091195889-0.12674847787087656i
1+0i,-0.07494458815421345-0.10981176531333858i
1+0i,-0.13268373185332882-0.008947092262747432i
1+0i,-0.08905727711655553+0.09881003460214419i
1+0i,0.02265020834537264+0.13111475235745632i
1+0i,0.11710802080481583+0.06323923328418721i
1+0i,0.12212229982012637-0.052999077553128056i
1+0i,0.03381433855044831-0.12879638279138267i
1+0i,-0.08037952954572994-0.10620780808654544i
1+0i,-0.13320633651596844-0.002445177598239555i
1+0i,-0.08426540302277913+0.1032379711246739i
1+0i,0.029093808780881195+0.1300807713686285i
1+0i,0.12027542998789795+0.05753162422586363i
1+0i,0.11958923840832937-0.05901678604547331i
1+0i,0.027515679606140965-0.1305214332962979i
1+0i,-0.08562773394808788-0.10231875975101798i
1+0i,-0.13338933126043678+0.0040858297102269805i
1+0i,-0.07924095695705402+0.10741665953317343i
1+0i,0.03548489152838456+0.12870990949034208i
1+0i,0.12314535236870426+0.05165734072158712i
1+0i,0.11674136306097306-0.06490333695359121i
1+0i,0.02112584528379366-0.1319178077238549i
1+0i,-0.09067362796744838-0.098155045000417i
1+0i,-0.133231309118488+0.010627241855906376i
1+0i,-0.07399777620658068+0.11133346057783834i
1+0i,0.04180497185804024+0.12700525573727525i
1+0i,0.12570881192655164+0.04563283461081785i
1+0i,0.11358608067612688-0.07064151478525367i
1+0i,0.01466295310785401-0.13298071101571773i
1+0i,-0.09550225826029532-0.09372796141769661i
1+0i,-0.13273193251129778+0.01716032055951216i
1+0i,-0.068550397408648+0.11497654543481355i
1+0i,0.04803577142620365+0.12497094937241487i
1+0i,0.1279577864377521+0.03947504314060359i
1+0i,0.11013176847095836-0.07621455522337175i
1+0i,0.008145364072137423-0.13370638999943585i
1+0i,-0.10009934121046192-0.08904964084634141i
1+0i,-0.13189193348091588+0.023666339984124582i
1+0i,-0.06291400717981868+0.11833493468314467i
1+0i,0.054159279393103+0.12261216508677122i
1+0i,0.12988523349874254+0.033201331728106555i
1+0i,0.10638774498296913-0.08160620089977i
1+0i,0.0015916208653571975-0.13409214495812496i
1+0i,-0.1044513101257424-0.0841330079088932i
1+0i,-0.1307131101474356+0.030126649456491614i
1+0i,-0.057104390570798656+0.12139853419186145i
1+0i,0.06015781244903621+0.11993509456303275i
1+0i,0.13148511303037957+0.02682943535301264i
1+0i,0.10236423782368621-0.08680075524412387i
1+0i,-0.004979614390399897-0.1341363374576272i
1+0i,-0.10854535978925246-0.07899173583504257i
1+0i,-0.12919831941801255+0.036522735764955586i
1+0i,-0.05113787754394682+0.12415816779614844i
1+0i,0.06601407353242728+0.11694692450359595i
1+0i,0.13275240619317275+0.02037739879993538i
1+0i,0.0980723483147723-0.09178313421712216i
1+0i,-0.011549622657865292-0.13383839441577008i
1+0i,-0.1123694882114438-0.07364019977115237i
1+0i,-0.12735146598804206+0.04283628480679842i
1+0i,-0.04503128767710523+0.12660560665429538i
1+0i,0.07171120902896666+0.11365581121653039i
1+0i,0.13368313065720425+0.013863515974385773i
1+0i,0.09352401314785931-0.09653891574578753i
1+0i,-0.018099690529051207-0.13319880841273285i
1+0i,-0.11591253543998592-0.0680934277519399i
1+0i,-0.12517748768874704+0.049049242361233036i
1+0i,-0.03880187330331819+0.12873359519022268i
1+0i,0.07723286424773051+0.11007085186575354i
1+0i,0.13427435218458264+0.007306268518447789i
1+0i,0.08873196322012575-0.10105438668840612i
1+0i,-0.024611172566485776-0.13221913425582993i
1+0i,-0.11916421929656365-0.06236704952316521i
1+0i,-0.12268233724909869+0.05514387376857628i
1+0i,-0.03246726130103825+0.13053587353978044i
1+0i,0.08256323697764562+0.10620205250391257i
1+0i,0.1345241924965152+0.0007242639539624153i
1+0i,0.08370967980770805-0.10531658716669896i
1+0i,-0.031065553213520215-0.13090198182622992i
1+0i,-0.12211516792190387-0.056477243411496555i
1+0i,-0.1198729605533451+0.06110282230129671i
1+0i,-0.02604539375358613+0.13200719643271497i
1+0i,0.08768712893586317+0.10206029301818138i
1+0i,0.1344318334113517-0.0058638264182175465i
1+0i,0.07847134824843432-0.10931335211363137i
1+0i,-0.03744450804870488-0.1292510052491413i
1+0i,-0.12475694902306357-0.05044068144425055i
1+0i,-0.1167572714883606+0.06690916601860047i
1+0i,-0.019554467699904574+0.1331433484560623i
1+0i,0.09258999492851361+0.09765728913031574i
1+0i,0.13399751725420353-0.012439329634494987i
1+0i,0.07303180931402695-0.11303334989657221i
1+0i,-0.04372996416278534-0.1272708884428064i
1+0i,-0.12708209573005175-0.044274472927404204i
1+0i,-0.11334412348757819+0.07254647290299356i
1+0i,-0.013012874201044015+0.133941155658772i
1+0i,0.09725798955388287+0.0930055516028287i
1+0i,0.1332225435529218-0.018983632972957153i
1+0i,0.0674065084598281-0.11646611788731573i
1+0i,-0.04990415944130716-0.12496732711511833i
1+0i,-0.1290841289822099-0.03799610669508901i
1+0i,-0.10964327789027373+0.07799885408478288i
1+0i,-0.006439136948294634+0.1343984934714652i
1+0i,0.10167801128824702+0.08811834281302196i
1+0i,0.13210926204926796-0.02547824542054943i
1+0i,0.06161144314723682-0.11960209486274558i
1+0i,-0.05594970054105972-0.12234700728987127i
1+0i,-0.13075757637839155-0.0316233922477856i
1+0i,-0.10566536924650974+0.08325101496874283i
1+0i,0.00014814936052134908+0.1345142909293902i
1+0i,0.10583774380537526+0.0830096308657907i
1+0i,0.13066106206797998-0.03190485848039881i
1+0i,0.05566310844036339-0.12243265013256899i
1+0i,-0.06184961935466543-0.11941758045739906i
1+0i,-0.13209798743874698-0.025174399999499945i
1+0i,-0.10142186770894639+0.08828830408611443i
1+0i,0.0067303806503924875+0.13428853120074125i
1+0i,0.10972569439200465+0.07769404142456486i
1+0i,0.128882358300045-0.038245406100383225i
1+0i,0.04957844108388948-0.12495010930353573i
1+0i,-0.06758742776445831-0.11618763545669408i
1+0i,-0.13310194523985844-0.01866740085642425i
1+0i,-0.0969250386630616+0.09309675950470647i
1+0i,0.013289004879099509+0.13372224843654976i
1+0i,0.11333122933338449+0.07218680744745921i
1+0i,0.12677857306981397-0.04448212350856945i
1+0i,0.043374762273772766-0.1271477766028355i
1+0i,-0.07314717049438887-0.11266666720792516i
1+0i,-0.13376707439894472-0.012120805350896484i
1+0i,-0.09218789975696566+0.09766315264006757i
1+0i,0.01980558300491238+0.13281752097222804i
1+0i,0.1166446061551887+0.06650371702261414i
1+0i,0.12435611516856382-0.05059760474649202i
1+0i,0.03706971933620149-0.12901995369687463i
1+0i,-0.07851347587699567-0.10886504242556537i
1+0i,-0.13409204539686878-0.005553102554896577i
1+0i,-0.08722417550095682+0.1019750293214563i
1+0i,0.02626184929203216+0.1315774609245413i
1+0i,0.119657002620693+0.06066105950282099i
1+0i,0.1216223553496747-0.0565748586973992i
1+0i,0.030681226533119138-0.13056195495530556i
1+0i,-0.08367160436145961-0.10479396245306541i
1+0i,-0.13407657524364314+0.0010172010031499097i
1+0i,-0.08204824961520976+0.10602074797762409i
1+0i,0.03263977073761127+0.13000620024121326i
1+0i,0.12236054239501964+0.05467557014480919i
1+0i,0.11858559859270437-0.06239736341348965i
1+0i,0.02422740521465716-0.1317701191239735i
1+0i,-0.08860749459836001-0.1004654233700797i
1+0i,-0.1337214245039831+0.007571642195830515i
1+0i,-0.07667511531146025+0.10978951481915004i
1+0i,0.038921605408810844+0.12810887327347822i
1+0i,0.12474831730143798+0.04856437346300786i
1+0i,0.11525505325525688-0.06804911855381487i
1+0i,0.01772652353995761-0.13264181738429903i
1+0i,-0.09330780694695617-0.09589217353269872i
1+0i,-0.1330283907141699+0.014091861708258852i
1+0i,-0.07112032370125049+0.11327141590623457i
1+0i,0.045089959483801755+0.12589159595467586i
1+0i,0.1268144061081001+0.04234492551117495i
1+0i,0.11164079724260678-0.07351469575284993i
1+0i,0.011196935988125274-0.1331754577904516i
1+0i,-0.09775996426155145-0.09108766871586539i
1+0i,-0.1320002982349715+0.020559663786502022i
1+0i,-0.06539993052919846+0.11645744600335531i
1+0i,0.051127842796818444+0.1233614416803046i
1+0i,0.12855388979713844+0.036034955308009806i
1+0i,0.10775374133553646-0.07877928674872867i
1+0i,0.00465702288043815-0.13337048608947408i
1+0i,-0.10195218982473167-0.08606602503517499i
1+0i,-0.13064098459860263+0.02695707510968602i
1+0i,-0.059530441434824395+0.11933953413501618i
1+0i,0.057018722694345214+0.1205264139968656i
1+0i,0.12996286328169931+0.029652405624700208i
1+0i,0.10360558982668647-0.0838287491097438i
1+0i,-0.0018748698665515748-0.1332273829431888i
1+0i,-0.10587354230695697-0.0808419698325033i
1+0i,-0.12895528342060492+0.03326640257727261i
1+0i,-0.053528755950704304+0.12191056576988796i
1+0i,0.0627465760171956+0.11739541621819388i
1+0i,0.13103844355017963+0.02321537335332932i
1+0i,0.09920879862493306-0.08864964940789011i
1+0i,-0.008380490539728558-0.13274765758421483i
1+0i,-0.10951394764405342-0.07543079071639361i
1+0i,-0.12694900396007044+0.039470289808512984i
1+0i,-0.0474121104480978+0.12416440157389687i
1+0i,0.0682959390315902+0.11397821809881571i
1+0i,0.1317787742306028+0.016742049675166286i
1+0i,0.09457653099579563-0.09322930369893191i
1+0i,-0.014841740765828573-0.13193383795173158i
1+0i,-0.11286422773657127-0.06984828295380258i
1+0i,-0.12462890742374921+0.04555177215735419i
1+0i,-0.04119802024373566+0.12609589268623028i
1+0i,0.07365195514133825+0.11028541970412012i
1+0i,0.13218302658168066+0.010250660247104651i
1+0i,0.08972261111366753-0.09755581517964666i
1+0i,-0.021240733775450993-0.13078945736561434i
1+0i,-0.11591612588768833-0.06411069541468045i
1+0i,-0.12200268012123565+0.05149433005308519i
1+0i,-0.03490422108310875+0.12770089248570649i
1+0i,0.07880042022281582+0.1063284126267467i
1+0i,0.1322513969305748+0.003759405622882031i
1+0i,0.08466147560867869-0.10161810890451406i
1+0i,-0.02755985158937123-0.12931903781025272i
1+0i,-0.11866232890926118-0.058234675274872215i
1+0i,-0.1190789035895671+0.05728194048470532i
1+0i,-0.02854861021640711+0.12897626482847568i
1+0i,0.08372782543456825+0.10211933870754802i
1+0i,0.1319851005906856-0.0027135978767399357i
1+0i,0.07940812329726288-0.10540596345608878i
1+0i,-0.033781800927429405-0.1275280699116685i
1+0i,-0.12109648583876502-0.05223721168602839i
1+0i,-0.11586702181616271+0.06289912645536444i
1+0i,-0.022149187283202476+0.12991988875150134i
1+0i,0.08842139736402296+0.0976710464277574i
1+0i,0.1313863623058369-0.009150376633949811i
1+0i,0.07397806329095252-0.10891003947561251i
1+0i,-0.03988966764659978-0.1254229897034236i
1+0i,-0.12321322322308827-0.04613557862355161i
1+0i,-0.1123773056990323+0.06833100424219668i
1+0i,-0.015723995221059283+0.13053065964967708i
1+0i,0.09286913538489272+0.09299704514652457i
1+0i,0.1304584032800217-0.01553315733721921i
1+0i,0.06838726168257656-0.11212190497299387i
1+0i,-0.04586696952187588-0.12301115228821469i
1+0i,-0.12500815693846984-0.03994727712509358i
1+0i,-0.10862081489254974+0.07356332830643313i
1+0i,-0.009291061411512994+0.1308084869476853i
1+0i,0.09705984611037072+0.08811145736478088i
1+0i,0.12920542486429995-0.021844423516082498i
1+0i,0.06265208701286248-0.11503405734807409i
1+0i,-0.051697707191316195-0.12030080251294478i
1+0i,-0.12647790052918031-0.03368997713275652i
1+0i,-0.10460935719580425+0.07858253370876307i
1+0i,-0.002868339274278875+0.13075428830079489i
1+0i,0.10098317483909072+0.08302896920242306i
1+0i,0.12763258898450677-0.028066970811071998i
1+0i,0.05678925472343678-0.11763994206806275i
1+0i,-0.057366413094955805-0.117301042785399i
1+0i,-0.1276200700608377-0.02738145915195471i
1+0i,-0.10035544564855489+0.08337577589549452i
1+0i,0.0035263494828282477+0.1303699803715989i
1+0i,0.10462963390300029+0.07776477928103918i
1+0i,0.1257459954050386-0.034183960788884936i
1+0i,0.050815770804377165-0.11993396795908393i
1+0i,-0.06285819824622818-0.11402179817039725i
1+0i,-0.1284332854974217-0.021039555938843935i
1+0i,-0.09587225350712633+0.08793096773207973i
1+0i,0.009875371754955474+0.1296584662422432i
1+0i,0.1079906278387307+0.07233454620884042i
1+0i,0.12355265593515505-0.04017897311990069i
1+0i,0.0447488748457894-0.12191151908289138i
1+0i,-0.068158796684064-0.11047377891241475i
1+0i,-0.12891716862409597-0.014682094426362327i
1+0i,-0.09117356727912891+0.09223681367197706i
1+0i,0.016161338873882682+0.1286236195338768i
1+0i,0.11105847531667931+0.06675433486808421i
1+0i,0.12106046569484746-0.046036055942883666i
1+0i,0.03860598270336725-0.12356896318293319i
1+0i,-0.07325460746384722-0.10666844054012806i
1+0i,-0.12907233755077074-0.008326838096254147i
1+0i,-0.08627373800169968+0.09628284096057019i
1+0i,0.022367161191600614+0.12727026531685906i
1+0i,0.11382642777479711+0.06104056170808097i
1+0i,0.11827817156741623-0.051739774250024115i
1+0i,0.03240462898754096-0.12490365669699854i
1+0i,-0.07813273405590504-0.10261794171610035i
1+0i,-0.12890039784391724-0.0019914300009706495i
1+0i,-0.08118763095296672+0.10005942778589355i
1+0i,0.02847610122747389+0.12560415790660873i
1+0i,0.11628868471694209+0.055209939248851966i
1+0i,0.11521533797537631-0.05727525613439033i
1+0i,0.026162409584664762-0.12591394634663536i
1+0i,-0.08278102103111784-0.0983351000019001i
1+0i,-0.1284039303464285+0.00430666336488679i
1+0i,-0.07593057399067628+0.10355782830019657i
1+0i,0.034471825199723416+0.1236319556508854i
1+0i,0.11844040564857652+0.04927942000166414i
1+0i,0.11188231012518138-0.06262823675130413i
1+0i,0.019896924416702953-0.12659916732632542i
1+0i,-0.08718808792451944-0.09383334571525605i
1+0i,-0.12758647575724075+0.010550207148903371i
1+0i,-0.07051830471534093+0.10677019444881393i
1+0i,0.04033845276964441+0.12136119282463764i
1+0i,0.1202777186354703+0.043266140013002545i
1+0i,0.10829017487444512-0.0677850998550966i
1+0i,0.013625720643117782-0.12695963812796596i
1+0i,-0.0913433601793598-0.08912667406142627i
1+0i,-0.12645251605396113+0.016722251991990046i
1+0i,-0.06496691665788465+0.10968959455541442i
1+0i,0.046060604835273994+0.1188002487583823i
1+0i,0.12179772548390838+0.0371873622380567i
1+0i,0.10445071938288297-0.07273291678308526i
1+0i,0.0073662365051149585-0.12699665204854776i
1+0i,-0.09523709708597775-0.08422959572576477i
1+0i,-0.12500745285284642+0.02280618646372956i
1+0i,-0.05929280469357654+0.11231002862534938i
1+0i,0.05162344922006878+0.11595831433528808i
1+0i,0.12299850355360148+0.031060419948517833i
1+0i,0.10037638771499459-0.07745948276941211i
1+0i,0.001135746008115085-0.12671246544091308i
1+0i,-0.09886041664192866-0.07915708611848456i
1+0i,-0.12325758281108062+0.028785787906380575i
1+0i,-0.05351260988502629+0.11462644034151091i
1+0i,0.05701274411152332+0.1128453560007422i
1+0i,0.12387910422704027+0.02490266037740308i
1+0i,0.0960802355686081-0.08195335048251659i
1+0i,-0.00504869536670481-0.12611028277913172i
1+0i,-0.10220531727206263-0.07392453346584209i
1+0i,-0.121210070186396+0.03464527151964254i
1+0i,-0.04764316395722226+0.11663472573977385i
1+0i,0.06221487911450218+0.10947207743612256i
1+0i,0.12443954807134379+0.018731388800778993i
1+0i,0.09157588330874616-0.08620386069146808i
1+0i,-0.011170303736663306-0.1251942386213102i
1+0i,-0.1052646963596455-0.06854768594442337i
1+0i,-0.11887291667863482+0.040369337526527486i
1+0i,-0.041701433606977534+0.11833173856367352i
1+0i,0.06721691379433176+0.10584987905577826i
1+0i,0.1246808167407124+0.012563813252651927i
1+0i,0.08687746749086628-0.09020116997808182i
1+0i,-0.017212618498865177-0.12396937656342766i
1+0i,-0.10803236555202225-0.06304259805682491i
1+0i,-0.11625492868677552+0.04594321626945215i
1+0i,-0.035704464847761644+0.11971529231041533i
1+0i,0.07200661359534394+0.10199081549278141i
1+0i,0.12460484167931773+0.006416990064957093i
1+0i,0.08199959106133597-0.09393627542364318i
1+0i,-0.023159552446794414-0.1224416252881623i
1+0i,-0.11050306281680992-0.057425576447896136i
1+0i,-0.11336568212331388+0.05135271109495229i
1+0i,-0.029669327588733047+0.12078415899259853i
1+0i,0.07657248303156694+0.09790755124488652i
1+0i,0.12421448969584552+0.0003077704195453236i
1+0i,0.07695727242605714-0.09740103621111823i
1+0i,-0.028995440158075064-0.12061777182247027i
1+0i,-0.11267246123698978-0.05171312536075258i
1+0i,-0.11021548493555079+0.05658423889513702i
1+0i,-0.023613060643864536+0.1215380646520593i
1+0i,0.08090379605751222+0.09361331465723721i
1+0i,0.12351354549187227-0.0057472519066564115i
1+0i,0.07176589358040167-0.1005881920958795i
1+0i,-0.0347050844974418-0.11850543212693754i
1+0i,-0.11453717454560441-0.0459218919310505i
1+0i,-0.10681533749038415+0.06162486818414923i
1+0i,-0.017552617363405087+0.1219776816740275i
1+0i,0.08499062353853222+0.08912185042274866i
1+0i,0.12250669123680112-0.01173179142848874i
1+0i,0.06644114749511862-0.10349137871018949i
1+0i,-0.04027380108764823-0.11611301914863364i
1+0i,-0.11609475941294259-0.04006861151653416i
1+0i,-0.10317689098551934+0.06646235459839361i
1+0i,-0.01150481207556548+0.12210461796122933i
1+0i,0.08882385775190749+0.08444737078471103i
1+0i,0.12119948329211705-0.017629920303558755i
1+0i,0.06099898495356412-0.10610513967887059i
1+0i,-0.04568746061020413-0.11344970847724216i
1+0i,-0.11734371451109661-0.034170053256615734i
1+0i,-0.09931240405564594+0.07108517372011337i
1+0i,-0.005486267521252532+0.12192140303865827i
1+0i,0.0923952338616627+0.07960450562901311i
1+0i,0.11959832619727223-0.023426115987095635i
1+0i,0.0554555610355502-0.10842493553575847i
1+0i,-0.05093252880743854-0.11052540175168216i
1+0i,-0.11828347639252608-0.028242966053776387i
1+0i,-0.09523469774702448+0.07548255113498642i
1+0i,0.00048663654100800785+0.12143147117042619i
1+0i,0.09569734832202367+0.07460825165548884i
1+0i,0.11771044403849444-0.029105307038451177i
1+0i,0.0498271814422766-0.1104471494425765i
1+0i,-0.05599610406737262-0.10735068797121967i
1+0i,-0.1189144122307581-0.022304025164889888i
1+0i,-0.0909571090381053+0.0796444896457079i
1+0i,0.006397813389157098+0.12063914158034568i
1+0i,0.09872367417638293+0.06947392081921212i
1+0i,0.11554384933022425-0.03465291693561485i
1+0i,0.04413024885524137-0.11216908972378159i
1+0i,-0.06086595248322544-0.10393680287114851i
1+0i,-0.11923780948250462-0.01636977958619186i
1+0i,-0.08649344308722419+0.08356179357501405i
1+0i,0.01223151788680557+0.11954959587766364i
1+0i,0.10146857323058939+0.06421708823314623i
1+0i,0.11310730954668975-0.04005490576315973i
1+0i,0.038381209519711995-0.11358898924263618i
1+0i,-0.06553054029000142-0.1002955865285203i
1+0i,-0.11925586254127242-0.010456600410573188i
1+0i,-0.08185792439110252+0.08722609010318651i
1+0i,0.0179723933711365+0.11816885279861385i
1+0i,0.10392730509125087+0.05885353972337167i
1+0i,0.11041031144831026-0.04529780964849012i
1+0i,0.03259650024032854-0.11470600165523544i
1+0i,-0.0699790635915053-0.09643943936810037i
1+0i,-0.1189716564629433-0.004580630330206774i
1+0i,-0.07706514703981998+0.09062984759676238i
1+0i,0.02360551673108063+0.11650374038317657i
1+0i,0.10609603307152336+0.053399219227191874i
1+0i,0.107463023354147-0.05036877783109816i
1+0i,0.0267924959726873-0.11552019459041242i
1+0i,-0.07420147530220786-0.092381276742689i
1+0i,-0.11838914785374526+0.0012422655487679263i
1+0i,-0.07213002425511623+0.09376639089685741i
1+0i,0.029116441535800126+0.11456186571456635i
1+0i,0.10797182697846631+0.04787017622278166i
1+0i,0.104276255517469-0.05525560725967719i
1+0i,0.02098545819038055-0.11603253981429357i
1+0i,-0.07818850923963322-0.08813448226519023i
1+0i,-0.11751314302051548+0.006996547419617659i
1+0i,-0.06706773739932614+0.09662991354719323i
1+0i,0.03449123908242974+0.11235158235651556i
1+0i,0.10955266280747537+0.04228251337666512i
1+0i,0.10086141876669404-0.05994677462239529i
1+0i,0.015191484201945202-0.11624490044879676i
1+0i,-0.08193170131429692-0.08371286007233918i
1+0i,-0.11634927349213156+0.012667046863950988i
1+0i,-0.06189368464197572+0.09921548695351733i
1+0i,0.03971653724131841+0.10988195563034266i
1+0i,0.11083741938046901+0.0366523345922699i
1+0i,0.09723048157842967-0.06443146572628794i
1+0i,0.009426457586529297-0.1161600153234372i
1+0i,-0.08542340777562682-0.0791305862017635i
1+0i,-0.11490396902940982+0.018239011171592812i
1+0i,-0.056623429470056164+0.10151906647758935i
1+0i,0.044779556986674254+0.10716272588008335i
1+0i,0.1118258719754024+0.030995693639079i
1+0i,0.09339592575312974-0.0686996021525958i
1+0i,0.0037059999108856254-0.11578148054949237i
1+0i,-0.08865682048373541-0.07440215926513691i
1+0i,-0.11318442824865926+0.02369814575511451i
1+0i,-0.05127264922629334+0.10353749448024187i
1+0i,0.0496681465104715+0.10420426987958903i
1+0i,0.11251868300523812+0.025328543537525602i
1+0i,0.08937070086694136-0.07274186512587405i
1+0i,-0.0019545761164813727-0.11511372841473984i
1+0i,-0.09162597918829996-0.06954235060050172i
1+0i,-0.11119858699133667+0.029030654531492128i
1+0i,-0.045857083857313984+0.10526850033913109i
1+0i,0.05437081282771512+0.10101756054045613i
1+0i,0.11291738981471482+0.019666686869794503i
1+0i,0.08516817767567662-0.07654971654579491i
1+0i,-0.007540311905450257-0.11416200370569218i
1+0i,-0.09432578080712896-0.06456615408647362i
1+0i,-0.10895508457895176+0.03422327815249403i
1+0i,-0.04039248505054875+0.10671069747768183i
1+0i,0.058876750791594754+0.09761412508393273i
1+0i,0.11302438967303953+0.01402572718110133i
1+0i,0.08080210064849092-0.08011541714171447i
1+0i,-0.013036646517903757-0.11293233757239461i
1+0i,-0.09675198570817649-0.05948873579996192i
1+0i,-0.10646322809839286+0.03926332997486972i
1+0i,-0.03489456593498553+0.10786357745230614i
1+0i,0.06317586944768752+0.09400600184353984i
1+0i,0.11284292205001333+0.008421021629894023i
1+0i,0.07628653980978252-0.0834320417212185i
1+0i,-0.01842945834221895-0.1114315190584681i
1+0i,-0.09890122100980957-0.05432538369728218i
1+0i,-0.10373295486826938+0.0441387296711669i
1+0i,-0.029378951516541595+0.10872750115524575i
1+0i,0.06725881566711187+0.09020569586804417i
1+0i,0.11237704827198339+0.002867635038737784i
1+0i,0.0716358420680673-0.08649349149497772i
1+0i,-0.023705104784612845-0.10966706442609384i
1+0i,-0.10077098092492875-0.0490914574960964i
1+0i,-0.1007747932416015+0.04883803439200917i
1+0i,-0.02386113001387311+0.1093036872002777i
1+0i,0.07111699500937065+0.08622613349662528i
1+0i,0.1116316286624328-0.002619704509507076i
1+0i,0.06686458221012655-0.08929450347125802i
1+0i,-0.028850459862274004-0.1076471844120798i
1+0i,-0.102359624185137-0.04380233893255242i
1+0i,-0.09759982190428668+0.05335046740088484i
1+0i,-0.018356405254930472+0.10959419756803632i
1+0i,0.07474258977649237+0.08208061607959692i
1+0i,0.11061229727990131-0.008026648393226303i
1+0i,0.06198751373758731-0.09183065692433079i
1+0i,-0.03385294959248366-0.10538074955695127i
1+0i,-0.10366636859141286-0.038473382564264656i
1+0i,-0.09421962783217788+0.05766594411286142i
1+0i,-0.0128798502885114+0.10960192059676843i
1+0i,0.07812857423094124+0.07778277301886474i
1+0i,0.1093254343732708-0.013339268362361323i
1+0i,0.05701951972129795-0.0940983769517492i
1+0i,-0.038700585081465934-0.10287725375420467i
1+0i,-0.10469128274771534-0.03311986728548804i
1+0i,-0.0906462630723558+0.061775095479126456i
1+0i,-0.007446262358504825+0.1093305514129571i
1+0i,0.08126872696058415+0.07334651430245112i
1+0i,0.10777813668122126-0.01854409551695238i
1+0i,0.05197556384641178-0.09609493514596837i
1+0i,-0.04338199322648977-0.1001467761714093i
1+0i,-0.1054352750435378-0.027756948715933115i
1+0i,-0.08689220051624405+0.06566928866982438i
1+0i,-0.002070119381483826+0.10878456990437957i
1+0i,0.08415764038472781+0.06878598270688802i
1+0i,0.10597818570886114-0.023628157242139826i
1+0i,0.04687064181801209-0.09781844741605045i
1+0i,-0.04788644495471096-0.0971999416987408i
1+0i,-0.1059000799606381-0.02239961261924102i
1+0i,-0.08297028883359993+0.06934064501823169i
1+0i,0.0032344619391618014+0.10796921634577362i
1+0i,0.0867907274058267+0.06411550584009862i
1+0i,0.10393401412011714-0.02857901199690723i
1+0i,0.04171973329343643-0.09926786900517384i
1+0i,-0.0522038809323493-0.09404788008377808i
1+0i,-0.10608824178795102-0.01706262950118226i
1+0i,-0.0788937067371529+0.0727820551999072i
1+0i,0.008453766237234497+0.10689046479437889i
1+0i,0.08916422522188326+0.05934954819555514i
1+0i,0.101654670389452-0.033384781863169816i
1+0i,0.03653775450318387-0.1004429867593139i
1+0i,-0.0563249346880242-0.09070218391398743i
1+0i,-0.10600309583702479-0.011760510531197962i
1+0i,-0.0746759167477163+0.07598719163095241i
1+0i,0.013574517728794198+0.10555499437914029i
1+0i,0.09127519632476457+0.05450266338605052i
1+0i,0.09914978186083342-0.038034182771346986i
1+0i,0.03133951171748408-0.10134440871176885i
1+0i,-0.060240953104346386-0.08717486561025589i
1+0i,-0.10564874725817186-0.006507464924015202i
1+0i,-0.07033061862901584+0.07895051807995121i
1+0i,0.01858391646974658+0.10397015861332348i
1+0i,0.09312152671961135+0.04958944672236015i
1+0i,0.0964295163655918-0.04251655232827056i
1+0i,0.026139655710242703-0.10197355105710111i
1+0i,-0.06394401424216054-0.0834783135961095i
1+0i,-0.10503004756487422-0.0013173589107531095i
1+0i,-0.06587170266026138+0.08166729649844075i
1+0i,0.023469672526266493+0.10214395286565925i
1+0i,0.09470192141019015+0.044624488298420396i
1+0i,0.09350454255390783-0.04682187518313527i
1+0i,0.02095263736625015-0.10233262259657609i
1+0i,-0.06742694247212391-0.07962524780789679i
1+0i,-0.10415256898082564+0.0037963235787571437i
1+0i,-0.061313202912634215+0.0841335910848673i
1+0i,0.028220037967455133+0.10008498012991525i
1+0i,0.096015897204389+0.03962232674045369i
1+0i,0.09038598909710556-0.05094080587713358i
1+0i,0.015792664571219438-0.10242460674521524i
1+0i,-0.07068332089851195-0.07562867471121044i
1+0i,-0.10302257673026247+0.008820518408750266i
1+0i,-0.056669250693423275+0.08634626960688625i
1+0i,0.032823836598914295+0.09780241523695615i
1+0i,0.09706377290305004+0.03459740377272423i
1+0i,0.08708540291975614-0.054864689132418834i
1+0i,0.010673660517480296-0.10225324119817532i
1+0i,-0.073707501070264-0.07150184198818003i
1+0i,-0.10164699939798497+0.013742616800064833i
1+0i,-0.05195402831850335+0.08830300201650776i
1+0i,0.0372704913653822+0.0953059676569106i
1+0i,0.09784665694396238+0.02956401974736437i
1+0i,0.08361470662176915-0.05858557754604725i
1+0i,0.005609223551012527-0.10182299536125267i
1+0i,-0.07649460998426229-0.06725819305903251i
1+0i,-0.10003339749062092+0.018550498865714755i
1+0i,-0.04718172337025274+0.09000225640195118i
1+0i,0.041550049360153475+0.09260584304200249i
1+0i,0.0983664325810357+0.02453629027998752i
1+0i,0.07998615525120867-0.06209624666452815i
1+0i,0.000612588677993596-0.10113904565689269i
1+0i,-0.0790405543956272-0.06291132159945333i
1+0i,-0.0981899303352691+0.023232565031614888i
1+0i,-0.042366483593878554+0.09144329232912768i
1+0i,0.04565320438866249+0.08971270366292582i
1+0i,0.0986257406864627+0.01952810412663847i
1+0i,0.07621229258850724-0.06539020742453114i
1+0i,-0.004303409158796173-0.10020724882315052i
1+0i,-0.081342022459411-0.05847492621286056i
1+0i,-0.09612532145565056+0.02777776526362001i
1+0i,-0.03752237258046011+0.09262615163437189i
1+0i,0.04957131704332869+0.08663762789334421i
1+0i,0.09862796027099019+0.01455308243103829i
1+0i,0.07230590710207795-0.06846171595510334i
1+0i,-0.0091263699315028-0.09903411332854956i
1+0i,-0.08339648273740652-0.05396276541369986i
1+0i,-0.09384882256929045+0.03217562603122549i
1+0i,-0.03266332637989002+0.09355164673836992i
1+0i,0.0532964322564656+0.08339206889819047i
1+0i,0.09837718682426119+0.00962453946412353i
1+0i,0.06827998773406276-0.07130578074642517i
1+0i,-0.013844361412827536-0.09762676903075271i
1+0i,-0.08520218061284882-0.049388613074336646i
1+0i,-0.09137017635205551+0.03641627494758315i
1+0i,-0.027803111181301333+0.09422134655917179i
1+0i,0.05682129430774193+0.07998781268192579i
1+0i,0.09787820858353335+0.0047554449705619825i
1+0i,0.06414767967311052-0.07391816719961937i
1+0i,-0.01844595001052876-0.09599293521135625i
1+0i,-0.08675813216454765-0.04476621448406194i
1+0i,-0.08869957811857139+0.04049046303486646i
1+0i,-0.02295528219254267+0.09463756010967223i
1+0i,0.06013935927229388+0.07643693565280996i
1+0i,0.09713648084491418-0.000041611770698645594i
1+0i,0.05992224026866457-0.0762953995814132i
1+0i,-0.022920229474346163-0.09414088712293361i
1+0i,-0.08806411556039086-0.040109243164179326i
1+0i,-0.08584763656864408+0.044389584573434934i
1+0i,-0.01813314384385146+0.09480331787201224i
1+0i,0.06324480490508598+0.07275176185852733i
1+0i,0.0961580984365484-0.0047544560726948265i
1+0i,0.05561699523830753-0.07843476041648892i
1+0i,-0.027256847407814998-0.092079421187711i
1+0i,-0.08912066003821535-0.03543125857813005i
1+0i,-0.08282533375082912+0.04810569450266647i
1+0i,-0.013349711434089686+0.0947223510479456i
1+0i,0.06613253796648874+0.06894482004725724i
1+0i,0.09494976647796728-0.009371360062514706i
1+0i,0.051245295316223044-0.08033428735912262i
1+0i,-0.031446029526476196-0.08981781898991925i
1+0i,-0.08992903254969685-0.030745664870149084i
1+0i,-0.07964398439471052+0.051631523350704256i
1+0i,-0.008617674330795959+0.09439906879032461i
1+0i,0.06879819900322046+0.06502880070642755i
1+0i,0.09351876955402423-0.013881072916510098i
1+0i,0.046820473486881495-0.08199276759416907i
1+0i,-0.0354786016130688-0.08736581020596199i
1+0i,-0.0904912221501526-0.026065670760089137i
1+0i,-0.0763151947633107+0.05496048967967556i
1+0i,-0.003949360827896615+0.09383853352647845i
1+0i,0.07123816460777943+0.061016513229043i
1+0i,0.09187293943550731-0.01827284903451012i
1+0i,0.04235580294360766-0.08340972982557629i
1+0i,-0.03934600912942609-0.08473353461804675i
1+0i,-0.09080992222395981-0.02140425071580479i
1+0i,-0.07285082117632621+0.05808671004213384i
1+0i,0.000643295242756442+0.09304643448935423i
1+0i,0.07344954718823435+0.05692084335456771i
1+0i,0.09002062148162424-0.022536474087547234i
1+0i,0.037864455906804595-0.0845854339183906i
1+0i,-0.043040334453915044-0.08193150335787362i
1+0i,-0.09088851064165467-0.016774107517892288i
1+0i,-0.06926292835362642+0.06100500645353628i
1+0i,0.005148786057752045+0.09202905957687285i
1+0i,0.07543019228870153+0.05275471102796647i
1+0i,0.08797063986210875-0.026662288882350373i
1+0i,0.03335946343129478-0.08552085826759322i
1+0i,-0.04655431172233622-0.0789705595273504i
1+0i,-0.09073102795065868-0.012187636324682241i
1+0i,-0.06556374772664164+0.0637109113944529i
1+0i,0.009556059426221689+0.09079326566400962i
1+0i,0.0771786735090186+0.04853102881662612i
1+0i,0.08573226173867955-0.030641210994672242i
1+0i,0.028853676326543773-0.08621768497410615i
1+0i,-0.049881339259206736-0.07586183834312236i
1+0i,-0.09034215370698499-0.00765689033818533i
1+0i,-0.06176563586294467+0.0662006703648744i
1+0i,0.013854546419758418+0.08934644749561271i
1+0i,0.07869428507995906+0.0442626610205594i
1+0i,0.0833151605470176-0.034464754132345586i
1+0i,0.02435972730746592-0.08667828291486579i
1+0i,-0.05301548959524775-0.07261672695098496i
1+0i,-0.08972718106019356-0.0031935481642550445i
1+0i,-0.057881033146503835+0.06847124202143784i
1+0i,0.018034186944613326+0.08769650529096316i
1+0i,0.07997703215784407+0.039962383606542445i
1+0i,0.08072937852131516-0.03812504519779315i
1+0i,0.019889994487115786-0.08690568879999232i
1+0i,-0.055951517075649944-0.06924682405499247i
1+0i,-0.08889198970825864+0.001191117047428164i
1+0i,-0.05392242285277526+0.07052029593655611i
1+0i,0.02208545320110017+0.08585181119350821i
1+0i,0.08102761890953353+0.035642845091673855i
1+0i,0.07798528860377353-0.041614839028492556i
1+0i,0.015456566315875477-0.08690358631575469i
1+0i,-0.05868486307227796-0.06576389950429978i
1+0i,-0.08784301734291483+0.0054862666057833576i
1+0i,-0.04990229075404217+0.07234620802634052i
1+0i,0.02599937098365424+0.08382117470109844i
1+0i,0.08184743446550992+0.031316528496318094i
1+0i,0.07509355588124086-0.04492753080260552i
1+0i,0.011071208064778073-0.08667628345723323i
1+0i,-0.06121165882135076-0.06217985397850737i
1+0i,-0.0865872297094164+0.009681523353390172i
1+0i,-0.045833085386199506+0.07394805370176238i
1+0i,0.02976753878354047+0.08161380721342064i
1+0i,0.08243853682511518+0.026995714480511784i
1+0i,0.07206509869045008-0.04805716610557629i
1+0i,0.006745329943405674-0.08622868815931334i
1+0i,-0.06352872591629621-0.058506678909524795i
1+0i,-0.08513208940750912+0.013766996752512514i
1+0i,-0.04172717910357632+0.07532559880475448i
1+0i,0.03338214466473059+0.07923928583415149i
1+0i,0.08280363480389157+0.02269244577172561i
1+0i,0.06891104953208943-0.05099844866196128i
1+0i,0.002489956935392241-0.0855662823388782i
1+0i,-0.06563357449336293-0.054756416774753375i
1+0i,-0.08348552356273599+0.01773330592859694i
1+0i,-0.03759683004338478+0.07647928839781329i
1+0i,0.036835980891957464+0.07670751656565405i
1+0i,0.08294606811844915+0.01841849298537989i
1+0i,0.06564271593219949-0.05374674574504472i
1+0i,-0.0016842995730256202-0.08469509446481294i
1+0i,-0.06752439915519481-0.050941121892731325i
1+0i,-0.08165589049902801+0.02157160062599911i
1+0i,-0.033454145116027206+0.07741023348217603i
1+0i,0.040122456298363494+0.07402869703383837i
1+0i,0.08286978570929779+0.014185321932780885i
1+0i,0.06227154138718947-0.05629809128488293i
1+0i,-0.005767268303685128-0.08362167077567884i
1+0i,-0.06920007268487632-0.04707282184831381i
1+0i,-0.07965194554481445+0.02527358003894287i
1+0i,-0.029311044131806935+0.07812019572573882i
1+0i,0.0432356063884588+0.07121327888008624i
1+0i,0.08257932240662832+0.010004062504175466i
1+0i,0.05880906652608007-0.05864918670329017i
1+0i,-0.009749242676513005-0.08235304526766064i
1+0i,-0.0706601376099353-0.04316347966999067i
1+0i,-0.0774828061056845+0.028831509488952863i
1+0i,-0.025179225168591345+0.0786115702875852i
1+0i,0.04617010118027552+0.06827192995594031i
1+0i,0.08207977404811147+0.005885479207459347i
1+0i,0.05526689062047694-0.060797399511898664i
1+0i,-0.013621003426896462-0.08089670857763005i
1+0i,-0.07190479568243227-0.039224956877110896i
1+0i,-0.07515791613691133+0.032238234928201645i
1+0i,-0.02107013127871234+0.07888736683124867i
1+0i,0.04892125079859894+0.06521549645457328i
1+0i,0.08137677116138958+0.0018399434357504636i
1+0i,0.05165663356922656-0.06274075971676868i
1+0i,-0.017373839206383277-0.07926057588790882i
1+0i,-0.07293489534751696-0.03526897750959806i
1+0i,-0.07268701014893054+0.03548719525631884i
1+0i,-0.016994918626876347+0.07895118882367896i
1+0i,0.051485008838970066+0.06205496511090364i
1+0i,0.08047645132705092-0.0021225924704214166i
1+0i,0.04798989848077474-0.0644779540800728i
1+0i,-0.020999565130651765-0.07745295398056307i
1+0i,-0.07375191727873434-0.031307093247246134i
1+0i,-0.07008007687817998+0.038572432446235004i
1+0i,-0.012964426144124911+0.07880721122125622i
1+0i,0.05385797352974309+0.0588014255996478i
1+0i,0.07938543034052938-0.005992619308119078i
1+0i,0.04427823497192688-0.06600831829611509i
1+0i,-0.024490539246639836-0.07548250756980508i
1+0i,-0.07435795806383579-0.027350649719896855i
1+0i,-0.06734732275452335+0.041488599482497376i
1+0i,-0.008989146775977137+0.07846015664813327i
1+0i,0.056037386726828974+0.05546603325757167i
1+0i,0.07811077229351743-0.009761093193639103i
1+0i,0.04053310329703674-0.06733182714533563i
1+0i,-0.02783967689863436-0.07335822504135252i
1+0i,-0.07475571212994012-0.023410754103747152i
1+0i,-0.06449913529486219+0.04423096612322523i
1+0i,-0.0050792003958139015+0.07791527017566155i
1+0i,0.05802113078284391+0.05205997225279696i
1+0i,0.07665995869716438-0.013419455797905568i
1+0i,0.03676583941665352-0.06844908269600168i
1+0i,-0.031040462980943838-0.07108938372738234i
1+0i,-0.07494845200153989-0.01949824409275809i
1+0i,-0.061546046550466554+0.046795422504394994i
1+0i,-0.0012443084473661714+0.07717829281466289i
1+0i,0.05980772333917779+0.04859441932020804i
1+0i,0.07504085677052555-0.01695965260042251i
1+0i,0.03298762110934461-0.0693613006289553i
1+0i,-0.03408696207251444-0.06868551484504085i
1+0i,-0.07494000698908386-0.015623658327634626i
1+0i,-0.058498696733052566+0.04917848061247422i
1+0i,0.002506229627124223+0.07625543383485911i
1+0i,0.06139631009599021+0.04508050817784238i
1+0i,0.07326168701845202-0.020374149134255275i
1+0i,0.029209435224839004-0.07007029476608735i
1+0i,-0.03697382645644056-0.06615636822534662i
1+0i,-0.07473474040965154-0.011797208358189294i
1+0i,-0.055367798141739075+0.05137727365850335i
1+0i,0.0061635581238596165+0.07515334202784597i
1+0i,0.06278665562131272+0.041529294734642765i
1+0i,0.07133099022337225-0.023655945202138196i
1+0i,0.02544204617079454-0.07057845988809408i
1+0i,-0.03969630203476866-0.06351187695775101i
1+0i,-0.07433752544459357-0.008028752208079509i
1+0i,-0.052164099509709155+0.05338955339356512i
1+0i,0.009719284937748783+0.07387907603162451i
1+0i,0.0639791322662617+0.037951723195129045i
1+0i,0.0692575939752124-0.026798587051354072i
1+0i,0.02169596571944136-0.07088875293158137i
1+0i,-0.04225023215625115-0.060762122073627134i
1+0i,-0.07375371974191099-0.004327769603973696i
1+0i,-0.04889835088574896+0.0552136854121279i
1+0i,0.01316549951157835+0.07244007383585255i
1+0i,0.06497470725884352+0.03435859316143795i
1+0i,0.06705057886306433-0.02979617750248153i
1+0i,0.017981424214092826-0.07100467265964855i
1+0i,-0.044632059381772365-0.057917297389558677i
1+0i,-0.07298913887361241-0.0007033389241720509i
1+0i,-0.04558126916182256+0.05684864249602058i
1+0i,0.0164947888470816+0.07084412158769174i
1+0i,0.06577492805393716+0.030760527827800123i
1+0i,0.06471924445111968-0.03264338403443283i
1+0i,0.01430834324910096-0.07093023790375391i
1+0i,-0.04683882521899689-0.05498767462850199i
1+0i,-0.07205002876029287+0.002835884085384807i
1+0i,-0.04222350435350093+0.058293996057738426i
1+0i,0.019700251558246885+0.06909932181837293i
1+0i,0.06638190602176794+0.027167943356909027i
1+0i,0.0622730751598916-0.03533544483537813i
1+0i,0.010686309890256339-0.07066996447789681i
1+0i,-0.0488681678643835-0.051983568933728574i
1+0i,-0.0709430371767528+0.006281685786915103i
1+0i,-0.03883560673543534+0.05954990574740877i
1+0i,0.022775509954479516+0.06721406121042828i
1+0i,0.06679829856152154+0.023591019521803855i
1+0i,0.059721706171827836-0.03786817283615202i
1+0i,0.007124552495960383-0.07022884086895967i
1+0i,-0.05071831799702557-0.048915304886932756i
1+0i,-0.06967518445359537+0.009626312284738498i
1+0i,-0.035427994929135634+0.06061710729302371i
1+0i,0.025714720148415023+0.06519697802492185i
1+0i,0.06702728973069229+0.02003967169086413i
1+0i,0.057074889478119895-0.04023795774955069i
1+0i,0.0036319181927236075-0.06961230280943696i
1+0i,-0.052388092674825526-0.04579318313803709i
1+0i,-0.0682538334904374+0.012862485190817584i
1+0i,-0.0320109250351527+0.06149689864847586i
1+0i,0.028512580190236083+0.06305692930697979i
1+0i,0.06707256948429381+0.01652352422733825i
1+0i,0.054342460180823546-0.04244176614550696i
1+0i,0.00021685205171471933-0.0688262068407246i
1+0i,-0.05387688738924165-0.04262744775005743i
1+0i,-0.06668665919662096+0.015983415502432843i
1+0i,-0.028594460896353136+0.06219112452849705i
1+0i,0.031164336237266197+0.060802957986489256i
1+0i,0.06693831162119386+0.013051885368500483i
1+0i,0.05153430316137723-0.04447713959849221i
1+0i,-0.0031126219937763575-0.0678768029766695i
1+0i,-0.055184666340281636-0.03942825435793709i
1+0i,-0.064981617475161+0.01898281557953431i
1+0i,-0.025188445573369835+0.06270215941379345i
1+0i,0.03366578677435703+0.05844425998900441i
1+0i,0.06662915053755272+0.00963372364310745i
1+0i,0.04866032022321805-0.046342190949588635i
1+0i,-0.00634891845698014-0.066770706578181i
1+0i,-0.0563119509985075-0.036205639235529115i
1+0i,-0.06314691386508144+0.02185490921623221i
1+0i,-0.021802474107520637+0.06303288911347393i
1+0i,0.03601328490714889+0.05599015146969286i
1+0i,0.06615015688965349+0.006277645879306286i
1+0i,0.04573039781250085-0.04803559873149949i
1+0i,-0.009484905806259531-0.06551486955038414i
1+0i,-0.057259807025581845-0.03296948935994069i
1+0i,-0.061190971956324725+0.02459443980769027i
1+0i,-0.018445867640538093+0.0631866909752996i
1+0i,0.03820373875663837+0.05345003628059182i
1+0i,0.06550681227030983+0.0029918768485750515i
1+0i,0.04275437541692411-0.049556599810308744i
1+0i,-0.012513920154384899-0.06411655097406474i
1+0i,-0.0580298296292905-0.029729513557258867i
1+0i,-0.05912240169004927+0.027196676620347967i
1+0i,-0.01512764895438101+0.06316741283730716i
1+0i,0.040234609989609274+0.05083337377853673i
1+0i,0.0647049830045226-0.00021575941532845548i
1+0i,0.0397420147383945-0.050904980303036265i
1+0i,-0.015429777115905777-0.06258328728302365i
1+0i,-0.05862412743303148-0.026495214808288342i
1+0i,-0.05694996765539534+0.029657419179902934i
1+0i,-0.011856519488208928+0.0629793508170006i
1+0i,0.04210391052536995+0.04814964707788097i
1+0i,0.06375089317113546-0.003337856590055893i
1+0i,0.036702969730722027-0.05208106483495864i
1+0i,-0.018226781826723555-0.06092286209842132i
1+0i,-0.05904530494344387-0.023275863787368192i
1+0i,-0.054682557491688696+0.03197299979780861i
1+0i,-0.008640837883339003+0.06262722603654701i
1+0i,0.043810197464857766+0.04540833184859111i
1+0i,0.0626510969579196-0.0063674413052358415i
1+0i,0.03364675758876662-0.053085704205265705i
1+0i,-0.020899737126520847-0.0591432758302793i
1+0i,-0.059296443703170006-0.02008047370161668i
1+0i,-0.052329150502611436+0.03414028426316977i
1+0i,-0.005488600100678243+0.062116160384263694i
1+0i,0.045352566293523654+0.042618865756466826i
1+0i,0.061412450457801915-0.009297986630727343i
1+0i,0.03058273077048173-0.05392026153388769i
1+0i,-0.02344394991111865-0.05725271515501862i
1+0i,-0.0593810822186791-0.01691777649211907i
1+0i,-0.049898786586082725+0.03615667073282398i
1+0i,-0.0024074211487723988+0.06145165141413151i
1+0i,0.046730642414462224+0.03979061863813518i
1+0i,0.060042083013837094-0.012123423799864433i
1+0i,0.027520050128114513-0.05458659696624307i
1+0i,-0.025855235668107265-0.0552595224762531i
1+0i,-0.05930319475564648-0.01379620045262029i
1+0i,-0.04740053558050029+0.03802008685807412i
1+0i,0.0005954815457579581+0.060639546486141296i
1+0i,0.04794457107301375+0.03693286349912068i
1+0i,0.05854736822004682-0.014838152161416282i
1+0i,0.024467659219488014-0.05508705101623476i
1+0i,-0.028129921215190565-0.05317216547406715i
1+0i,-0.059067169096565994-0.010723849315267835i
1+0i,-0.04484346712460888+0.03972898519196569i
1+0i,0.0035133030999725534+0.05968601625095449i
1+0i,0.04899500573851283+0.03405474841872208i
1+0i,0.05693589468438841-0.017437047360297223i
1+0i,0.021434259864798792-0.055424426631032996i
1+0i,-0.03026484566659288-0.05099920684566678i
1+0i,-0.05867778335707993-0.007708482846866236i
1+0i,-0.042236621124588085+0.04128233692616361i
1+0i,0.006339664449453997+0.05859752758266273i
1+0i,0.04988309501298002+0.031165269440642705i
1+0i,0.05521543665889989-0.01991546775325022i
1+0i,0.018428289008752742-0.05560197006403931i
1+0i,-0.03225735965857419-0.048749274337645115i
1+0i,-0.05814018195893315-0.004757498992994581i
1+0i,-0.039588978918035436+0.04267962401136949i
1+0i,0.009068623923391118+0.05738081606335062i
1+0i,0.050610468140350834+0.028273244523359987i
1+0i,0.05339392464050773-0.022269259071765933i
1+0i,0.015457896942153451-0.05562335064491989i
1+0i,-0.03410532287058033-0.0464310311671507i
1+0i,-0.057459850858519484-0.001877917601213648i
1+0i,-0.03690943522035077+0.04392082971982525i
1+0i,0.011694687113238785+0.05604285812273439i
1+0i,0.051179219193302206+0.02538728861909085i
1+0i,0.051479416044085326-0.024494757350382503i
1+0i,0.01253092693126453-0.05549263953773011i
1+0i,-0.035807099883794616-0.04405314692600999i
1+0i,-0.056642592130664984+0.0009236342515236921i
1+0i,-0.03420677093464911+0.045006427712745524i
1+0i,0.01421281503436761+0.054590842935350284i
1+0i,0.05159189001785195+0.022515789944943382i
1+0i,0.04948006604713273-0.02658879014420437i
1+0i,0.009654896297427454-0.055214287579911286i
1+0i,-0.037361554423843486-0.041624269058351676i
1+0i,-0.05569449800761748+0.003640935308220867i
1+0i,-0.03148962690174799+0.04593736967952049i
1+0i,0.01661843058607944+0.05303214417663034i
1+0i,0.05185145201868795+0.019666887504457754i
1+0i,0.047404098702927194-0.028548676064983024i
1+0i,0.0068369789835390085-0.0547931022963572i
1+0i,-0.0387680420391362-0.0391529949985271i
1+0i,-0.054621924473170255+0.00626818154493515i
1+0i,-0.028766478662015336+0.046715071619210215i
1+0i,0.01890742332119036+0.0513742917377286i
1+0i,0.051961286870613486+0.01684844991225451i
1+0i,0.04525977841617917-0.03037222267039026i
1+0i,0.004083989638099292-0.05423422418378583i
1+0i,-0.04002640127076679-0.03664784505213639i
1+0i,-0.053431464511455355+0.008799995940565271i
1+0i,-0.026045612295945736+0.04734139883821018i
1+0i,0.0210761525420502+0.04962494349716567i
1+0i,0.05192516624357494+0.014068055568947347i
1+0i,0.04305538187213905-0.03205772274617286i
1+0i,0.0014023692416664409-0.053543102361344644i
1+0i,-0.041136943374074406-0.03411723609877845i
1+0i,-0.05212992110921945+0.011231436602125913i
1+0i,-0.023335101405284102+0.04781864974100518i
1+0i,0.02312144874536603+0.047791857245261235i
1+0i,0.05174723063047605+0.011332974227863245i
1+0i,0.04079917050676034-0.033603949025706514i
1+0i,-0.0012018277052991307-0.05272546968372662i
1+0i,-0.04210044065582872-0.031569456190750404i
1+0i,-0.05072428010932236+0.013558003250055111i
1+0i,-0.020642785291338443+0.048149538493629684i
1+0i,0.025040613443508608+0.04588286285491899i
1+0i,0.05143196736836509+0.008650149989459016i
1+0i,0.03849936360193137-0.03501014739602945i
1+0i,-0.0037229444200192717-0.051787317413059i
1+0i,-0.04291811349457693-0.029012640117366633i
1+0i,-0.049221683011823086+0.01577564207371273i
1+0i,-0.017976248381863052+0.04833717664182505i
1+0i,0.02683141739508485+0.04390583478966058i
1+0i,0.05098418794462869+0.006026185753665602i
1+0i,0.03616411208598623-0.03627602864375105i
1+0i,-0.006155731492958996-0.050734869545500244i
1+0i,-0.04359161611495832-0.02645474599985017i
1+0i,-0.047629399817318716+0.01788074897270048i
1+0i,-0.015342800952550818+0.048385053767926914i
1+0i,0.028492097282457468+0.041868665036855476i
1+0i,0.05040900468052491+0.003467329154729427i
1+0i,0.03380147311568854-0.037401758798263275i
1+0i,-0.00849535495955829-0.04957455688780503i
1+0i,-0.04412302118973952-0.023903532976907158i
1+0i,-0.04595480200521712+0.019870171204937316i
1+0i,-0.012749461183776952+0.04829701727221271i
1+0i,0.030021350878550318+0.03977923655090829i
1+0i,0.04971180688475549+0.0009794599974923372i
1+0i,0.031419385511682746-0.03838794813343948i
1+0i,-0.01073740279186702-0.048312990978133394i
1+0i,-0.044514803345964145-0.021366540036127202i
1+0i,-0.044205335737344136+0.021741207467555458i
1+0i,-0.010202938587804408+0.04807725136581999i
1+0i,0.03141833074970719+0.03764539728773954i
1+0i,0.048898236569811245-0.001431920791535056i
1+0i,0.029025646115040344-0.039235638892475805i
1+0i,-0.012877889819231998-0.04695693794408575i
1+0i,-0.0447698216539261-0.018851066041306576i
1+0i,-0.042388495374747065+0.023491606441614778i
1+0i,-0.007709618836217347+0.04773025536338017i
1+0i,0.032682636545541696+0.035474934908257594i
1+0i,0.04797416382353558-0.003761700690470887i
1+0i,0.026627887128011393-0.039946291803699956i
1+0i,-0.014913261092461267-0.04551329238934717i
1+0i,-0.04489130117967699-0.016364151000653058i
1+0i,-0.040511797392753415+0.02511956383636538i
1+0i,-0.005275550011905144+0.047260821364231514i
1+0i,0.03381430593063259+0.03327555222468509i
1+0i,0.04694566192775264-0.006005163583339156i
1+0i,0.02423355449744556-0.040521771458057645i
1+0i,-0.016840393711018566-0.043989051398453126i
1+0i,-0.04488281368345756-0.013912558615653842i
1+0i,-0.03858275477630521+0.02662371797330543i
1+0i,-0.002906430304497795+0.04667401141146575i
1+0i,0.03481380421656459+0.031054843459579297i
1+0i,0.04581898231488481-0.008157996239270823i
1+0i,0.021849887394584086-0.04096433062155004i
1+0i,-0.01865659713774994-0.042391288747021354i
1+0i,-0.04474825754779813-0.011502760145160468i
1+0i,-0.03660885197432265+0.02800314395455806i
1+0i,-0.0006075971627785039+0.04597513421813198i
1+0i,0.035682012756184725+0.028820271383209424i
1+0i,0.044600529452285084-0.010216293277804381i
1+0i,0.019483898840078298-0.04127659355817427i
1+0i,-0.02035961203042081-0.04072712940239329i
1+0i,-0.04449183702008016-0.00914091961401375i
1+0i,-0.03459752048837654+0.029257346464144737i
1+0i,0.0016159820877254191+0.045169721549690234i
1+0i,0.03642021616503744+0.026579145390623945i
1+0i,0.04329683574250683-0.012176560633551327i
1+0i,0.017142357518158194-0.04146153844087612i
1+0i,-0.021947607623918113-0.0390037243969576i
1+0i,-0.044118040855077256-0.006832880390286761i
1+0i,-0.032556115167283926+0.030386251254528453i
1+0i,0.003759718159012524+0.04426350435126095i
1+0i,0.037030088437746835+0.024338600575285037i
1+0i,0.04191453652596473-0.01403571753844738i
1+0i,0.014831770818897128-0.041522478929682846i
1+0i,-0.02341917770134359-0.037228226153538053i
1+0i,-0.043631620443412-0.004584153150012205i
1+0i,-0.03049189127539496+0.03139019537434219i
1+0i,0.00581940624893343+0.043262388707381014i
1+0i,0.03751367802962831+0.022105577851584964i
1+0i,0.040460345270398865-0.015791097044593753i
1+0i,0.012558369142496587-0.04146304499753324i
1+0i,-0.024773335196373786-0.03540776433910932i
1+0i,-0.04303756751197434-0.0023999052430744225i
1+0i,-0.02841198239833606+0.032269916196499465i
1+0i,0.007791231030810766+0.04217243172084899i
1+0i,0.037873391976037146+0.01988680517389744i
1+0i,0.038941029029267396-0.01744044511531464i
1+0i,0.010328091494476466-0.041287163085363315i
1+0i,-0.026009505473193542-0.0335494223197967i
1+0i,-0.04234109148216458-0.000284951468820919i
1+0i,-0.02632337924583092+0.033026539308896666i
1+0i,0.009671770196510636+0.04099981739584548i
1+0i,0.038111979123892394+0.017688779895090802i
1+0i,0.037363384248662035-0.018981918316485435i
1+0i,0.00814657239561697-0.04099903566875502i
1+0i,-0.027127518333993347-0.03166021428660133i
1+0i,-0.041547596571338025+0.0017562537351122481i
1+0i,-0.02423290940694809+0.03366156533265281i
1+0i,0.011457996569911057+0.03975083260883894i
1+0i,0.03823251255144662+0.015517752302638034i
1+0i,0.035734212999587525-0.020414080144423235i
1+0i,0.006019130125470147-0.04060312031889451i
1+0i,-0.02812759880747168-0.029747063117626746i
1+0i,-0.04066265872206759+0.0037196226922370157i
1+0i,-0.022147218108743975+0.034176855735298675i
1+0i,0.013147278812339947+0.0384318432488666i
1+0i,0.03823837125371764+0.013379710365632961i
1+0i,0.03406029970947638-0.021735896030658706i
1+0i,0.003950756313266971-0.04010410834073884i
1+0i,-0.029010356774973406-0.027816779038742266i
1+0i,-0.039692002442793105+0.0056014394812608816i
1+0i,-0.020072750024801335+0.03457461770850247i
1+0i,0.014737380746030315+0.03704927060660941i
1+0i,0.038133221172043194+0.011280365721175276i
1+0i,0.03234838846364856-0.02294672706771841i
1+0i,0.0019461068851018386-0.03950690307114884i
1+0i,-0.029776775493835866-0.02587603914065304i
1+0i,-0.03864147764211611+0.007398363535847853i
1+0i,-0.018015732175613773+0.034857388181824066i
1+0i,0.016226459325927096+0.03560956808927561i
1+0i,0.03792099564697849+0.009225140923728913i
1+0i,0.030605160944076407-0.024046322503634598i
1+0i,0.000009494371392700096-0.038816597919329884i
1+0i,-0.03042819908018865-0.023931367806248598i
1+0i,-0.03751703653743258+0.009107431865824949i
1+0i,-0.015982157958170793+0.035028017045604924i
1+0i,0.017613061294293977+0.03411919833569237i
1+0i,0.03760587537422976+0.007219157976221204i
1+0i,0.028837215069301144-0.025034811056252604i
1+0i,-0.0018551184261826623-0.03803845423121876i
1+0i,-0.030966319015866578-0.021989118097900558i
1+0i,-0.036324710716773685+0.010726059920045813i
1+0i,-0.013977772337447056+0.03508964965743455i
1+0i,0.018896118556471095+0.032584610803172986i
1+0i,0.03719226794349943+0.005267228156832091i
1+0i,0.02705104439567835-0.025912691101518007i
1+0i,-0.0036441234137827364-0.0371778790584971i
1+0i,-0.03139315974623308-0.020055454150085666i
1+0i,-0.035070588430675+0.012252041115455132i
1+0i,-0.012008058227838854+0.035045708707688306i
1+0i,0.020074942319842564+0.031012219894708724i
1+0i,0.036684787040030434+0.0033738431506545345i
1+0i,0.02525301833632369-0.026680819792793124i
1+0i,-0.005354270840636829-0.03624040291168256i
1+0i,-0.03171106343758685-0.018136334608345114i
1+0i,-0.03376079218861268+0.013683545061057694i
1+0i,-0.010078224087911036+0.0348998755204043i
1+0i,0.021149216041558817+0.02940838369184054i
1+0i,0.036088231388274744+0.0015431674906943062i
1+0i,0.023449363250206474-0.02734040117087306i
1+0i,-0.006982671605000077-0.03523165757527978i
1+0i,-0.031922673964422964-0.016237497151161805i
1+0i,-0.03240145673205328+0.015019114509481539i
1+0i,-0.008193192747151155+0.03465607086626241i
1+0i,0.022118987233825615+0.02777938335519609i
1+0i,0.03540756351647542-0.00022096769196090684i
1+0i,0.021646144449799697-0.02789297332672943i
1+0i,-0.008526798249755631-0.034157354061255675i
1+0i,-0.03203092019814729-0.01436444412687105i
1+0i,-0.030998707453471296+0.016257661072621485i
1+0i,-0.006357591478786555+0.034318435364653344i
1+0i,0.022984658178607568+0.026131403251174423i
1+0i,0.03464788842007031-0.001915069613523876i
1+0i,0.019849249171576835-0.028340394681120276i
1+0i,-0.009984484670782532-0.03302326077516302i
1+0i,-0.03203899866990419-0.012522429333224585i
1+0i,-0.029558639327806665+0.01739845974145058i
1+0i,-0.004575743328110454+0.03389130955177962i
1+0i,0.023746975606396537+0.02447051185960564i
1+0i,0.03381443220067835-0.0035359874876093513i
1+0i,0.018064370549443123-0.02868482944704454i
1+0i,-0.011353924565247926-0.03183518196707033i
1+0i,-0.03195035568095957-0.010716445962721545i
1+0i,-0.028087296419779726+0.018441142253481802i
1+0i,-0.002851659701216378+0.033379213691419204i
1+0i,0.024407019396255662+0.02280264351345083i
1+0i,0.0329125207560524-0.005080914893561725i
1+0i,0.016296992626931392-0.02892873234260994i
1+0i,-0.012633668650851984-0.03059893653708741i
1+0i,-0.03176866893460825-0.008951215732318388i
1+0i,-0.026590652027262494+0.019385689354546973i
1+0i,-0.0011890342145522348+0.03278682740441998i
1+0i,0.024966190356668798+0.021133581017731367i
1+0i,0.03194755859476271-0.00654739088071731i
1+0i,0.01455237643969139-0.02907483262319978i
1+0i,-0.01382262069074116-0.029320337262709925i
1+0i,-0.031497828763829255-0.007231179211649563i
1+0i,-0.02507458951754492+0.020232422004522743i
1+0i,0.0004087621986929371+0.03211896919217208i
1+0i,0.025426197148794585+0.019468939190915552i
1+0i,0.030925007847539373-0.007933299830386108i
1+0i,0.012835547195468089-0.029126117502892974i
1+0i,-0.014920032362314282-0.02800517051245556i
1+0i,-0.031141919028910163-0.005560487359439837i
1+0i,-0.023544883909834433+0.020981991579372958i
1+0i,0.0019386849336674016+0.0313805759282482i
1+0i,0.025789042415545232+0.017814149367950866i
1+0i,0.029850367545147943-0.009236870101250091i
1+0i,0.011151282574420985-0.0290858150358875i
1+0i,-0.015925497011449435-0.026659176507344368i
1+0i,-0.030705197759006944-0.003942994273393121i
1+0i,-0.022007184253712574+0.021635369124386003i
1+0i,0.003398018122895927+0.030576682391101537i
1+0i,0.026057008181479803+0.01617444490002975i
1+0i,0.02872915323041748-0.010456671487641254i
1+0i,0.009504102168291827-0.028957376529226555i
1+0i,-0.016838942336786056-0.025288030188698317i
1+0i,-0.030192077611096192-0.0023822511545028464i
1+0i,-0.02046699684955225+0.022193833715759816i
1+0i,0.0047843758258561166+0.029712400909194792i
1+0i,0.026232640589818994+0.014554847682033453i
1+0i,0.027566876969596376-0.011591611523748388i
1+0i,0.007898258072598549-0.02874445855841423i
1+0i,-0.017660622051593133-0.023897322747508536i
1+0i,-0.029607106219030444-0.0008815014824682527i
1+0i,-0.018929669353086577+0.02265895998972453i
1+0i,0.006095702019619697+0.028792901188185855i
1+0i,0.026318734043955946+0.012960155734421159i
1+0i,0.02636902782558271-0.012640930670214087i
1+0i,0.006337726641736534-0.028450904657547953i
1+0i,-0.018391106573431508-0.02249254386726893i
1+0i,-0.028954946504419803+0.0005563226052717075i
1+0i,-0.0174003758024346+0.023032604900190087i
1+0i,0.007330269414890572+0.02782339038785584i
1+0i,0.026318314821651097+0.01139493186213874i
1+0i,0.025141052852787393-0.01360419642280948i
1+0i,0.0048262014126107585-0.028080726755385248i
1+0i,-0.019031272794278957-0.02107906472869702i
1+0i,-0.0282403570198494+0.0019286027424486527i
1+0i,-0.015884102601939204+0.023316893767461086i
1+0i,0.008486677125431337+0.026809093514313445i
1+0i,0.026234624230666716+0.009863493408926276i
1+0i,0.023888338670435674-0.014481296385901607i
1+0i,0.003367087198224619-0.027638086428313346i
1+0i,-0.01958229298601909-0.019662121821188767i
1+0i,-0.02746817239350648+0.0032330355863400134i
1+0i,-0.014385635493175895+0.02351420568187186i
1+0i,0.009563847222360325+0.02575523419068009i
1+0i,0.026071101374917256+0.008369903121219865i
1+0i,0.022616193668024087-0.015272430356261484i
1+0i,0.001963495348523449-0.0271272760405046i
1+0i,-0.020045622898200888-0.01824680160218675i
1+0i,-0.026643283942645955+0.004467632912966323i
1+0i,-0.012909547539462328+0.023627158327268357i
1+0i,0.010561020208127964+0.02466701586695296i
1+0i,0.025831365600286933+0.006917961131686051i
1+0i,0.021329830893429838-0.01597810146538011i
1+0i,0.0006182401717432992-0.02655269984062608i
1+0i,-0.020422989106750132-0.016838026041895285i
1+0i,-0.02577062052147165+0.005630720578169188i
1+0i,-0.011460188146148985+0.02365859229008508i
1+0i,0.011477749448124231+0.02354960352706754i
1+0i,0.025519198689104912+0.0055111980683071205i
1+0i,0.020034351670829977-0.016599106430872975i
1+0i,-0.0006661634944342774-0.025918855083331267i
1+0i,-0.020716375673853007-0.015440539086970835i
1+0i,-0.02485512966696898+0.00672093637118451i
1+0i,-0.010041673134916555+0.023611554920356354i
1+0i,0.012313894600830214+0.022408105948358528i
1+0i,0.025138526871871094+0.00415286929086861i
1+0i,0.01873472999214766-0.017136524969746294i
1+0i,-0.0018875015764679946-0.025230313242413423i
1+0i,-0.020928010180541086-0.01405889407295936i
1+0i,-0.0239017591039989+0.00773722679073083i
1+0i,-0.008657875886259674+0.02348928381134675i
1+0i,0.013069614090192652+0.021247558565650346i
1+0i,0.02469340272419827+0.002845950252697675i
1+0i,0.017435797722210263-0.017591708428273324i
1+0i,-0.003043860941556233-0.024491701380935725i
1+0i,-0.02106034919457646-0.012697442111360438i
1+0i,-0.02291543866856392+0.008678842776870787i
1+0i,-0.0073124195603115815+0.02329518996459775i
1+0i,0.013745356666468336+0.02007290698911425i
1+0i,0.02418798701608855+0.0015931329815762852i
1+0i,0.016142230654195847-0.017966267684979657i
1+0i,-0.004133628479124797-0.023707683741900236i
1+0i,-0.02111606323707428-0.011360321473285601i
1+0i,-0.02190106270559823+0.009545334434974087i
1+0i,-0.006008670402174223+0.023032840707066835i
1+0i,0.014341852104150675+0.0188889912218186i
1+0i,0.023626530579593137+0.00039682366991459616i
1+0i,0.014858535448269414-0.018262060384763263i
1+0i,-0.005155489112540846-0.022882943621067523i
1+0i,-0.021098021311903366-0.010051447987755488i
1+0i,-0.020863472994923766+0.010336544791003408i
1+0i,-0.004749732133974671+0.02270594242668836i
1+0i,0.014860101087745724+0.017700530619584633i
1+0i,0.023013356259630153-0.0007408586394655105i
1+0i,0.013589037482588709-0.018481177563474532i
1+0i,-0.006108422769706898-0.022022165581414708i
1+0i,-0.021009275062279738-0.008774506468764712i
1+0i,-0.01980744225616274+0.01105260262004931i
1+0i,-0.003538441431985985+0.022318323192112383i
1+0i,0.015301364338109984+0.016512109632355637i
1+0i,0.022352841011256543-0.001818082289214528i
1+0i,0.012337869642096924-0.018625929723354317i
1+0i,-0.0069917003443501855-0.02113001806642431i
1+0i,-0.020853042619109433-0.0075329431813429696i
1+0i,-0.01873765828042494+0.01169391439255727i
1+0i,-0.0023773644833386008+0.021873915321589447i
1+0i,0.01566715103378956+0.015328164362804927i
1+0i,0.02164939820501783-0.0028333021857872617i
1+0i,0.011108962066734895-0.018698832420573682i
1+0i,-0.007804878682820188-0.02021113646694153i
1+0i,-0.0206326922055569-0.006329959352973646i
1+0i,-0.017658708733492092+0.012261155385009572i
1+0i,-0.001268794613120467+0.021376737964969098i
1+0i,0.015959206583313342+0.014152969974360809i
1+0i,0.020907460200142097-0.00378525794438007i
1+0i,0.009906032876907642-0.01870259142673837i
1+0i,-0.008547794634032997-0.019270106693734225i
1+0i,-0.020351725562010446-0.005168505732903436i
1+0i,-0.016575066672029976+0.01275526000394303i
1+0i,-0.00021475096902806058+0.020830879761572975i
1+0i,0.016179499805683405+0.012990628977226438i
1+0i,0.0201314612433128-0.004672971027862248i
1+0i,0.00873257989024723-0.018640087526616i
1+0i,-0.009220558202851514-0.018311449305151814i
1+0i,-0.020013761255095464-0.004051278198107949i
1+0i,-0.015491076811073645+0.013177411374098717i
1+0i,0.0007830217527957986+0.020240481635303113i
1+0i,0.016330209577378758+0.011845060417335525i
1+0i,0.019325820748553747-0.005495740910175819i
1+0i,0.007591873339930898-0.018514361014516388i
1+0i,-0.009823544849654503-0.017339604236412377i
1+0i,-0.019622517933652137-0.002980714400973081i
1+0i,-0.014410942577665791+0.0135290302432042i
1+0i,0.0017230525605176246+0.019609719786750544i
1+0i,0.01641371100504061+0.010719989989517734i
1+0i,0.01849492701140495-0.006253140297608204i
1+0i,0.006486949601061409-0.018328595951707178i
1+0i,-0.010357386981124254-0.016358916174067088i
1+0i,-0.01918179759365513-0.0019589914501260955i
1+0i,-0.01333871398210048+0.013811763257385739i
1+0i,0.0026041424210310085+0.01894278894029713i
1+0i,0.01643256118363856+0.00961894109247037i
1+0i,0.017643121408064434-0.006945009444103546i
1+0i,0.005420605927900672-0.01808610424698416i
1+0i,-0.01082296467936466-0.015373620616109192i
1+0i,-0.018695468912912246-0.0009880246123147775i
1+0i,-0.012278276334741448+0.014027470662490696i
1+0i,0.0034253615422599323+0.018243885902255848i
1+0i,0.016389484600331978+0.008545226839451633i
1+0i,0.016774683127534613-0.007571449599374395i
1+0i,0.0043953962010833915-0.017790309622040014i
1+0i,-0.011221395718345451-0.014387830655020181i
1+0i,-0.018167450715044713-0.0000694670197950724i
1+0i,-0.01123333983285981+0.014178213487669499i
1+0i,0.004186045712583135+0.017517193483983614i
1+0i,0.016287358244437933+0.007501943034943219i
1+0i,0.015893814482048102-0.008132815630989068i
1+0i,0.003413627680336845-0.017444731522591735i
1+0i,-0.011554024918351873-0.01340552451779456i
1+0i,-0.01760169562073441+0.0007952896356392108i
1+0i,-0.010207430038384776+0.014266240268424081i
1+0i,0.004885791729478683+0.01676686484163721i
1+0i,0.016129196483899457+0.006491962123882784i
1+0i,0.015004626838171489-0.008629707863845927i
1+0i,0.0024773587547024154-0.017052969035342567i
1+0i,-0.01182241289059727-0.012430533893664419i
1+0i,-0.01700217394252219+0.0016051134440591864i
1+0i,-0.009203879263891985+0.014293973366969122i
1+0i,0.0055244519521892325+0.01599700828183052i
1+0i,0.015918135768420393+0.0055179281164574314i
1+0i,0.014111127208008011-0.009062963182488922i
1+0i,0.0015883976788131403-0.01661868486977414i
1+0i,-0.012028324225429156-0.01146653307687273i
1+0i,-0.016372857877576828+0.002359129679389691i
1+0i,-0.008225818880582637+0.014263994948185449i
1+0i,0.006102128015749656+0.015211672579912822i
1+0i,0.01565741921899937+0.004582252487886622i
1+0i,0.013217205536849644-0.009433645443575868i
1+0i,0.0007483022804298975-0.016145589462493077i
1+0i,-0.012173715178625005-0.010517028948427612i
1+0i,-0.01571770605082428+0.0030567172900815725i
1+0i,-0.007276172558443091+0.014179032669660922i
1+0i,0.006619163746085644+0.014414832854915611i
1+0i,0.015350381162956735+0.0036871110491152456i
1+0i,0.012326622720481469-0.009743035247467858i
1+0i,-0.000041619378804411133-0.015637425260404757i
1+0i,-0.012260720911131152-0.009585351817324055i
1+0i,-0.015040648458645075+0.0036975045093615116i
1+0i,-0.0063576504452297665+0.014041945144324743i
1+0i,0.007076137318083533+0.013610377042439267i
1+0i,0.01500043167271424+0.002834441780904538i
1+0i,0.011442999382124527-0.00999261911937052i
1+0i,-0.0007803074105639748-0.015097951237358133i
1+0i,-0.012291642338247493-0.00867464713825511i
1+0i,-0.014345571861025891+0.004281363618599382i
1+0i,-0.005472744287414854+0.013855707233985125i
1+0i,0.0074738527005410275+0.012802093003867995i
1+0i,0.01461104116555937+0.0020259436204507443i
1+0i,0.010569805435733229-0.010184078151717724i
1+0i,-0.0014669475991712583-0.014530927697111416i
1+0i,-0.012268932644703138-0.007787868119364551i
1+0i,-0.013636305667595047+0.004808404899819761i
1+0i,-0.004623723492757486+0.013623395231681365i
1+0i,0.00781333043373378+0.011993656307328472i
1+0i,0.01418572512041499+0.0012630761863960845i
1+0i,0.009710350459047033-0.010319276160548209i
1+0i,-0.0021009680201145744-0.013940101413514226i
1+0i,-0.012195183522304493-0.006927769230128029i
1+0i,-0.012916608360392295+0.0052789698157044125i
1+0i,-0.0038126321307535753+0.013348171990164153i
1+0i,0.00809579778696505+0.011188618712757219i
1+0i,0.013728028966241168+0.000547060424931127i
1+0i,0.008867774896450822-0.01040024740948193i
1+0i,-0.002682034807541761-0.013329191156698833i
1+0i,-0.012073111186868626-0.006096900616002346i
1+0i,-0.012190154493534219+0.005693623457582835i
1+0i,-0.003041286863868069+0.013033272053028313i
1+0i,0.008322678344909603+0.010390397390320976i
1+0i,0.013241513195132651-0.00012111984336853586i
1+0i,0.008045042108330236-0.01042918395555497i
1+0i,-0.003210047103108774-0.01270187365182856i
1+0i,-0.011905542230986608-0.005297603423064813i
1+0i,-0.011460522307143794+0.006053146303881169i
1+0i,-0.0023112757991816764+0.01268198684404237i
1+0i,0.00849558107280893+0.009602264898259511i
1+0i,0.01272973875144776-0.000740715499266173i
1+0i,0.007244931280234693-0.01040842267162666i
1+0i,-0.0036851312209967065-0.012061770014576442i
1+0i,-0.011695399368793801-0.004532006032485746i
1+0i,-0.010731181990030791+0.006358525333293215i
1+0i,-0.0016239582468979762+0.012297649969058948i
1+0i,0.00861628891162492+0.008827339942998363i
1+0i,0.012196252746417774-0.0013112088492535081i
1+0i,0.006470031201788172-0.010340432000318022i
1+0i,-0.004107634066184354-0.011412432705009445i
1+0i,-0.01144568712836202-0.0038020212013509793i
1+0i,-0.010005484622647241+0.006610944538545185i
1+0i,-0.0009804653690665957+0.011883622683552109i
1+0i,0.008686746955113261+0.008068578941126763i
1+0i,0.011644574545654643-0.0018323095273872713i
1+0i,0.005722734921932333-0.010227798494495382i
1+0i,-0.004478115845172559-0.010757333038947575i
1+0i,-0.011159477546578627-0.0031093441030862873i
1+0i,-0.009286651828813806+0.006811774888048296i
1+0i,-0.00038170169889397603+0.011443279577321292i
1+0i,0.008709050261431033+0.0073287683995597i
1+0i,0.01107818227480258-0.0023039496058865835i
1+0i,0.005005235283755842-0.010073213199163778i
1+0i,-0.004797342110293038-0.010099849293156759i
1+0i,-0.010839895920440035-0.002455451257543353i
1+0i,-0.008577766161623677+0.006962563783962949i
1+0i,0.00017165249185776155+0.010979994526233404i
1+0i,0.008685431352350857+0.006610518126918081i
1+0i,0.01050049978627732-0.0027262779481895833i
1+0i,0.004319521338871051-0.009879457929295538i
1+0i,-0.00506627518049582-0.00944325543793572i
1+0i,-0.010490106667572219-0.0018416003376969562i
1+0i,-0.007881762245800138+0.007065024066239298i
1+0i,0.000679138002630893+0.010497126959051278i
1+0i,0.008618247453414185+0.005916255285877638i
1+0i,0.009914884127615552-0.0030996538403949567i
1+0i,0.003667375638055435-0.009649391497587626i
1+0i,-0.00528606498309113-0.008790710527779862i
1+0i,-0.01011329934750281-0.001268830836885903i
1+0i,-0.007201418695615988+0.007121022613043536i
1+0i,0.0011405127188545599+0.009998008485428977i
1+0i,0.008509967528420342+0.00524821929296628i
1+0i,0.009324613549425187-0.0034246399390814525i
1+0i,0.003050372391689282-0.009385935945424615i
1+0i,-0.005458039362320477-0.008145248777857326i
1+0i,-0.009712674893753735-0.0007379655776144909i
1+0i,-0.006539350824294202+0.007132568588633722i
1+0i,0.0015557468620926752+0.009485929929048386i
1+0i,0.008363159161520781+0.004608457569042436i
1+0i,0.008732876088294546-0.003701994575397865i
1+0i,0.0024698764904053983-0.009092062829424692i
1+0i,-0.005583693901844945-0.007509770351028514i
1+0i,-0.009291432105208884-0.00024961304012520186i
1+0i,-0.005898004157607948+0.007101801390206909i
1+0i,0.0019250175082332485+0.00896412880763731i
1+0i,0.008180475339868298+0.003998822140476029i
1+0i,0.00814275875729756-0.003932663457044845i
1+0i,0.0019270433733301689-0.008770779614871469i
1+0i,-0.005664681309264685-0.0068870328770908405i
1+0i,-0.008852754443445436+0.00019582951373206753i
1+0i,-0.005279648761197308+0.0070309783455063165i
1+0i,0.002248702408577468+0.00843577729925722i
1+0i,0.007964641189266514+0.003420967087887191i
1+0i,0.007557237373930199-0.004117770811323111i
1+0i,0.0014228197283476809-0.008425116226088844i
1+0i,-0.005702800411620863-0.006279643722844042i
1+0i,-0.008399797180806473+0.000598172148369235i
1+0i,-0.004686374387930354+0.006922462213052841i
1+0i,0.002527373150711757+0.00790397073178576i
1+0i,0.007718440714575617+0.002876346836188791i
1+0i,0.006979167052444688-0.004258610013797434i
1+0i,0.0009579450059690373-0.008058111802407134i
1+0i,-0.00569998481147827-0.005690053028463206i
1+0i,-0.007935674941947359+0.0009574276235274088i
1+0i,-0.004120086448467869+0.0067787085367491265i
1+0i,0.0027617876979075372+0.007371716629957685i
1+0i,0.00744470359576352+0.0023662152766360323i
1+0i,0.006411273384620501-0.004356633748319125i
1+0i,0.0005329537256475465-0.007672801706801568i
1+0i,-0.005658291253645581-0.00512054752254496i
1+0i,-0.007463449679414906+0.0012738060562859977i
1+0i,-0.00358250280505713+0.006602252906305885i
1+0i,0.0029528823474892123+0.00684192435167829i
1+0i,0.007146292089452511+0.0018916257086199334i
1+0i,0.0058561443300380244-0.0044134437451596896i
1+0i,0.00014817855075303487-0.007272204832569535i
1+0i,-0.005579887752858898-0.004573245125068848i
1+0i,-0.00698611912152979+0.001547708909892984i
1+0i,-0.003075151385488509+0.006395698174452537i
1+0i,0.003101763150133108+0.006317395342592213i
1+0i,0.006826088084602273+0.001453431586061738i
1+0i,0.005316222833911424-0.004430780144833137i
1+0i,-0.00019624589408349501-0.00685931125155332i
1+0i,-0.005467041532834995-0.004050090344403143i
1+0i,-0.0065066057284420995+0.0017797223452783704i
1+0i,-0.0025993686111124075+0.006161701681231983i
1+0i,0.003209696833410202+0.00580081403509425i
1+0i,0.006486980359602166+0.0010522880504807235i
1+0i,0.004793800187503753-0.004410510535823733i
1+0i,-0.0005003784919162643-0.0064370702454247634i
1+0i,-0.005322106826996777-0.0035528504713912105i
1+0i,-0.006027746189735266+0.001970609972935809i
1+0i,-0.002156298629840763+0.005902962534837926i
1+0i,0.0032781012740552367+0.005294739415112599i
1+0i,0.006131852086521335+0.0006886542301268823i
1+0i,0.004291010143100471-0.004354618714889466i
1+0i,-0.0007644664196177343-0.006008378759430215i
1+0i,-0.005147512590884656-0.0030831125704932644i
1+0i,-0.005552281494367156+0.002121305044517745i
1+0i,-0.0017468933421601615+0.005622208997443534i
1+0i,0.0033085355644371928+0.0048015972770936895i
1+0i,0.00576356862659407+0.0003627962820032184i
1+0i,0.0038098237924681193-0.004265193218878772i
1+0i,-0.0009889392841825706-0.005576070315761838i
1+0i,-0.004945750175798855-0.002642281264939228i
1+0i,-0.0050828476010740045+0.002232902124980499i
1+0i,-0.001371913205367951+0.005322186023294406i
1+0i,0.0033026897195153537+0.004323673184679451i
1+0i,0.00538496565920624+0.00007479115115403834i
1+0i,0.0033520452146842-0.004144415677082074i
1+0i,-0.0011744026441271398-0.005142904421380636i
1+0i,-0.0047193610125726105-0.00223157730988066i
1+0i,-0.004621966734631795+0.002306648287437596i
1+0i,-0.001031928798521853+0.0050056429950051315i
1+0i,0.0032623740711932555+0.0038631061516055513i
1+0i,0.0049988376847054875-0.00017546898072274284i
1+0i,0.0029193078962026714-0.00399454903303999i
1+0i,-0.0013216309526920794-0.004711556502679473i
1+0i,-0.004470924353557958-0.001852036944625711i
1+0i,-0.0041720393305807535+0.002343933874024789i
1+0i,-0.0007273231279732015+0.004675321702511229i
1+0i,0.00318950839742766+0.003421883054372239i
1+0i,0.004607926939290954-0.0003882715874658687i
1+0i,0.002513071923028419-0.0038179256844503135i
1+0i,-0.0014315599611790554-0.004284608396849231i
1+0i,-0.0042030451199200495-0.001504512012207875i
1+0i,-0.0037353366481840938+0.002346282867051588i
1+0i,-0.00045829465084433474+0.004333944607497151i
1+0i,0.0030861108337129277+0.003001833785260364i
1+0i,0.004214912758057184-0.0005640780636128799i
1+0i,0.0021346219419230567-0.003616935589359562i
1+0i,-0.0015052786222116265-0.0038645394272088353i
1+0i,-0.003918341900188381-0.0011896708317891231i
1+0i,-0.0033139940685205944+0.0023153429155052794i
1+0i,-0.00022486099141846307+0.003984203434350254i
1+0i,0.0029542866146424936+0.0026046271512923454i
1+0i,0.0038224014199791543-0.0007035173965985557i
1+0i,0.0017850658846644565-0.0033940143861925865i
1+0i,-0.0015440205340002606-0.003453718087090145i
1+0i,-0.0036194351447082305-0.0009079998067373808i
1+0i,-0.0029100050917151435+0.0022528750625867957i
1+0i,-0.00002686332314413278+0.0036287481267911125i
1+0i,0.0027962166931515624+0.0022317675217854555i
1+0i,0.003432916506242791-0.0008073792817974101i
1+0i,0.0014653344465433457-0.0031516315743747745i
1+0i,-0.0015491549678118078-0.00305439435414252i
1+0i,-0.0033089355991814543-0.0006598057486583463i
1+0i,-0.0025252160444010625+0.0021607432203913043i
1+0i,0.0001360286131779359+0.003270176207308538i
1+0i,0.0026141462847697476+0.0018845922242197498i
1+0i,0.0030488898008551673-0.0008766067178025795i
1+0i,0.0011761813075115844-0.0028922788013340294i
1+0i,-0.0015221775217895057-0.0026686926541488265i
1+0i,-0.002989433018887815-0.0004452188952084959i
1+0i,-0.002161321505594153+0.0020409034381007533i
1+0i,0.00026431088645305833+0.002911022574392709i
1+0i,0.002410373383762411+0.001564269685258731i
1+0i,0.0026726527599226658-0.0009122881207575401i
1+0i,0.0009181840817083608-0.002618458300545166i
1+0i,-0.0014647004450408984-0.0022986054906369863i
1+0i,-0.0026634852034443457-0.0002641965971798884i
1+0i,-0.0018198604562529811+0.0018953930101319864i
1+0i,0.0003586391808737767+0.002553749770321327i
1+0i,0.0021872372974189565+0.0012717983109253768i
1+0i,0.0023064285733730002-0.000915648997815541i
1+0i,0.0006917459784908738-0.0023326715239997183i
1+0i,-0.0013784426765065727-0.001945987753737752i
1+0i,-0.002333607390099101-0.00011652764813316016i
1+0i,-0.0015022131549108073+0.0017263194705834013i
1+0i,0.0004198220650025664+0.002200738749919408i
1+0i,0.0019471072439581033+0.0010080060971610085i
1+0i,0.0019523248402279513-0.000888043220891502i
1+0i,0.0004970981555945529-0.002037408011056307i
1+0i,-0.001265219643540708-0.0016125517188922966i
1+0i,-0.002002262041573138-0.0000018372277718887824i
1+0i,-0.001209598738905385+0.0015358495200484869i
1+0i,0.00044881376088042106+0.0018542801782949756i
1+0i,0.0016923710585701054+0.0007735509592880846i
1+0i,0.001612326875820231-0.000830943942791425i
1+0i,0.000334302742651785-0.0017351345340593186i
1+0i,-0.0011269328653776506-0.0012998627431625668i
1+0i,-0.0016718490623725002+0.00008040757169582957i
1+0i,-0.000943073547911459+0.001326197930417436i
1+0i,0.00044670645107201665+0.0015165662830582643i
1+0i,0.0014254240510080314+0.0005689217662707433i
1+0i,0.001288291666598206-0.0007459341985516287i
1+0i,0.00020325651101686578-0.0014282845594111035i
1+0i,-0.0009655594067251394-0.0010093356640540902i
1+0i,-0.0013446964752964932+0.00013089166876693547i
1+0i,-0.0007035301637091903+0.0010996164726736082i
1+0i,0.0004147221627826704+0.0011896832839731642i
1+0i,0.001148658056881474+0.00039444006312709066i
1+0i,0.0009819424853888428-0.0006346972353945062i
1+0i,0.00010369516368369453-0.0011192480609552825i
1+0i,-0.0007831412266187155-0.000742231902934903i
1+0i,-0.0010230515875796061+0.00015044539963997956i
1+0i,-0.0004916971574078833+0.0008583829119118279i
1+0i,0.0003542042692406303+0.0008756044203746924i
1+0i,0.0008644507234013476+0.0002502624624037011i
1+0i,0.0006948641772021685-0.000499006615108251i
1+0i,0.00003519821705094035-0.0008103617205832311i
1+0i,-0.0005817744673928785-0.0004996572723371698i
1+0i,-0.0007090726737329895+0.00014003744471859406i
1+0i,-0.00030813953269988206+0.0006047901128666055i
1+0i,0.0002666086494291207+0.0005761835940271782i
1+0i,0.0005751550687814549+0.0001363836832838806i
1+0i,0.00042849912286932365-0.0003407161328849905i
1+0i,-0.0000028055556089971083-0.0005038995489199165i
1+0i,-0.00036359872817734006-0.0002825604836685206i
1+0i,-0.00040482119970453126+0.00010076731168960206i
1+0i,-0.00015325985115212327+0.0003411352981442269i
1+0i,0.0001534945479735003+0.00029314964240468797i
1+0i,0.00028308935282811995+0.000052640214674706875i
1+0i,0.0001841438850238781-0.00016174959670639356i
1+0i,-0.000011032150878031428-0.0002020639567903214i
1+0i,-0.0001307863667137159-0.00009173234914987001i
1+0i,-0.00011225461046725464+0.000033857413431605124i
1+0i,-0.000027300023062114894+0.00006970950011030991i
1+0i,0.00001651517753974812+0.000028101254657872508i
1+0i,-0.000009472705549231539-0.000001285423489251758i
1+0i,-0.000037053461829704103+0.00003590948875073235i
1+0i,0.000009664134369664471+0.00009302269408021426i
1+0i,0.000114468127487152+0.00007219433085624445i
1+0i,0.00016678029941876344-0.000059355219966260427i
1+0i,0.00006965625498014211-0.0002072127540019857i
1+0i,-0.00014259189352048082-0.00021749746019877157i
1+0i,-0.00030031133008755374-0.000025859848467984196i
1+0i,-0.00023409531815362378+0.0002502282900021969i
1+0i,0.00005829763384546059+0.00037932603500712733i
1+0i,0.0003699586465585387+0.00020874420654716595i
1+0i,0.00043055341533263864-0.00017742755493602833i
1+0i,0.0001376804369650735-0.0004873834857192508i
1+0i,-0.00032201452533405493-0.00044232074607800684i
1+0i,-0.0005872696763823029-0.00002169344205401149i
1+0i,-0.00040613586681210995+0.00047913502120257295i
1+0i,0.00013375866775857626+0.0006549071052064617i
1+0i,0.0006334778232576772+0.00031759815733959057i
1+0i,0.0006774567179097338-0.00031881945308200575i
1+0i,0.0001769954620830855-0.0007685910012981819i
1+0i,-0.0005198759194971388-0.0006451843095132767i
1+0i,-0.0008682623788845967+0.000010465531674363012i
1+0i,-0.0005524817074471905+0.0007205292865298615i
1+0i,0.0002348212863323045+0.0009179292163144441i
1+0i,0.0009028271957380909+0.0003985914268370027i
1+0i,0.0009060090725151874-0.0004819028133963043i
1+0i,0.00018797151245520993-0.0010486692854189121i
1+0i,-0.0007342446180398253-0.000825047764885216i
1+0i,-0.0011412836282154275+0.00006973728532004895i
1+0i,-0.0006725918267296701+0.0009722923466627194i
1+0i,0.00036015136250578116+0.0011666642478240904i
1+0i,0.0011758271397114839+0.00045171113278242415i
1+0i,0.0011148603839151877-0.0006649709163284609i
1+0i,0.0001711212212672061-0.0013255070198671872i
1+0i,-0.0009631445458079518-0.0009810164164901403i
1+0i,-0.0014044147536182501+0.00015511730957303574i
1+0i,-0.0007660769159452724+0.001232297268432652i
1+0i,0.0005083149945776047+0.0013994983572546298i
1+0i,0.0014503265311007361+0.00047709317289884053i
1+0i,0.0013027951098645949-0.0008662479278119762i
1+0i,0.00012709436039542706-0.0015970561964623944i
1+0i,-0.0012045650541655925-0.001112342381399388i
1+0i,-0.001655831287731651+0.00026548358150939685i
1+0i,-0.0008326980498243778+0.0014984189178115777i
1+0i,0.0006777871788875608+0.0016149370914597817i
1+0i,0.0017242121039166315+0.00047501854963490883i
1+0i,0.0014687351299981395-0.0010838985213308156i
1+0i,0.00005667203827262673-0.0018613402955759955i
1+0i,-0.0014564709245415538-0.0012184250596495726i
1+0i,-0.0018938094932842548+0.0003996041431296171i
1+0i,-0.0008723647428867708+0.0017685437576169553i
1+0i,0.0008669607121382475+0.0018116098880925939i
1+0i,0.0019954174698412225+0.00044590913883109135i
1+0i,0.001611741969062347-0.0013160375762554064i
1+0i,-0.00003923955974157486-0.0021164620037596713i
1+0i,-0.0017168122911201517-0.0012988109608371961i
1+0i,-0.0021167323337854963+0.0005561450125325541i
1+0i,-0.000885132401842291+0.0020405794126759024i
1+0i,0.001074155282629968+0.001988273958867335i
1+0i,0.002261931767861803+0.00039032292919534135i
1+0i,0.0017310183761459355-0.0015607399109875823i
1+0i,-0.0001596158548499727-0.002360610446255384i
1+0i,-0.001983534442904332-0.0013531928986566296i
1+0i,-0.0023230948727975638+0.0007336783893331285i
1+0i,-0.0008711991947556425+0.0023124639666804872i
1+0i,0.0012976267095198884+0.002143817548882289i
1+0i,0.002521807914263509+0.00030894876122121396i
1+0i,0.0018259092641482076-0.0018160500099250968i
1+0i,-0.0003033209473119619-0.002592067912480802i
1+0i,-0.0022545874664547617-0.0013814085673102086i
1+0i,-0.002511509088916143+0.0009306911153058099i
1+0i,-0.0008309023597421148+0.002582174956580564i
1+0i,0.001535576289218692+0.002277262568881357i
1+0i,0.0027731704253463893+0.00020260059578959641i
1+0i,0.0018959020162577329-0.0020799917038846405i
1+0i,-0.00046911504202193886-0.0028092160549635014i
1+0i,-0.002527935691824265-0.0013834385160231765i
1+0i,-0.002680708096149234+0.001145593350773255i
1+0i,-0.0007647139779028325+0.002847738032091436i
1+0i,0.0017861602082037467+0.002387766599926048i
1+0i,0.0030142227873757883+0.00007221134416229651i
1+0i,0.0019406261686880145-0.002350577764404772i
1+0i,-0.0006556621903427519-0.0030105415446259605i
1+0i,-0.002801566905558286-0.0013594035401071967i
1+0i,-0.0028295497619553922+0.0013767274269611248i
1+0i,-0.0006732362370270489+0.0031072352497333146i
1+0i,0.0020474989818544936+0.0024746242725137914i
1+0i,0.003243254350493569-0.00008117370760165363i
1+0i,0.001959852481323841-0.002625819373281297i
1+0i,-0.0008615383106150929-0.0031946411677906007i
1+0i,-0.003073501296111473-0.0013095615091256083i
1+0i,-0.002957019717773274+0.0016223768344044056i
1+0i,-0.0005571962142791546+0.0033588129727582998i
1+0i,0.002317686879400963+0.0025372680247025565i
1+0i,0.0034586467256024606-0.000256403845603383i
1+0i,0.0019534914102619485-0.0029037354297626037i
1+0i,-0.0010852394491746053-0.0033602263527696442i
1+0i,-0.0033418000986307154-0.001234303654714437i
1+0i,-0.0030622337594347388+0.0018807753075177577i
1+0i,-0.00041744020764358976+0.00360068935035217i
1+0i,0.002594801295715748+0.0025752682462765247i
1+0i,0.003658879665576869-0.00045223021121056886i
1+0i,0.0019215909984751731-0.003182361659045992i
1+0i,-0.0013251902432799799-0.0035061271164188025i
1+0i,-0.003604573907769753-0.0011341503424983817i
1+0i,-0.0031444396373926185+0.002150115965630059i
1+0i,-0.0002549276473167799+0.003831161351611277i
1+0i,0.0028769120314710607+0.002588332818403624i
1+0i,0.0038425364145416928-0.0006673133842225672i
1+0i,0.0018643342029808585-0.003459759487061683i
1+0i,-0.001579752547089169-0.003631295423554956i
1+0i,-0.00385999062902003-0.0010097463543038037i
1+0i,-0.00320301823920254+0.0024285604711295873i
1+0i,-0.00007072461950777503+0.004048611331981543i
1+0i,0.0031620904441186895+0.002576306060583146i
1+0i,0.004008308511384528-0.0009002312292949108i
1+0i,0.001782035678945128-0.0037340246480015386i
1+0i,-0.0018472341817146107-0.003734807954658006i
1+0i,-0.00410628304095954-0.0008618557085057828i
1+0i,-0.0032374841691648858+0.002714248165867572i
1+0i,0.0001340029637661303+0.004251513112096507i
1+0i,0.0034484184332288013+0.0025391670989527325i
1+0i,0.004155000036117346-0.0011494869682736315i
1+0i,0.0016751380430971392-0.004003295492639296i
1+0i,-0.0021258977704427624-0.003815868279784104i
1+0i,-0.00434175594282832-0.0006913560478478737i
1+0i,-0.0032474857324505816+0.0030053051476222137i
1+0i,0.00035799651432822906+0.0044384375512561925i
1+0i,0.003733997224936755+0.0024770276722098413i
1+0i,0.004281531290170641-0.001413517440697761i
1+0i,0.0015442076406547748-0.00426576096718849i
1+0i,-0.002413969620415177-0.0038738084391017665i
1+0i,-0.004564792863923565-0.0004992326254362525i
1+0i,-0.0032328043333908793+0.0032998532492257296i
1+0i,0.0005999122015541746+0.004608057600136131i
1+0i,0.00401695592158867+0.002390129393494417i
1+0i,0.004386941904175899-0.0016907015144967531i
1+0i,0.001389929841668781-0.004519668234247173i
1+0i,-0.0027096486124365787-0.003908089932915287i
1+0i,-0.00477386231346493-0.00028657192083091695i
1+0i,-0.003193353299900176+0.003596018883903018i
1+0i,0.0008583286340993171+0.004759152819699233i
1+0i,0.004295459784142159+0.002278840488571711i
1+0i,0.00447039336926095-0.001979368608834739i
1+0i,0.0012131038942712687-0.004763329909275514i
1+0i,-0.0030111150610954264-0.003918304126449826i
1+0i,-0.0049675235517966645-0.000054554919231439725i
1+0i,-0.003129176148211986+0.003891941721452131i
1+0i,0.0011317547530842412+0.004890613355688992i
1+0i,0.004567718216456888+0.0021436520325361632i
1+0i,0.004531170990337306-0.0022778072911377157i
1+0i,0.0010146373637602301-0.004995130888034949i
1+0i,-0.0033165395080527304-0.0039041720770313752i
1+0i,-0.005144431866062511+0.0001955499123198496i
1+0i,-0.003040444304233401+0.0041857831611123286i
1+0i,0.0014186378998285896+0.005001443360503939i
1+0i,0.004831992422298656+0.0019851737090269737i
1+0i,0.00456868526228955-0.002584273910577781i
1+0i,0.000795540187760767-0.005213534742477422i
1+0i,-0.003624091412168961-0.0038655437935936807i
1+0i,-0.005303343335798909+0.0004623939170193997i
1+0i,-0.002927454299855663+0.00447573456830632i
1+0i,0.0017173720210266576+0.005090763856677035i
1+0i,0.005086602707666211+0.0018041291175920813i
1+0i,0.00458247267237312-0.0028970012306808457i
1+0i,0.0005569183788716281-0.00541708966470036i
1+0i,-0.0039319477010938166-0.003802396940672183i
1+0i,-0.005443119076233889+0.0007445557733502793i
1+0i,-0.002790624464488833+0.00476002524390288i
1+0i,0.0020263059742186397+0.005157815038602815i
1+0i,0.005329935402929413+0.0016013506563591177i
1+0i,0.004572195934480626-0.0032142070242652076i
1+0i,0.00029996740722852146-0.005604433940767914i
1+0i,-0.004238301150033037-0.0037148350011963916i
1+0i,-0.005562728949442436+0.0010405492173101239i
1+0i,-0.0026304911339119943+0.005036930096218607i
1+0i,0.0023437518965251473+0.005201958011557151i
1+0i,0.00556044938122773+0.0013777740085609929i
1+0i,0.004537643663237419-0.003534102594606091i
1+0i,0.00002596529629169623-0.005774300938433518i
1+0i,-0.004541368554625025-0.0036030849144566396i
1+0i,-0.005661254735883979+0.0013488309257210253i
1+0i,-0.002447704400238297+0.005304776987653725i
1+0i,0.002667993599880713+0.005222675969431003i
1+0i,0.005776682151612675+0.0011344322627162594i
1+0i,0.0044787294981260065-0.0038549011875507553i
1+0i,-0.0002637345341088665-0.005925523595070506i
1+0i,-0.004839398666201084-0.0034674942075915045i
1+0i,-0.005737892761223997+0.0016678085243646097i
1+0i,-0.0022430234283822175+0.005561953729629221i
1+0i,0.002997294956418207+0.005219574814940915i
1+0i,0.005977255507517242+0.0008724496973788417i
1+0i,0.004395490690007572-0.004174826260274668i
1+0i,-0.0005677106428622482-0.006057038394419508i
1+0i,-0.00513067985915997-0.0033085276408123246i
1+0i,-0.005791955975710609+0.0019958486846810616i
1+0i,-0.0020173113658785036+0.005806914701354116i
1+0i,0.003329908238220938+0.005192383228374947i
1+0i,0.006160880713289069+0.0005930352623407641i
1+0i,0.004288086164498866-0.0044921195734674195i
1+0i,-0.0008844811257678511-0.00616788882308172i
1+0i,-0.005413547501753147-0.003126763388342256i
1+0i,-0.005822875485726355+0.0023312852729180794i
1+0i,-0.001771529874233354+0.0060381870698907126i
1+0i,0.003664082376365451+0.005140952193174866i
1+0i,0.0063263632137239845+0.00029747578899635063i
1+0i,0.004156794078664987-0.004805049074960124i
1+0i,-0.0012125113215275775-0.0062572283000162186i
1+0i,-0.005686391003243612-0.0029228887786950323i
1+0i,-0.005830201539458678+0.0026724275159127502i
1+0i,-0.0015067333111844232+0.006254376590997037i
1+0i,0.003998071105024093+0.005065253988834606i
1+0i,0.006472606853771961-0.000012871036747473573i
1+0i,0.0040020088893982265-0.005111916544148785i
1+0i,-0.0015502216301178033-0.006324322574628496i
1+0i,-0.0059476605121600535-0.002697695619445268i
1+0i,-0.00581360397091648+0.0030175681481335297i
1+0i,-0.0012240625943039556+0.006454172972296247i
1+0i,0.004330140957375138+0.004965380663702474i
1+0i,0.006598617597848518-0.00033658390510300914i
1+0i,0.0038242379536594963-0.005411064968023094i
1+0i,-0.0018959954081531902-0.006368551591355244i
1+0i,-0.006195873242212844-0.0024520751330447494i
1+0i,-0.005772872108759993+0.0033649915051973487i
1+0i,-0.0009247387772949977+0.006636354782447542i
1+0i,0.004658579081175585+0.004841542002303081i
1+0i,0.006703506740463015-0.0006721852822860178i
1+0i,0.0036240976824588465-0.00570088562116979i
1+0i,-0.002248186906034585-0.0063894108209479016i
1+0i,-0.00642961940435697-0.0021870125315104736i
1+0i,-0.005707914158592739+0.003712981529804238i
1+0i,-0.0006100563711017976+0.006799793892157223i
1+0i,0.0049817008430810715+0.004694063003734743i
1+0i,0.006786493602158153-0.0010181489451361208i
1+0i,0.003402309272036242-0.0059798248237773344i
1+0i,-0.0026051292120025287-0.006386512060925715i
1+0i,-0.006647567725474638-0.001903581258948554i
1+0i,-0.005618756069484098+0.004059829656894747i
1+0i,-0.0002813764425815223+0.006943459435068513i
1+0i,0.005297857192142077+0.004523380889544463i
1+0i,0.006846907707036319-0.0013729076158782712i
1+0i,0.00315969403716943-0.0062463903534147125i
1+0i,-0.002965142168689096-0.006359583709896829i
1+0i,-0.0068484705361941695-0.0016029369318784409i
1+0i,-0.005505539897536317+0.004403842545828354i
1+0i,0.00005988047603768063+0.007066421278788847i
1+0i,0.005605441754359308+0.004330041661226294i
1+0i,0.006884190440415211-0.0017348606625008647i
1+0i,0.002897168372876398-0.006499157488185274i
1+0i,-0.003326540228374371-0.006308470522626655i
1+0i,-0.007031168412454398-0.0012863110081819116i
1+0i,-0.005368521681275163+0.004743349628497975i
1+0i,0.000412241633356378+0.007167852998548669i
1+0i,0.005902897631735787+0.004114696229124911i
1+0i,0.006897896187400205-0.0021023818304420237i
1+0i,0.0026157383719917536-0.006736774660755187i
1+0i,-0.003687640213901645-0.006233132854855843i
1+0i,-0.007194594357556363-0.0009550042162194943i
1+0i,-0.005208068845521369+0.005076710443532098i
1+0i,0.0007741894269219134+0.007247034348223295i
1+0i,0.00618872388091161+0.003878096136048487i
1+0i,0.006887692955373172-0.0024738269716359186i
1+0i,0.0023164941271748346-0.006957968704720193i
1+0i,-0.004046768953087283-0.00613364540892698i
1+0i,-0.0073377775136043875-0.0006103797762298721i
1+0i,-0.0050246571521806805+0.005402321728082952i
1+0i,0.001144168859489534+0.007303353225681712i
1+0i,0.0064614816482017005+0.00362108890029721i
1+0i,0.006853362485569182-0.0028475417374722945i
1+0i,0.0020006037468500875-0.007161549676790243i
1+0i,-0.00440227075546718-0.0060101954932632136i
1+0i,-0.007459846393420209-0.0002538564465569084i
1+0i,-0.004818867218071495+0.005718624240152384i
1+0i,0.0015205950497595444+0.007336307131641941i
1+0i,0.006719799939667056+0.0033446130040928994i
1+0i,0.006794799861033247-0.003221869202859594i
1+0i,0.0016693071153838694-0.00734641524033466i
1+0i,-0.004752514701350642-0.005863080810643768i
1+0i,-0.007560031626204338+0.00011309857246810618i
1+0i,-0.004591380621479693+0.006024109285956097i
1+0i,0.0019018607641759+0.0073455041234040275i
1+0i,0.006962381006730243+0.003049692554545633i
1+0i,0.006712012620311972-0.0035951573893535393i
1+0i,0.0013239094284648533-0.007511554597927328i
1+0i,-0.005095901714394223-0.0056927067920339025i
1+0i,-0.007637668212411271+0.0004889768440230332i
1+0i,-0.00434297562058921+0.006317324928467544i
1+0i,0.002286343936764398+0.00733066326698811i
1+0i,0.007188005329784413+0.0027374316453110626i
1+0i,0.006605119388230051-0.003965766656212i
1+0i,0.0009657745351760929-0.007656051962655076i
1+0i,-0.005430871390259057-0.005499583494444731i
1+0i,-0.007692197285486725+0.0008722359767099879i
1+0i,-0.004074522508275367+0.006596881855002886i
1+0i,0.0026724151445184858+0.007291614593318589i
1+0i,0.007395536184235031+0.002409008447977461i
1+0i,0.006474348037021692-0.004332076929257673i
1+0i,0.0005963181186250345-0.00777908956009265i
1+0i,-0.005755908555366328-0.0052843220829126535i
1+0i,-0.007723167380280638+0.0012613069500767846i
1+0i,-0.003786978628963912+0.006861458883503681i
1+0i,0.0030584450065046036+0.007228298566156648i
1+0i,0.007583923775443497+0.0020656690629664064i
1+0i,0.006320033392924978-0.00469249473856977i
1+0i,0.00021700074723275155-0.007879950154994422i
1+0i,-0.006069549531310231-0.005047630918195056i
1+0i,-0.0077302352100850425+0.0016546014512206263i
1+0i,-0.003481383084347797+0.007109808089032206i
1+0i,0.0034428114756520052+0.007140765071484501i
1+0i,0.0077522089311056076+0.0017087211603399842i
1+0i,0.006142614505094534-0.005045460037274375i
1+0i,-0.00017067917112335417-0.007958019098897328i
1+0i,-0.006370388082118495-0.0047903112731720226i
1+0i,-0.007713165956346909+0.002050519190375716i
1+0i,-0.003158851155710192+0.00734075953390914i
1+0i,0.003823906993108404+0.007029171939976252i
1+0i,0.007899526341681645+0.001339527441374512i
1+0i,0.005942631495340314-0.005389452775056061i
1+0i,-0.0005651924999669601-0.008012785896962723i
1+0i,-0.0066570810232585535-0.004513252702219106i
1+0i,-0.007671833077160324+0.002447455163945601i
1+0i,-0.0028205684714282925+0.007553225586884782i
1+0i,0.004200145476079928+0.006893783016047656i
1+0i,0.008025107341594645+0.0009594989520880473i
1+0i,0.005720722008748405-0.005722999201464017i
1+0i,-0.0009649865181220708-0.008043845294495675i
1+0i,-0.006928353473063679-0.004217428088967353i
1+0i,-0.007606217642642679+0.0028438068341303936i
1+0i,-0.0024677849489201324+0.007746204818733129i
1+0i,0.004569969111221175+0.006734965788747861i
1+0i,0.008128282226013826+0.0005700882800960985i
1+0i,0.005477617286681615-0.006044677875624203i
1+0i,-0.0013684920650194354-0.008050897885662201i
1+0i,-0.007183003729092575-0.0039038883988942296i
1+0i,-0.007516407207238737+0.003237981195113713i
1+0i,-0.0021018085408496543+0.007918785463685723i
1+0i,0.004931854926897962+0.006553188601440017i
1+0i,0.008208482100138307+0.0001727826662172383i
1+0i,0.005214137884984855-0.006353125360590224i
1+0i,-0.0017741306562341517-0.008033750248966997i
1+0i,-0.007419907753823837-0.003573757164083926i
1+0i,-0.0074025942308639315+0.003628401696709635i
1+0i,-0.0017239988158185865+0.008070148438167595i
1+0i,0.005284321118999572+0.0063490174588014i
1+0i,0.008265240259976374-0.00023090293784050041i
1+0i,0.004931189061430399-0.006647041582259711i
1+0i,-0.0021803215386666463-0.007992314616049458i
1+0i,-0.007638023256019512-0.003228224728262055i
1+0i,-0.007265074062590661+0.004013514997418799i
1+0i,-0.0013357604040512058+0.008199569910354055i
1+0i,0.005625933106425368+0.00612311245115775i
1+0i,0.00829819310567465-0.0006394328346080332i
1+0i,0.004629755857526209-0.006925194834541621i
1+0i,-0.0025854886554938818-0.007926608082294348i
1+0i,-0.007836393356057637-0.002868542280839264i
1+0i,-0.007104242502286145+0.0043917975200020165i
1+0i,-0.0009385363387151022+0.008306423416121794i
1+0i,0.005955309293903139+0.005876223817539842i
1+0i,0.008307080590475885-0.0010512575380541224i
1+0i,0.00431089790077375-0.007186426414275706i
1+0i,-0.00298806749185341-0.007836751369629124i
1+0i,-0.008014149825523727-0.0024960157091959713i
1+0i,-0.006920592957228209+0.00476176178394076i
1+0i,-0.0005338013235248957+0.008390181519017001i
1+0i,0.0062711265214070635+0.005609187670113463i
1+0i,0.008291746210368395-0.00146482069260132i
1+0i,0.003975743954296555-0.007429654871268114i
1+0i,-0.0033865117731755262-0.007722967153683741i
1+0i,-0.008170515893357225-0.0021119992988003202i
1+0i,-0.006714713212241461+0.005121962490509346i
1+0i,-0.0001230549571414729+0.008450417013891544i
1+0i,0.006572125181121573+0.00532292140377714i
1+0i,0.008252136541424215-0.0018785659243220959i
1+0i,0.0036254862414658124-0.007653879860709729i
1+0i,-0.0037792999891412713-0.00758557796921386i
1+0i,-0.008304808612860527-0.001717889310977157i
1+0i,-0.006487281833313785+0.005471002337629312i
1+0i,0.00029218505538528006+0.008486803675861682i
1+0i,0.006857113984637829+0.005018418815747272i
1+0i,0.008188300333700065-0.002290943595417114i
1+0i,0.0032613745737228444-0.007858185587174292i
1+0i,-0.004164941717411204-0.007425003709328579i
1+0i,-0.008416440785887172-0.0013151174682369837i
1+0i,-0.006239064225959895+0.0058075375432006335i
1+0i,0.0007103896742778545+0.008499116558212328i
1+0i,0.007124974364861085+0.004696744960849204i
1+0i,0.008100387172385343-0.0027004174339345863i
1+0i,0.0028847103102387205-0.00804174383134685i
1+0i,-0.00454198372253582-0.0072417587356122795i
1+0i,-0.00850492244252364-0.0009051443770304872i
1+0i,-0.005970908370794737+0.006130283057203523i
1+0i,0.0011300252504666565+0.008487231844793533i
1+0i,0.007374664498943607+0.004359030769007154i
1+0i,0.007988645718621212-0.003105471011657886i
1+0i,0.002496840178358931-0.008203816552596933i
1+0i,-0.004909015806814122-0.007036448617681148i
1+0i,-0.008569861876555084-0.0004894529176197818i
1+0i,-0.005683740259858379+0.006438017444526715i
1+0i,0.0015495601761133658+0.008451126264329117i
1+0i,0.007605222940427193+0.004006467452070513i
1+0i,0.007853421544072842-0.0035046140441631042i
1+0i,0.002099149983956606-0.008343758062477698i
1+0i,-0.0052646763913075-0.006809766522062947i
1+0i,-0.008610966238953455-0.00006954163045450653i
1+0i,-0.005378559058193996+0.006729587422198381i
1+0i,0.0019674714322993558+0.008390876075870237i
1+0i,0.007815771850676811+0.003640300727630683i
1+0i,0.0076951545749101595-0.003896388488223858i
1+0i,0.0016930582408607366-0.0084610167661933i
1+0i,-0.005607657806732389-0.006562489271530279i
1+0i,-0.008628041693535649+0.0003530818719893417i
1+0i,-0.005056432016017176+0.007003912036461884i
1+0i,0.0023822510068311604+0.008306655636373308i
1+0i,0.008005519821598955+0.0032618248878670047i
1+0i,0.007514376162332919-0.004279374413008411i
1+0i,0.001280009748438686-0.00855513647102251i
1+0i,-0.005936711275540093-0.006295473097145243i
1+0i,-0.008620993140803316+0.0007769074395026592i
1+0i,-0.004718489157526878+0.007259986466946997i
1+0i,0.0027924121560996664+0.008198735563053908i
1+0i,0.008173764283560602+0.0028723767417165843i
1+0i,0.007311705798159621-0.004652195622869474i
1+0i,0.0008614691461980898-0.008625757262609467i
1+0i,-0.006250651568137345-0.006009649106289178i
1+0i,-0.008589823517786902+0.0012004288368333339i
1+0i,-0.004365917772995725+0.007496885447023382i
1+0i,0.003196495486013698+0.008067480504760895i
1+0i,0.008319893494345301+0.002473329458787863i
1+0i,0.00708784749528053-0.005013525010961608i
1+0i,0.0004389144739313422-0.008672615951922624i
1+0i,-0.006548361317898877-0.005706018490844442i
1+0i,-0.008534632683464601+0.001622150087823858i
1+0i,-0.003999956741234043+0.007713766291283443i
1+0i,0.003593074828211366+0.007913346538119034i
1+0i,0.008443388106893927+0.0020660863434344766i
1+0i,0.006843585853948191-0.0053620896244270045i
1+0i,0.000013830765464122041-0.008695546097533764i
1+0i,-0.006828794981364333-0.005385647500471319i
1+0i,-0.008455615901008798+0.002040591684940202i
1+0i,-0.003621890709855044+0.00790987152297411i
1+0i,0.003980762889021106+0.007736878205602986i
1+0i,0.00854382231547147+0.00165207456727619i
1+0i,0.006579781835942564-0.005696675423460539i
1+0i,-0.0004122962965131891-0.008694477609671122i
1+0i,-0.007090982431787953-0.0050496622065732705i
1+0i,-0.008353061929717622+0.002454296639132918i
1+0i,-0.0032330441609705355+0.008084531096074198i
1+0i,0.004358216649997469+0.0075387052140192395i
1+0i,0.008620864581768146+0.0012327388881989798i
1+0i,0.0062973682695955345-0.0060161317181911984i
1+0i,-0.0008379866377476331-0.008669435944248306i
1+0i,-0.0073340321760132655-0.004699243083072244i
1+0i,-0.008227350741014465+0.0028618363460658444i
1+0i,-0.002834775390024596+0.008237164208587685i
1+0i,0.004724142500282965+0.007319538813087197i
1+0i,0.008674277944276216+0.0008095353834901936i
1+0i,0.005997345109492235-0.0063193752689906625i
1+0i,-0.0012617719358813738-0.008620540896754656i
1+0i,-0.00755713418646563-0.004335619430517945i
1+0i,-0.008078950874335435+0.0032618162459335113i
1+0i,-0.002428470425423463+0.008367280705483714i
1+0i,0.005077301082541948+0.007080167874916221i
1+0i,0.008703919916073829+0.0003839252242691998i
1+0i,0.005680774475377738-0.006605394037533739i
1+0i,-0.0016822016249977267-0.008548005007507777i
1+0i,-0.0077595623418865375-0.0039600636703317794i
1+0i,-0.00790841645006952+0.0036528812553578904i
1+0i,-0.002015536916448404+0.008474482071553801i
1+0i,0.005416511835765183+0.00682145469617331i
1+0i,0.00870974197788769-0.00004263148223375825i
1+0i,0.005348775495390234-0.006873250577678241i
1+0i,-0.0020978487371956134-0.008452131591307687i
1+0i,-0.00794067647226535-0.0035738855361406594i
1+0i,-0.007716383857964344+0.0040337209512030115i
1+0i,-0.001597398016645392+0.008558462016267808i
1+0i,0.005740657219850021+0.006544330545619262i
1+0i,0.008691788674990255-0.0004686817567189092i
1+0i,0.005002518979210842-0.007122085057001666i
1+0i,-0.002507315558236184-0.008333312405989191i
1+0i,-0.008099924005248404-0.003178426189183901i
1+0i,-0.007503568140555075+0.004403074487562821i
1+0i,-0.0011754862894752167+0.00861900665448376i
1+0i,0.006048686608508613+0.006249790980459886i
1+0i,0.008650196328104678-0.0008927856931696758i
1+0i,0.004643221947067692-0.007351117901610617i
1+0i,-0.0029092390754915883-0.008192024975738241i
1+0i,-0.008236841213114184-0.002775052284684997i
1+0i,-0.007270759092215825+0.004759735228658774i
1+0i,-0.0007512376624827545+0.008655994288596373i
1+0i,0.006339619838740663+0.005938890955609758i
1+0i,0.008585191370040879-0.0013135222614336383i
1+0i,0.004272142040757432-0.007559652058628137i
1+0i,-0.003302296197694966-0.00802882958631525i
1+0i,-0.008351054061188428-0.002365150015867663i
1+0i,-0.00701881709536268+0.00510255508191783i
1+0i,-0.0003260854556087643+0.008669394799386339i
1+0i,0.006612550406818643+0.0056127397504989705i
1+0i,0.008497088321256596-0.0017294949439665328i
1+0i,0.003890571842950801-0.007747074872548307i
1+0i,-0.003685208727331008-0.007844365970508246i
1+0i,-0.008442278660326288-0.0019501191619665788i
1+0i,-0.006748668716158551+0.005430448517084545i
1+0i,0.00009854549147228758+0.008659268654451194i
1+0i,0.00686664830246185+0.005272495738465475i
1+0i,0.00838628741892675-0.002139337184781194i
1+0i,0.0034998331310329023-0.00791285957342157i
1+0i,-0.0040567480679126995-0.0076393497032173725i
1+0i,-0.00851032132780279-0.0015313671661403535i
1+0i,-0.006461302082775756+0.005742396258841852i
1+0i,0.0005212445689471764+0.008625765544652208i
1+0i,0.0071011624746167915+0.004919361024070239i
1+0i,0.00825327191540646-0.002541717629832307i
1+0i,0.0031012710915939703-0.008056566376590222i
1+0i,-0.0044157396498540665-0.007414568326546609i
1+0i,-0.008555078262620582-0.0011103032686413357i
1+0i,-0.006157762069863173+0.006037448642068139i
1+0i,0.0009406210002867537+0.008569122660492961i
1+0i,0.007315422924003022+0.004554575973846106i
1+0i,0.008098605063181505-0.0029353451393311055i
1+0i,0.0026962485214360662-0.008177843195422425i
1+0i,-0.004761067060163962-0.0071708772261453385i
1+0i,-0.008576534842857806-0.0006883327199381013i
1+0i,-0.005839145313339268+0.00631472862053276i
1+0i,0.0013553092774182996+0.008489662621749754i
1+0i,0.007508842419320449+0.004179413666047625i
1+0i,0.007922926804513621-0.00331897355381632i
1+0i,0.002286140040597733-0.00827642597018799i
1+0i,-0.005091675862742927-0.006909195280799131i
1+0i,-0.008574764554233198-0.00026685109772661957i
1+0i,-0.005506595079990764+0.006573434421523796i
1+0i,0.0017639744066790647+0.008387791074996136i
1+0i,0.007680917835737011+0.003795174284909297i
1+0i,0.007726950184999928-0.0036914061972009434i
1+0i,0.0018723263424250936-0.008352138617873501i
1+0i,-0.005406577097658161-0.006630500307914367i
1+0i,-0.008549927560552274+0.00015276124909070505i
1+0i,-0.005161296016597385+0.006812841840597621i
1+0i,0.002165316945769568+0.008263993974896628i
1+0i,0.00783123111597675+0.0034031794847439916i
1+0i,0.007511457511174956-0.004051500101460014i
1+0i,0.0014561885051393173-0.008404892609338823i
1+0i,-0.0057048504493904615-0.006335824328072895i
1+0i,-0.008502268928113576+0.0005691446073250619i
1+0i,-0.0048044688034285885+0.007032306172336735i
1+0i,0.0025580778131831026+0.008118834566288143i
1+0i,0.00795944985600124+0.003004766748927077i
1+0i,0.007277296273087072-0.004398169939117824i
1+0i,0.0010391023886700916-0.008434686181767896i
1+0i,-0.0059856470756857-0.006026248672251976i
1+0i,-0.008432116517491399+0.0009809651362198244i
1+0i,-0.0044373647369690865+0.007231263774689331i
1+0i,0.0029410428529083876+0.007952950085112702i
1+0i,0.00806532751891211+0.002601283768415312i
1+0i,0.007025374853475493-0.0047303916512233795i
1+0i,0.0006224331397469115-0.008441603195854406i
1+0i,-0.00624819209029283-0.005702898955608163i
1+0i,-0.008339878557365179+0.0013869199139777601i
1+0i,-0.004061260266627198+0.0074092332661337135i
1+0i,0.003313047138579998+0.007767048197212852i
1+0i,0.008148703282296684+0.0021940828639487866i
1+0i,0.006756658045760433-0.005047205760064939i
1+0i,0.00020752982737224073-0.00842581164858584i
1+0i,-0.006491786694523335-0.005366939941915442i
1+0i,-0.008226040916233033+0.0017857417752901493i
1+0i,-0.0036774515099669072+0.007565816356557734i
1+0i,0.003672979002677944+0.007561903194845445i
1+0i,0.008209501525779164+0.0017845154754812472i
1+0i,0.006472162403532022-0.005347720357458357i
1+0i,-0.0002042797701547784-0.00838756185383542i
1+0i,-0.006715809954214844-0.005019570322825241i
1+0i,-0.008091164088922045+0.0021762039223099114i
1+0i,-0.003287248770683654+0.0077006983143572145i
1+0i,0.004019783777845005+0.0073383519715105195i
1+0i,0.008247730967027817+0.0013739267416846548i
1+0i,0.006172951444588873-0.0056311137610441705i
1+0i,-0.0006116942065303968-0.008327184304243923i
1+0i,-0.006919720220318915-0.004662017436083756i
1+0i,-0.007935879915789125+0.0025571242928190143i
1+0i,-0.0028919710831175425+0.007813648073834441i
1+0i,0.004352467238893955+0.00709728979632677i
1+0i,0.008263483455890298+0.000963650191581815i
1+0i,0.00586013073282876-0.005896636832635241i
1+0i,-0.0010134432180294642-0.008245087229059204i
1+0i,-0.00710305619294832-0.004295531946698778i
1+0i,-0.007760888053388118+0.0029273696706999513i
1+0i,-0.0024929408065711657+0.007904517988507697i
1+0i,0.004670098735604564+0.0068396659097111935i
1+0i,0.008256932437685792+0.0005550025694826995i
1+0i,0.005534842861436578-0.006143614954264034i
1+0i,-0.0014082923655324036-0.008141753863702745i
1+0i,-0.007265437630311099-0.003921382514800069i
1+0i,-0.007566952216161597+0.003285859525225641i
1+0i,-0.0020914782920747562+0.007973243237423235i
1+0i,0.004971814007958739+0.006566478962540847i
1+0i,0.008228331097963854+0.00014927881343901979i
1+0i,0.00519826236084748-0.006371449659177444i
1+0i,-0.0017950474513862703-0.00801773944784173i
1+0i,-0.0074065657055124995-0.0035408504735831865i
1+0i,-0.007354896209394703+0.0036315695671235732i
1+0i,-0.0016888966435254647+0.008019840892981921i
1+0i,0.005256817677021371+0.00627877232128438i
1+0i,0.008178010202243945-0.00025225279360307617i
1+0i,0.004851590554889236-0.006579619916612203i
1+0i,-0.0021725586957835417-0.007873667969662133i
1+0i,-0.007526223015724614-0.003155224540274404i
1+0i,-0.007125599774245013+0.003963535010842372i
1+0i,-0.001286496594322938+0.008044408660151641i
1+0i,0.005524385406238191+0.005977629261795007i
1+0i,0.00810637564537132-0.0006483552818788697i
1+0i,0.0044960503883272685-0.006767683070746139i
1+0i,-0.002539724658681223-0.0077102286748567i
1+0i,-0.0076242732496902-0.0027657955825030013i
1+0i,-0.006879994266132124+0.004280853533942705i
1+0i,-0.0008855615197381744+0.008047123298226022i
1+0i,0.005773865729480879+0.005664168074551551i
1+0i,0.008013905726159535-0.0010378274452031264i
1+0i,0.00413288124875373-0.0069352754357528395i
1+0i,-0.002895495894664096-0.007528172359563554i
1+0i,-0.007700660520944833-0.0023738514618253993i
1+0i,-0.006619058188136748+0.004582687926044554i
1+0i,-0.00048735260428824523+0.008028238737506285i
1+0i,0.006004681543720514+0.0053395371041252675i
1+0i,0.007901148163935515-0.00141950806801061i
1+0i,0.003763333805379277-0.007082112550386197i
1+0i,-0.0032388783295687206-0.007328307467110643i
1+0i,-0.007755408375498744-0.0019806719754142657i
1+0i,-0.00634381260131933+0.004868268421280516i
1+0i,-0.00009310418235627038+0.007988083904421246i
1+0i,0.006216331265740939+0.0050049097455362795i
1+0i,0.007768716874456443-0.0017922799146330324i
1+0i,0.0033886648868078663-0.007207989096975466i
1+0i,-0.003568936349124441-0.007111496008940073i
1+0i,-0.0077886184840124505-0.0015875239161127043i
1+0i,-0.006055316434022887+0.005136894709722449i
1+0i,0.00029598073080289026+0.007927060269656451i
1+0i,0.006408389653810914+0.004661479419948603i
1+0i,0.007617288523424451-0.0021550734677250618i
1+0i,0.003010132419303907-0.007312778491118916i
1+0i,-0.0038847955913262717-0.006878649330503179i
1+0i,-0.007800469029726263-0.0011956562701621225i
1+0i,-0.005754661712278194+0.005387937624761291i
1+0i,0.0006787347016887499+0.007845639134835072i
1+0i,0.0065805082967104345+0.004310454551839401i
1+0i,0.007447598876487634-0.00250687040410591i
1+0i,0.002628990446402408-0.007396432149717674i
1+0i,-0.004185645435723822-0.006630723743230541i
1+0i,-0.00779121280455368-0.0008062955709486918i
1+0i,-0.005442968733377953+0.005620840504917913i
1+0i,0.0010540299200400192+0.007744358674174551i
1+0i,0.006732415773944096+0.0039530535693684315i
1+0i,0.007260438965177724-0.002846706797666642i
1+0i,0.002246484249970356-0.007458978446284456i
1+0i,-0.004470741184285331-0.006368716043893179i
1+0i,-0.007761175026823018-0.0004206414260841699i
1+0i,-0.005121381204537685+0.005835120230040715i
1+0i,0.0014207820056602858+0.007623820748334637i
1+0i,0.006863917492369436+0.003590499949173437i
1+0i,0.007056651088698812-0.0031736760403981903i
1+0i,0.0018638455920072282-0.007500521363691322i
1+0i,-0.004739405929967639-0.006093658942781682i
1+0i,-0.007710750895143188-0.000039862234045733524i
1+0i,-0.004791061368313159+0.0060303679332975165i
1+0i,0.00177795356836066+0.0074846875083706835i
1+0i,0.006974895205813076+0.003224017326227769i
1+0i,0.006837124671845355-0.0034869314740162112i
1+0i,0.00148228809557866-0.007521238855680998i
1+0i,-0.0049910321105853285-0.005806616422140386i
1+0i,-0.007640402893778389+0.0003349088945438154i
1+0i,-0.0044531851361027126+0.0062062493917871015i
1+0i,0.0021245575101219473+0.00732767780830913i
1+0i,0.00706530622553838+0.002854824688724847i
1+0i,0.006602791999593053-0.0037856887260873297i
1+0i,0.0011030027823159944-0.007521380929553535i
1+0i,-0.005225082747019413-0.005508679046206267i
1+0i,-0.007550657865736216+0.0007025779971071101i
1+0i,-0.004108937250629069+0.00636250509997464i
1+0i,0.0024596600599296305+0.007153563445369141i
1+0i,0.007135182330657701+0.0024841316772023407i
1+0i,0.006354623849071141-0.004069227745991094i
1+0i,0.0007271537828914994-0.007501267463449323i
1+0i,-0.005441092366228957-0.005200959244018034i
1+0i,-0.007442103870505554+0.0010620938881187275i
1+0i,-0.0037595064977754365+0.00649895003148962i
1+0i,0.0027823835331054285+0.006963165247266114i
1+0i,0.007184628388749287+0.002113134006294531i
1+0i,0.00609362503969323-0.004336894537477314i
1+0i,0.00035587423579967915-0.007461285772580211i
1+0i,-0.005638667610925186-0.004884586585884226i
1+0i,-0.00731538684402073+0.0014124515455402518i
1+0i,-0.0034060809875459254+0.006615473096107995i
1+0i,0.0030919088083399653+0.006757349026346279i
1+0i,0.007213820698034778+0.0017430090266072821i
1+0i,0.005820829922195151-0.004588102585990409i
1+0i,-0.00000973761135344758-0.0074018879396061865i
1+0i,-0.005817487539127427-0.004560703074031287i
1+0i,-0.007171207078975449+0.0017526952445926158i
1+0i,-0.003049843523237651+0.00671203629996861i
1+0i,0.003387477517017844+0.006537021420519642i
1+0i,0.007223005063497821+0.0013749114432538222i
1+0i,0.005537297827205675-0.004822333980326515i
1+0i,-0.00036862208502381057-0.007323587925116325i
1+0i,-0.005977303618139598-0.004230458467498489i
1+0i,-0.007010315544064736+0.0020819214300923433i
1+0i,-0.002691967077154598+0.0067886736182417185i
1+0i,0.003668393940810459+0.006303125641081328i
1+0i,0.0072124946202722345+0.0010099692065751618i
1+0i,0.005244108493760884-0.00503914022955903i
1+0i,-0.0007197615415453699-0.007226958474845774i
1+0i,-0.006117939418760342-0.0038950056608088026i
1+0i,-0.006833510061093248+0.002399281319911243i
1+0i,-0.0023336103903660362+0.0068454895905704196i
1+0i,0.003934026614889194+0.00605663714753877i
1+0i,0.007182667418496468+0.0006492795895032588i
1+0i,0.004942357497868975-0.0052381427775066765i
1+0i,-0.0010621835850097704-0.007112627840845032i
1+0i,-0.0062392900167616925-0.003555496135328344i
1+0i,-0.006641631359155188+0.0027039832334597594i
1+0i,-0.001975913713121954+0.00688265765064088i
1+0i,0.004183809635472632+0.005798559269498321i
1+0i,0.007133963784618231+0.0002939054649143333i
1+0i,0.004633151700842253-0.005419033218320625i
1+0i,-0.0013949640378942332-0.006981276334311005i
1+0i,-0.00634132110983786-0.003213075501535965i
1+0i,-0.006435559025264658+0.0029952946404368103i
1+0i,-0.0016199947015880498+0.00690041820219892i
1+0i,0.004417243671763272+0.005529918795509185i
1+0i,0.007066883474836208-0.00005512820483136302i
1+0i,0.004317604736639644-0.005581573218028227i
1+0i,-0.0017172296564059932-0.006833632728194031i
1+0i,-0.006424067859332317-0.002868879149663552i
1+0i,-0.006216207370897274+0.0032725439264278174i
1+0i,-0.001266944485560292+0.006899076454719211i
1+0i,0.004633896683643799+0.005251761548519784i
1+0i,0.006981982636982378-0.00039683765515075454i
1+0i,0.003996832556911802-0.005725594148084125i
1+0i,-0.0020281605838050392-0.006670470528005727i
1+0i,-0.006487633467091953-0.0025240280253409956i
1+0i,-0.005984521233893827+0.0035351218732597237i
1+0i,-0.0009178239207687528+0.00687900003274078i
1+0i,0.004833404347785352+0.004965147967273206i
1+0i,0.006879870597679878-0.0007302833734983247i
1+0i,0.0036719490518141674-0.005850996438142186i
1+0i,-0.0023269925362669236-0.006492604129475919i
1+0i,-0.006532187498772592-0.002179624545995115i
1+0i,-0.005741471735079972+0.0037824828533329427i
1+0i,-0.0005736600382893215+0.006840616373613698i
1+0i,0.005015470196065518+0.004671148712558149i
1+0i,0.006761206492053509-0.0010545729120555376i
1+0i,0.0033440617639572817-0.0059577486563669665i
1+0i,-0.002613018717145149-0.006300884881838397i
1+0i,-0.00655796396582074-0.001836748672810444i
1+0i,-0.005488052008770338+0.00401414573843802i
1+0i,-0.00023544270245444594+0.006784409929046689i
1+0i,0.005179865471395183+0.004370840316742843i
1+0i,0.006626695753624985-0.0013688634515257839i
1+0i,0.003014267712100416-0.006045886326649376i
1+0i,-0.0028855914567847618-0.0060961970755683634i
1+0i,-0.006565259179186258-0.0014964541520714534i
1+0i,-0.0052252729260571645+0.004229694524825167i
1+0i,0.00009587851250189962+0.006710919186410908i
1+0i,0.005326428707208596+0.004065300894456971i
1+0i,0.0064770864822923675-0.0016723641099651645i
1+0i,0.0026836493403734276-0.006115510493073014i
1+0i,-0.00314412357631622-0.005879453873351879i
1+0i,-0.006554429388571672-0.0011597649386731125i
1+0i,-0.0049541588294340294+0.004428778677521123i
1+0i,0.00041939721801014743+0.006620733526232925i
1+0i,0.005455065037973203+0.003755605931651943i
1+0i,0.006313165708472186-0.001964337991837498i
1+0i,0.002353270607931624-0.006166786042891446i
1+0i,-0.003388089475118942-0.005651593202937956i
1+0i,-0.00652588822169792-0.0008276718135168028i
1+0i,-0.0046757432968771995+0.004611113198075411i
1+0i,0.0007342528710841244+0.006514489932704516i
1+0i,0.0055657452491223005+0.003442824169571473i
1+0i,0.006135755571576691-0.0022441039737340746i
1+0i,0.00202417323302121-0.006199939800121581i
1+0i,-0.00361702594287819-0.005413573630313225i
1+0i,-0.006480103938658721-0.0005011292054068639i
1+0i,-0.004391064953005879+0.00477647842106229i
1+0i,0.001039633191943948+0.0063928695743461815i
1+0i,0.00565850457579983+0.0031280135994031953i
1+0i,0.0059457094310064965-0.00251103822444366i
1+0i,0.001697373104458819-0.006215258402629133i
1+0i,-0.0038305326983652387-0.005166370231347656i
1+0i,-0.006417596516949248-0.00018105222693589598i
1+0i,-0.0041011633443704485+0.004924719545761378i
1+0i,0.0013347763339080834+0.006256594272184873i
1+0i,0.0057334412607300414+0.002812217582564453i
1+0i,0.005743907927763513-0.0027645754582859778i
1+0i,0.001373856872515689-0.0062130859762789805i
1+0i,-0.004028272658241222-0.004910970479691078i
1+0i,-0.006338934583183478+0.000131686067300994i
1+0i,-0.0038070748952795984+0.00505574591048354i
1+0i,0.0016189728013332456+0.006106422872947286i
1+0i,0.005790714882380974+0.0024964611107075184i
1+0i,0.005531255014632866-0.0030042099218307735i
1+0i,0.0010545787301509619-0.006193821620342734i
1+0i,-0.004209971940315763-0.00464837016825854i
1+0i,-0.006244732207863668+0.0004362571929843197i
1+0i,-0.003509828959877435+0.005169530017996743i
1+0i,0.0018915671125887229+0.005943147544826504i
1+0i,0.00583054446537879+0.002181747218614077i
1+0i,0.005308673972647378-0.0032294961153062807i
1+0i,0.0007404573944635515-0.006157916718898228i
1+0i,-0.0043754196067797724-0.004379569381130433i
1+0i,-0.006135645579830742+0.0007318795128320615i
1+0i,-0.0032104439854248835+0.0052661063214361i
1+0i,0.0021519592062478874+0.005767590013356028i
1+0i,0.005853206385846169+0.0018690535621929774i
1+0i,0.005077103431236274-0.0034400492511526344i
1+0i,0.0004323732971348161-0.006105872093418591i
1+0i,-0.004524467153969951-0.004105568532114646i
1+0i,-0.006012369577208525+0.0010178202730099898i
1+0i,-0.0029099238009295757+0.005345569780947401i
1+0i,0.0023996055898586853+0.005580597754820809i
1+0i,0.005859032084981302+0.0015593291728040518i
1+0i,0.004837493409076073-0.0036355454532912444i
1+0i,0.00013116599152059212-0.0060382350121324264i
1+0i,-0.004657027756210092-0.0038273644855786187i
1+0i,-0.00587563425175824+0.001293397395524868i
1+0i,-0.0026092540444124547+0.005408074202115025i
1+0i,0.002634020231811701+0.005383040164453538i
1+0i,0.005848405604762881+0.0012534913981088408i
1+0i,0.004590801392207346-0.0038157217017570997i
1+0i,-0.00016236821707446276-0.00595559607204075i
1+0i,-0.0047730752722052365-0.00354594677446026i
1+0i,-0.005726201243583314+0.0015579810240968577i
1+0i,-0.002309398741199423+0.005453830367958203i
1+0i,0.0028547751979543126+0.005175804716407851i
1+0i,0.005821760960159009+0.000952423038602836i
1+0i,0.004337988465461049-0.0039803755283717625i
1+0i,-0.00044747841253779674-0.005858585969702222i
1+0i,-0.004872643023337721-0.003262293929616359i
1+0i,-0.005564860143070476+0.001810994822155996i
1+0i,-0.002011297044689972+0.005483103976942839i
1+0i,0.003061501035697216+0.004959793132171702i
1+0i,0.005779579362635194+0.0006569696879182877i
1+0i,0.004080015512656576-0.004129364470118226i
1+0i,-0.0007234609762342362-0.0057478721770442285i
1+0i,-0.004955822354025208-0.002977369933867388i
1+0i,-0.005392424816823233+0.0020519170227368743i
1+0i,-0.001715860150086478+0.0054962134000488645i
1+0i,0.0032538869094211565+0.004735917573686443i
1+0i,0.005722386310096266+0.00036793728390682474i
1+0i,0.0038178395003932485-0.00426260528781019i
1+0i,-0.0009896612592906078-0.0056241555385272285i
1+0i,-0.005022760985047319-0.002692120813254408i
1+0i,-0.005209729714139438+0.002280281231151984i
1+0i,-0.0014239683905720182+0.0054935272704525005i
1+0i,0.003431680492012576+0.004505096876973819i
1+0i,0.005650748558660572+0.00008608987642382991i
1+0i,0.0035524098595633435-0.004380072958524085i
1+0i,-0.001245475016850505-0.005488166805982564i
1+0i,-0.005073661171429019-0.0024074713771417584i
1+0i,-0.005017626170310288+0.0024956769824019055i
1+0i,-0.0011364685244079835+0.005475461919829851i
1+0i,0.0035946876183338304+0.0042682528415480285i
1+0i,0.005565270991852443-0.00018785238335574566i
1+0i,0.003284664977972046-0.004481799451081343i
1+0i,-0.0014903496033709792-0.00534066312736325i
1+0i,-0.005108777677081542-0.0021243221178841604i
1+0i,-0.004816978722674574+0.002697750056325702i
1+0i,-0.0008541712203898274+0.005442478675660511i
1+0i,0.003742771707361422+0.004026306590306544i
1+0i,0.005466593402910727-0.00045321502834785486i
1+0i,0.003015528816661723-0.004567872294625321i
1+0i,-0.0017237849291125355-0.005182424505493395i
1+0i,-0.005128415578945093-0.0018435462798320448i
1+0i,-0.004608661454953654+0.0028862025545032437i
1+0i,-0.0005778487480544439+0.005395081034208981i
1+0i,0.0038758529606037866+0.0037801750139558406i
1+0i,0.005355387205949363-0.0007093708330375777i
1+0i,0.002745907661710318-0.004638432951033462i
1+0i,-0.0019453341790310087-0.005014250242678314i
1+0i,-0.005132927913851587-0.0015659871064813027i
1+0i,-0.0043935543849225765+0.00306079274388861i
1+0i,-0.0003082328779832615+0.005333811724087043i
1+0i,0.0039939073452321654+0.003530767313340626i
1+0i,0.005232352091671136-0.0009557411414353006i
1+0i,0.002476687022410909-0.004693675002535369i
1+0i,-0.002154604296304933-0.004836955386747345i
1+0i,-0.005122713181727844-0.0012924552735873486i
1+0i,-0.00417253990994469+0.0032213346730771636i
1+0i,-0.000046012996493796556+0.005259249675452076i
1+0i,0.004096965371124918+0.0032789816523125536i
1+0i,0.005098212643230623-0.0011917969649746817i
1+0i,0.0022087286858460866-0.0047338421664723015i
1+0i,-0.0023512562337270008-0.004651367193744905i
1+0i,-0.005098212719091282-0.001023726515063551i
1+0i,-0.003946499324314061+0.0033676975679840524i
1+0i,0.0002081655620342824+0.005172006909977052i
1+0i,0.004185110671731691+0.003025701932999881i
1+0i,0.004953714927667608-0.00141705985084833i
1+0i,0.0019428679369522012-0.004759226149631275i
1+0i,-0.0025350049771431194-0.004458321622069736i
1+0i,-0.0050599079570504595-0.0007605394474756201i
1+0i,-0.0037163094217178404+0.0034998050145370755i
1+0i,0.00045370296299065234+0.005072725366736689i
1+0i,0.004258478399310126+0.0027717947045291843i
1+0i,0.004799623078092273-0.0016311025222829855i
1+0i,0.0016799109522291204-0.004770164355016532i
1+0i,-0.0027056193460392956-0.004258659872386974i
1+0i,-0.005008317578212494-0.0005035935979315741i
1+0i,-0.0034828391954502785+0.003617633936758135i
1+0i,0.0006900460983397319+0.004962073679094771i
1+0i,0.004317253445670212+0.0025181062154077056i
1+0i,0.004636715881498881-0.0018335492932329634i
1+0i,0.0014206323742959452-0.004767037454282012i
1+0i,-0.0028629215772469335-0.004053224987108969i
1+0i,-0.004943994587019041-0.0002535476391567035i
1+0i,-0.0032469466482902194+0.003721213379322772i
1+0i,0.0009166895922225939+0.004840743917550497i
1+0i,0.004361668500080301+0.002265459618905224i
1+0i,0.0044657833867197605-0.0020240762609127303i
1+0i,0.0011657730735276579-0.004750266839341734i
1+0i,-0.003006786698561988-0.0038428585226610522i
1+0i,-0.004867523308083517-0.000011017834537703638i
1+0i,-0.003009475723193993+0.0038106231043459186i
1+0i,0.0011331765861622481+0.0047094483133089254i
1+0i,0.004392001956442676+0.0020146523398819646i
1+0i,0.004287623546608888-0.0022024112804959243i
1+0i,0.000916038102034736-0.0047203119668988i
1+0i,-0.0031371416998473263-0.003628397307121579i
1+0i,-0.004779516327085559+0.00022342330507375873i
1+0i,-0.002771253365163824+0.0038859920127393395i
1+0i,0.0013390993056366918+0.0045689159770861i
1+0i,0.004408575682234782+0.0017664536105994352i
1+0i,0.004103038908067202-0.002368333727172202i
1+0i,0.0006720948442753045-0.004677667609791018i
1+0i,-0.003253964509909822-0.0034106702951568956i
1+0i,-0.004680611388696103+0.0004492481519871179i
1+0i,-0.002533086723831117+0.003947496401024344i
1+0i,0.0015340994107112928+0.00441988962734366i
1+0i,0.0044117526620345016+0.001521602182127377i
1+0i,0.003912833362994124-0.002521674051575097i
1+0i,0.0004345713676179568-0.004622861029140623i
1+0i,-0.0033572827881107074-0.0031904955314633523i
1+0i,-0.004571468265860497+0.0006659748798778359i
1+0i,-0.00229576050544865+0.0039953580649580624i
1+0i,0.001717868134316011+0.0042631223417757816i
1+0i,0.0044019345287045425+0.0012808042170288614i
1+0i,0.0037178089726747745-0.002662313135368524i
1+0i,0.00020405497521139442-0.004556449081319928i
1+0i,-0.0034471725402794445-0.0029686772331865433i
1+0i,-0.004452765614558505+0.000873168170657767i
1+0i,-0.0020600344821207644+0.004029842261744746i
1+0i,0.0018901462126088868+0.004099374345444558i
1+0i,0.004379558995502051+0.0010447313680694325i
1+0i,0.0035187628774938488-0.002790181454505106i
1+0i,-0.000018909037434515236-0.004479015273704662i
1+0i,-0.0035237565690535897-0.0027460030010153995i
1+0i,-0.004325197827893205+0.001070439712006896i
1+0i,-0.0018266411652209645+0.004051255542952366i
1+0i,0.0020507236126831824+0.003929409848482811i
1+0i,0.004345097202505988+0.0008140190467614686i
1+0i,0.0033164843032097353-0.002905258058344155i
1+0i,-0.0002338184216858928-0.004391166783084151i
1+0i,-0.0035872027692623737-0.0025232411678503984i
1+0i,-0.004189471903036417+0.0012574484884428012i
1+0i,-0.0015962836490548192+0.0040599434705410695i
1+0i,0.0021994390636485804+0.00375399394575829i
1+0i,0.004299050990817183+0.000589264884624046i
1+0i,0.003111751674328836-0.0030075693734383483i
1+0i,-0.00044021481128529326-0.004293531450434247i
1+0i,-0.003637722279405172-0.0023011382931253264i
1+0i,-0.004046304334180959+0.0014339008696490295i
1+0i,-0.0013696336299294383+0.0040562882286333405i
1+0i,0.0023361793978437643+0.0035738895903253184i
1+0i,0.004241950117986407+0.00037102738911764935i
1+0i,0.002905329844395744-0.003097187841364681i
1+0i,-0.0006376843554513534-0.004186754765537851i
1+0i,-0.003675567500650398-0.00208041681002542i
1+0i,-0.0038964180442217578+0.0015995505005926636i
1+0i,-0.001147329604891258+0.004040706143815543i
1+0i,0.002460878709616648+0.0033898546518807264i
1+0i,0.004174349428064146+0.00015982479530480057i
1+0i,0.002697967452263192-0.00317423040048567i
1+0i,-0.0008258581517770138-0.004071496854660118i
1+0i,-0.0037010299950929002-0.001861772831994553i
1+0i,-0.0037405393674116885+0.0017541979987297112i
1+0i,-0.0009299752534967973+0.004013645126859401i
1+0i,0.002573517339737814+0.0032026390707964696i
1+0i,0.004096825989546113-0.000043865886603887665i
1+0i,0.002490394412630609-0.003238856821980346i
1+0i,-0.0010044124819592294-0.0039484294841551715i
1+0i,-0.003714438275260676-0.0016458741240661617i
1+0i,-0.0035793950947185793+0.0018976904643234506i
1+0i,-0.0007181380050903909+0.00397558204878961i
1+0i,0.0026741206940901017+0.0030129821176238625i
1+0i,0.004009976214310457-0.00023960962852895458i
1+0i,0.002283319548346373-0.0032912679108802116i
1+0i,-0.0011730688541919934-0.0038182330925001645i
1+0i,-0.0037161554970532714-0.0014333582436893999i
1+0i,-0.003413709593048917+0.002029920810581918i
1+0i,-0.0005123477931823319+0.003927020064201884i
1+0i,0.002762757905801266+0.002821609767258639i
1+0i,0.003914412970410185-0.000427013948183657i
1+0i,0.002077428371160713-0.003331703583182665i
1+0i,-0.0013315938568169918-0.003681593862824075i
1+0i,-0.003706577068426471-0.001224830854859561i
1+0i,-0.003244202008906973+0.0021508269209557034i
1+0i,-0.0003130959976545759+0.003868485894656419i
1+0i,0.002839540350457302+0.002629232196225741i
1+0i,0.0038107627012992713-0.0006057292814937918i
1+0i,0.0018733810167963236-0.0033604408303936685i
1+0i,-0.0014797988285497302-0.0035392008475264077i
1+0i,-0.003686128186211062-0.0010208642185019947i
1+0i,-0.003071583566426437+0.0022603906415226143i
1+0i,-0.00012083457467257776+0.0038005270848355736i
1+0i,0.002904620024448482+0.002436541410791944i
1+0i,0.0036996625637354414-0.000775449166939558i
1+0i,0.0016718103393786534-0.003377791583072347i
1+0i,-0.0016175393512802222-0.0033917431560669337i
1+0i,-0.0036552613134683944-0.0008219958612072729i
1+0i,-0.00289655496905201+0.0023586366169219045i
1+0i,0.00006402462664569343+0.003723709243964989i
1+0i,0.0029581877968598803+0.002244209012847181i
1+0i,0.003581757596220319-0.0009359102457378222i
1+0i,0.0014733201694387926-0.0033841004851134417i
1+0i,-0.001744714572085279-0.0032399072164570985i
1+0i,-0.003614453609744757-0.0006287274235750434i
1+0i,-0.0027198039134619123+0.002445630978784839i
1+0i,0.00024111036255501325+0.0036386132847555596i
1+0i,0.0030004715456217485+0.0020528841097153597i
1+0i,0.003457697929411166-0.0010868920825012783i
1+0i,0.0012784837388752825-0.0033797425906097285i
1+0i,-0.0018612663616814802-0.0030843741203980635i
1+0i,-0.003564204326490087-0.00044152368859837264i
1+0i,-0.00254200272361414+0.0025214798960406055i
1+0i,0.00041009231052927127+0.0035458326718323697i
1+0i,0.0030317341888824903+0.0018631913732668817i
1+0i,0.0033281360494702796-0.0012282168116909175i
1+0i,0.0010878422754385195-0.003365120995186436i
1+0i,-0.0019671783170927127-0.00292581706139509i
1+0i,-0.003505032179757777-0.00026081178971356235i
1+0i,-0.002363806112073105+0.0025863279968553i
1+0i,0.0005706812059002593+0.0034459706912788523i
1+0i,0.003052271622759341+0.0016757292529120229i
1+0i,0.003193724124812652-0.0013597486158167045i
1+0i,0.0009019037684886099-0.0033406644136951182i
1+0i,-0.0020624746168025846-0.002764898874535059i
1+0i,-0.003437472712101837-0.0000869805973549955i
1+0i,-0.0021858490750326248+0.002640356672287579i
1+0i,0.0007226288032717083+0.003339637752541953i
1+0i,0.003062410576758458+0.0014910683462591725i
1+0i,0.0030551114061716567-0.001481393041937889i
1+0i,0.0007211419069758141-0.0033068247160954445i
1+0i,-0.0021472187371085263-0.00260226968594806i
1+0i,-0.003362075655339126+0.00007961971790629622i
1+0i,-0.0020087449266998846+0.002683782272016351i
1+0i,0.0008657276673671619+0.003227448733520841i
1+0i,0.0030625063982389587+0.0013097499304309595i
1+0i,0.002912941709330943-0.0015930961635658642i
1+0i,0.0005459951898077362-0.0032640744332436316i
1+0i,-0.0022215120387908275-0.0024385646792887414i
1+0i,-0.0032794023055486873+0.0002386779482944967i
1+0i,-0.0018330834779471214+0.002716854202714423i
1+0i,0.000999810798608187+0.003110020379199841i
1+0i,0.003052940777324473+0.0011322846562451252i
1+0i,0.00276785098927098-0.0016948435955787694i
1+0i,0.0003768662080003292-0.0032129042441454135i
1+0i,-0.0022854922335548765-0.0022744019858712376i
1+0i,-0.003190022921340948+0.00038992194118845345i
1+0i,-0.0016594293633762588+0.0027398529398074837i
1+0i,0.0011247510993176884+0.002987968763689328i
1+0i,0.003034119423642835+0.0009591514066913831i
1+0i,0.002620465013854113-0.0017866593702157802i
1+0i,0.0002141210972653187-0.003153820456022781i
1+0i,-0.002339331739999051-0.0021103807043777773i
1+0i,-0.003094514156048988+0.000533118524935972i
1+0i,-0.0014883205201808324+0.002753087963470433i
1+0i,0.0012404606869996357+0.0028619068250094483i
1+0i,0.003006469706201076+0.0007907963203724242i
1+0i,0.002471397144527359-0.001868604682630684i
1+0i,0.0000580891589662077-0.003087342488289942i
1+0i,-0.0023832359391034934-0.0019470790553384664i
1+0i,-0.0029934565340754577+0.0006680732727854812i
1+0i,-0.0013202668214327292+0.0027568956297746514i
1+0i,0.0013468900616602124+0.0027324419813938273i
1+0i,0.002970438267579993+0.0006276319798306398i
1+0i,0.002321246230859083-0.001940776514846628i
1+0i,-0.00009093735331719508-0.0030140003712350472i
1+0i,-0.0024174413394262547-0.0017850526748518596i
1+0i,-0.0028874319811734574+0.0007946301101956114i
1+0i,-0.0011557488656708866+0.0027516369879095875i
1+0i,0.0014440271346046348+0.0026001738373071i
1+0i,0.002926488623462716+0.0004700367639542312i
1+0i,0.002170594625049348-0.0020033061472679767i
1+0i,-0.0002327032850390025-0.002934332269865934i
1+0i,-0.0024422136623346354-0.0016248330512861188i
1+0i,-0.002777021417953497+0.0009126707713429422i
1+0i,-0.0009952169239301927+0.0027376955543638665i
1+0i,0.001531896126567891+0.0024656919867651265i
1+0i,0.0028750987582964495+0.0003183543629511566i
1+0i,0.002020006321866404-0.0020563575671698163i
1+0i,-0.00036699047380574673-0.0028488820430001283i
1+0i,-0.002457845857690197-0.0014669261079728422i
1+0i,-0.0026628024253915967+0.0010221141111672618i
1+0i,-0.0008390900446228314+0.0027154750548636307i
1+0i,0.0016105563434158613+0.002329573920922113i
1+0i,0.002816758727628267+0.00017289345369779084i
1+0i,0.00187002522876759-0.002100125783801282i
1+0i,-0.0004936174890135504-0.0027581968472661783i
1+0i,-0.0024646560604478568-0.0013118109341821666i
1+0i,-0.0025453469905706875+0.0011229152797710708i
1+0i,-0.0006877553159747759+0.0026853971447328992i
1+0i,0.0016801008379843754+0.0021923830462497575i
1+0i,0.0027519682773566286+0.00003392753261591253i
1+0i,0.0017211735702647676-0.0021348350599057087i
1+0i,-0.0006124392232145264-0.0026628247952371485i
1+0i,-0.0024629854986231467-0.0011599386659528785i
1+0i,-0.002425219340321779+0.001215064766425133i
1+0i,-0.0005415672850305922+0.002647899118162867i
1+0i,0.0017406549669085726+0.002054666818981289i
1+0i,0.0026812344898028413-0.0000983050973933149i
1+0i,0.0015739504298958454-0.002160737069579286i
1+0i,-0.0007233463409458405-0.002563312676440609i
1+0i,-0.0024531963630286847-0.0010117315176472194i
1+0i,-0.0023029738698446744+0.0012985873208226947i
1+0i,-0.00040084753157150444+0.0026034316166568066i
1+0i,0.001792374851532017+0.0019169550008329935i
1+0i,0.002605069466133157-0.00022360119002238666i
1+0i,0.0014288304324682054-0.002178108992460774i
1+0i,-0.0008262645912386264-0.002460203749486287i
1+0i,-0.002435669649082402-0.0008675819644102035i
1+0i,-0.0021791531727855503+0.0013735407595721586i
1+0i,-0.0002658843946481094+0.0025524563466562448i
1+0i,0.0018354457521761426+0.0017797580403489997i
1+0i,0.0025239880542554842-0.0003417922732614424i
1+0i,0.0012862625685494769-0.002187251554269413i
1+0i,-0.0009211539904675854-0.002354035613024451i
1+0i,-0.0024108029808482478-0.0007278520750399134i
1+0i,-0.002054286178631672+0.0014400146662200382i
1+0i,-0.00013693284881250215+0.0024954438160554432i
1+0i,0.001870080365194478+0.0016435655835468277i
1+0i,0.0024385056308777486-0.00045274422688157417i
1+0i,0.0011466691625000658-0.0021884870236868197i
1+0i,-0.0010080078826041612-0.0022453381627000474i
1+0i,-0.0023790084272856966-0.0005928729941218765i
1+0i,-0.0019288864026566085+0.0014981289933533697i
1+0i,-0.00001421452654652277+0.0024328710989758857i
1+0i,0.0018965170523343863+0.0015088451168725758i
1+0i,0.0023491359459496095-0.0005563567253339566i
1+0i,0.0010104449846719374-0.002182157175513393i
1+0i,-0.0010868518842968096-0.0021346316407002087i
1+0i,-0.0023407103204606816-0.00046294457164831914i
1+0i,-0.0018034503130146722+0.0015480325755431715i
1+0i,0.00010208211717432623+0.0023652196378045436i
1+0i,0.0019150180119821127+0.0013760407448102307i
1+0i,0.0022563890372195527-0.0006525625521517267i
1+0i,0.0008779565077429836-0.002168621229921322i
1+0i,-0.0011577427225195527-0.002022424783911313i
1+0i,-0.002296343085208325-0.0003383351377358627i
1+0i,-0.0016784558189444222+0.0015899015620581482i
1+0i,0.000211801502766484+0.002292973091100236i
1+0i,0.0019258674018758275+0.001245572103831565i
1+0i,0.0021607692221274916-0.0007413267923530639i
1+0i,0.0007495413065177444-0.002148253777477076i
1+0i,-0.0012207669728051963-0.0019092130761078827i
1+0i,-0.002246349089440301-0.0002192814194733914i
1+0i,-0.001554360883400798+0.0016239377784013713i
1+0i,0.0003148204914492716+0.0022166152355449836i
1+0i,0.001929369422836724+0.0011178334137243473i
1+0i,0.0020627731737215787-0.0008226459097157789i
1+0i,0.0006255075999063766-0.002121442699417045i
1+0i,-0.0012760397063116147-0.0017954771089926224i
1+0i,-0.0021911765239582474-0.00010598859637895859i
1+0i,-0.0014316022627969096+0.0016503670258023217i
1+0i,0.00041104782371255086+0.0021366279296643684i
1+0i,0.0019258463729924446+0.0009931926666999708i
1+0i,0.00196288808674087-0.0008965467161253475i
1+0i,0.0005061339331964422-0.0020885870924338456i
1+0i,-0.0013237030541587659-0.0016816810562981254i
1+0i,-0.0021312773202723867+0.0000013695095788316506i
1+0i,-0.001310594375902278+0.0016694373278335424i
1+0i,0.0005004234367912885+0.002053489146564571i
1+0i,0.0019156366818501329+0.0008719909540595201i
1+0i,0.001861589939444451-0.0009630852404891272i
1+0i,0.0003916689981585096-0.0020500952069684333i
1+0i,-0.0013639246976207553-0.001568271264548837i
1+0i,-0.002067105114533432+0.00010265011393095248i
1+0i,-0.0011917283033173434+0.0016814171333159823i
1+0i,0.0005829176674787241+0.0019676710824380102i
1+0i,0.0018990929334211596+0.0007545419295922543i
1+0i,0.0017593418561964228-0.001022345504959452i
1+0i,0.0002823315879787831-0.0020063824077078823i
1+0i,-0.0013968962928617291-0.0014556749634690468i
1+0i,-0.001999113265268602+0.00019774102462474645i
1+0i,-0.0010753709183266226+0.0016865934846312844i
1+0i,0.000658530346953498+0.0018796383470757213i
1+0i,0.0018765798874070387+0.0006411314082946241i
1+0i,0.001656592575237158-0.0010744382164170068i
1+0i,0.0001783106834919335-0.0019578691646617795i
1+0i,-0.0014228318389673505-0.0013442990984132964i
1+0i,-0.0019277529321718215+0.0002865600773264758i
1+0i,-0.0009618641493284134+0.0016852701604737003i
1+0i,0.0007272897946005774+0.001789846242096585i
1+0i,0.0018484725072280845+0.0005320170984336706i
1+0i,0.0015537750254874117-0.0011194993813339012i
1+0i,0.00007976566669594512-0.0019049790828344411i
1+0i,-0.0014419659980459316-0.0012345292865902514i
1+0i,-0.0018534712227362042+0.0003690544569188344i
1+0i,-0.0008515243734482536+0.0016777658019505772i
1+0i,0.0007892517180717315+0.0016987391320634295i
1+0i,0.0018151540034152612+0.000427428464437506i
1+0i,0.001451305015645946-0.0011576888522632266i
1+0i,-0.000013173342929283282-0.001848136978127905i
1+0i,-0.001454552376155723-0.001126728898254329i
1+0i,-0.0017767094130369033+0.0004451999113555895i
1+0i,-0.0007446419403706212+0.0016644120307805167i
1+0i,0.0008444980270577953+0.0016067489131069493i
1+0i,0.0017770139005932988+0.0003275667175798952i
1+0i,0.0013495800382558735-0.0011891888142890473i
1+0i,-0.00010040503420677502-0.001787767006703868i
1+0i,-0.0014608617737588833-0.0010212382634521005i
1+0i,-0.0016979012484762324+0.0005149998643527212i
1+0i,-0.0006414808248687913+0.0016455515681427762i
1+0i,0.0008931355684323523+0.0015142935831225623i
1+0i,0.00173444613596136+0.00023260493093681112i
1+0i,0.0012489781908327393-0.0012142022198187487i
1+0i,-0.0001818563374533787-0.0017242908546046384i
1+0i,-0.001461180414309114-0.0009183740043362102i
1+0i,-0.0016174713297939039+0.0005784844336749439i
1+0i,-0.0005422784059801106+0.001621536362503598i
1+0i,0.000935294790574757+0.0014217759170461082i
1+0i,0.0016878471968290356+0.00014268827463232353i
1+0i,0.0011498572155707728-0.001232951180108786i
1+0i,-0.00025748175074127324-0.0016581259939853219i
1+0i,-0.0014558081594505153-0.0008184284924996852i
1+0i,-0.001535833589125573+0.0006357093620191961i
1+0i,-0.0004472453702633948+0.0015927257344854387i
1+0i,0.0009711283447902736+0.0013295822501534337i
1+0i,0.0016376143043921889+0.00005793436695997168i
1+0i,0.0010525536585753196-0.001245675321886467i
1+0i,-0.000327262565221768-0.0015896840118452523i
1+0i,-0.0014450567191413698-0.000721669430240837i
1+0i,-0.0014533898603653614+0.0006867548677014458i
1+0i,-0.00035656573608995373+0.0015594845465565876i
1+0i,0.0010008096318166364+0.001238081371769775i
1+0i,0.0015841436505373819-0.000021566263434338677i
1+0i,0.0009573821490114972-0.0012526301173655739i
1+0i,-0.0003912059957952808-0.0015193690166679374i
1+0i,-0.0014292478648199065-0.0006283395541447803i
1+0i,-0.0013705285475550965+0.0007317244225208959i
1+0i,-0.0002703969954599431+0.0015221814050025689i
1+0i,0.001024531301440598+0.0011476235312192294i
1+0i,0.0015278286940479467-0.00009574960949053249i
1+0i,0.0008646347980134719-0.0012540851958532022i
1+0i,-0.00044934422366786663-0.0014475761278883073i
1+0i,-0.0014087116535011618-0.0005386564588643456i
1+0i,-0.0012876233944870328+0.0007707434643060586i
1+0i,-0.00018887036940384201+0.0014811869012996935i
1+0i,0.0010425037132455054+0.0010585395572950858i
1+0i,0.001469058522151284-0.00016457751731210055i
1+0i,0.0007745807166685099-0.0012503226450111735i
1+0i,-0.0005017333575555957-0.0013746900526064522i
1+0i,-0.0013837846704371844-0.0004528125385022497i
1+0i,-0.00120503235817091+0.0008039580517408346i
1+0i,-0.00011209117262547515+0.0014368718996473023i
1+0i,0.001054953366472977+0.0009711400919911013i
1+0i,0.0014082162828982522-0.00022803692320465425i
1+0i,0.000687465651875567-0.0012416353096687141i
1+0i,-0.0005484523204831186-0.0013010837534604101i
1+0i,-0.0013548082976882468-0.0003709750425393158i
1+0i,-0.0011230965882817418+0.0008315334691261697i
1+0i,-0.000040139282669254394+0.001389605877030404i
1+0i,0.0010621213069090798+0.0008857149387031737i
1+0i,0.001345677693403983-0.0002861390022655708i
1+0i,0.0006035117383830009-0.0012283250958856388i
1+0i,-0.0005896016692722591-0.001227117211059627i
1+0i,-0.001322127015643048-0.0002932862428218115i
1+0i,-0.0010421395141749189+0.0008536527887548296i
1+0i,0.000026930291448796508+0.0013397553217813678i
1+0i,0.0010642615185994064+0.0008025325245933425i
1+0i,0.0012818096285070791-0.0003389182348501061i
1+0i,0.0005229173648347951-0.0012107012877385559i
1+0i,-0.0006253023539303287-0.0011531362838678i
1+0i,-0.001286086744192569-0.00021986370771596902i
1+0i,-0.0009624660405317803+0.0008705153985638811i
1+0i,0.00008908674651840747+0.001287682196189847i
1+0i,0.0010616393080595445+0.0007218394763048775i
1+0i,0.0012169687939239883-0.0003864313974402088i
1+0i,0.00044585715120120913-0.0011890788840486044i
1+0i,-0.000655694424227088-0.00107947166791098i
1+0i,-0.0012470332299078745-0.00015080067916023432i
1+0i,-0.0008843618521840485+0.0008823355026830399i
1+0i,0.0001463227339729907+0.0012337424682769046i
1+0i,0.0010545296884788935+0.0006438603077308101i
1+0i,0.0011515004874891402-0.0004287564846090525i
1+0i,0.00037248203453985713-0.00116377696198945i
1+0i,-0.0006809356907937263-0.0010064379581769059i
1+0i,-0.0012053104851984854-0.00008616654799703077i
1+0i,-0.000808092828161638+0.0008893406024176694i
1+0i,0.00019865352618788121+0.0011782847174042369i
1+0i,0.0010432157712182+0.0005687972180697484i
1+0i,0.0010857374515816174-0.00046599156890693053i
1+0i,0.00030291945962758227-0.0011351170742109186i
1+0i,-0.0007012003480880904-0.0009343328130658832i
1+0i,-0.0011612592850372072-0.00002600742264650713i
1+0i,-0.0007339045645168206+0.000891769965094519i
1+0i,0.0002461161063538361+0.0011216488179349637i
1+0i,0.0010279871716762+0.0004968299979542676i
1+0i,0.00101999881934817-0.0004982536055932919i
1+0i,0.00023727367062369213-0.0011034216857884601i
1+0i,-0.0007166775665484861-0.0008634362227551073i
1+0i,-0.0011152157264318267+0.000029653214104621384i
1+0i,-0.000662022005001034+0.0008898730880573391i
1+0i,0.0002887681882230525+0.0010641647047009422i
1+0i,0.001009138436350135+0.0004281160410099982i
1+0i,0.0009545891568422689-0.0005256771892052498i
1+0i,0.0001756260995721407-0.0010690126569636712i
1+0i,-0.000727570061204043-0.0007940098818484944i
1+0i,-0.0010675098554057238+0.00008081376568463367i
1+0i,-0.0005926491782099077+0.0008839081649296964i
1+0i,0.00032668717217489276+0.0010061512235649958i
1+0i,0.0009869674976401245+0.0003627904577985853i
1+0i,0.0008897976027117517-0.0005484132689859207i
1+0i,0.00011803584722459238-0.001032209777278477i
1+0i,-0.0007340926439249869-0.0007262966662052318i
1+0i,-0.0010184643658207315+0.00012749370540208793i
1+0i,-0.000525969039369368+0.0008741405610653885i
1+0i,0.0003599690441658589+0.0009479150698970375i
1+0i,0.0009617741626507261+0.000300966288716949i
1+0i,0.0008258971065855405-0.0005666278301969357i
1+0i,0.00006454025136927113-0.0009933293563270467i
1+0i,-0.0007364707663811262-0.0006605202133737207i
1+0i,-0.0009683933739382003+0.0001697326891047115i
1+0i,-0.0004621434145120451+0.0008608413048837831i
1+0i,0.0003887272242135768+0.0008897498173131904i
1+0i,0.0009338586419257614+0.00024273481206913634i
1+0i,0.0007631437668350733-0.0005805005483090388i
1+0i,0.000015155537582119485-0.000952682875957619i
1+0i,-0.000734939060633829-0.0005968846056057372i
1+0i,-0.0009176012721708726+0.00020758960290723758i
1+0i,-0.00040131304439063026+0.0008442856015407167i
1+0i,0.0004130913711181733+0.0008319350385583783i
1+0i,0.0009035201237172076+0.00018816594319671231i
1+0i,0.0007017762679199777-0.0005902234230042081i
1+0i,-0.00003012245292213027-0.0009105757083526195i
1+0i,-0.0007297398841162805-0.0005355741539893464i
1+0i,-0.000866381665030408+0.0002411415521977025i
1+0i,-0.00034359772509374943+0.0008247513751159387i
1+0i,0.0004332061501467971+0.0007747355199476799i
1+0i,0.0008710553990368982+0.0001373087202500129i
1+0i,0.0006420154170723405-0.0005959993988327448i
1+0i,-0.00007131746387064735-0.0008673059040023688i
1+0i,-0.0007211218755606799-0.0004767532818205347i
1+0i,-0.0008150163898255991+0.00027048279823512243i
1+0i,-0.00028909654197215896+0.0008025178452081684i
1+0i,0.0004492299703991057+0.0007184005703220385i
1+0i,0.0008367575423734387+0.00009019187190601794i
1+0i,0.000584063779631209-0.0005980409792508369i
1+0i,-0.00010847195865615528-0.000823163053166939i
1+0i,-0.0007093385282107148-0.00042056650493361243i
1+0i,-0.0007637746242164323+0.0002957236487240118i
1+0i,-0.00023788819314919668+0.000777864143519663i
1+0i,0.00046133369853385155+0.0006631634250212866i
1+0i,0.0008009146525778001+0.00004682446208988908i
1+0i,0.0005281054119102811-0.0005965688406190743i
1+0i,-0.0001416461950644378-0.0007784272239945867i
1+0i,-0.000694646786414641-0.00036713850633071106i
1+0i,-0.0007129120822811654+0.0003169893087938779i
1+0i,-0.00019003139858047793+0.0007510679756861931i
1+0i,0.00046969935547038714+0.0006092407449340638i
1+0i,0.0007638086580315357+0.000007196606536642909i
1+0i,0.00047430569006882647-0.0005918104525719103i
1+0i,-0.00017091724598639052-0.0007333679800356265i
1+0i,-0.0006773056714302333-0.0003165743020921842i
1+0i,-0.0006626703003092382+0.00033441869882456105i
1+0i,-0.000145565390344382+0.0007224043332668915i
1+0i,0.0004745188025847524+0.0005568322102513044i
1+0i,0.0007257141898134132-0.00002871974416279407i
1+0i,0.00042281123305979405-0.0005839987109731261i
1+0i,-0.00019637797218579903-0.0006882434794593144i
1+0i,-0.0006575749419895031-0.00026895949521344993i
1+0i,-0.0006132760130942068+0.00034816324554241764i
1+0i,-0.00010451047958770759+0.0006921442604537163i
1+0i,0.0004759924237993432+0.0005061202081296771i
1+0i,0.0006868975261754997-0.00006096996055051281i
1+0i,0.0003737499173515247-0.0005733705894548822i
1+0i,-0.00021813595325509977-0.0006432996578507287i
1+0i,-0.0006357137948699883-0.00022436061370085432i
1+0i,-0.0005649406210696279+0.0003583856527680292i
1+0i,-0.00006686869532033298+0.0006605536796939835i
1+0i,0.0004743278098189158+0.0004572696130647547i
1+0i,0.0006476156112301478-0.00008961583498003989i
1+0i,0.0003272309807612921-0.0005601658152988647i
1+0i,-0.00023631238292386224-0.0005987694960359317i
1+0i,-0.0006119796104024295-0.00018282552896999567i
1+0i,-0.0005178597482085108+0.00036525865812480935i
1+0i,-0.000032624490049182065+0.0006278922800435074i
1+0i,0.0004697384505953339+0.0004104276583824577i
1+0i,0.0006081151503369161-0.00011473463274542423i
1+0i,0.00028334521240138576-0.0005446255751595724i
1+0i,-0.00025104093488897294-0.0005548723739593974i
1+0i,-0.0005866267475135803-0.00014438395032558338i
1+0i,-0.00047221289019550125+0.00036896378192006487i
1+0i,-0.0000017455070654879504+0.0005944124716842332i
1+0i,0.00046244244191025446+0.0003657238968827231i
1+0i,0.0005686317842651392-0.00013641809950061778i
1+0i,0.00024216522542249406-0.000526991255852872i
1+0i,-0.0002624666053121894-0.0005118135112188835i
1+0i,-0.0005599053925593384-0.00010904799106265045i
1+0i,-0.0004281631519814509+0.00036969007428721i
1+0i,0.000025816595949656717+0.0005603584096505208i
1+0i,0.0004526612117501366+0.0003232702483125293i
1+0i,0.0005293893437951004-0.00015477143085945407i
1+0i,0.00020374580894549267-0.0005075032251397293i
1+0i,-0.00027074453808078247-0.00046978349445176305i
1+0i,-0.0005320604658492824-0.00007681280151538108i
1+0i,-0.00038585707344440207+0.0003676328665307133i
1+0i,0.0000501252724580593+0.0005259650894145932i
1+0i,0.0004406182719132747+0.0002831611310075749i
1+0i,0.000490599186010885-0.00016991221008969104i
1+0i,0.00016812435530238662-0.0004863996571269083i
1+0i,-0.000276038838851004-0.00042895789136465607i
1+0i,-0.000503330589400849-0.000047657264192065036i
1+0i,-0.0003454245415101662+0.00036299253244550703i
1+0i,0.00007125816728666418+0.000491457516585579i
1+0i,0.0004265380000352653+0.0002454736747240518i
1+0i,0.0004524596131321785-0.0001819693198109816i
1+0i,0.00013532135846034036-0.00046391540658517706i
1+0i,-0.0002785213837933315-0.00038949695080660334i
1+0i,-0.00047394711909140596-0.000021544745973192664i
1+0i,-0.0003069787867311111+0.000355973265191108i
1+0i,0.00008930615715786966+0.000457049952579974i
1+0i,0.00041064445694896515+0.00021026801138488948i
1+0i,0.00041515537433247556-0.0001910818335768016i
1+0i,0.00010534097928038212-0.00044028093615281676i
1+0i,-0.00027837062883359685-0.00035154538790648876i
1+0i,-0.0004441332440013043+0.000001576097785683874i
1+0i,-0.0002706164619845765+0.0003467818750888845i
1+0i,0.00010437235718752223+0.0004229452377260054i
1+0i,0.0003931602440093554+0.00017758764018948047i
1+0i,0.0003788572505988901-0.0001973978931650972i
1+0i,0.00007817167306439586-0.0004157213000498326i
1+0i,-0.0002757704250366305-0.00031523225292915096i
1+0i,-0.0004141031553622545+0.000021770472513943042i
1+0i,-0.0002364178006334555+0.00033562661348036124i
1+0i,0.00011657109902492166+0.00038933419287176253i
1+0i,0.0003743054047140533+0.00014745986328281151i
1+0i,0.0003437217223054625-0.00020107357732250072i
1+0i,0.00005378687467119022-0.0003904551875776838i
1+0i,-0.00027090884560970134-0.00028067088215309803i
1+0i,-0.00038406128714484045+0.000039116552399507805i
1+0i,-0.00020444685119204965+0.00032271602753634963i
1+0i,0.00012602688629837438+0.0003563951001789477i
1+0i,0.00035429637463852857+0.00011989628794970076i
1+0i,0.00030989071879910916-0.00020227176760346057i
1+0i,0.000032145736334523436-0.0003646940293225983i
1+0i,-0.00026397702981350375-0.00024795892873697865i
1+0i,-0.0003542016299383217+0.000053704552484258036i
1+0i,-0.00017475178526098371+0.0003082578506427191i
1+0i,0.00013287333299401004+0.0003242932634020571i
1+0i,0.000333344983382566+0.00009489339109308302i
1+0i,0.00027749144893636523-0.00020116101681921997i
1+0i,0.000013193913193231425-0.0003386411686189417i
1+0i,-0.00025516804885957975-0.0002171784712230243i
1+0i,-0.00032470711939667574+0.00006563577032148384i
1+0i,-0.00014736527523653592+0.00029245793271012033i
1+0i,0.00013725209033557423+0.00029318064757832124i
1+0i,0.00031165751189320557+0.00007243314157203212i
1+0i,0.0002466363111612172-0.00019791442546380805i
1+0i,-0.0000031356085540728597-0.0003124911004646431i
1+0i,-0.0002446757986465945-0.00018839619702471053i
1+0i,-0.00029574910014882694+0.00007502160264253281i
1+0i,-0.00012230493806297514+0.00027551921446361473i
1+0i,0.00013931176764945912+0.00026319559768828334i
1+0i,0.0002894338081906427+0.000052483675816089694i
1+0i,0.00021742288138077974-0.00019270853131567354i
1+0i,-0.000016921646029952145-0.00028642877971476907i
1+0i,-0.00023269392394484022-0.00016166365796359554i
1+0i,-0.00026748686569950865+0.0000819825424624851i
1+0i,-0.0000995738410816289+0.00025764074946533415i
1+0i,0.00013920685259323593+0.00023446263549168448i
1+0i,0.0002668664641790852+0.00003500002199729358i
1+0i,0.0001899339765774267-0.0001857222172258729i
1+0i,-0.000028253921803103496-0.00026062900001367267i
1+0i,-0.0002194147783803917-0.00013701759465754415i
1+0i,-0.00024006727448198543+0.00008664716201334722i
1+0i,-0.00007916106583821633+0.00023901677731070483i
1+0i,0.00013709663599841576+0.00020709233339991098i
1+0i,0.0002441400558760327+0.00001992486793035023i
1+0i,0.00016423779179427538-0.00017713564189792905i
1+0i,-0.000037232138989332236-0.00023525584456228696i
1+0i,-0.0002050284242988207-0.00011448032632009423i
1+0i,-0.0002136244418660929+0.00008915108682896702i
1+0i,-0.00006104232554049502+0.00021983585111784887i
1+0i,0.00013314414643001893+0.00018118126391553443i
1+0i,0.0002214304490422553+0.000007189367784434298i
1+0i,0.00014038810784657-0.00016712919824175018i
1+0i,-0.000043965034560457716-0.00021046220945654016i
1+0i,-0.00018972167630469512-0.00009406020230901732i
1+0i,-0.00018827950757626538+0.00008963596621914563i
1+0i,-0.00004518063171189035+0.0002002800221021926i
1+0i,0.0001275150993980083+0.0001568120228528798i
1+0i,0.00019890417184273006-0.0000032860173728976037i
1+0i,0.00011842456684536972-0.00015588250364597845i
1+0i,-0.000048569416069498816-0.0001863893999771298i
1+0i,-0.00017367719197887348-0.00007575211156175536i
1+0i,-0.00016414047763564616+0.00008824844526230565i
1+0i,-0.00003152700546349962+0.0001805240836954999i
1+0i,0.0001203768659697332+0.0001340533242518791i
1+0i,0.0001767178558171785-0.000011590650218589185i
1+0i,0.00009837301237271233-0.00014357342626084496i
1+0i,-0.000051169186954237604-0.00016316679986128432i
1+0i,-0.00015707261297221809-0.000059538045876797395i
1+0i,-0.00014130213962525848+0.00008513914331739781i
1+0i,-0.000020021228706882483+0.00016073487733217324i
1+0i,0.00011189746532951226+0.00011296016461188273i
1+0i,0.0001550177460893916-0.00001782282403869595i
1+0i,0.00008024589091980457-0.00013037715111862915i
1+0i,-0.000051894365512882813-0.00014091161324513498i
1+0i,-0.0001400797593633291-0.00004538771284337127i
1+0i,-0.00011984604973268824+0.00008046164390748803i
1+0i,-0.000010592630553071857+0.0001410706616871253i
1+0i,0.00010224458561261342+0.00009357405380335547i
1+0i,0.00013393928139851074-0.000022088850842863737i
1+0i,0.0000640427109923075-0.0001164652896425729i
1+0i,-0.00005088010255593836-0.00011972867863218757i
1+0i,-0.00012286387985076393-0.00003325919408741538i
1+0i,-0.0000998405897639089+0.00007437150066078773i
1+0i,-0.0000031609040893136034+0.00012168054681039015i
1+0i,0.0000915846371073403+0.0000759233097642919i
1+0i,0.0001136067441943207-0.000024502135727604113i
1+0i,0.00004975055609988519-0.00010200503580880842i
1+0i,-0.000048265702628228304-0.00009971035392030464i
1+0i,-0.0001055829600284075-0.000023099644389643252i
1+0i,-0.00008134109200571862+0.00006702526381077644i
1+0i,0.0000023630513062337477+0.00010270399426534746i
1+0i,0.0000800818416721512+0.0000600234138555182i
1+0i,0.0000941329807037886-0.0000251822424363461i
1+0i,0.000037344647681292205-0.00008715837193124289i
1+0i,-0.000044193653565361256-0.00008093647120787659i
1+0i,-0.00008838709066767018-0.000014846027141725987i
1+0i,-0.00006439002955572135+0.00005857953155673293i
1+0i,0.000006076266960473361+0.00008427038404142155i
1+0i,0.00006789736195589636+0.00004587742353533149i
1+0i,0.00007561919054877695-0.000024253954992170995i
1+0i,0.000026788953871584602-0.00007208132673756583i
1+0i,-0.00003880866900061499-0.00006347435980041545i
1+0i,-0.0000714178976034966-0.000008425881539040385i
1+0i,-0.000049017269482639595+0.00004919003037062035i
1+0i,0.000008082826047623778+0.00006649864867973459i
1+0i,0.00005518847373986622+0.00003347643881970935i
1+0i,0.00005815478517637994-0.000021846340186723484i
1+0i,0.000018036839894815502-0.00005692328809722029i
1+0i,-0.0000322567482723113-0.000047378935552843765i
1+0i,-0.000054808034494166856-0.0000037581168629788635i
1+0i,-0.00003524038594284693+0.0000390107281070579i
1+0i,0.000008492973678829325+0.00004949697472286801i
1+0i,0.000042107784441644164+0.000022800118820102915i
1+0i,0.00004181731405484716-0.000018091815596798357i
1+0i,0.000011031755763838694-0.00004182637245065989i
1+0i,-0.00002468425799933887-0.00003269285441105973i
1+0i,-0.00003868073939897847-0.0000007538291821500769i
1+0i,-0.00002306503015987843+0.000028192983531352177i
1+0i,0.000007422220684866742+0.000033362571278815896i
1+0i,0.00002880250053420099+0.000013817244496813212i
1+0i,0.00002667245729063968-0.000013125227669469246i
1+0i,0.00000570795688865316-0.00002692485267492645i
1+0i,-0.00001623703939462303-0.000019446727759953575i
1+0i,-0.00002314945579450998+0.0000006828642003428277i
1+0i,-0.000012485353973058492+0.000016884735627533067i
1+0i,0.000004990445762106596+0.000018181505175736957i
1+0i,0.00001541374634061009+0.000006486323632557234i
1+0i,0.00001277408303694648-0.00000708294426819635i
1+0i,0.0000019912531359607647-0.000012344645804930875i
1+0i,-0.000007059545174235289-0.000007659396944626693i
1+0i,-0.000008317518330562726+0.0000006539772074298152i
1+0i,-0.000003484483479633007+0.000005229735785319429i
1+0i,0.0000013210005568296438+0.000004028601879360496i
1+0i,0.0000020759363665796025+0.0000007562339180871172i
1+0i,0.0000001643677918641286-0.00000010196590718420847i
1+0i,-0.000000200218154887465+0.0000017971382858214091i
1+0i,0.0000027059903053784894+0.0000026617358921128905i
1+0i,0.000005722096687608637-0.0000007332010292191031i
1+0i,0.000003964960867607291-0.000006633174306730622i
1+0i,-0.0000034601778507652285-0.00000903258894998456i
1+0i,-0.000011083796968923227-0.0000034331000502062205i
1+0i,-0.000011126022573610751+0.000007680940279659575i
1+0i,-0.000000955199710844799+0.000015392586455615913i
1+0i,0.000012920344286635437+0.000011520323719225872i
1+0i,0.00001888695641228788-0.000003366966109472516i
1+0i,0.000009900301487961839-0.000018570736513614494i
1+0i,-0.000009225442733146845-0.000020949764667655705i
1+0i,-0.000023946118648984877-0.000006150000131917954i
1+0i,-0.000021077693460827696+0.000016130079984394064i
1+0i,-0.0000003685069260940993+0.00002834330963818141i
1+0i,0.000023448059078802807+0.000018930640525523097i
1+0i,0.000031105292783618335-0.000007132057752092654i
1+0i,0.000014368202129326786-0.000030455899588549335i
1+0i,-0.00001584629759149994-0.00003168177930122432i
1+0i,-0.0000363999481693692-0.00000747030268516526i
1+0i,-0.000029682226492548703+0.00002511164094370453i
1+0i,0.000001459789992486507+0.000040560707789425476i
1+0i,0.000034158152864094484+0.0000249171006480088i
1+0i,0.00004231606099124462-0.000011910514250865039i
1+0i,0.000017424031559984397-0.0000421683900162879i
1+0i,-0.00002319423610469406-0.00004119849359123318i
1+0i,-0.00004834285749887283-0.000007476605641636088i
1+0i,-0.00003694183160766103+0.000034494468510447064i
1+0i,0.000004425189897041857+0.00005196617256952268i
1+0i,0.00004492478521639834+0.00002951373509338111i
1+0i,0.000052468936263383465-0.000017582517736728532i
1+0i,0.00001913119658479335-0.00005359522868444573i
1+0i,-0.00003114155831421125-0.000049480567599506954i
1+0i,-0.00005968140924730231-0.000006257498975437818i
1+0i,-0.00004286894933767155+0.000044150804390739085i
1+0i,0.000008419586212919395+0.0000624912281886887i
1+0i,0.00005562787497914631+0.000032763628557745875i
1+0i,0.00006152425045073718-0.000024027226115770942i
1+0i,0.000019560448537471917-0.00006463119199724151i
1+0i,-0.0000395621594016531-0.000056519198299063326i
1+0i,-0.00007033143469956234-0.000003906782916715446i
1+0i,-0.000047485806477963855+0.000053956985602053296i
1+0i,0.000013332089802762537+0.00007207761113345841i
1+0i,0.00006615366842633173+0.00003471832096246503i
1+0i,0.0000694528701321754-0.00003112358770180166i
1+0i,0.00001878916744326894-0.00007517921634176168i
1+0i,-0.000048332287621858795-0.00006231580477514788i
1+0i,-0.00008021825167084514-0.0000005226782312051145i
1+0i,-0.00005082392852577684+0.00006379410095936327i
1+0i,0.000019049844988077623+0.00008067728977016983i
1+0i,0.00007639525591244188+0.00003543717741750292i
1+0i,0.0000762360182159854-0.000038751134726369244i
1+0i,0.000016900628069051033-0.00008515074511207569i
1+0i,-0.000057331268172910524-0.00006688166386642841i
1+0i,-0.00008927682242914324+0.000003792967162035091i
1+0i,-0.000052923612397561726+0.000073548602655583i
1+0i,0.000025458834653161797+0.00008825242509248077i
1+0i,0.00008625303550177073+0.00003498673059754472i
1+0i,0.0000818650412437947-0.000046790752087579325i
1+0i,0.000013983252080991424-0.00009446601778987743i
1+0i,-0.0000664421900131296-0.00007023749925836322i
1+0i,-0.00009745185221604555+0.000008935471029908872i
1+0i,-0.00005383336306052881+0.00008311287076804284i
1+0i,0.00003244467048998397+0.0000947752741392273i
1+0i,0.00009563512235395995+0.00003343999957063183i
1+0i,0.00008634112482334218-0.00005512541789085178i
1+0i,0.000010129850513949258-0.00010305430087067841i
1+0i,-0.00007555255287349256-0.00007241302720673987i
1+0i,-0.00010469782917399466+0.000014798105002131538i
1+0i,-0.00005360929781660677+0.0000923857287933414i
1+0i,0.00003989336459187509+0.00010022803785677326i
1+0i,0.00010445770292945257+0.00003087578915412704i
1+0i,0.00008967495982033341-0.00006364091253883368i
1+0i,0.000005436860721646304-0.0001108540607106769i
1+0i,-0.00008455487196049704-0.00007344646221789821i
1+0i,-0.00011097900675675738+0.000021272874068830537i
1+0i,-0.0000523145220615365+0.00010127290858736912i
1+0i,0.00004769207876778217+0.00010460265541534187i
1+0i,0.00011264533336452287+0.000027377973888676713i
1+0i,0.00009188636212806764-0.00007222649334291963i
1+0i,0.0000000035819233559783253-0.00011781307865012529i
1+0i,-0.00009334723809819357-0.00007338398614286531i
1+0i,-0.00011626932995878536+0.000028251283501224752i
1+0i,-0.000050018480407430994+0.00010968746336429807i
1+0i,0.000055729848126444734+0.00010790054721089505i
1+0i,0.00012013118164955552+0.000023034770717762004i
1+0i,0.0000930038490058417-0.0000807755318541549i
1+0i,-0.000006068586608413621-0.00012388850904323606i
1+0i,-0.0001018338313176701-0.00007227918425529227i
1+0i,-0.00012055230694750529+0.00003562508943261315i
1+0i,-0.00004679628710378058+0.00011755012768675768i
1+0i,0.00006389827567015956+0.00011013230899212451i
1+0i,0.00012685721352498374+0.000017938004438683548i
1+0i,0.00009306417513278009-0.00008918611134557758i
1+0i,-0.000012676900763322904-0.00012904688109125888i
1+0i,-0.0001099253861665144-0.00007019245197747992i
1+0i,-0.00012382082791943268+0.000043287029486722845i
1+0i,-0.00004272803971977657+0.00012478962365794057i
1+0i,0.00007209219483978637+0.00011131735974545336i
1+0i,0.00013277432228568937+0.000012182369950861083i
1+0i,0.00009211183166235929-0.00009736158212008352i
1+0i,-0.000019718016360901396-0.00013326404563337706i
1+0i,-0.00011753960727848897-0.00006719037599478319i
1+0i,-0.00012607693322551447+0.00005113153000431208i
1+0i,-0.000037898120060047626+0.00013134291280384746i
1+0i,0.0000802102971653078+0.00011148354614893373i
1+0i,0.00013784240295557467+0.000005864695269530788i
1+0i,0.00009019851168410673-0.00010521107256661708i
1+0i,-0.00002708871974085304-0.00013652506829846104i
1+0i,-0.0001246015340135681-0.00006334509355627966i
1+0i,-0.00012733153302253725+0.000059055386595884506i
1+0i,-0.00003239448627676237+0.00013715539340913014i
1+0i,0.00008815572239840628+0.0001106667065680993i
1+0i,0.00014203037155830118-0.0000009167908020707905i
1+0i,0.00008738254560258386-0.00011264995414159567i
1+0i,-0.000034686640582470484-0.00013882407065861878i
1+0i,-0.00013104385324951332-0.000058733633798788864i
1+0i,-0.0001276040809050235+0.00006695841493747398i
1+0i,-0.000026307960113855306+0.00014218104334181268i
1+0i,0.00009583660873417871+0.00010891019771269107i
1+0i,0.00014531613046688585-0.000008063182540701109i
1+0i,0.00008372831002951162-0.00011960025871090561i
1+0i,-0.00004241094351020934-0.0001401640212519886i
1+0i,-0.0001368071596770098-0.00005343724495226225i
1+0i,-0.0001269222041551818+0.0000747440689267085i
1+0i,-0.000019731513174240032+0.00014638250866950346i
1+0i,0.00010316660096704945+0.00010626438720235175i
1+0i,0.00014768648106292168-0.000015475609017682615i
1+0i,0.00007930561385277859-0.00012599104694928235i
1+0i,-0.00005016299520647925-0.00014055647855649468i
1+0i,-0.00014184016321991435-0.00004754071128735493i
1+0i,-0.0001253212934165351+0.00008232002352673149i
1+0i,-0.000012759556038772796+0.00014973113863139814i
1+0i,0.00011006531467010369+0.00010278611540153922i
1+0i,0.0001491369851746611-0.000023055930089545788i
1+0i,0.0000741890651959401-0.00013175872675733112i
1+0i,-0.00005784700392929705-0.0001400212881976788i
1+0i,-0.00014609984346929057-0.000041131663650967714i
1+0i,-0.00012284405474938465+0.00008959871984498397i
1+0i,-0.000005487233986910526+0.0001522069677854164i
1+0i,0.00011645875473622647+0.0000985381299788496i
1+0i,0.00014967177699124254-0.000030707413231907815i
1+0i,0.00006845742301383984-0.0001368473209205422i
1+0i,-0.00006537062852057476-0.00013858623686139682i
1+0i,-0.0001495515512833839-0.000034299887402992036i
1+0i,-0.0001195400271627938+0.00009649787022123343i
1+0i,0.000001990267025896484+0.00015379864639719095i
1+0i,0.00012227968687251707+0.0000935884967234369i
1+0i,0.00014930332736706934-0.00003833538793519929i
1+0i,0.00006219293708412647-0.00014120868349845345i
1+0i,-0.00007264555418970894-0.00013628666555564744i
1+0i,-0.00015216905796455385-0.000027136631517731886i
1+0i,-0.0001154650688379107+0.0001029409213335526i
1+0i,0.000009578400589520325+0.0001545033203763232i
1+0i,0.00012746796089526392+0.0000880099902112144i
1+0i,0.0001480521626349514-0.00004584787454525175i
1+0i,0.00005548068015102329-0.00014480266469425306i
1+0i,-0.00007958803256550437-0.0001331650450244076i
1+0i,-0.00015393455267724972-0.00001973392254708867i
1+0i,-0.00011068081536092273+0.00010885747357096015i
1+0i,0.000017183922839802556+0.00015432646229446482i
1+0i,0.0001319707849301154+0.00008187946795596974i
1+0i,0.00014594654023843725-0.00005315618460816822i
1+0i,0.0000484078759568646-0.00014759722421463456i
1+0i,-0.00008611938372654879-0.0001292705162596625i
1+0i,-0.00015483858901746918-0.000012183887059978472i
1+0i,-0.00010525411337053536+0.00011418365516614574i
1+0i,0.000024715534958462832+0.00015328165523852014i
1+0i,0.00013574294987996448+0.00007527723170552633i
1+0i,0.00014302208367207543-0.00006017548996643427i
1+0i,0.00004106322685909245-0.00014956849338544365i
1+0i,-0.00009216645814466812-0.00012465839918540837i
1+0i,-0.00015487998188270483-0.000004578086074239691i
1+0i,-0.00009925643309436958+0.00011886244982988599i
1+0i,0.000032084502044749435+0.0001513903314596696i
1+0i,0.0001387470037801552+0.00006828637955064158i
1+0i,0.00013932137938254288-0.00006682535805094395i
1+0i,0.00003353624467583236-0.0001507007865395659i
1+0i,-0.00009766205670714157-0.00011938967269885627i
1+0i,-0.00015406565602129837+0.0000029931351159354926i
1+0i,-0.00009276326330104523+0.00012284397687938113i
1+0i,0.000039205245396295056+0.00014868146797437709i
1+0i,0.00014095337591597132+0.00006099215250479521i
1+0i,0.00013489353843318996-0.00007303025102042553i
1+0i,0.00002591658833247047-0.00015098656243848102i
1+0i,-0.00010254530721968164-0.00011353042934919725i
1+0i,-0.0001524104478603923+0.000010441278441471164i
1+0i,-0.00008585349222996777+0.00012608572310452383i
1+0i,0.00004599590541316137+0.0001451912414562296i
1+0i,0.00014234045082978897+0.000053481279186480526i
1+0i,0.0001297937258690008-0.00007871998661474631i
1+0i,0.000018293411795180382-0.00015042633672708176i
1+0i,-0.00010676199603281188-0.00010715130801276956i
1+0i,-0.00014993686242155088+0.000017680302754310595i
1+0i,-0.0000786087780789194+0.00012855272586816314i
1+0i,0.00005237887252625676+0.00014096264492679042i
1+0i,0.0001428945925937382+0.00004584132219251452i
1+0i,0.00012408266083794472-0.00008383015881067106i
1+0i,0.00001075472567578409-0.00014902854665163116i
1+0i,-0.00011026485367805671-0.00010032690798527781i
1+0i,-0.00014667478733175422+0.000024627208737085532i
1+0i,-0.00007111291263076108+0.00013021770718737i
1+0i,0.00005828128374810688+0.00013604506890900928i
1+0i,0.00014261011996712252+0.000038160029691576604i
1+0i,0.0001178260906278355-0.00008830251659670775i
1+0i,0.000003386775776260781-0.0001468093694922589i
1+0i,-0.0001130137936461392-0.00009313518795663656i
1+0i,-0.00014266116612411374+0.00003120259621172873i
1+0i,-0.00006345118158484875+0.00013106115879171925i
1+0i,0.00006363548264959843+0.00013049384984766568i
1+0i,0.0001414892332952926+0.00003052469569206201i
1+0i,0.00011109424186474463-0.00009208529941679469i
1+0i,-0.000003726558288722379-0.00014379249637332895i
1+0i,-0.0001149761036861237-0.00008565685336220571i
1+0i,-0.00013793963319666248+0.00003733119120903907i
1+0i,-0.00005570972512669552+0.0001310713784003381i
1+0i,0.00006837944077949452+0.00012436978872723117i
1+0i,0.00013954189423699435+0.000023021532348031178i
1+0i,0.00010396125218975888-0.00009513352806948174i
1+0i,-0.00001050434139585954-0.0001400088633164101i
1+0i,-0.00011612658925101148-0.00007797473561554676i
1+0i,-0.00013256011295829245+0.00004294234034830139i
1+0i,-0.0000479749022210245+0.00013024445770117157i
1+0i,0.00007245713876352502+0.00011773864292824907i
1+0i,0.00013678565962974503+0.000015735057561992666i
1+0i,0.00009650458578506204-0.00009740925008900044i
1+0i,-0.000016869135303779103-0.0001354963415908299i
1+0i,-0.00011644766896059908-0.00007017316672266289i
1+0i,-0.00012657838583775348+0.00004797047027235978i
1+0i,-0.000040332662049244155+0.00012858422275224512i
1+0i,0.00007581890554533926+0.00011067059445827028i
1+0i,0.00013324547101627152+0.000008747501024180141i
1+0i,0.00008880443615801988-0.0000988817388760228i
1+0i,-0.00002274752245690422-0.00013029938959501988i
1+0i,-0.00011592942219538347-0.00006233735275602949i
1+0i,-0.0001200556239641796+0.00005235551008807742i
1+0i,-0.00003286792593289166+0.00012610212775496612i
1+0i,0.0000784217144618074+0.00010323969777254716i
1+0i,0.00012895340155903218+0.000002138231695534739i
1+0i,0.000080943119613191-0.00009952764608793653i
1+0i,-0.000028070598706815496-0.0001244686686674982i
1+0i,-0.00011456958917490944-0.00005455274962900094i
1+0i,-0.000113057899445302+0.000056043274974007714i
1+0i,-0.000025663982990303557+0.00012281710337252723i
1+0i,0.00008022943507871163+0.00009552331046267805i
1+0i,0.0001239483622631911-0.000004016790403538203i
1+0i,0.00007300446284693849-0.0000993311070399949i
1+0i,-0.00003277443264255448-0.00011806062537876453i
1+0i,-0.00011237352410913506-0.00004690444455757151i
1+0i,-0.00010565566827210377+0.00005898580933517825i
1+0i,-0.000018801902665158337+0.00011875536098144779i
1+0i,0.00008121303994893789+0.00008760151013824561i
1+0i,0.0001182757696105342-0.00000964553539351983i
1+0i,0.0000650731880878254-0.00009828379910868609i
1+0i,-0.00003680048941725751-0.00011113704299400197i
1+0i,-0.00010935410224112226-0.00003947654652754253i
1+0i,-0.00009792323296575554+0.0000611416881081815i
1+0i,-0.000012359967143411602+0.00011395015445028109i
1+0i,0.00008135076569264625+0.00007955650085706511i
1+0i,0.00011198717687699029-0.000014680395188206068i
1+0i,0.00005723429917841643-0.00009638495336606128i
1+0i,-0.000040096017162408-0.0001037645649208778i
1+0i,-0.0001055315818227907-0.000032351589001196146i
1+0i,-0.00008993818715409808+0.00006247627504734215i
1+0i,-0.0000064131265398932635+0.00010844150123577977i
1+0i,0.00008062822803657057+0.00007147201247402406i
1+0i,0.00010513987156400539-0.000019058643240415782i
1+0i,0.00004957247195072542-0.00009364131990749204i
1+0i,-0.00004261439429166329-0.000096014193066447i
1+0i,-0.00010093342228146029-0.00002560994799921921i
1+0i,-0.00008178084532043167+0.00006296193705325294i
1+0i,-0.000001032479588568741+0.00010227586477239254i
1+0i,0.00007903849068640829+0.00006343269627672867i
1+0i,0.00009779644151834258-0.00002272286020973974i
1+0i,0.000042171452188761234-0.000090067087564427i
1+0i,-0.000044315436212763466-0.00008796076412186695i
1+0i,-0.00009559406004278129-0.000019329278581428123i
1+0i,-0.00007353366100698972+0.00006257821383770951i
1+0i,0.0000037152175884626726+0.00009550580030537137i
1+0i,0.00007658208814131751+0.00005552352025839914i
1+0i,0.00009002431244559127-0.00002562132357704592i
1+0i,0.00003511346439776333-0.00008568375891716265i
1+0i,-0.00004516566018743039-0.00007968240687297945i
1+0i,-0.00008955464367433678-0.00001358397262441128i
1+0i,-0.00006528063677895636+0.00006131194245271488i
1+0i,0.000007768012227570726+0.00008818956648005323i
1+0i,0.00007326700279160793+0.0000478291673449711i
1+0i,0.00008189525963907455-0.000027708359433803237i
1+0i,0.000028478634511280652-0.0000805199817394923i
1+0i,-0.00004513850730427244-0.00007125998369869268i
1+0i,-0.00008286273020307499-0.000008444640656197915i
1+0i,-0.000057106729262530584+0.00005915733644479098i
1+0i,0.000011069182959381295+0.00008039070514966185i
1+0i,0.00006910859686893293+0.000040433439844385696i
1+0i,0.00007348489684779924-0.000028944654884103227i
1+0i,0.000022344429564774493-0.00007461133821646567i
1+0i,-0.000044214520757651825-0.00006277651946720391i
1+0i,-0.00007557194463785452-0.000003977620358319496i
1+0i,-0.00004909725256222697+0.00005611601962832134i
1+0i,0.000013567633095475276+0.00007217759200048421i
1+0i,0.0000641295000415757+0.00003341867332195388i
1+0i,0.00006487214529401052-0.000029297529712500837i
1+0i,0.000016785117248491792-0.00006800009347740918i
1+0i,-0.00004238147985502953-0.000054316621072545965i
1+0i,-0.00006774160489523545-0.0000002445141847499068i
1+0i,-0.0000413372833386257+0.00005219701470197697i
1+0i,0.00001521824732382328+0.00006362296071615944i
1+0i,0.00005835945366484491+0.000026865163026915102i
1+0i,0.00005613868592271039-0.000028741166190472243i
1+0i,0.000011871248123531567-0.00006073490517808375i
1+0i,-0.000039634489405491746-0.00004596589087045539i
1+0i,-0.000059436314481306445+0.0000026982416238158212i
1+0i,-0.000033911070788328535+0.00004741668715931904i
1+0i,0.000015982210173841056+0.000054803403511523515i
1+0i,0.00005183511290717447+0.000020850605902297267i
1+0i,0.0000473683980218891-0.000027256796117350976i
1+0i,0.000007669163144130098-0.000052870496047544654i
1+0i,-0.00003597602437199421-0.000037810337273464927i
1+0i,-0.00005072552542451802+0.000004799774532281145i
1+0i,-0.000026901454713317505+0.00004179864516767609i
1+0i,0.00001582728482111916+0.00004579885096066515i
1+0i,0.00004459980817545116+0.000015449561103518087i
1+0i,0.00003864678739309212-0.000024832844416979525i
1+0i,0.000004240528976870116-0.00004446729148615801i
1+0i,-0.000031415929898128446-0.000029935785750355467i
1+0i,-0.00004168307408333157+0.000006015137800880809i
1+0i,-0.00002038929479748711+0.000035373596307047226i
1+0i,0.000014728051015998224+0.00003669203412322188i
1+0i,0.00003670326745733447+0.000010732931831361222i
1+0i,0.0000300604072771776-0.00002146502883809347i
1+0i,0.0000016419034444731756-0.00003559102446067131i
1+0i,-0.00002597137704613073-0.000022427293444847737i
1+0i,-0.0000323866925677395+0.000006305635459622831i
1+0i,-0.000014452914124362551+0.000028179162272477355i
1+0i,0.000012666101138389425+0.000027567932037215773i
1+0i,0.000028201301383291956+0.000006767471152745011i
1+0i,0.00002169627524983125-0.000017156415533374538i
1+0i,-0.0000000756667508508978-0.000026312310089549485i
1+0i,-0.000019666774805122064-0.000015368570583108464i
1+0i,-0.000022917498614795764+0.000005639108657625523i
1+0i,-0.000009167559872416449+0.000020259652847842213i
1+0i,0.000009630193602346488+0.000018513207695776736i
1+0i,0.000019155452985764047+0.0000036153143386957953i
1+0i,0.000013641289295528446-0.000011917430518371498i
1+0i,-0.0000008670140513299655-0.000016706192446396654i
1+0i,-0.000012533639146471005-0.000008841411779303983i
1+0i,-0.000013359466844944928+0.000003990182086305443i
1+0i,-0.000004604884013382859+0.000011665800655648163i
1+0i,0.000005616363057087299+0.000009615635658682434i
1+0i,0.000009632614296673837+0.000001333540093961615i
1+0i,0.0000059816462474122935-0.000005765827235817892i
1+0i,-0.0000006931820313817473-0.000006851666230676138i
1+0i,-0.00000461042011552853-0.0000029251402737873045i
1+0i,-0.0000037988843977940885+0.000001340469388512152i
1+0i,-0.0000008324467153088945+0.0000024544583752764485i
1+0i,0.0000006279870551733798+0.0000009635244679159076i
1+0i,-0.0000002953879232277905-0.000000026237112584441234i
1+0i,-0.0000011977342558962892+0.0000012733893274865123i
1+0i,0.0000004782802373122853+0.0000031688239374066503i
1+0i,0.00000405771184503882+0.0000023039319503607447i
1+0i,0.000005676205997179255-0.0000023212633174028293i
1+0i,0.000002086754983705704-0.000007311739699684976i
1+0i,-0.000005324190917516903-0.0000073548629608590794i
1+0i,-0.000010552234889745175-0.0000004182415821741821i
1+0i,-0.00000781377719685691+0.000009168081306354616i
1+0i,0.0000026730628268601983+0.000013269903747336791i
1+0i,0.000013419118946343041+0.000006773025328970456i
1+0i,0.000014976572417739497-0.0000069989764501123625i
1+0i,0.000004094730812284978-0.00001756474972638519i
1+0i,-0.000012222081932539279-0.000015251887811457194i
1+0i,-0.000021057584374575055+0.00000019712406635830302i
1+0i,-0.00001378580795518032+0.00001787913852761665i
1+0i,0.000005909879775498779+0.000023363806024471484i
1+0i,0.000023415986894391995+0.000010413392428504575i
1+0i,0.000024012366490193235-0.000012689278945027494i
1+0i,0.000005138910952031067-0.00002823152180454442i
1+0i,-0.000020040315292312537-0.00002264110957329274i
1+0i,-0.0000317275624839465+0.0000018529759963840825i
1+0i,-0.00001903609347998595+0.000027360679900244444i
1+0i,0.000010200295053922765+0.00003336092115789872i
1+0i,0.00003398465175525241+0.000013160793607401779i
1+0i,0.00003269369934004591-0.000019381393410210116i
1+0i,0.0000051725276797992715-0.00003923443255459818i
1+0i,-0.000028746344830712418-0.000029437852891408197i
1+0i,-0.0000424752758616007+0.000004575684363688011i
1+0i,-0.00002349036599812928+0.00003756029433966719i
1+0i,0.000015548590422616977+0.000043170358086460605i
1+0i,0.00004505596090660089+0.000014955946166001544i
1+0i,0.00004093121762127683-0.000027057164446506632i
1+0i,0.000004154963049161008-0.00005049174430875406i
1+0i,-0.00003830059707198836-0.000035559764028705804i
1+0i,-0.000053211341455053776+0.000008384647896855252i
1+0i,-0.00002707832650601301+0.00004841931974780828i
1+0i,0.000021951675709364805+0.000052700512764958796i
1+0i,0.000056555665976774965+0.000015744944674362346i
1+0i,0.00004863667651272458-0.00003569110990036457i
1+0i,0.000002052060878886508-0.00006191808832162084i
1+0i,-0.00004865666027106443-0.00004092735398028506i
1+0i,-0.0000638444309123828+0.000013292108899644304i
1+0i,-0.00002973412541183357+0.00005987315838590817i
1+0i,0.00002939904181711377+0.00006185964101332637i
1+0i,0.00006840484552250285+0.00001547965032792472i
1+0i,0.00005572350660424059-0.00004525051460090021i
1+0i,-0.0000011635984917869951-0.00007342496930043917i
1+0i,-0.00005976151315613949-0.000045464525365337656i
1+0i,-0.00007428182661972067+0.000019303009515321997i
1+0i,-0.000031396817826975455+0.00007185162680184998i
1+0i,0.00003787275655328335+0.00007055643264733962i
1+0i,0.00008052035505833033+0.000014118047350922157i
1+0i,0.0000621073716441776-0.000055695565919290557i
1+0i,-0.000005512462023142222-0.00008492128846207384i
1+0i,-0.0000715557919994088-0.0000490990803209833i
1+0i,-0.00008442998634752768+0.00002641488987833772i
1+0i,-0.00003201079114830876+0.00008427933830851172i
1+0i,0.00004734750315334616+0.0000787005838004814i
1+0i,0.0000928153019251146+0.000011624564646162301i
1+0i,0.00006770671418310003-0.00006697953027968057i
1+0i,-0.000011007807508736258-0.00009631388224526293i
1+0i,-0.0000839740944544734-0.00005176320673429018i
1+0i,-0.00009419511344650401+0.00003461782856244066i
1+0i,-0.000031526162726812666+0.00009707611585505156i
1+0i,0.000057790661155234104+0.00008620336437236999i
1+0i,0.00010519954237217006+0.000007970361076009736i
1+0i,0.00007244328622593556-0.00007904896954730985i
1+0i,-0.000017655587753606994-0.00010750807374222675i
1+0i,-0.00009694531842040165-0.000053393940272840486i
1+0i,-0.00010348372952188292+0.000043894425517233i
1+0i,-0.00002989914558139751+0.0001101574329899278i
1+0i,0.00006916242906776462+0.00009297817757990602i
1+0i,0.00011758019812841634+0.000003133572952492693i
1+0i,0.0000762426620957611-0.00009184399602254143i
1+0i,-0.000025454316116395952-0.00011840823386419036i
1+0i,-0.00011039303402332054-0.00005393359980999507i
1+0i,-0.0001122032465177074+0.00005421982746842141i
1+0i,-0.000027092380289357073+0.00012343488048325793i
1+0i,0.00008141598806674669+0.00009894110864238723i
1+0i,0.00012986218965229993-0.000002900477486511616i
1+0i,0.00007903473081647731-0.00010529856457963018i
1+0i,-0.00003439499392129724-0.00012891834922044494i
1+0i,-0.00012423588664756482-0.00005333019398777379i
1+0i,-0.00012026253516051991+0.00006556179554155211i
1+0i,-0.000023075231365503062+0.00013681665605758058i
1+0i,0.00009449770574790088+0.00010401145970116777i
1+0i,0.00014194878317899556-0.00001013911363437708i
1+0i,0.00008075416543827361-0.00011934080030750521i
1+0i,-0.00004446108003096659-0.00013894259367073207i
1+0i,-0.00013838802880044828-0.00005153779681721323i
1+0i,-0.00012757248674445518+0.00007788081465591443i
1+0i,-0.000017824046629977753+0.00015020807457052403i
1+0i,0.00010834737876686494+0.00010811226815753841i
1+0i,0.00015374214862644308-0.000018582176917661977i
1+0i,0.00008134086685832369-0.0001338933598371156i
1+0i,-0.000055628502656257705-0.00014838590050562993i
1+0i,-0.00015275957845835287-0.0000485168903824611i
1+0i,-0.00013404656528684844+0.00009113024402541332i
1+0i,-0.000011322378259037758+0.00016351209590088103i
1+0i,0.00012289851300455423+0.00011117080570884752i
1+0i,0.00016514392537949566-0.00002822194064385252i
1+0i,0.000080740379829096-0.00014887382437694564i
1+0i,-0.00006786571326433114-0.00015715453221962065i
1+0i,-0.0001672571014176704-0.00004423467288987171i
1+0i,-0.00013960134714490375+0.00010525650789773802i
1+0i,-0.000003561164412767433+0.00017662986771144253i
1+0i,0.00013807863971164474+0.0001131190554721329i
1+0i,0.00017605579294392403-0.00003904306568336971i
1+0i,0.00007890427899701851-0.0001641951223258673i
1+0i,-0.00008113378223387874-0.00016515664486605817i
1+0i,-0.00018178411506258028-0.00003866533048607328i
1+0i,-0.00014415704525922558+0.00012019932546282143i
1+0i,0.000005461129462194966+0.00018946128019796946i
1+0i,0.00015380966590995012+0.00011389416470590449i
1+0i,0.0001863800434493479-0.000051022598160972455i
1+0i,0.00007579052297457179-0.000179765979191138i
1+0i,-0.00009538653569633306-0.00017230284402261362i
1+0i,-0.0001962416108633966-0.000031790271458520076i
1+0i,-0.00014763801527886385+0.0001358919786674965i
1+0i,0.00001573841034925618+0.00020190552988419387i
1+0i,0.00017000825716170125+0.00011343887077378025i
1+0i,0.00019602015298228527-0.00006413000911831306i
1+0i,0.00007136377461817681-0.00019549139240976858i
1+0i,-0.00011057073279555585-0.0001785067294493103i
1+0i,-0.00021052859283441177-0.00002359832162757699i
1+0i,-0.00014997324092430814+0.00015226161648615612i
1+0i,0.000027256898882113082+0.00021386168948774102i
1+0i,0.00018658625066091008+0.00011170189813756708i
1+0i,0.00020488134874736125-0.0000783272758974862i
1+0i,0.00006559568586160649-0.00021127312855426746i
1+0i,-0.00012662628239703134-0.00018368542558887336i
1+0i,-0.0002245426291094124-0.000014085879939486156i
1+0i,-0.00015109679605915417+0.00016922959401818i
1+0i,0.00003999511234158142+0.00022522928086172845i
1+0i,0.00020345109645502498+0.00010863832432153622i
1+0i,0.00021287116908631334-0.00009356900478535096i
1+0i,0.000058465145639560745-0.00022701024029939994i
1+0i,-0.0001434864980815664-0.00018776009514051697i
1+0i,-0.0002381804137364927-0.000003257033474087542i
1+0i,-0.00015094828106743062+0.00018671184461242107i
1+0i,0.000053923889489928516+0.00023590884801129086i
1+0i,0.00022050632447025913+0.00010420991295316437i
1+0i,0.00021990001343021953-0.00010980259425168706i
1+0i,0.000049958489627026855-0.00024259960043541677i
1+0i,-0.000161078390069131-0.00019065643303261108i
1+0i,-0.0002513383357515484+0.000008876368711626593i
1+0i,-0.00014947323127084184+0.00020461928305831796i
1+0i,0.00006900645709255354+0.0002458025271935391i
1+0i,0.0002376520348913451+0.00009838541215775598i
1+0i,0.0002258816793205458-0.0001269684379116324i
1+0i,0.00004006967071677296-0.0002579364501358968i
1+0i,-0.00017932299253643473-0.0001923051382270795i
1+0i,-0.00026391305256242236+0.00002229468327347232i
1+0i,-0.00014662349526832518+0.00022285823773252536i
1+0i,0.00008519853776694787+0.0002548146111333517i
1+0i,0.0002547854093360784+0.00009114081676422041i
1+0i,0.00023073388370832462-0.00014500016614516964i
1+0i,0.0000288003893583117-0.0002729149586247784i
1+0i,-0.00019813572461812237-0.00019264236090755984i
1+0i,-0.0002758020646625756+0.000036970481962800216i
1+0i,-0.00014235758123788691+0.00024133090945040178i
1+0i,0.00010244849859200716+0.0002628521044257213i
1+0i,0.0002718012401679101+0.00008245959296602626i
1+0i,0.00023437876582813462-0.00016382492511506178i
1+0i,0.00001616018308629748-0.0002874287913381149i
1+0i,-0.00021742678321684005-0.00019161012273438813i
1+0i,-0.00028690428869513636+0.00005286860265078691i
1+0i,-0.00013664096940756723+0.00025993585464363325i
1+0i,0.00012069753970709472+0.00026982526724792313i
1+0i,0.00028859247520583606+0.00007233286427397635i
1+0i,0.0002367433690435812-0.00018336369173979817i
1+0i,0.000002166474773439129-0.0003013716836412236i
1+0i,-0.00023710156559248298-0.000189156707991173i
1+0i,-0.0002971206259043577+0.00006994624173388421i
1+0i,-0.00012944638907721285+0.00027856849036934645i
1+0i,0.0001398799219314015+0.00027564814457123235i
1+0i,0.000305050775020842+0.00006075955779512898i
1+0i,0.00023776009917362924-0.00020353162300139438i
1+0i,-0.00001315542064842115-0.0003146380171417685i
1+0i,-0.00025706111955672845-0.00018523702359960408i
1+0i,-0.00030635452304249007+0.00008815308745292367i
1+0i,-0.00012075405875495297+0.00029712161855292065i
1+0i,0.0001599232322406458+0.00028023907814192343i
1+0i,0.00032106707995205525+0.00004774651007378528i
1+0i,0.00023736715693341482-0.0002242384377995435i
1+0i,-0.000029772331046333723-0.0003271233956336885i
1+0i,-0.00027720261896580845-0.00017981292614048736i
1+0i,-0.0003145125228451149+0.00010743149345413627i
1+0i,-0.0001105518881608742+0.0003154859667765102i
1+0i,0.00018074868575114017+0.0002835211985943822i
1+0i,0.0003365321839339956+0.000033308531935167606i
1+0i,0.0002355089422587556-0.00024538882940475844i
1+0i,-0.00004764330336192655-0.0003387252177158615i
1+0i,-0.0002974198620830892-0.0001728535141888054i
1+0i,-0.00032150480124721134+0.00012771669172025233i
1+0i,-0.00009883564104446371+0.0003335507428488122i
1+0i,0.0002022714626813943+0.00028542289516496214i
1+0i,0.00035133731219897063+0.000017468431979159613i
1+0i,0.00023213642842954995-0.0002668829064143347i
1+0i,-0.0000667197209363809-0.00034934324315283755i
1+0i,-0.00031760379027417657-0.00016433538444818584i
1+0i,-0.0003272456885849414+0.00014893704380473843i
1+0i,-0.00008560905796090487+0.00035120420032877026i
1+0i,0.0002244010785899009+0.0002858782605929202i
1+0i,0.00036537469990583144+0.0000002569985791129572i
1+0i,0.00022720750406304266-0.00028861665997705955i
1+0i,-0.00008694546131168792-0.0003588801500828305i
1+0i,-0.00033764302440103544-0.00015424285035456825i
1+0i,-0.00033165417211434363+0.00017101432911296506i
1+0i,-0.0000708839383533982+0.00036833421212735876i
1+0i,0.000247041786024972+0.00028482750892413306i
1+0i,0.0003785381687479852-0.00001828705955146163i
1+0i,0.00022068728121258106-0.00031048245492600724i
1+0i,-0.00010825709373414451-0.0003672420802299096i
1+0i,-0.00035742441619875874-0.00014256812200918803i
1+0i,-0.00033465437727698985+0.00019386406879164786i
1+0i,-0.0000546801814933438+0.00038482884927714187i
1+0i,0.00027009300556945625+0.00028221736407327855i
1+0i,0.0003907236986097012-0.00003811721395474629i
1+0i,0.000212548367980371-0.0003323695423442216i
1+0i,-0.00013058411538941552-0.0003743391693430783i
1+0i,-0.0003768336118493255-0.00012931144649628762i
1+0i,-0.0003361760252539033+0.0002173958836131161i
1+0i,-0.00003702578603634714+0.0004005769619394178i
1+0i,0.00029344978412066184+0.00027800141715035224i
1+0i,0.0004018299913703273-0.00005917925771271575i
1+0i,0.0002027711042328279-0.0003541645909861777i
1+0i,-0.00015384922520733584-0.00038008606016407714i
1+0i,-0.000395755624911399-0.0001144812078403011i
1+0i,-0.00033615486447200377+0.0002415138840747186i
1+0i,-0.000017956808158673902+0.00041546875971326495i
1+0i,0.00031700327811418446+0.00027214045071681666i
1+0i,0.00041175902400060363-0.00008141148674343822i
1+0i,0.00019134375919349983-0.00037575223488884213i
1+0i,-0.00017796863388975034-0.0003844023953177355i
1+0i,-0.00041407541572389603-0.00009809398605959755i
1+0i,-0.0003345330738613671+0.0002661170907765945i
1+0i,0.000002482721554957515+0.00042939638831971153i
1+0i,0.0003406412592804858+0.0002646027283046568i
1+0i,0.0004204165881538874-0.00010474492023561275i
1+0i,0.00017826268988053608-0.0003970156344305129i
1+0i,-0.00020285240863692484-0.00038721328762342125i
1+0i,-0.00043167847437419033-0.00008017457497825606i
1+0i,-0.0003312596358060697+0.00029109988299404633i
1+0i,0.000024240922096655608+0.00044225449975765187i
1+0i,0.000364248640415495+0.00025536424770728156i
1+0i,0.0004277128135272108-0.00012910355915459257i
1+0i,0.00016353245955198228-0.00041783704803381006i
1+0i,-0.00022840485087852983-0.0003884497654427503i
1+0i,-0.0004484514043092591-0.000060755958662749184i
1+0i,-0.0003262906768854283+0.0003163524732244434i
1+0i,0.00004725822631587213+0.0004539408130655334i
1+0i,0.00038770801855146506+0.0002444089567335991i
1+0i,0.000433562672352346-0.00015440468156595775i
1+0i,0.00014716591552206212-0.0004380984116610858i
1+0i,-0.0002545249051542888-0.0003880491908065783i
1+0i,-0.00046428250366986-0.000039879246555912286i
1+0i,-0.00031958977466554396+0.0003417614053635408i
1+0i,0.0000714675847184796+0.0004643566628744154i
1+0i,0.0004109002328325658+0.00023172893030495048i
1+0i,0.00043788646247511925-0.00018055917334240513i
1+0i,0.00012918422591405706-0.00045768192321686476i
1+0i,-0.00028110659713826217-0.0003859556482031004i
1+0i,-0.0004790623414441184-0.000017593567584989444i
1+0i,-0.00031112822897200133+0.0003672100740530368i
1+0i,0.00009679470781338135+0.0004734075330030732i
1+0i,0.00043370493433139684+0.00021732450796779193i
1+0i,0.00044061026659135427-0.00020747189264694825i
1+0i,0.00010961687511932695-0.000476470628952311i
1+0i,-0.0003080394986597307-0.0003821203020574196i
1+0i,-0.0004926843255671344+0.000006044076276892407i
1+0i,-0.00030088529625292885+0.00039257926264043625i
1+0i,0.0001231583458465284+0.00048100357242431176i
1+0i,0.000456001164987967+0.00020120439109228865i
1+0i,0.0004416663853296976-0.00023504206642100534i
1+0i,0.00008850161793646171-0.0004943490089615926i
1+0i,-0.00033520921744383924-0.00037650172109095995i
1+0i,-0.0005050452601378694+0.000030968996316951066i
1+0i,-0.0002888483858261009+0.0004177476971045798i
1+0i,0.00015047060457954635+0.0004870600910230221i
1+0i,0.00047766794281231534+0.00018338569922714254i
1+0i,0.0004409937420043338-0.0002631637169509133i
1+0i,0.00006588439256853979-0.0005112035588691259i
1+0i,-0.0003624979091767223-0.00036906616791531005i
1+0i,-0.0005160458889825585+0.00005710904238219743i
1+0i,-0.0002750132169937759+0.00044259261322551215i
1+0i,0.00017863729559435264+0.0004914980326702558i
1+0i,0.0004985848504654291+0.00016389398528333i
1+0i,0.0004385382570037691-0.00029172611644098204i
1+0i,0.000041819192859041604-0.0005269233648299901i
1+0i,-0.0003897848093935397-0.00035978785238912665i
1+0i,-0.0005255914228656318+0.0000843848661067888i
1+0i,-0.0002593839362032791+0.0004669903342164698i
1+0i,0.0002075583194376656+0.0004942444232531628i
1+0i,0.0005186326243210845+0.00014276320942255928i
1+0i,0.000434253189934466-0.00032061426738671617i
1+0i,0.000016367900346926694-0.0005414006690033017i
1+0i,-0.0004169467825943244-0.00034864914744725745i
1+0i,-0.0005335920477337852+0.00011271022081711426i
1+0i,-0.00024197319362921318+0.0004908168559886105i
1+0i,0.00023712807976025065+0.0004952327914275763i
1+0i,0.0005376937411133664+0.00012003567172961808i
1+0i,0.00042809944779963796-0.00034970940641831244i
1+0i,-0.000010399923081891706-0.0005545314227094841i
1+0i,-0.00044385888591178614-0.00033564076629776066i
1+0i,-0.0005399634114760893+0.0001419922966860894i
1+0i,-0.00022280217875347226+0.0005139484371860109i
1+0i,0.0002672359264564857+0.0004944035599973797i
1+0i,0.000555652999290932+0.00009576190394998857i
1+0i,0.00042004585766287255-0.0003788895291729508i
1+0i,-0.000038407280977363867-0.0005662158245472056i
1+0i,-0.00047039494458800776-0.00032076190007375183i
1+0i,-0.0005446270867923253+0.0001721320895373976i
1+0i,-0.00020190061472107683+0.000536262191109482i
1+0i,0.0002977666256705977+0.0004917044059721987i
1+0i,0.0005723980922296017+0.00007000052077448625i
1+0i,0.000410069402422902-0.000408029933655124i
1+0i,-0.00006757002538606523-0.0005763588408237775i
1+0i,-0.000496428136463401-0.00030402031522231234i
1+0i,-0.0005475110078826376+0.00020302480153806544i
1+0i,-0.00017930671145211495+0.0005576366766430276i
1+0i,0.00032860085440773924+0.0004870905875113714i
1+0i,0.0005878201704990616+0.0000428180313499361i
1+0i,0.00039815541850844456-0.00043700377945764734i
1+0i,-0.00009779717585297118-0.0005848707057433712i
1+0i,-0.0005218315826414201-0.00028543241011077847i
1+0i,-0.0005485498788031456+0.0002345602718644384i
1+0i,-0.00015506707769187108+0.0005779524853061291i
1+0i,0.00035961571737122577+0.000480525236126913i
1+0i,0.0006018143904375091+0.00001428861188839474i
1+0i,0.00038429775449022043-0.0004656826601426489i
1+0i,-0.0001289912728537715-0.0005916673989005707i
1+0i,-0.0005464789414670733-0.0002650232305309263i
1+0i,-0.0005476855514741618+0.00026662343528325205i
1+0i,-0.0001292365923815803+0.0005970928215785977i
1+0i,0.0003906852835425085+0.0004719796126905154i
1+0i,0.0006142804463592602-0.0000155061595640262i
1+0i,0.0003684988897995806-0.0004939371860218481i
1+0i,-0.00016104876398150196-0.0005966710977413219i
1+0i,-0.0005702450029454306-0.00024282644398261513i
1+0i,-0.0005448673714788122+0.0002990948064565882i
1+0i,-0.0001018782359299488+0.0006149440736820838i
1+0i,0.0004216811399281971+0.00046143332596843066i
1+0i,0.0006251230838044463-0.00004647760495492823i
1+0i,0.00035077001293899604-0.0005216375745292801i
1+0i,-0.0001938604210544898-0.0005998106027792651i
1+0i,-0.0005930062807290821-0.00021888427281951454i
1+0i,-0.0005400524899499371+0.00033185098765776044i
1+0i,-0.00007306288216007463+0.0006313963720534718i
1+0i,0.0004524729598190589+0.0004488745125926757i
1+0i,0.0006342525913365396-0.00007853028322999566i
1+0i,0.0003311310587678349-0.0005486542453472298i
1+0i,-0.00022731178616506033-0.0006010217334915787i
1+0i,-0.0006146415988199479-0.00019324738653959982i
1+0i,-0.0005332061400108935+0.0003647651974751238i
1+0i,-0.000042869051896278655+0.0006463441328098582i
1+0i,0.0004829290828397816+0.0004342999775664186i
1+0i,0.0006415852685019405-0.00011156236092534416i
1+0i,0.00030961070464655615-0.0005748584174278485i
1+0i,-0.0002612836445511627-0.0006002476929645916i
1+0i,-0.0006350326701614309-0.00016597475370109686i
1+0i,-0.0005243018764106799+0.0003977078179829951i
1+0i,-0.000011382629340082049+0.0006596865835822709i
1+0i,0.0005129171040157293+0.0004177152945944609i
1+0i,0.0006470438676855744-0.00014546601459894132i
1+0i,0.00028624632542237284-0.0006001227050486705i
1+0i,-0.00029565252204665946-0.0005974393995142537i
1+0i,-0.0006540646643411563-0.0001371334541395787i
1+0i,-0.0005133217771747362+0.0004305469577736905i
1+0i,0.000021303457437087635+0.0006713282691854709i
1+0i,0.000542304469044081+0.00039913486572589043i
1+0i,0.0006505580077271814-0.0001801278632009245i
1+0i,0.00026108390743907967-0.0006243217100500037i
1+0i,-0.00033029120475082944-0.0005925557836698965i
1+0i,-0.000671626761682254-0.00010679845235309459i
1+0i,-0.0005002566062788338+0.00046314902817253705i
1+0i,0.000055089590385369906+0.0006811795346933006i
1+0i,0.0005709590729317369+0.0003785819399938005i
1+0i,0.0006520645573033232-0.00021542942834110616i
1+0i,0.0002341779219516036-0.0006473326074257524i
1+0i,-0.00036506927845447496-0.0005855640490800776i
1+0i,-0.0006876126910719011-0.00007505233310838271i
1+0i,-0.00048510593654374175+0.0004953793298988365i
1+0i,0.0000898698480897025+0.0006891569836027618i
1+0i,0.0005987498591514271+0.00035608859093577846i
1+0i,0.0006515079862301334-0.00025124762028109115i
1+0i,0.00020559115852132896-0.000669035721476793i
1+0i,-0.00039985368526925674-0.0005764398960764511i
1+0i,-0.0007019212489595573-0.000041985000501752853i
1+0i,-0.00046787823214212976+0.0005271026473906424i
1+0i,0.0001255324232874623+0.0006951839088948297i
1+0i,0.0006255474164703857+0.0003316956530776517i
1+0i,0.000648840683000125-0.00028745524735826586i
1+0i,0.00017539451916016957-0.0006893150897868045i
1+0i,-0.0004345092948287903-0.0005651677068140668i
1+0i,-0.0007144567970529896-0.00000769334188203662i
1+0i,-0.0004485908903048862+0.0005581838479795662i
1+0i,0.00016196006932787217+0.0006991906949348256i
1+0i,0.000651224570622818+0.00030545261766043625i
1+0i,0.0006440232370324601-0.000323921546440799i
1+0i,0.00014366677417901595-0.0007080590123447258i
1+0i,-0.00046889948736519144-0.0005517406910938542i
1+0i,-0.0007251297363478712+0.00002771914179062839i
1+0i,-0.0004272702420114745+0.000588488483084319i
1+0i,0.0001990305734751167+0.0007011151882998182i
1+0i,0.0006756569680279839+0.0002774174880861695i
1+0i,0.0006370246842889493-0.0003605127319163256i
1+0i,0.00011049428087829677-0.0007251605832148775i
1+0i,-0.0005028867459131987-0.0005361609921639047i
1+0i,-0.0007338569552453832+0.00006414273741828713i
1+0i,-0.00040395151164649844+0.0006178833885878095i
1+0i,0.00023661725483259546+0.0007009030357738841i
1+0i,0.0006987236487998731+0.0002476565957507661i
1+0i,0.0006278227150869956-0.0003970925606334141i
1+0i,0.00007597066639455658-0.0007405182022452964i
1+0i,-0.0005363332548561423-0.0005184397519899233i
1+0i,-0.0007405622496415752+0.0001014619511899867i
1+0i,-0.00037867873580164804+0.0006462372815727851i
1+0i,0.00027458948455240183+0.0006985079879134278i
1+0i,0.0007203076063518511+0.00021624437712060475i
1+0i,0.0006164038431244798-0.0004335229101440376i
1+0i,0.00004019647618582202-0.0007540360644059632i
1+0i,-0.0005691015020037114-0.000498597135680628i
1+0i,-0.0007451767130112401+0.00013955596793760558i
1+0i,-0.00035150464159758153+0.0006734213506147403i
1+0i,0.00031281322589262644+0.000693892166753338i
1+0i,0.0007402963309700281+0.00018326311309334976i
1+0i,0.0006027635349197342-0.00046966436753756994i
1+0i,0.0000032787897998043923-0.0007656246244614176i
1+0i,-0.0006010548813811927-0.0004766623149502393i
1+0i,-0.0007476390946574017+0.00017829913627331876i
1+0i,-0.00032249048509326025+0.0006993098368682394i
1+0i,0.0003511515915957808+0.0006870262963997923i
1+0i,0.0007585823348119559+0.00014880263186146153i
1+0i,0.0005869062990609301-0.0005053768261126844i
1+0i,-0.00003466919427864048-0.0007752010348055518i
1+0i,-0.0006320582939130901-0.00045267341069618405i
1+0i,-0.0007478961244539372+0.00021756147724137542i
1+0i,-0.0002917058505393567+0.0007237806032334556i
1+0i,0.00038946541598519575+0.000677889895435654i
1+0i,0.0007750636558821991+0.00011295997666804211i
1+0i,0.0005688457348524718-0.0005405200871028314i
1+0i,-0.000073528602761113-0.0007826895544198959i
1+0i,-0.0006619787432011498-0.0004266773949652035i
1+0i,-0.0007459028025729787+0.00025720921411026337i
1+0i,-0.0002592284114175173+0.0007467156889533992i
1+0i,0.0004276138391124259+0.0006664714302494977i
1+0i,0.0007896443386428424+0.00007583904000877723i
1+0i,0.0005486045401408546-0.0005749544636539898i
1+0i,-0.0001131753585975392-0.0007880219270596189i
1+0i,-0.0006906859236274112-0.00039872995277375254i
1+0i,-0.0007416226528594961+0.0002971053208367762i
1+0i,-0.00022514365438664502+0.0007680018470686462i
1+0i,0.00046545490023842777+0.0006527684285875445i
1+0i,0.000802234889034262+0.00003755016598922851i
1+0i,0.0005262144782971109-0.0006085413842500391i
1+0i,-0.00015348067673087484-0.0007911377269228644i
1+0i,-0.0007180527980567718-0.00036889530443850354i
1+0i,-0.0007350279386919634+0.0003371100866512864i
1+0i,-0.00018954456743090013+0.0007875310622448154i
1+0i,0.0005028461378941873+0.0006367875528189637i
1+0i,0.0008127527018094808-0.0000017902773064401277i
1+0i,0.0005017163045273645-0.0006411439927915391i
1+0i,-0.00019431158225793074-0.000791984670218574i
1+0i,-0.0007439561624706342-0.0003372459892584874i
1+0i,-0.0007260998403494927+0.00037708169414411066i
1+0i,-0.0001525312936703817+0.0008052010465883219i
1+0i,0.0005396451937431147+0.0006185446325976514i
1+0i,0.0008211224582225585-0.00004206035344219241i
1+0i,0.00047515965187539775-0.0006726277425574301i
1+0i,-0.00023553144858989427-0.0007905188912140507i
1+0i,-0.0007682771949328118-0.0003038626115712985i
1+0i,-0.000714828593091179+0.00041687680817642004i
1+0i,-0.00011421075245408756+0.0008209157111771385i
1+0i,0.0005757104174575006+0.0005980646567970419i
1+0i,0.0008272764922578668-0.00008313303913234533i
1+0i,0.00044660287747114353-0.000702860981316436i
1+0i,-0.000277000553118454-0.0007867051815162958i
1+0i,-0.0007909019863709086-0.00026883355038100955i
1+0i,-0.0007012135853418692+0.000456351172895885i
1+0i,-0.00007469622950474438+0.0008345856111552541i
1+0i,0.0006109014698251203+0.0005753817247876544i
1+0i,0.0008311551237415538-0.0001248767293833365i
1+0i,0.00041611286976542077-0.0007317155249052171i
1+0i,-0.0003185766478184255-0.0007805171915186387i
1+0i,-0.0008117220507501482-0.00023225463392398835i
1+0i,-0.0006852634165690774+0.000495360214107446i
1+0i,-0.00003410693802578181+0.0008461283623711391i
1+0i,0.0006450799213191347+0.0005505389573189898i
1+0i,0.0008327069568381052-0.00016715576393451818i
1+0i,0.0003837648176730887-0.000759067216653276i
1+0i,-0.0003601155421553827-0.0007719375931265262i
1+0i,-0.0008306348123217763-0.00019422878069992638i
1+0i,-0.0006669959146273686+0.0005337596442332147i
1+0i,0.000007432447188311696+0.0008554690276814896i
1+0i,0.0006781098433949349+0.0005235883674572047i
1+0i,0.00083188914260327-0.00020983097256461916i
1+0i,0.0003496419427234723-0.0007847964701101187i
1+0i,-0.0004014716956175653-0.0007609582030616781i
1+0i,-0.0008475440677439525-0.00015486560864846346i
1+0i,-0.0006464381125384068+0.000571406067092563i
1+0i,0.000049792280476784024+0.0008625404711907211i
1+0i,0.0007098583898210697+0.0004945906922166059i
1+0i,0.000828667604438391-0.0002527602367499385i
1+0i,0.0003138351954874533-0.0008087887926174733i
1+0i,-0.00044249881715517094-0.0007475800662320774i
1+0i,-0.0008623604209989809-0.00011428101429591779i
1+0i,-0.0006236261848658498+0.0006081575797439484i
1+0i,0.00009283845860172428+0.0008672836788537135i
1+0i,0.000740196365407791+0.0004636151857057382i
1+0i,0.0008230172254697621-0.00029579906509234316i
1+0i,0.0002764429177139079-0.0008309352873681669i
1+0i,-0.0004830504687874366-0.000731813498844557i
1+0i,-0.0008750016891659906-0.00007259672383119593i
1+0i,-0.0005986053440335601+0.0006438743686537709i
1+0i,0.00013643295423287953+0.0008696480440329057i
1+0i,0.0007689987795655104+0.000430739374786548i
1+0i,0.0008149219970589976-0.0003388011798798733i
1+0i,0.0002375704717640551-0.0008511331317029515i
1+0i,-0.0005229806706284076-0.0007136780911271315i
1+0i,-0.0008853932772521895-0.000029939818194477i
1+0i,-0.0005714296971222581+0.0006784192974943163i
1+0i,0.00018043436717367435+0.0008695916167706223i
1+0i,0.0007961453822062363+0.00039604877841724107i
1+0i,0.000804375127835648-0.0003816191121005575i
1+0i,0.0001973298390795176-0.0008692860295164699i
1+0i,-0.0005621445045861887-0.0006932026697179087i
1+0i,-0.0008934685204376994+0.000013557765624001107i
1+0i,-0.0005421620638628269+0.0007116584839225921i
1+0i,0.00022469849080048457+0.000867081315712201i
1+0i,0.0008215211795935604+0.00035963659201483953i
1+0i,0.000791379112830536-0.00042410480220098166i
1+0i,0.00015583918955791479-0.0008853046357731708i
1+0i,-0.0006003987140074682-0.0006704252199659903i
1+0i,-0.0008991689922479266+0.00005775975477514142i
1+0i,-0.0005108737567231358+0.0007434618627538417i
1+0i,0.00026907889112600183+0.0008620931017944443i
1+0i,0.00084501692785+0.00032160333833173573i
1+0i,0.000775945762476488-0.0004661102038652414i
1+0i,0.00011322242383827076-0.0008991069512724494i
1+0i,-0.0006376022965693838-0.0006453927685760323i
1+0i,-0.0009024447773327963+0.00010252607984136369i
1+0i,-0.000477644324158478+0.0007737037330178647i
1+0i,0.0003134274958495921+0.0008546121129961327i
1+0i,0.0008665296019445272+0.0002820564864904398i
1+0i,0.0007580961914313153-0.0005074878880873021i
1+0i,0.00006960869061630522-0.0009106186859489113i
1+0i,-0.000673617087763508-0.0006181612272112971i
1+0i,-0.0009032547077027571+0.00014771343075643912i
1+0i,-0.0004425612582630512+0.0008022632864720929i
1+0i,0.00035759519072210125+0.0008446327596318727i
1+0i,0.0008859628381066836+0.00024111004096224767i
1+0i,0.0007378607673655503-0.0005480916448201473i
1+0i,0.000025131881217008693-0.0009197735891477792i
1+0i,-0.0007083083323723096-0.0005887951978492723i
1+0i,-0.0009015665614467453+0.00019317582681839068i
1+0i,-0.00040571966822006925+0.0008290251152424208i
1+0i,0.0004014324205304688+0.0008321587798564731i
1+0i,0.0009032273477465019+0.00019888410240730342i
1+0i,0.0007152790200427953-0.0005877770795086i
1+0i,-0.000020069896252514533-0.0009265137454760088i
1+0i,-0.0007415452414059877-0.000557367740858109i
1+0i,-0.0008973572231361938+0.000238765198205166i
1+0i,-0.0003672219211008028+0.0008538796963704778i
1+0i,0.00044478979199834816+0.0008172032552336107i
1+0i,0.0009182413011007673+0.00015550440241556706i
1+0i,0.0006903995112037414-0.0006264022018488782i
1+0i,-0.00006585486076280203-0.0009307898349961475i
1+0i,-0.0007732015320468808-0.0005239601069308156i
1+0i,-0.0008906128053007067+0.000284331976361459i
1+0i,-0.00032717725170702946+0.0008767238511635848i
1+0i,0.00048751867590285456+0.0007997885864084014i
1+0i,0.00093093067897496+0.0001111018142995243i
1+0i,0.0006632796659441047-0.0006638280041667111i
1+0i,-0.0001120781177552604-0.0009325613567011797i
1+0i,-0.0008031559482392618-0.0004886614341761647i
1+0i,-0.0008813287305444715+0.00032972569059663186i
1+0i,-0.0002857013432866523+0.0008974611773707094i
1+0i,0.0005294718057242706+0.0007799464291082562i
1+0i,0.0009412295911060283+0.00006581184218994876i
1+0i,0.0006339855664517532-0.0006999190268666691i
1+0i,-0.00015859223153009912-0.0009317968143838522i
1+0i,-0.0008312927596636486-0.0004515684118201665i
1+0i,-0.000869509774056789+0.0003747955682183025i
1+0i,-0.00024291588107781256+0.0009160024523433296i
1+0i,0.0005705038701752258+0.0007577175908787518i
1+0i,0.0009490805598330038+0.000019774090774886703i
1+0i,0.0006025917091379084-0.0007345439084781948i
1+0i,-0.00020524780804303456-0.0009284738641923874i
1+0i,-0.000857502236946212-0.0004127849121188602i
1+0i,-0.0008551700664543735+0.0004193911355234232i
1+0i,-0.0001989480807523507+0.0009322660054836253i
1+0i,0.00061047209699771+0.0007331518891405273i
1+0i,0.0009544347679294517-0.00002686828190058625i
1+0i,0.0005691807263609697-0.0007675759179077228i
1+0i,-0.0002518940854903521-0.0009225794233450417i
1+0i,-0.000881681101074877-0.00037242159222134163i
1+0i,-0.000838333057076395+0.00046336281697904847i
1+0i,-0.00015393019393410953+0.000946178058433179i
1+0i,0.000649236825470621+0.0007063079713284287i
1+0i,0.0009572522696231627-0.0000739691260913083i
1+0i,0.0005338430740981852-0.0007988934666013165i
1+0i,-0.0002983795300402489-0.0009141097396577449i
1+0i,-0.0009037329451235801-0.0003305954678510958i
1+0i,-0.0008190314380348621+0.0005065625299477873i
1+0i,-0.00010799899306136241+0.0009576730316123762i
1+0i,0.0006866620651365384+0.0006772530980445332i
1+0i,0.0009575021640033536-0.00012137987393023028i
1+0i,0.000496676687069661-0.0008283805984272991i
1+0i,-0.00034455243405928616-0.0009030704217214793i
1+0i,-0.0009235686265241437-0.0002874294607928036i
1+0i,-0.0007973070295015899+0.0005488442723482649i
1+0i,-0.00006129523794481435+0.0009666938158832839i
1+0i,0.0007226160383339035+0.0006460628903215501i
1+0i,0.0009551627301930575-0.00016895012235201482i
1+0i,0.0004577866029601957-0.0008559274552033671i
1+0i,-0.00039026151418667656-0.0008894764297475707i
1+0i,-0.0009411066282706583-0.00024305192228074864i
1+0i,-0.0007732106268884018+0.0005900647006885061i
1+0i,-0.000013963126442987945+0.0009731920082759675i
1+0i,0.0007569717042091033+0.0006128210422512876i
1+0i,0.0009502215238434483-0.00021652822275836374i
1+0i,0.00041728455751653996-0.0008814307159165052i
1+0i,-0.00043535650662519196-0.000873352027279568i
1+0i,-0.0009562733875932243-0.00019759613448306582i
1+0i,-0.0007468018107479128+0.0006300836959694041i
1+0i,0.00003385026826473113+0.0009771281108893546i
1+0i,0.0007896072619818043+0.0005776190003843123i
1+0i,0.0009426754346868591-0.00026396187480616203i
1+0i,0.00037528855242038026-0.0009047940078163257i
1+0i,-0.00047968875704637625-0.0008547306941482941i
1+0i,-0.000969003590795899-0.00015119979236300187i
1+0i,-0.000718148720387962+0.0006687649150263368i
1+0i,0.00008199557128103931+0.0009784716922517215i
1+0i,0.0008204066313455639+0.0005405556114501419i
1+0i,0.0009325307050649266-0.0003110987216968314i
1+0i,0.00033192239795015065-0.0009259282877024971i
1+0i,-0.0005231118025484718-0.0008336550012216505i
1+0i,-0.0009792404331164161-0.000104004468273907i
1+0i,-0.0006873277923523345+0.0007059763249587403i
1+0i,0.00013032168790946632+0.0009772015106018926i
1+0i,0.0008492599080034565+0.0005017367400824272i
1+0i,0.0009198029095270959-0.0003577869443550267i
1+0i,0.0002873152325469921-0.0009447521918735122i
1+0i,-0.0005654819431580453-0.0008101764476715677i
1+0i,-0.000986935842632296-0.000056155061708271095i
1+0i,-0.0006544234650733893+0.000741590718389802i
1+0i,0.0001786763913073464+0.0009733055987295729i
1+0i,0.0008760637924650225+0.000461274858359391i
1+0i,0.0009045168957717727-0.0004038758519068857i
1+0i,0.0002416010214918178-0.0009611923533572316i
1+0i,-0.0006066588004306078-0.0007843552616467486i
1+0i,-0.0009920506674083076-0.000007799236673013122i
1+0i,-0.0006195278511477065+0.000775486207400662i
1+0i,0.0002269069132823872+0.0009667813101906587i
1+0i,0.0009007219903649644+0.0004192886090861986i
1+0i,0.0008867066873764847-0.00044921646590223737i
1+0i,0.00019491803698063446-0.0009751836852016593i
1+0i,-0.0006465058607805107-0.0007562601654004131i
1+0i,-0.000994554825252882+0.00004091315079736749i
1+0i,-0.000582740378823384+0.0008075466940952704i
1+0i,0.00027486053564563715+0.0009576353268904603i
1+0i,0.0009231455827055717+0.0003759023448521079i
1+0i,0.0008664153489341978-0.0004936620957710791i
1+0i,0.00014740832195414165-0.0009866696287671557i
1+0i,-0.0006848910012563172-0.0007259681060764567i
1+0i,-0.0009944274156254264+0.00008983063245053614i
1+0i,-0.0005441674044163533+0.0008376623158722262i
1+0i,0.0003223851795490617+0.0009458836282031204i
1+0i,0.0009432533645724139+0.00033124564499109144i
1+0i,0.0008436948143792516-0.0005370689030620852i
1+0i,0.00009921714009476242-0.0009956023661276592i
1+0i,-0.0007216869955735467-0.0006935639535049417i
1+0i,-0.000991656793411401+0.00013880071239472195i
1+0i,-0.0005039217974927981+0.0008657298636085782i
1+0i,0.00036932999026355746+0.0009315514219688635i
1+0i,0.0009609721510264004+0.0002854528126594777i
1+0i,0.0008186056794474738-0.0005792964520794625i
1+0i,0.00005049241444944993-0.0010019429958575002i
1+0i,-0.0007567719983221285-0.0006591401664973156i
1+0i,-0.0009862406044568652+0.00018767045388837895i
1+0i,-0.00046212250076462045+0.0008916531710961885i
1+0i,0.00041554591489248167+0.0009146730378807725i
1+0i,0.0009762370490332798+0.00023866235431792613i
1+0i,0.0007912169593706278-0.0006202082446135262i
1+0i,0.0000013841571699929481-0.0010056616716514993i
1+0i,-0.000790030005379971-0.0006227964292633626i
1+0i,-0.0009781857829279398+0.00023628706579286747i
1+0i,-0.0004188940667446956+0.0009153434742137331i
1+0i,0.00046088627056651026+0.0008952917839389525i
1+0i,0.000988991694453785+0.0001910164439673258i
1+0i,0.00076160581305386-0.0006596722365497332i
1+0i,-0.00004795610711636984-0.0010067377033980947i
1+0i,-0.0008213512886866293-0.0005846392596943598i
1+0i,-0.0009675085107324721+0.0002844984861608375i
1+0i,-0.0003743661732978986+0.0009367197384656627i
1+0i,0.000505207300727499+0.0008734597668114761i
1+0i,0.000999188453282817+0.0001426603745388844i
1+0i,0.0007298572351265604-0.0006975613342397905i
1+0i,-0.00009737592178385185-0.0010051596204975536i
1+0i,-0.0008506328036609619-0.0005447815913702775i
1+0i,-0.000954234139410488+0.00033215396046568237i
1+0i,-0.00032867312030232786+0.0009557089536727469i
1+0i,0.0005483687171814285+0.0008492376770975285i
1+0i,0.0010067885864935937+0.00009374199887768075i
1+0i,0.0006960637173906991-0.0007337538686263562i
1+0i,-0.00014672248001315364-0.0010009251973890675i
1+0i,-0.0008777785676835879-0.0005033423312523963i
1+0i,-0.0009383970750656441+0.00037910461202147696i
1+0i,-0.00028195330970227776+0.0009722463947564426i
1+0i,0.000590234225683357+0.0008226945406381659i
1+0i,0.0010117623780115498+0.000044411162785984676i
1+0i,0.0006603248813160053-0.0007681340452291594i
1+0i,-0.00019584320541967505-0.0009940414414206652i
1+0i,-0.0009027000082078174-0.0004604458951159675i
1+0i,-0.0009200406270713241+0.0004252040021979181i
1+0i,-0.00023434871129064588+0.000986275847720303i
1+0i,0.0006306720329094875+0.0007939074371631032i
1+0i,0.0010140892255123526-0.000005180867391898312i
1+0i,0.0006227470833477571-0.0008005923682244761i
1+0i,-0.0002445863290260554-0.0009845245433639785i
1+0i,-0.0009253162792111586-0.00041622172286044965i
1+0i,-0.0008992168214416209+0.00047030867810068895i
1+0i,-0.00018600431660271787+0.0009977498000954496i
1+0i,0.0006695553327732084+0.000762961187697798i
1+0i,0.0010137576939077098-0.000054881980158105075i
1+0i,0.0005834429948998943-0.0008310260369809811i
1+0i,-0.000292801460137627-0.0009723997910406581i
1+0i,-0.0009455545448521946-0.00037080377590677016i
1+0i,-0.0008759861799079321+0.0005142787054636035i
1+0i,-0.00013706758333621033+0.0010066295952824156i
1+0i,0.0007067627701518325+0.0007299480122826183i
1+0i,0.0010107655315508917-0.00010453979474582198i
1+0i,0.0005425311590032899-0.0008593393135524422i
1+0i,-0.00034034014872781447-0.0009577014466883463i
1+0i,-0.0009633502293544009-0.0003243300189520101i
1+0i,-0.0008504174658864528+0.0005569781845848041i
1+0i,-0.00008768787273371237+0.001012885550388306i
1+0i,0.0007421788802088907+0.0006949671596751566i
1+0i,0.0010051196493602436-0.00015400223504250123i
1+0i,0.0005001355256660588-0.0008854438597708097i
1+0i,-0.0003870564369995973-0.0009404725888506777i
1+0i,-0.0009786472322979767-0.0002769418884017561i
1+0i,-0.0008225873986591348+0.0005982757472342574i
1+0i,-0.000038015882373311686+0.0010164970373246973i
1+0i,0.0007756945016219859+0.0006581245108167998i
1+0i,0.0009968360632228188-0.00020311809912496606i
1+0i,0.00045638496807914484-0.0009092590427311881i
1+0i,-0.00043280739785862604-0.000920764919726813i
1+0i,-0.000991398108662491-0.00022878374983852854i
1+0i,-0.0007925803372203549+0.0006380450325636097i
1+0i,0.000011796923188667717+0.0010174525270977516i
1+0i,0.0008072071621579946+0.0006195321579453772i
1+0i,0.0009859398002004804-0.00025173762202152736i
1+0i,0.0004114127818662642-0.0009307122076119958i
1+0i,-0.0004774536581127278-0.0008986385390614788i
1+0i,-0.0010015642131263106-0.00018000234691200242i
1+0i,-0.0007604879353632594+0.0006761651401610824i
1+0i,0.00006159888149194834+0.0010157495973864802i
1+0i,0.0008366214351751052+0.0005793079613265474i
1+0i,0.0009724647692171378-0.0002997130293686214i
1+0i,0.00036535616963200484-0.0009497389169290941i
1+0i,-0.0005208599043010243-0.0008741616857949334i
1+0i,-0.0010091158082922958-0.00013074624405212275i
1+0i,-0.0007264087696926478+0.0007125210585134448i
1+0i,0.00011123869855723365+0.0010113949036673982i
1+0i,0.0008638492657738233+0.0005375750856572551i
1+0i,0.0009564535970570503-0.00034689907969233456i
1+0i,0.0003183557131056777-0.0009662831554801737i
1+0i,-0.000562895369153229-0.0008474104488239441i
1+0i,-0.0010140321366727213-0.00008116526541066714i
1+0i,-0.0006904479423551836+0.0007470040672629593i
1+0i,0.00016056601021049495+0.001004404114303096i
1+0i,0.0008888102654661847+0.0004944615182648936i
1+0i,0.0009379574306499453-0.0003931535931175476i
1+0i,0.0002705548352110891-0.0009802975003953011i
1+0i,-0.0006034342967850714-0.0008184684483484844i
1+0i,-0.0010163014564285597-0.00003140993242990736i
1+0i,-0.0006527166603722162+0.0007795121117792192i
1+0i,0.00020943193602123073+0.0009948018101678384i
1+0i,0.0009114319743831255+0.0004500995712854518i
1+0i,0.0009170357067584365-0.00043833796438952566i
1+0i,0.00022209925441383875-0.0009917432558697432i
1+0i,-0.0006423563848488769-0.0007874264893944996i
1+0i,-0.0010159210410188924+0.000018369097580908102i
1+0i,-0.0006133317935450762+0.0008099501487031756i
1+0i,0.0002576896235853045+0.0009826213495344547i
1+0i,0.000931650090193371+0.00040462537005276624i
1+0i,0.0008937558903159977-0.00048231765818340536i
1+0i,0.0001731364337080744-0.0010005905523157266i
1+0i,-0.0006795472019782759-0.0007543821892098017i
1+0i,-0.0010128971430740283+0.00006802158950921258i
1+0i,-0.0005724154129773005+0.0008382304612626135i
1+0i,0.0003051947809489391+0.0009679046990927864i
1+0i,0.000949408663062751+0.0003581783299690285i
1+0i,0.0008681931827894616-0.0005249626847761697i
1+0i,0.00012381502660392034-0.0010068184098295401i
1+0i,-0.0007148985789923055-0.0007194395803280516i
1+0i,-0.0010072449229606131+0.00011739828283015074i
1+0i,-0.0005300943123224992+0.0008642729433042718i
1+0i,0.00035180619504568395+0.0009507022321103861i
1+0i,0.0009646602561396661+0.00031090062415367484i
1+0i,0.0008404302020576625-0.0005661480542624441i
1+0i,0.0000742843224651841-0.0010104147660288348i
1+0i,-0.0007483089724559021-0.0006827086911840058i
1+0i,-0.0009989883426575544+0.00016635143606159403i
1+0i,-0.00048649951392030696+0.000888005351136617i
1+0i,0.0003973862341023578+0.0009310724948799673i
1+0i,0.0009773660712095878+0.00026293664418403426i
1+0i,0.0008105566354073542-0.0006057542076092406i
1+0i,0.000024693693524678497-0.0010113764684710807i
1+0i,-0.0007796837993305241-0.0006443051062417866i
1+0i,-0.0009881600257076024+0.00021473536107904006i
1+0i,-0.0004417657620260433+0.0009093635224287958i
1+0i,0.00044180133206263154+0.0009090819427253515i
1+0i,0.0009874960393186267+0.00021443245624633381i
1+0i,0.000778668867348306-0.0006436674229652751i
1+0i,-0.000024807954128221426-0.0010097092320176687i
1+0i,-0.0008089357415894864-0.0006043495076665965i
1+0i,-0.0009748010841500397+0.0002624069451549365i
1+0i,-0.00039603100537217257+0.0009282915615641491i
1+0i,0.00048492245317722935+0.000884804646957239i
1+0i,0.0009950288763219985+0.00016553525501028038i
1+0i,0.0007448695840411965-0.0006797801957663505i
1+0i,-0.00007407272333602644-0.00100542756165774i
1+0i,-0.0008359850198168139-0.0005629672006286309i
1+0i,-0.0009589609134746628+0.0003092261586645839i
1+0i,-0.0003494358713214405+0.000944741991000471i
1+0i,0.0005266255350174398+0.0008583219742818917i
1+0i,0.000999952103467613+0.0001163928175244818i
1+0i,0.0007092673562141636-0.0007139915913097202i
1+0i,-0.00012295426023842468-0.0009985546414514115i
1+0i,-0.0008607596349553075-0.0005202876243760906i
1+0i,-0.0009406969567654628+0.0003550565464868382i
1+0i,-0.00030212313388277423+0.0009586758683430997i
1+0i,0.0005667919082828723+0.0008297222402693759i
1+0i,0.0010022620332765983+0.00006715295940367408i
1+0i,0.0006719762025166195-0.000746207568605816i
1+0i,-0.00017130827807738182-0.0009891221903927275i
1+0i,-0.0008831955775184953-0.0004764438512518354i
1+0i,-0.000920074439323713+0.00039976570122182535i
1+0i,-0.0002542371778615509+0.0009700628689902251i
1+0i,0.000605308691894657+0.0007991003385826623i
1+0i,0.0010019637211312593+0.000017962995542346587i
1+0i,0.0006331151353217007-0.0007763412744551501i
1+0i,-0.0002189930683759056-0.0009771702861277778i
1+0i,-0.0009032370037310797-0.0004315720758555345i
1+0i,-0.0008971660751739522+0.0004432257164492004i
1+0i,-0.00020592346140625714+0.000978881334361663i
1+0i,0.0006420691619908687+0.0007665573477548203i
1+0i,0.000999070883125714-0.00003103079245662867i
1+0i,0.0005928076910415549-0.0008043133068403631i
1+0i,-0.0002658699975039338-0.0009627471575925069i
1+0i,-0.0009208363782130989-0.00038581109656997734i
1+0i,-0.0008720517469620871+0.0004853136183585948i
1+0i,-0.00015732797919334714+0.000985118285872148i
1+0i,0.0006769730935711047+0.0007322001173777807i
1+0i,0.0009936057808746877-0.0000796836800053162i
1+0i,0.0005511814470622883-0.0008300519468680221i
1+0i,-0.0003118039867322757-0.0009459089477572692i
1+0i,-0.0009359545829731944-0.00033930179167669184i
1+0i,-0.0008448181608525927+0.00052591177419823i
1+0i,-0.00010859672846239417+0.0009887694049573728i
1+0i,0.000709927073671448+0.0006961408356333557i
1+0i,0.0009855990741112729-0.00012785301233723988i
1+0i,0.0005083675274379672-0.0008534933586408319i
1+0i,-0.0003566639739704967-0.0009267194477806364i
1+0i,-0.0009485609926258234-0.0002921865922823148i
1+0i,-0.0008155584781205523+0.0005649082761073753i
1+0i,-0.00005987518007397925+0.0009898389796046281i
1+0i,0.0007408447850883468+0.0006584965801541711i
1+0i,0.0009750896420340053-0.00017539870440142023i
1+0i,0.0004645000995053159-0.000874581756587756i
1+0i,-0.0004003233554865436-0.0009052498039828785i
1+0i,-0.0009586335158946586-0.00024460895426339216i
1+0i,-0.0007843719252143103+0.00060219729902304i
1+0i,-0.000011307756713809349+0.0009883398179795007i
1+0i,0.0007696472598100031+0.0006193888542498138i
1+0i,0.0009621243744870221-0.00022218372592916306i
1+0i,0.0004197158635930049-0.0008932695399265628i
1+0i,-0.00044266040601404004-0.0008815781991495673i
1+0i,-0.0009661586036098949-0.0001967128314136573i
1+0i,-0.0007513633841353207+0.0006376794314801554i
1+0i,0.00003696267969122956+0.0009842931298751681i
1+0i,0.0007962631014557135+0.0005789431105708755i
1+0i,0.0009467579341740083-0.00026807456984742433i
1+0i,0.00037415353800154724-0.0009095173940797493i
1+0i,-0.00048355867576715695-0.0008557895097675483i
1+0i,-0.0009711312235493738-0.000148642151944659i
1+0i,-0.0007166429650431844+0.0006712619782568628i
1+0i,0.00008479532934582045+0.0009777283768405516i
1+0i,0.000820628676166526+0.0005372882643112143i
1+0i,0.0009290524912160837-0.0003129417023081125i
1+0i,0.00032795334142211294-0.0009232943590097921i
1+0i,-0.0005229073630017448-0.0008279749408786493i
1+0i,-0.0009735548026120463-0.00010054030044825298i
1+0i,-0.0006803255630457875+0.0007028592339517225i
1+0i,0.0001320519428229376+0.0009686830919676647i
1+0i,0.0008426882715341267+0.0004945561980664763i
1+0i,0.0009090774314662102-0.0003566599927047172i
1+0i,0.0002812564749451554-0.0009345778645829999i
1+0i,-0.0005606016608850417-0.0007982316403109702i
1+0i,-0.0009734411369468935-0.0000525496073779802i
1+0i,-0.0006425304011767528+0.0007323927267171871i
1+0i,0.00017859729432191917+0.0009572026704363005i
1+0i,0.0008623942232979971+0.0004508812604747019i
1+0i,0.0008869090400868066-0.000399109122155542i
1+0i,0.00023420460578286122-0.0009433537332116562i
1+0i,-0.0005965430775632082-0.0007666622941128208i
1+0i,-0.0009708102707898596-0.000004810848046623949i
1+0i,-0.0006033805615950396+0.0007597914315123258i
1+0i,0.0002242996381943308+0.0009433401320253324i
1+0i,0.0008797070096832883+0.0004063997607631384i
1+0i,0.000862630161983528-0.0004401739690458613i
1+0i,0.00018693935479337497-0.0009496161501616571i
1+0i,-0.0006306397284463732-0.000733374705070636i
1+0i,-0.0009656903448858879+0.00004253724693085244i
1+0i,-0.0005630025070645125+0.0007849919523776716i
1+0i,0.0002690311470799565+0.0009271558569038543i
1+0i,0.0008945953133925519+0.00036124946131383404i
1+0i,0.0008363298407656384-0.00047974497033925095i
1+0i,0.00013960178984987254-0.0009533676020462963i
1+0i,-0.0006628065998635196-0.0006984813562388817i
1+0i,-0.0009581174154914948+0.00008935846789535071i
1+0i,-0.0005215255947847617+0.0008079386733747048i
1+0i,0.00031266833009690364+0.0009087172961120394i
1+0i,0.0009070360514030891+0.00031556907034008903i
1+0i,0.0008081029379726071-0.000517718457489918i
1+0i,0.00009233192704414546-0.0009546187841560906i
1+0i,-0.0006929657833740804-0.0006620989614475632i
1+0i,-0.000948135245065649+0.0001355195873318937i
1+0i,-0.00047908158464815564+0.0008285838779718039i
1+0i,0.0003550924296371464+0.0008880986582301712i
1+0i,0.0009170143728574587+0.00026949773673587326i
1+0i,0.0007780497343663889-0.0005539969659132488i
1+0i,0.0000452682416527566-0.0009533884773988387i
1+0i,-0.0007210466801588239-0.0006243480047808766i
1+0i,-0.0009357950658621955+0.00018089080430683257i
1+0i,-0.0004358041439928292+0.0008468878367966304i
1+0i,0.00039618979543075205+0.0008653805738150564i
1+0i,0.0009245236254670009+0.00022317454912186308i
1+0i,0.0007462755151401304-0.0005884895170994597i
1+0i,-0.0000014528092752109033-0.000949703395742909i
1+0i,-0.0007469861750485781-0.0005853522710392995i
1+0i,-0.00092115531773547+0.00022534617056823244i
1+0i,-0.0003918283509064299+0.0008628188638110346i
1+0i,0.0004358522346583425+0.0008406497392551907i
1+0i,0.0009295652909766713+0.00017673804106475312i
1+0i,0.0007128901409359993-0.0006211118725853274i
1+0i,-0.00004769725092634898-0.0009435980051698878i
1+0i,-0.0007707287798854461-0.0005452383692068078i
1+0i,-0.0009042813615619367+0.00026876399682498523i
1+0i,-0.00034729019811201604+0.0008763533410986796i
1+0i,0.0004739773370112876+0.0008139985417600339i
1+0i,0.0009321488903634813+0.00013032570439133658i
1+0i,0.000678007606597694-0.000651786759130382i
1+0i,-0.0000933340396277221-0.0009351143152493142i
1+0i,-0.0007922267460461836-0.0005041352509450699i
1+0i,-0.0008852451697637246+0.00031102723782634316i
1+0i,-0.0003023260994350044+0.0008874757125862164i
1+0i,0.0005104687737218182+0.0007855246672535297i
1+0i,0.0009322918595595993+0.00008407351245610172i
1+0i,0.0006417455896069614-0.0006804440645760579i
1+0i,-0.0001382354950383015-0.0009243016445483035i
1+0i,-0.0008114401460911697-0.00046217372612769125i
1+0i,-0.0008641249954954803+0.0003520238549741928i
1+0i,-0.0002570724008094565+0.0008961784471463559i
1+0i,0.0005452365697107011+0.0007553306929886013i
1+0i,0.0009300193966048401+0.00003811545515104768i
1+0i,0.0006042249901681902-0.0007070210039988082i
1+0i,-0.00018227771411224322-0.0009112163611819325i
1+0i,-0.0008283369246341163-0.0004194859774099977i
1+0i,-0.0008410050221230616+0.00039164715531485783i
1+0i,-0.0002116648977332755+0.0009024619716543835i
1+0i,0.0005781973481268964+0.0007235236667366609i
1+0i,0.0009253642812407324-0.000007416912630452396i
1+0i,0.0005655694649108305-0.0007314622559000071i
1+0i,-0.0002253409654194573-0.000895921599895814i
1+0i,-0.0008428929186567042-0.000376205075803539i
1+0i,-0.0008159749946812737+0.0004297961058749231i
1+0i,-0.00016623836102533894+0.0009063345746882477i
1+0i,0.0006092745466818107+0.000690214674434852i
1+0i,0.0009183666680597034-0.000052394907447026145i
1+0i,0.0005259049561762727-0.0007537200683064005i
1+0i,-0.0002673100625138194-0.0008784869571504336i
1+0i,-0.0008550918476183032-0.00033246449919012704i
1+0i,-0.0007891298350484034+0.0004663756224258574i
1+0i,-0.00012092607267404224+0.0009078122816761318i
1+0i,0.0006383986053092695+0.0006555183981934458i
1+0i,0.0009090738544175709-0.00009669313714030347i
1+0i,0.0004853592188440669-0.0007737543347840971i
1+0i,-0.00030807471514832275-0.0008589881657469973i
1+0i,-0.0008649252738332687-0.0002883976556675819i
1+0i,-0.0007605692426168687+0.0005012968318846501i
1+0i,-0.0000758593734960002+0.000906918702403431i
1+0i,0.0006655071248109541+0.0006195526665769223i
1+0i,0.0008975400244053159-0.00014018990259814942i
1+0i,0.00044406134663207703-0.0007915326404961197i
1+0i,-0.00034752985724885183-0.0008375067505968603i
1+0i,-0.0008723925337062934-0.00024413741356935098i
1+0i,-0.0007303972822726829+0.0005344773076813046i
1+0i,-0.00003116722424691655+0.0009036848518934197i
1+0i,0.0006905449962746311+0.0005824379990746486i
1+0i,0.000883825970256495-0.0001827675801038356i
1+0i,0.00040214129977681135-0.0008070302785578086i
1+0i,-0.00038557595067349986-0.0008141296672905734i
1+0i,-0.0008775006405298768-0.00019981563994266374i
1+0i,-0.0006987219615209852+0.0005658412775487196i
1+0i,0.000013024218256416943+0.0008981489457718254i
1+0i,0.0007134645011792531+0.0005442971466708372i
1+0i,0.0008679987926397778-0.00022431298302820992i
1+0i,0.0003597294359637293-0.000820230237065354i
1+0i,-0.0004221192639019586-0.000788948925168525i
1+0i,-0.00088026415965627-0.00015556274920563778i
1+0i,-0.0006656547986109952+0.000595319803315322i
1+0i,0.000056592008532197684+0.0008903561713150897i
1+0i,0.0007342253822255339+0.0005052546304091881i
1+0i,0.0008501315813513959-0.00026471770172880585i
1+0i,0.00031695604633346757-0.0008311231572900593i
1+0i,-0.0004570721249187301-0.0007620611966326638i
1+0i,-0.0008807050569592267-0.00011150726363301521i
1+0i,-0.0006313103835214444+0.0006228509324051673i
1+0i,0.00009941680197025728+0.0008803584354646109i
1+0i,0.0007527948850530211+0.0004654362798249877i
1+0i,0.0008303030779798323-0.0003038784206300341i
1+0i,0.00027395089833861993-0.000839707263643764i
1+0i,-0.0004903531476743359-0.0007335674144680027i
1+0i,-0.0008788525215979075-0.00006777538724349612i
1+0i,-0.0005958059336668711+0.0006483798208739369i
1+0i,0.00014138322522930008+0.0008682140911648239i
1+0i,0.0007691477711240871+0.0004249687730872072i
1+0i,0.0008085973221647566-0.00034169721157108137i
1+0i,0.00023084278716777582-0.0008459882661293532i
1+0i,-0.0005218874316296085-0.0007035723589636052i
1+0i,-0.0008747427641861963-0.000024490594579340086i
1+0i,-0.0005592608461763657+0.0006718588279312314i
1+0i,0.00018238022631628822+0.0008539876434511299i
1+0i,0.0007832663021713534+0.0003839791806551767i
1+0i,0.0007851032831137772-0.0003780818026229014i
1+0i,0.0001877590973888177-0.0008499792360934015i
1+0i,-0.0005516067340091044-0.000672184236635446i
1+0i,-0.0008684187915551215+0.000018226764218325976i
1+0i,-0.000521796248579637+0.0006932475820197545i
1+0i,0.00022230140327425654+0.0008377494367744543i
1+0i,0.0007951401967172917+0.00034259451420943766i
1+0i,0.0007599144780741669-0.000412945821691557i
1+0i,0.00014482537639299388-0.0008517004561958625i
1+0i,-0.0005794496145100448-0.0006395142523581946i
1+0i,-0.0008599301593736922+0.000060259840726949735i
1+0i,-0.00048353454971078414+0.0007125130186395721i
1+0i,0.0002610453105124633+0.0008195753251022919i
1+0i,0.000804766559282679+0.0003009412825643545i
1+0i,0.0007331285794823215-0.0004462090143421515i
1+0i,0.00010216492114498259-0.0008511792456036524i
1+0i,-0.0006053615523323964-0.0006056761767095622i
1+0i,-0.0008493327039642354+0.00010149564673706934i
1+0i,-0.0004445989926082487+0.0007296293902201883i
1+0i,0.0002985157419225118+0.0007995463263814986i
1+0i,0.0008121497830038723+0.00025914505621166256i
1+0i,0.0007048470125311993-0.0004777974353947132i
1+0i,0.00005989837966282989-0.0008484497615009707i
1+0i,-0.0006292950355134815-0.0005707859103197452i
1+0i,-0.0008366882547119282+0.00014182539280764355i
1+0i,-0.00040511321115035796+0.0007445782484544931i
1+0i,0.0003346219900356458+0.0007777482629857745i
1+0i,0.00081730142647708+0.00021733004207959757i
1+0i,0.0006751745449057027-0.0005076436139603752i
1+0i,0.000018143368565584227-0.0008435527780886265i
1+0i,-0.0006512096226658012-0.000534961046999701i
1+0i,-0.0008220643285244684+0.00018114480586826947i
1+0i,-0.0003652007921199808+0.0007573483996157727i
1+0i,0.0003692790805889861+0.000754271389800704i
1+0i,0.000820240065740594+0.00017561867002207986i
1+0i,0.0006442188704378646-0.0005356866917023577i
1+0i,-0.000022985892063778502-0.000836535444317755i
1+0i,-0.0006710719773298917-0.0004983204373959567i
1+0i,-0.0008055338078468103+0.00021935442495933305i
1+0i,-0.00032498484433940303+0.0007679358334820763i
1+0i,0.0004024079819817547+0.0007292100116212915i
1+0i,0.0008209911223930951+0.0001341311924769057i
1+0i,0.0006120901884278337-0.0005618725342212544i
1+0i,-0.00006337892534655112-0.0008274510216693118i
1+0i,-0.0006888558752637164-0.00046098375488635556i
1+0i,-0.0007871746037773563+0.00025635987430787605i
1+0i,-0.00028458757645802594+0.000776343626590551i
1+0i,0.00043393578921589515+0.0007026620915515147i
1+0i,0.0008195866689271856+0.00009298529865172289i
1+0i,0.0005789007803635558-0.0005861538155771824i
1+0i,-0.00010292932475106635-0.0008163586033500975i
1+0i,-0.0007045421850964971-0.0004230710653912963i
1+0i,-0.0007670693058659251+0.00029207211304521614i
1+0i,-0.00024412988491129297+0.0007825818206376172i
1+0i,0.0004637958820283421+0.0006747288521022039i
1+0i,0.0008160652124322599+0.000052295744511949703i
1+0i,0.0005447645857514837-0.0006084900760723905i
1+0i,-0.00014153506075346224-0.0008033228163280811i
1+0i,-0.0007181188228773397-0.0003847024027284422i
1+0i,-0.0007453048202003612+0.0003264076609815357i
1+0i,-0.00020373095349963076+0.000786667276928895i
1+0i,0.0004919280570342587+0.0006455143706830354i
1+0i,0.0008104714578891626+0.000012173999756385216i
1+0i,0.0005097967787433026-0.00062884775352608i
1+0i,-0.0001790987661617334-0.0007884135076749202i
1+0i,-0.0007295806811471156-0.0003459973510864479i
1+0i,-0.0007219719974076756+0.0003592887999621657i
1+0i,-0.0001635078659618281+0.0007886235078651598i
1+0i,0.0005182786338111204+0.0006151251711765406i
1+0i,0.0008028560523410571-0.000027272087125621665i
1+0i,0.00047411334720933455-0.000647200188378382i
1+0i,-0.000215527999352246-0.0007717054167212487i
1+0i,-0.0007389295332556548-0.00030707463613480955i
1+0i,-0.0006971652522072509+0.00039064375043972797i
1+0i,-0.00012357523283829862+0.0007884804865270348i
1+0i,0.0005428005349621575+0.0005836698132669942i
1+0i,0.0007932753112798501-0.00006593860471619067i
1+0i,0.0004378306758688141-0.0006635276030619524i
1+0i,-0.00025073548477259856-0.0007532778345609312i
1+0i,-0.0007461739137347944-0.00026805172622331916i
1+0i,-0.0006709821761580561+0.0004204068230051439i
1+0i,-0.00008404483383684221+0.0007862744354916276i
1+0i,0.0005654533403041883+0.0005512584811752494i
1+0i,0.0007817909286358931-0.00010372587454812385i
1+0i,0.0004010651350404387-0.0006778170561774248i
1+0i,-0.00028463933017045353-0.0007332142524638234i
1+0i,-0.000751328975621215-0.0002290444450559467i
1+0i,-0.0006435231452390808+0.0004485185447283339i
1+0i,-0.000045025276827035114+0.0007820475960784407i
1+0i,0.0005862033154283759+0.0005180025734219665i
1+0i,0.0007684696717999221-0.00014053872619827548i
1+0i,0.0003639326765241055-0.000690062372102332i
1+0i,-0.0003171632201136148-0.0007116020007727754i
1+0i,-0.0007544163257007599-0.0001901665971506747i
1+0i,-0.000614890923892444+0.00047492576026557896i
1+0i,-0.000006621674499793532+0.0007758479792795356i
1+0i,0.0006050234149829816+0.0004840142952068161i
1+0i,0.0007533830631405591-0.0001762867508925858i
1+0i,0.00032654843806686004-0.0007002640467519875i
1+0i,-0.00034823658547221984-0.0006885318798697456i
1+0i,-0.0007554638387180518-0.0001515296073195476i
1+0i,-0.000585190267142182+0.0004995817077949278i
1+0i,0.00003106466036338464+0.0007677290996802238i
1+0i,0.0006218932611241947+0.0004494062549502729i
1+0i,0.0007366070495081625-0.0002108845330217882i
1+0i,0.0002890263578031475-0.0007084291302948279i
1+0i,-0.00037779474863860356-0.0006640977847980413i
1+0i,-0.000754505451661388-0.00011324217532205513i
1+0i,-0.000554527522378642+0.0005224460699428322i
1+0i,0.00006793650016145597+0.0007577496937210845i
1+0i,0.0006367990976740732+0.0004142910664977924i
1+0i,0.0007182216612362641-0.00024425185906867266i
1+0i,0.00025147879999190396-0.000714571087703488i
1+0i,-0.00040577904436405853-0.0006383963251231396i
1+0i,-0.0007515809392929188-0.00007540994676073437i
1+0i,-0.0005230102323691163+0.0005434849999643473i
1+0i,0.00010390096753096402+0.0007459734236899511i
1+0i,0.0006497337206135832+0.0003787809584340622i
1+0i,0.0006983106621654387-0.0002763139035498332i
1+0i,0.0002140161933011325-0.0007187096380964005i
1+0i,-0.00043213691619355604-0.0006115264416031277i
1+0i,-0.0007467356721480091-0.00003813520120069604i
1+0i,-0.0004907467410198668+0.0005626711235351612i
1+0i,0.00013886977953240663+0.0007324685688637663i
1+0i,0.0006606963856230284+0.00034298739189768575i
1+0i,0.0006769611922213682-0.00030700139167639536i
1+0i,0.00017674668281503772-0.0007208705738925702i
1+0i,-0.0004568219885795257-0.0005835890212221832i
1+0i,-0.0007400203582751946-0.0000015165584053024227i
1+0i,-0.00045784580337365907+0.0005799835166061783i
1+0i,0.00017275947040694528+0.0007173077052447394i
1+0i,0.0006696926934617601+0.0003070206882247121i
1+0i,0.0006542634040790389-0.0003362507385388803i
1+0i,0.00013977579685971742-0.000721085560864304i
1+0i,-0.00047979411485319674-0.0005546865121165187i
1+0i,-0.0007314907700292883+0.00003435129651112805i
1+0i,-0.0004244162012803038+0.0005954076598599204i
1+0i,0.00020549159244282508+0.000700567375353026i
1+0i,0.0006767344540535668+0.00027098966768312446i
1+0i,0.0006303100954387187-0.0003640041647208083i
1+0i,0.00010320612966128625-0.0007193919202288327i
1+0i,-0.0005010194013267401-0.000524922539892242i
1+0i,-0.0007212074572648622+0.00006937786830567765i
1+0i,-0.00039056636612602827+0.0006089353703924863i
1+0i,0.00023699289458913354+0.0006823277495495661i
1+0i,0.0006818395302134515+0.00023500130049011248i
1+0i,0.0006051963384267647-0.0003902097883433408i
1+0i,0.00006713704076585357-0.0007158323939700771i
1+0i,-0.000520470207890952-0.0004944015267990236i
1+0i,-0.0007092354483057084+0.00010347708659014503i
1+0i,-0.0003564040099510525+0.0006205647113247702i
1+0i,0.0002671954785521396+0.0006626722803674721i
1+0i,0.0006850316620153938+0.000199160371230158i
1+0i,0.0005790191076155705-0.00041482169363893395i
1+0i,0.0000316643720638698-0.0007104548946258051i
1+0i,-0.0005381251255612569-0.0004632283151823053i
1+0i,-0.0006956439400876363+0.00013656752005577062i
1+0i,-0.0003220357662239524+0.000630299880122066i
1+0i,0.00029603693220609797+0.0006416873513289223i
1+0i,0.0006863402728590096+0.0001635691577150571i
1+0i,0.0005518769081323289-0.0004377999762450996i
1+0i,-0.0000031198168269040705-0.0007033122408134438i
1+0i,-0.0005539689315090769-0.0004315077965907034i
1+0i,-0.0006805059788875812+0.00016857256951445645i
1+0i,-0.00028756684147642457+0.0006381510764714774i
1+0i,0.00032346044024575475+0.0006194619217167777i
1+0i,0.00068580025834553+0.0001283271252473004i
1+0i,0.0005238694052959909-0.00045911076549976323i
1+0i,-0.00003712749415535986-0.0006944618797995575i
1+0i,-0.0005679925221957525-0.0003993445478641599i
1+0i,-0.000663898133061158+0.0001994206394259804i
1+0i,-0.00025310067893356423+0.0006441343506320448i
1+0i,0.0003494148721013401+0.0005960871687564672i
1+0i,0.0006834517591204393+0.00009353063716619603i
1+0i,0.0004950970571860984-0.00047872622410700315i
1+0i,-0.00007027488203402286-0.0006839655984436364i
1+0i,-0.0005801928253020869-0.00036684247547305734i
1+0i,-0.0006459001592139067+0.00022904528767446694i
1+0i,-0.00021873863520291282+0.0006482714332324951i
1+0i,0.0003738548472282609+0.0005716561286441489i
1+0i,0.0006793399188808555+0.000059272682472300886i
1+0i,0.0004656607515063527-0.0004966245256256183i
1+0i,-0.00010248266235609495-0.0006718892238662414i
1+0i,-0.0005905726912178268-0.00033410446931882355i
1+0i,-0.0006265946632284581+0.0002573853534500641i
1+0i,-0.00018457967101080634+0.0006505895475462409i
1+0i,0.0003967407779726842+0.0005462633378320468i
1+0i,0.0006735146287809014+0.000025642621240209052i
1+0i,0.00043566144806018845-0.0005127898103131824i
1+0i,-0.00013367616224067933-0.0006583023152050269i
1+0i,-0.000599140764921963-0.000301232067143328i
1+0i,-0.0006060667575609588+0.00028438506318306914i
1+0i,-0.00015072005689731669+0.0006511212053224208i
1+0i,0.0004180388903004107+0.0005200044759513912i
1+0i,0.0006660302594972464-0.000007274051556656973i
1+0i,0.000405199828105443-0.0005272121199342024i
1+0i,-0.00016378551870492494-0.0006432778478294634i
1+0i,-0.000605911339146275-0.00026832513062754863i
1+0i,-0.0005844037162056178+0.00030999411456720063i
1+0i,-0.00011725309470179301+0.000649903987295376i
1+0i,0.00043772122275948454+0.0004929760117178835i
1+0i,0.0006569453822402615-0.00003939592327289088i
1+0i,0.0003743759518009503-0.0005398873122129349i
1+0i,-0.00019274582235178094-0.0006268918913866352i
1+0i,-0.0006109041897711115-0.00023548153419025315i
1+0i,-0.0005616946287059638+0.0003341677387961469i
1+0i,-0.00008426885558985138+0.0006469803095329219i
1+0i,0.0004557656041267338+0.00046527485312410717i
1+0i,0.0006463224800134331-0.00007064586142073082i
1+0i,0.0003432889248996087-0.0005508169556788322i
1+0i,-0.00022049723995088132-0.0006092232830462365i
1+0i,-0.0006141443944536235-0.00020279686742494886i
1+0i,-0.0005380300545661515+0.0003568667412223304i
1+0i,-0.00005185393529040234+0.0006423971768159723i
1+0i,0.0004721556102644386+0.0004369980031785103i
1+0i,0.0006342276504351949-0.0001009511917409748i
1+0i,0.0003120365757809403-0.0005600082057153598i
1+0i,-0.00024698511587732387-0.0005903532973029842i
1+0i,-0.0006156621355347266-0.00017036415203870622i
1+0i,-0.000513501679385145+0.00037805752072903054i
1+0i,-0.000020091227127924115+0.0006362059242687409i
1+0i,0.0004868805007855047+0.00040824222240136887i
1+0i,0.0006207303014431054-0.00013024385624074258i
1+0i,0.00028071514385119144-0.0005674736626810183i
1+0i,-0.0002721600524587488-0.0005703653136794779i
1+0i,-0.000615492488311593-0.00013827357407974583i
1+0i,-0.0004882019740013112+0.00039771206818602995i
1+0i,0.000010940286648687832+0.0006284619484796035i
1+0i,0.0004999351361936094+0.0003791036992350866i
1+0i,0.0006059028412004151-0.00015846055100977237i
1+0i,0.00024941898027143374-0.000573231213024502i
1+0i,-0.0002959779693644286-0.0005493444836519773i
1+0i,-0.0006136751957977863-0.00010661223216255169i
1+0i,-0.00046222385789519075+0.00041580794443479114i
1+0i,0.00004116572482339587+0.0006192244293680803i
1+0i,0.0005113198762284867+0.0003496777294695269i
1+0i,0.0005898203635197469-0.00018554284371191754i
1+0i,0.00021824026190401952-0.0005773038543640278i
1+0i,-0.0003184001422510635-0.0005273773980960552i
1+0i,-0.0006102544311227613-0.00007546390231990592i
1+0i,-0.00043566036805411495+0.00043232823832129656i
1+0i,0.00007051447812302743+0.0006085560440631022i
1+0i,0.0005210404602058776+0.0003200584057231075i
1+0i,0.0005725603301080193-0.00021143727073205518i
1+0i,0.00018726871929554179-0.0005797195055439224i
1+0i,-0.0003393932209582288-0.000504551756518838i
1+0i,-0.0006052785487468698-0.000044908820031109596i
1+0i,-0.0004086043344542824+0.00044726150536315693i
1+0i,0.00009892036082997935+0.0005965226740621296i
1+0i,0.0005291078701963042+0.00029033831795756903i
1+0i,0.0005542022509208945-0.00023609541404022276i
1+0i,0.00015659137944054228-0.0005805108027193257i
1+0i,-0.00035892922762160447-0.0004809560393096425i
1+0i,-0.0005987998256868958-0.000015023479895066416i
1+0i,-0.00038114806326420485+0.0004606016877020338i
1+0i,0.0001263217429300582+0.0005831931069395829i
1+0i,0.0005355381779368135+0.00026060826593876836i
1+0i,0.0005348273638943164-0.0002594739579144382i
1+0i,0.0001262923239948841-0.0005797148825525735i
1+0i,-0.0003769855351441473-0.0004566791842017693i
1+0i,-0.0005908741939606237+0.000014119546663755433i
1+0i,-0.00035338302881834195+0.0004723480160526654i
1+0i,0.00015266166270918064+0.0005686387338669403i
1+0i,0.0005403523764149658+0.00023095698448825173i
1+0i,0.0005145183152952912-0.00028153472574072723i
1+0i,0.00009645246353141585-0.0005773731536322496i
1+0i,-0.0003935448265339161-0.0004318102680950383i
1+0i,-0.0005815609654673168+0.00004245177534887239i
1+0i,-0.00032539957535162006+0.0004825048944158079i
1+0i,0.0001778879197924464+0.0005529332441954932i
1+0i,0.0005435761971045299+0.00020147088230057397i
1+0i,0.0004933588419039274-0.000302244697183407i
1+0i,0.00006714932835350269-0.0005735310572480994i
1+0i,-0.0004085950356820569-0.00040643819534183067i
1+0i,-0.000570922550523955+0.00006990895437709017i
1+0i,-0.00029728662942463943+0.0004910817683738949i
1+0i,0.00020195314869700813+0.0005361523183366766i
1+0i,0.0005452399138676715+0.000172233795030234i
1+0i,0.0004714334562046306-0.0003215760060902013i
1+0i,0.00003845687630470919-0.0005682378186721223i
1+0i,-0.000422129270215539-0.0003806513935491005i
1+0i,-0.0005590241712751662+0.00009643119114664777i
1+0i,-0.00026913142390617994+0.0004980929778352161i
1+0i,0.0002248148730460687+0.0005183733201540516i
1+0i,0.0005453781345686871+0.0001433267532796105i
1+0i,0.0004488271357259182-0.0003395059195651602i
1+0i,0.000010445317935545606-0.0005615461901080907i
1+0i,-0.00043414571711617345-0.00035453751789535956i
1+0i,-0.0005459335711877527+0.0001219630601170328i
1+0i,-0.00024101923431420297+0.0005035575951347298i
1+0i,0.0002464355406647689+0.000499674990055661i
1+0i,0.0005440295814696624+0.00011482776604588722i
1+0i,0.00042562501762628043-0.0003560167987073788i
1+0i,-0.00001681904068880579-0.0005535121864786636i
1+0i,-0.000444647531850291-0.0003281831649053911i
1+0i,-0.0005317207218290749+0.00014645369190542738i
1+0i,-0.0002130331282494913+0.0005074992494372973i
1+0i,0.0002667825398496598+0.0004801371399459686i
1+0i,0.0005412368614987919+0.00008681162011115591i
1+0i,0.0004019120995779634-0.0003710960415750145i
1+0i,-0.00004327393733225183-0.0005441948152213199i
1+0i,-0.00045364271180202984-0.00030167359656663964i
1+0i,-0.0005164575281121287+0.00016985684367910696i
1+0i,-0.00018525372858756528+0.0005099459384220076i
1+0i,0.0002858281971714096+0.00045984035116290517i
1+0i,0.0005370462274974963+0.000059349695785587285i
1+0i,0.0003777729479516695-0.000384736008991824i
1+0i,-0.0000688612749509532-0.00053365580126142i
1+0i,-0.00046114395484736785-0.00027509247561011927i
1+0i,-0.0005002175331693992+0.00019213095099542539i
1+0i,-0.00015775899102482967+0.0005109298282543694i
1+0i,0.00030354975723540493+0.000438865676488154i
1+0i,0.0005315073315630502+0.000032509799339589565i
1+0i,0.00035329141425347385-0.00039693393386733093i
1+0i,-0.00009352722501795928-0.0005219593083232259i
1+0i,-0.0004671685039457538-0.0002485216127158232i
1+0i,-0.00048307562399250764+0.0002132391613109823i
1+0i,-0.00013062399650457193+0.0005104870428765923i
1+0i,0.0003199293448865919+0.0004172943472778481i
1+0i,0.0005246729716091932+0.000006356012387098039i
1+0i,0.000328550360710869-0.00040769181475164946i
1+0i,-0.00011722231282411661-0.0005091716577276573i
1+0i,-0.0004717379786614476-0.0002220407263379786i
1+0i,-0.0004651077389456119+0.0002331493494489756i
1+0i,-0.00010392075897746655+0.0005086574436647243i
1+0i,0.00033495391040313756+0.0003952074867165487i
1+0i,0.0005165988322682284-0.00001905144159089134i
1+0i,0.00030363139584802467-0.0004170162943917071i
1+0i,-0.00013990148484093308-0.0004953610458090608i
1+0i,-0.00047487819455739-0.00019572721577965977i
1+0i,-0.00044639057822766+0.00025183411537846653i
1+0i,-0.00007771804888023564+0.0005054844005154541i
1+0i,0.0003486151582782584+0.00037268583015018057i
1+0i,0.0005073432212546426-0.000043656313465468396i
1+0i,0.00027861462083160607-0.0004249185240972597i
1+0i,-0.00016152415829997027-0.0004805972610626669i
1+0i,-0.00047661897143053036-0.00016965594807941752i
1+0i,-0.00042700131832207593+0.00026927076472088113i
1+0i,-0.000052081232645162403+0.000501014555434554i
1+0i,0.00036090946024037557+0.0003498094534034376i
1+0i,0.0004969668023022428-0.00006740642737544731i
1+0i,0.0002535783873078409-0.000431414014762342i
1+0i,-0.00018205425320994635-0.0004649514021096983i
1+0i,-0.00047699393137918904-0.00014389905920504737i
1+0i,-0.0004070173314327338+0.00028544127245768385i
1+0i,-0.00002707212848264675+0.0004952975797038235i
1+0i,0.0003718377532090304+0.00032665750993481264i
1+0i,0.00048553232577458434-0.00009025376236261861i
1+0i,0.00022859906738949666-0.0004365224754208477i
1+0i,-0.00020146020709686563-0.0004484955975386527i
1+0i,-0.00047604028771006427-0.00011852576998165352i
1+0i,-0.0003865159108621003+0.0003003322303683693i
1+0i,-0.0000027488786092083996+0.0004883859257035358i
1+0i,0.0003814054229270035+0.0003033079776275574i
1+0i,0.00047310435803195913-0.00011215451681732491i
1+0i,0.00020375083638816803-0.000440267640243588i
1+0i,-0.0002197149728139701-0.00043130272864918575i
1+0i,-0.0004737986257051508-0.00009360221711316011i
1+0i,-0.00036557400324177037+0.00031393477877967636i
1+0i,0.00002083416197553667+0.00048033457446337846i
1+0i,0.00038962217404835614+0.0002798374159583714i
1+0i,0.00045974901061783915-0.00013306915589071514i
1+0i,0.00017910546882311996-0.00044267708490851104i
1+0i,-0.00023679599982685936-0.00041344615608957316i
1+0i,-0.00047031267627696435-0.00006919129958852491i
1+0i,-0.00034426794847726937+0.0003262445232551308i
1+0i,0.00004362652012694586+0.0004712007800065209i
1+0i,0.00039650188749705334+0.0002563207342272768i
1+0i,0.00044553367030342617-0.00015296244209338564i
1+0i,0.00015473214817323403-0.0004437820332957001i
1+0i,-0.00025268519943467347-0.00039499945134014694i
1+0i,-0.0004656290835443421-0.00004535254069653745i
1+0i,-0.00032267322821838217+0.0003372614368985476i
1+0i,0.00006558168263868039+0.00046104381153906925i
1+0i,0.0004020624659418893+0.00023283097147256613i
1+0i,0.00043052673100114593-0.0001718034493611955i
1+0i,0.00013069729077346527-0.00044361715547452436i
1+0i,-0.0002673688944406449-0.0003760361339535761i
1+0i,-0.00045979716736069514-0.000022141965806329623i
1+0i,-0.00030086422361359164+0.00034698974898580536i
1+0i,0.00008665715786589399+0.000449924694520799i
1+0i,0.00040632566826014126+0.00020943908863401594i
1+0i,0.0004147973285267277-0.00018956556092737233i
1+0i,0.00010706438419218074-0.00044222035796163343i
1+0i,-0.000280837753834282-0.0003566294154187301i
1+0i,-0.00045286868182200927+0.00000038800399492151305i
1+0i,-0.0002789139830527938+0.0003554378206761091i
1+0i,0.00010681452104535282+0.0004379059516329513i
1+0i,0.0004093169338850566+0.00018621377346602724i
1+0i,0.0003984150791550645-0.0002062264513957366i
1+0i,0.0000838938403607582-0.00043963256723573985i
1+0i,-0.0002930867130931045-0.00033685195046821926i
1+0i,-0.00044489757077335483+0.000022188642380190082i
1+0i,-0.0002568940005464074+0.00036261800858690516i
1+0i,0.0001260194435299714+0.00042505134463517356i
1+0i,0.00041106519795078685+0.0001632212586403707i
1+0i,0.00038144982287771927-0.00022176805346253253i
1+0i,0.00006124286366246962-0.00043589750749819123i
1+0i,-0.000304114880753888-0.00031677559660102015i
1+0i,-0.00043593972132025216+0.00004321499241281041i
1+0i,-0.000234874005331871+0.0003685465170456655i
1+0i,0.0001442417062132203+0.0004114256180765753i
1+0i,0.00041160269816277917+0.0001405251534159069i
1+0i,0.00036397137222983055-0.0002361765097840282i
1+0i,0.00003916533412393666-0.0004310614736673324i
1+0i,-0.0003139254319417965-0.0002964711825408801i
1+0i,-0.0004260527163349837+0.0000634259254262034i
1+0i,-0.00021292176324023615+0.00037324323985676964i
1+0i,0.00016145519747438403+0.00039709424579553574i
1+0i,0.0004109647743319392+0.00011818628919033582i
1+0i,0.00034604926751155454-0.0002494421105335144i
1+0i,0.000017711705789703584-0.0004251731005898099i
1+0i,-0.00032252548958056407-0.00027600828629887995i
1+0i,-0.0004152955869283163+0.00008278418431016655i
1+0i,-0.00019110289029668722+0.00037673159244289405i
1+0i,0.00017763789602855812+0.00038212318110957954i
1+0i,0.0004091896615172409+0.00009626257918699243i
1+0i,0.00032775253918429617-0.0002615592172344478i
1+0i,-0.0000030710797010374076-0.0004182831294432018i
1+0i,-0.0003299259940378887-0.00025545502345481136i
1+0i,-0.0004037285658338459+0.00010125641141819768i
1+0i,-0.00016948067896939157+0.0003790383352374207i
1+0i,0.00019277183911522669+0.00036657861156050726i
1+0i,0.00040631827772383766+0.00007480889246815723i
1+0i,0.00030914947817508925-0.0002725261734962998i
1+0i,-0.000023139664376693305-0.00041044417229197506i
1+0i,-0.00033614156198743546-0.00023487784621710687i
1+0i,-0.0003914128426258589+0.00011881316136550291i
1+0i,-0.00014811593742149854+0.00038019338921760457i
1+0i,0.00020684307650641065+0.00035052671904124775i
1+0i,0.00040239400710227323+0.00005387694240549054i
1+0i,0.0002903074147737579-0.00028234520331593026i
1+0i,-0.000042454330134077665-0.0004017104757428366i
1+0i,-0.0003411903352923504-0.00021434135376531766i
1+0i,-0.00037841032166218845+0.00013542889904019067i
1+0i,-0.00012706684206148294+0.0003802296444776781i
1+0i,0.00021984161085939887+0.0003340334460898387i
1+0i,0.0003974624795892201+0.00003351518967833641i
1+0i,0.0002712925067572488-0.00029102229764010423i
1+0i,-0.00006097904003409793-0.0003921376846262149i
1+0i,-0.0003450938207348663-0.0001939081143226171i
1+0i,-0.0003647833836112842+0.0001510819832002714i
1+0i,-0.0001063888036277535+0.0003791827627465499i
1+0i,0.0002317613249799143+0.00031716426909276347i
1+0i,0.000391571347921381+0.000013768759811928646i
1+0i,0.0002521695373239844-0.0002985670899139747i
1+0i,-0.00007868146490327105-0.0003817826066080221i
1+0i,-0.00034787672143247187-0.00017363849934902824i
1+0i,-0.00035059465138782836+0.00016575463607666204i
1+0i,-0.000086134346984626+0.00037709097475659305i
1+0i,0.00024259989659920167+0.0002999839790947229i
1+0i,0.0003847700629418432-0.000005320624789758148i
1+0i,0.00023300172336840948-0.00030499272136592736i
1+0i,-0.00009553299550458489-0.0003707029786103006i
1+0i,-0.0003495667607933745-0.00015359053018896331i
1+0i,-0.0003359067612839155+0.00017943289944705477i
1+0i,-0.00006635300474865615+0.00037399487336819585i
1+0i,0.0002523587013028279+0.00028255647086515296i
1+0i,0.00037710964810253636-0.00002371469841760238i
1+0i,0.00021385053457248683-0.0003103156968012364i
1+0i,-0.00011150874059136348-0.00035895723589080426i
1+0i,-0.0003501944998724225-0.00013381973744974846i
1+0i,-0.0003207821400432381+0.00019210657768723948i
1+0i,-0.000047091224807184655+0.0003699372033493336i
1+0i,0.0002610427042799181+0.00026494454082356153i
1+0i,0.0003686424740475799-0.00004137869139236527i
1+0i,0.00019477552373682074-0.0003145557316953154i
1+0i,-0.00012658751120556795-0.0003466042846004639i
1+0i,-0.000349793148993547-0.00011437903333106036i
1+0i,-0.0003052827885841803+0.0002037691683451978i
1+0i,-0.000028392291734966556+0.00036496264870056097i
1+0i,0.0002686603415890215+0.00024720969437630426i
1+0i,0.0003594220341403151-0.000058281355368281534i
1+0i,0.0001758341687196512-0.00031773559139217924i
1+0i,-0.0001407517916270177-0.0003337032786039482i
1+0i,-0.0003483983745061032-0.00009531859706908785i
1+0i,-0.0002894700730343705+0.0002144177808188865i
1+0i,-0.000010296262060058777+0.0003591176184037175i
1+0i,0.0002752233916609662+0.00022941196316695218i
1+0i,0.0003495027217720442-0.00007439497486227473i
1+0i,0.00015708172629745214-0.00031988092322495935i
1+0i,-0.00015398769742250746-0.0003203134013126418i
1+0i,-0.0003460481015403069-0.00007668577360368946i
1+0i,-0.00027340452369429777+0.00022405304375105412i
1+0i,0.000007160086722975026+0.00035245003145720514i
1+0i,0.0002807468377795986+0.00021160973269120488i
1+0i,0.00033893961026290164-0.00008969536531360371i
1+0i,0.00013857109820631812-0.00032102008238301706i
1+0i,-0.00016628492108330378-0.0003064936532412105i
1+0i,-0.00034278231362138063-0.000058524985522334006i
1+0i,-0.00025714564250131216+0.00023267900178363602i
1+0i,0.00002394329354593551+0.00034500910204236324i
1+0i,0.00028524872229857473+0.0001938595806755318i
1+0i,0.00032778823613518614-0.00010416185802411565i
1+0i,0.00012035270956920805-0.0003211839523544983i
1+0i,-0.00017763666577626683-0.0002923026459590468i
1+0i,-0.00033864284999326897-0.00004087765828113973i
1+0i,-0.0002407517195179136+0.00024030300234022923i
1+0i,0.00004002323776889894+0.00033684512564409333i
1+0i,0.0002887499933660734+0.00017621612656665034i
1+0i,0.00031610438650704387-0.00011777727237214663i
1+0i,0.00010247439986039283-0.0003204057607739925i
1+0i,-0.00018803956776751473-0.0002777984030661509i
1+0i,-0.0003336732014907135-0.000023782158651215033i
1+0i,-0.00022427965891986545+0.00024693557312779413i
1+0i,0.00005537315004171145+0.00032800926692488187i
1+0i,0.00029127434493970663+0.00015873189242675373i
1+0i,0.00030394389131970846-0.00013052787573338993i
1+0i,0.00008498132650552637-0.0003187208915025492i
1+0i,-0.00019749360810823825-0.00026303816877995323i
1+0i,-0.00032791830578349413-0.000007273746287836741i
1+0i,-0.0002077848149106044+0.0002525902910681094i
1+0i,0.00006996961032102101+0.00031855335012466956i
1+0i,0.0002928480508808873+0.0001414571754772973i
1+0i,0.00029136242107490447-0.0001424033315795871i
1+0i,0.00006791588116364172-0.00031616669376161266i
1+0i,-0.00020600201419986627-0.000248078224675075i
1+0i,-0.00032142434279872414+0.000008615461729013298i
1+0i,-0.00019132083793888438+0.00025728364338557157i
1+0i,0.00008379253338192707+0.00030852965273002003i
1+0i,0.00029349979392165077+0.0001244399324823911i
1+0i,0.00027841529072061177-0.00015339663626074424i
1+0i,0.00005131761868643971-0.0003127822891336832i
1+0i,-0.00021357115188025346-0.00023297371507265257i
1+0i,-0.0003142385311063743+0.000023856513581449168i
1+0i,-0.00017493953154671313+0.0002610348815907641i
1+0i,0.00009682514220410211+0.0002979907031247054i
1+0i,0.0002932604902973775+0.00010772567611154i
1+0i,0.0002651572702833394-0.00016350404500845933i
1+0i,0.000035223198700462996-0.00030860837723068726i
1+0i,-0.00022021040869390276-0.00021777848152939949i
1+0i,-0.0003064089260299394+0.00003842363287184244i
1+0i,-0.00015869072012473018+0.00026386586910876i
1+0i,0.00010905392965045905+0.0002869890829004792i
1+0i,0.0002921631108362253+0.00009135738337088674i
1+0i,0.0002516424028036817-0.00017272498772701093i
1+0i,0.000019666339709476652-0.0003036870408163775i
1+0i,-0.00022593206902742755-0.00020254490682967657i
1+0i,-0.00029798422021840503+0.0000522942165395345i
1+0i,-0.00014262212780235587+0.0002658009233075115i
1+0i,0.00012046860889212041+0.0002755772344715926i
1+0i,0.0002902424992902963+0.00007537541614240568i
1+0i,0.00023792383008930607-0.0001810619751649238i
1+0i,0.000004677785567635935-0.00029806155115165374i
1+0i,-0.00023075118180649882-0.00018732376883631957i
1+0i,-0.00028901354738762304+0.00006544882086436787i
1+0i,-0.0001267792686505296+0.00026686665268488687i
1+0i,0.00013106205306643372+0.00026380727459964247i
1+0i,0.0002875351886848734+0.0000598174538218304i
1+0i,0.00022405362675591197-0.00018852049608285016i
1+0i,-0.000009714715870969188-0.0002917761743116118i
1+0i,-0.00023468542146245743-0.0001721641045082854i
1+0i,-0.0002795462899090654+0.00007787113592404384i
1+0i,-0.00011120534832583241+0.00026709178997306104i
1+0i,0.00014083022468506216+0.0002517308143969376i
1+0i,0.00028407921645047307+0.00004471843799861714i
1+0i,0.0002100826429822668-0.0001951089060536817i
1+0i,-0.000023486422163952557-0.0002848759792006116i
1+0i,-0.0002377549428856152-0.00015711308434540697i
1+0i,-0.0002696318908918088+0.00008954794890862395i
1+0i,-0.00009594117723649648+0.00026650702191608475i
1+0i,0.00014977209533666215+0.00023939878633680872i
1+0i,0.00027991393908814347+0.000030110529075242908i
1+0i,0.0001960603563604277-0.00020083830854790934i
1+0i,-0.00003661559403213514-0.00027740664796675995i
1+0i,-0.00023998223108801458-0.0001422158974728833i
1+0i,-0.0002593196713696778+0.0001004690967294021i
1+0i,-0.00008102509526327152+0.0002651448164706672i
1+0i,0.00015788955625330094+0.00022686127875836478i
1+0i,0.0002750798471014451+0.000016023074678499894i
1+0i,0.0001820347331767549-0.00020572242897135088i
1+0i,-0.00004908348176867583-0.00026941428949016875i
1+0i,-0.0002413919463012151-0.00012751564753079084i
1+0i,-0.00024865865317000524+0.00011062740839065826i
1+0i,-0.00006649290802170162+0.00026303924817155905i
1+0i,0.00016518732033162572+0.0002141673783114272i
1+0i,0.0002696183809091464+0.000002482589672645403i
1+0i,0.0001680520994137075-0.0002097774823334371i
1+0i,-0.00006087430066040857-0.0002609452565902703i
1+0i,-0.00024201076523448355-0.00011305325948707339i
1+0i,-0.00023769738800352472+0.00012001863762151036i
1+0i,-0.0000523778346070502+0.00026022582239158565i
1+0i,0.00017167281621869058+0.0002013650207447355i
1+0i,0.0002635717484308222-0.000010487252456899728i
1+0i,0.00015415702171661327-0.00021302203523245632i
1+0i,-0.0000719751958105293-0.0002520459675665507i
1+0i,-0.0002418672192157443-0.00009886739744624717i
1+0i,-0.0002264837932767323+0.0001286413862911346i
1+0i,-0.0000387104667191705+0.0002567412992123796i
1+0i,0.00017735607508843838+0.00018850085039738904i
1+0i,0.0002569827450135004-0.00002286561711975643i
1+0i,0.00014039219852407647-0.00021547686284931306i
1+0i,-0.00008237619678394793-0.00024276273265444768i
1+0i,-0.0002409915299317745-0.00008499439348073265i
1+0i,-0.0002150649950888082+0.0001364970191539072i
1+0i,-0.00002551873902212065+0.000252623517605358i
1+0i,0.00018224961074801257+0.00017562008870993735i
1+0i,0.0002498945763414319-0.00003463449534432698i
1+0i,0.00012679836151535158-0.0002171648016437581i
1+0i,-0.00009207016252631821-0.00023314158594399568i
1+0i,-0.0002394154434756193-0.00007146818746732035i
1+0i,-0.0002034871788350775+0.00014358957049168217i
1+0i,-0.000012827910552435051+0.0002479112206036813i
1+0i,0.0001863682937234259+0.0001627664120277745i
1+0i,0.0002423506849429936-0.00004577868005176766i
1+0i,0.00011341418748325346-0.00021811059844660207i
1+0i,-0.00010105271703500594-0.00022322812327335508i
1+0i,-0.00023717206339803567-0.00005832027786806679i
1+0i,-0.0001917954477980929+0.00014992564323820014i
1+0i,-0.000000660556950796975+0.00024264388212472492i
1+0i,0.00018972921998159772+0.0001499818389257334i
1+0i,0.00023439458087897385-0.000056285732255712114i
1+0i,0.00010027622069700176-0.0002183407566381694i
1+0i,-0.00010932217628488978-0.00021306734657263482i
1+0i,-0.00023429568344614154-0.00004557968335295199i
1+0i,-0.0001800336900661323+0.00015551430118577536i
1+0i,0.000010963426745471024+0.00023686153607945822i
1+0i,0.0001923515749505141+0.0001373066272391025i
1+0i,0.00022606967716506845-0.00006614593759385554i
1+0i,0.00008741880577604057-0.00021788338009745282i
1+0i,-0.00011687946693397243-0.00020270351509578093i
1+0i,-0.00023082162065638417-0.000033272915121092066i
1+0i,-0.00016824445407707229+0.0001603669548866988i
1+0i,0.000022026813047063982+0.00023060460837983601i
1+0i,0.000194256493501198+0.00012477918094299238i
1+0i,0.00021741913044858339-0.00007535225362569208i
1+0i,0.00007487403105351375-0.00021676801559791271i
1+0i,-0.00012372803735321588-0.00019218000393974831i
1+0i,-0.0002267860494506686-0.00002142395973831451i
1+0i,-0.00015646883304376398+0.00016449724187146656i
1+0i,0.00003251501902584018+0.00022391375242834056i
1+0i,0.0001954669165545134+0.00011243596697910421i
1+0i,0.00020848568742521905-0.00008390024835655463i
1+0i,0.00006267168236674011-0.00021502549431498368i
1+0i,-0.0001298737615418476-0.00018153917021100855i
1+0i,-0.00022222583736400918-0.000010054272271535012i
1+0i,-0.00014474635847504236+0.0001679209018127906i
1+0i,0.000042416073759003905+0.000216829688645056i
1+0i,0.0001960074449724094+0.0001003114420867366i
1+0i,0.00019931153744654067-0.00009178803047141574i
1+0i,0.000050839207172025424-0.00021268777309697137i
1+0i,-0.0001353248365035369-0.00017082222715974246i
1+0i,-0.0002171783830095917+0.0000008172205351334586i
1+0i,-0.00013311490296475883+0.0001706556472686008i
1+0i,0.000051720576595931624+0.00020939304855743042i
1+0i,0.00019590419138737532+0.00008843798965342325i
1+0i,0.00018993817173255982-0.00009901617178280329i
1+0i,0.00003940168884242223-0.00020978777613545312i
1+0i,-0.00014009167367040544-0.00016006912656205927i
1+0i,-0.00021168145686281269+0.000011174107331374255i
1+0i,-0.00012161059237970643+0.00017272103063886558i
1+0i,0.00006042164666604412+0.00020164422394627202i
1+0i,0.00019518463061548948+0.00007684586656007564i
1+0i,0.00018040624956684503-0.00010558762241556023i
1+0i,0.00002838183096987536-0.00020635923765348978i
1+0i,-0.00014418678497073496-0.00014931844959040186i
1+0i,-0.0002057730454197389+0.000021002469799302745i
1+0i,-0.00011026772753633636+0.00017413830797004465i
1+0i,0.00006851486407057731+0.00019362322150866872i
1+0i,0.00019387744928768585+0.00006556315995606647i
1+0i,0.00017075547181396415-0.0001115076192669754i
1+0i,0.000017799951457567406-0.0002024365462101439i
1+0i,-0.0001476246641425842-0.00013860730637210066i
1+0i,-0.00019949119925774978+0.000030290851209998195i
1+0i,-0.00009911871541573537+0.00017493030023754525i
1+0i,0.0000759982032232503+0.0001853695234646413i
1+0i,0.00019201239532086063+0.00005461575386142739i
1+0i,0.00016102446206096543-0.00011678358829413659i
1+0i,0.000007673986154410491-0.00019805459119803966i
1+0i,-0.0001504216638992596-0.00012797124439601913i
1+0i,-0.00019287388549696214+0.00003903021627578369i
1+0i,-0.00008819400992672415+0.00017512125273058253i
1+0i,0.00008287195882455+0.0001769219544995319i
1+0i,0.00018962012783519872+0.00004402730545641296i
1+0i,0.00015125065564622746-0.00012142504119112574i
1+0i,-0.000001980498248496177-0.0001932486120871551i
1+0i,-0.00015259586955387053-0.00011744416588750921i
1+0i,-0.00018595884513060817+0.00004721390270154045i
1+0i,-0.00007752206218819229+0.00017473669315559465i
1+0i,0.00008913866497167812+0.00016831855539857716i
1+0i,0.00018673206810684875+0.000033819230883171633i
1+0i,0.0001414701968004479-0.00012544346702693992i
1+0i,-0.000011150282369820736-0.00018805405094283475i
1+0i,-0.0001541669697089443-0.00010705825423261675i
1+0i,-0.00017878345566087973+0.00005483756486153349i
1+0i,-0.00006712928026408164+0.00017380328906375692i
1+0i,0.00009480300792109487+0.00015959646369397308i
1+0i,0.00018338025212580203+0.00002401070035033863i
1+0i,0.0001317178440860336-0.0001288522194207732i
1+0i,-0.000019824463676985024-0.00018250640871924817i
1+0i,-0.0001551561246134498-0.00009684390949383614i
1+0i,-0.00017138459944415763+0.00006189911004918032i
1+0i,-0.000057039998247900615+0.00017234870519539674i
1+0i,0.0000998717330330596+0.00015079180160816974i
1+0i,0.00017959718530777076+0.000014618642299030429i
1+0i,0.0001220268842827605-0.00013166639983463684i
1+0i,-0.00002799441777704476-0.00017664110580143983i
1+0i,-0.00015558583278363371-0.00008682969302177639i
1+0i,-0.00016379853811605564+0.00006839862776583192i
1+0i,-0.000047276454558381366+0.0001704014613192863i
1+0i,0.000104353546437609+0.00014193957154028092i
1+0i,0.00017541569988606417+0.0000056577563581741345i
1+0i,0.00011242905482954164-0.0001339027375641646i
1+0i,-0.00003565375184842994-0.0001704933472397053i
1+0i,-0.00015547979647581432-0.00007704228113007331i
1+0i,-0.00015606079343252188+0.00007433831253096623i
1+0i,-0.000037858779274021474+0.0001679907911279213i
1+0i,0.0001082590119690162+0.00013307355930549657i
1+0i,0.0001708688154850642-0.0000028594652116635178i
1+0i,0.00010295447489449655-0.00013557946700699784i
1+0i,-0.00004279825062452475-0.00016409799308959093i
1+0i,-0.0001548627865888709-0.00006750642776482785i
1+0i,-0.0001482060348284889+0.0000797223807101829i
1+0i,-0.000028804990301863276+0.00016514650273124516i
1+0i,0.0001116004439210361+0.0001242262453004442i
1+0i,0.00016598960335109157-0.000010922707913638064i
1+0i,0.00009363158510853538-0.00013671620278435913i
1+0i,-0.00004942581535986106-0.00015748943423937528i
1+0i,-0.00015376050756165256-0.00005824493606495389i
1+0i,-0.0001402679739604404+0.00008455698186903921i
1+0i,-0.000020130998145083905+0.00016189884127077825i
1+0i,0.0001143917961780673+0.00011542872373062155i
1+0i,0.00016081105468925737-0.000018523797601770226i
1+0i,0.00008448709596134272-0.0001373338132853903i
1+0i,-0.000055536396227305596-0.00015070147407464835i
1+0i,-0.00015219946281602332-0.000049278638676125846i
1+0i,-0.0001322792664638389+0.00008885010517008877i
1+0i,-0.000011850619004852316+0.00015827835415404274i
1+0i,0.00011664854827796086+0.00010671062999957513i
1+0i,0.00015536595352659612-0.000025656655635348543i
1+0i,0.00007554594482325433-0.00013745429319565882i
1+0i,-0.00006113191860999263-0.0001437672162967322i
1+0i,-0.0001502068212798587-0.000040626386648703906i
1+0i,-0.00012427142112085188+0.00009261148133749605i
1+0i,-0.000003975595924532751+0.00015431575938556664i
1+0i,0.00011838758896044643+0.00009810007632341712i
1+0i,0.0001496867544923417-0.00003231724699690806i
1+0i,0.00006683126152200532-0.00013710063556092065i
1+0i,-0.00006621620376486643-0.00013671895917821735i
1+0i,-0.00014781028550609905-0.000032305046719113045i
1+0i,-0.00011627471659834862+0.00009585248071826972i
1+0i,0.000003484372341181151+0.00015004181744572364i
1+0i,0.00011962709775121687+0.00008962359559886198i
1+0i,0.00014380546587594814-0.00003850352178879028i
1+0i,0.000058364342370026026-0.00013629670392495597i
1+0i,-0.00007079488434556623-0.00012958809650515086i
1+0i,-0.00014503796188409393-0.00002432950674483202i
1+0i,-0.00010831812588081412+0.00009858600797162432i
1+0i,0.000010521595073289211+0.00014548720714244965i
1+0i,0.00012038642512563165+0.00008130609351819133i
1+0i,0.00013775353829236192-0.0000442153505399311i
1+0i,0.000050164632505740976-0.00013506710506606574i
1+0i,-0.00007487531528101658-0.00012240502542132815i
1+0i,-0.00014191823341802053-0.00001671268903540203i
1+0i,-0.00010042924848785369+0.00010082639391815299i
1+0i,0.000017130346314429127+0.0001406824058334456i
1+0i,0.00012068597178779656+0.00007317080889064332i
1+0i,0.00013156175925238325-0.000049454453768915154i
1+0i,0.0000422497163815106-0.0001334370628408042i
1+0i,-0.00007846648051247156-0.00011519906135605207i
1+0i,-0.0001384796355242678-0.000009465571295854989i
1+0i,-0.00009263425053139758+0.00010258928507853126i
1+0i,0.000023306814956210612+0.00013565757438814384i
1+0i,0.00012054706759061667+0.00006523928209680749i
1+0i,0.00012526015390377132-0.00005422432626163803i
1+0i,0.000034635316201390175-0.00013143229362577163i
1+0i,-0.00008157889609592699-0.00010799836018264935i
1+0i,-0.00013475073527546825-0.0000025972148747175087i
1+0i,-0.00008495781263376848+0.00010389153142733914i
1+0i,0.00002904904858807768+0.00013044244722942988i
1+0i,0.00011999185061028343+0.00005753133157066644i
1+0i,0.00011887789217621402-0.0000585301565320058i
1+0i,0.000027335298083927416-0.00012907888382893525i
1+0i,-0.00008422451017882358-0.00010082984772112423i
1+0i,-0.00013076001449342494+0.0000038852000136946064i
1+0i,-0.00007742308569448271+0.00010475107288141961i
1+0i,0.00003435689152345787+0.00012506622776519176i
1+0i,0.00011904314687473349+0.00005006503817325556i
1+0i,0.00011244320253057705-0.00006237874194204718i
1+0i,0.000020361685698824656-0.00012640316992111573i
1+0i,-0.00008641660035979849-0.00009371915666477837i
1+0i,-0.0001265357570667068+0.000009976332443503523i
1+0i,-0.00007005165446120291+0.00010518682503400816i
1+0i,0.00003923191743249393+0.00011955748948918201i
1+0i,0.00011772435122991212+0.000042856737292427006i
1+0i,0.00010598329248000918-0.00006577839996359974i
1+0i,0.000013724681101567554-0.0001234316214160253i
1+0i,-0.00008816966893799236-0.00008669057097747876i
1+0i,-0.00012210594084124731+0.000015672632677449542i
1+0i,-0.00006286350882877176+0.00010521856463573405i
1+0i,0.00004367735702208316+0.00011394408299970267i
1+0i,0.00011605930981034476+0.0000359210184751755i
1+0i,0.00009952427601777578-0.0000687388760673657i
1+0i,0.00000743269246710365-0.00012019072720375896i
1+0i,-0.00008949933655411413-0.00007976697777571999i
1+0i,-0.0001174981344040309+0.000020972288199108687i
1+0i,-0.000055877022759736824+0.00010486681531166338i
1+0i,0.00004769802121332437+0.00010825304915328352i
1+0i,0.00011407220456165685+0.000029270732372300184i
1+0i,0.00009309110805411276-0.00007127124872671834i
1+0i,0.000001492368402387364-0.00011670688561801843i
1+0i,-0.00009042223471917543-0.00007296982667773415i
1+0i,-0.00011273939905103196+0.00002587516427789039i
1+0i,-0.00004910894069049321+0.00010415273398981168i
1+0i,0.0000513002202737144+0.00010251053853903614i
1+0i,0.00011178744024237895+0.000022917004750136215i
1+0i,0.0000867075259321969-0.00007338783202308447i
1+0i,-0.0000040913615017917195-0.00011300629859166346i
1+0i,-0.00009095589771858218-0.00006631909657086296i
1+0i,-0.00010785619620108815+0.000030382739480223005i
1+0i,-0.00004257437125903842+0.00010309799850117391i
1+0i,0.000054491679366637006+0.00009674173742778787i
1+0i,0.00010922953431074683+0.000016869257300543492i
1+0i,0.00008039599806152452-0.0000751020763372191i
1+0i,-0.00000931524023686156-0.00010911487022866596i
1+0i,-0.00009111865436921327-0.000059833269718257726i
1+0i,-0.00010287430048749433+0.00003449803655094759i
1+0i,-0.00003628678816361261+0.00010172469679435483i
1+0i,0.00005728145098379982+0.00009097080031866413i
1+0i,0.00010642301007940145+0.000011135234958552791i
1+0i,0.0000741776796758064-0.00007642846760616255i
1+0i,-0.000014177631433210367-0.00010505811009321754i
1+0i,-0.0000909295200952647-0.00005352931309684263i
1+0i,-0.0000978187187289271+0.000038225549097574674i
1+0i,-0.000030258037936131633+0.00010005521818944903i
1+0i,0.00005967982472739199+0.00008522078917445975i
1+0i,0.00010339229349695599+0.000005721039416928111i
1+0i,0.00006807237569193939-0.00007738242561924029i
1+0i,-0.000018678462294159333-0.00010086104148877522i
1+0i,-0.00009040808977511741-0.000047422666830498555i
1+0i,-0.00009271361495095832+0.000041571164516626666i
1+0i,-0.0000244983543904728+0.0000981121470760225i
1+0i,0.00006169823490783901+0.00007951361940625866i
1+0i,0.00010016161389055585+0.0000006311685085801935i
1+0i,0.0000620985106169034-0.00007798020181821544i
1+0i,-0.00002281916180550855-0.00009654811497138571i
1+0i,-0.00008957443179635106-0.000041527239555611564i
1+0i,-0.00008758224159905356+0.000044542083605894914i
1+0i,-0.000019016379483383982+0.00009591815943897956i
1+0i,0.00006334916642018367+0.0000738700126372272i
1+0i,0.00009675490897780747-0.000004131438888756872i
1+0i,0.00005627310542060764-0.00007823877705661476i
1+0i,-0.000026602594628805444-0.00009214312731275538i
1+0i,-0.00008844898373938444-0.00003585541053067432i
1+0i,-0.00008244687705366959+0.00004714673730902255i
1+0i,-0.000013819190305101522+0.00009349592257390478i
1+0i,0.00006464605935739773+0.00006830945624561197i
1+0i,0.00009319573443002238-0.000008565352785878527i
1+0i,0.00005061176126487922-0.00007817575976153097i
1+0i,-0.000030032991094383727-0.00008766914609945131i
1+0i,-0.00008705245009220794-0.000030418038277511395i
1+0i,-0.00007732876952802419+0.00004939470103948888i
1+0i,-0.000008912331897775294+0.00009086799833023351i
1+0i,0.00006560321281234713+0.00006285016965772892i
1+0i,0.00008950717824169146-0.000012670597226588061i
1+0i,0.00004512864995208603-0.00007780928492780645i
1+0i,-0.000033115873716136066-0.00008314844012535303i
1+0i,-0.00008540570237928868-0.000025224475519045256i
1+0i,-0.00007224808739937782+0.000051296607029777225i
1+0i,-0.000004299855582503449+0.0000880567501964468i
1+0i,0.00006623568831176532+0.000057509077333272166i
1+0i,0.0000857117801335779-0.000016448591027333468i
1+0i,0.000039836510931347675-0.00007715791435960274i
1+0i,-0.00003585798065395708-0.00007860241570525527i
1+0i,-0.00008352968206722322-0.000020282590157407775i
1+0i,-0.00006722387599543251+0.000052864055148363904i
1+0i,0.000000015637539723574738+0.00008508425451654369i
1+0i,0.00006655921331553465+0.00005230178835773712i
1+0i,0.00008183145618896045-0.000019902084505069602i
1+0i,0.0000347466546760497-0.00007624053855801081i
1+0i,-0.000038267186551876375-0.00007405155900837373i
1+0i,-0.00008144530658804472-0.000015598792016644277i
1+0i,-0.00006227402082875384+0.00005410952262217679i
1+0i,0.0000040329482616153665+0.00008197221610143135i
1+0i,0.0000665900852028758+0.00004724258253017025i
1+0i,0.00007788742889448324-0.000023035092593571823i
1+0i,0.000029868972223460954-0.00007507628063568271i
1+0i,-0.00004035242118007687-0.0000695153844816304i
1+0i,-0.00007917337879851364-0.000011178065056335224i
1+0i,-0.00005741521724412912+0.00005504627309542747i
1+0i,0.000007752226478066691+0.00007874188847268096i
1+0i,0.00006634507615378552+0.000042344402808992826i
1+0i,0.00007390016272886168-0.000025852824753660667i
1+0i,0.00002521195064579444-0.00007368440262050171i
1+0i,-0.000042123586307306765-0.00006501238940404396i
1+0i,-0.0000767345001702195-0.00000702400474623045i
1+0i,-0.00005266294641655932+0.00005568826544723629i
1+0i,0.000011174914299977076+0.00007541399894950118i
1+0i,0.00006584133931934824+0.0000376188539543345i
1+0i,0.00006988930541453782-0.000028361612086195512i
1+0i,0.000020782694202047018-0.00007208421449026155i
1+0i,-0.000043591471226724196-0.00006056001458548209i
1+0i,-0.00007414898798112205-0.000003138860277446823i
1+0i,-0.00004803145761124335+0.00005605006278038482i
1+0i,0.000014303685452103553+0.00007200867876284924i
1+0i,0.00006509631665845525+0.000033076207182261954i
1+0i,0.00006587363491933862-0.000030568832058207554i
1+0i,0.000016586950901515965-0.00007029498625920647i
1+0i,-0.00004476766735295467-0.00005617461119554675i
1+0i,-0.00007143679675429867+0.00000047641872699536426i
1+0i,-0.00004353375659158542+0.0000561467419818428i
1+0i,0.000017142381340061043+0.00006854539835348654i
1+0i,0.00006412764880108004+0.000028725410624554047i
1+0i,0.00006187101226741089-0.00003248283125225882i
1+0i,0.000012629144193024922-0.00006833586341525233i
1+0i,-0.000045664482301187725-0.00005187141368153958i
1+0i,-0.00006861744416430349+0.0000038221313505587984i
1+0i,-0.00003918160003695826+0.00005599380424255021i
1+0i,0.000019695944176153443+0.00006504290798359795i
1+0i,0.00006295308727969763+0.00002457410536735283i
1+0i,0.00005789834019130505-0.00003411284654700598i
1+0i,0.000008912409478681594-0.00006622578598387752i
1+0i,-0.00004629485385054982-0.000047664518708446444i
1+0i,-0.00006570994160579525+0.000006899770728001178i
1+0i,-0.000034985495808858946+0.00005560708690939144i
1+0i,0.000021970347556512685+0.00006151918376445041i
1+0i,0.00006159040945080227+0.00002062864682313208i
1+0i,0.00005397152763013399-0.00003546892513313714i
1+0i,0.000005438635137418205-0.00006398341147112384i
1+0i,-0.000046672264183810925-0.000043566870028722314i
1+0i,-0.00006273272959304898+0.000009711965961594006i
1+0i,-0.00003095470888217864+0.00005500267702639508i
1+0i,0.00002397252488298617+0.00005799137917557918i
1+0i,0.000060057336407845914+0.00001689413117305465i
1+0i,0.00005010546005240125-0.00003656184376330558i
1+0i,0.000002208507731721143-0.00006162704191403404i
1+0i,-0.000046810654783807274-0.00003959024916550521i
1+0i,-0.00005970361813278723+0.000012262420979399326i
1+0i,-0.00002709727273775542+0.00005419682690511294i
1+0i,0.00002571029602242115+0.00005447578212429272i
1+0i,0.0000583714541654407+0.000013374426600992102i
1+0i,0.000046313975556432324-0.00003740302762750832i
1+0i,-0.0000007784389391846802-0.00005917455524225522i
1+0i,-0.000046724342353861645-0.000035745271769776535i
1+0i,-0.00005663973218652735+0.000014555850710175666i
1+0i,-0.00002342000599314028+0.000053205872045890946i
1+0i,0.00002719229259350105+0.00005098777756795288i
1+0i,0.000056550138372416524+0.00001007220902624055i
1+0i,0.00004260984667646791-0.000038004469236624814i
1+0i,-0.0000035237712848684024-0.00005664334112959841i
1+0i,-0.00004642793611505189-0.00003204138949001579i
1+0i,-0.00005355746231249012+0.000016597914951647727i
1+0i,-0.000019928534030729587+0.00005204615171251626i
1+0i,0.000028427882267079094+0.0000475418156956614i
1+0i,0.00005461048278842639+0.000006989002029394807i
1+0i,0.000039004767798497044-0.00003837864768654169i
1+0i,-0.000006030100219769307-0.00005405024148915891i
1+0i,-0.000045936256817464635-0.000028486897172162874i
1+0i,-0.00005047242055113573+0.000018395150309268757i
1+0i,-0.000016627315366118015+0.00005073393244253199i
1+0i,0.000029427092460116323+0.00004415138564075927i
1+0i,0.00005256923173536645+0.000004125220654904007i
1+0i,0.00003550934806689737-0.000038538448663611454i
1+0i,-0.000008301022666619176-0.000051411495740314846i
1+0i,-0.0000452642577857469-0.00002508894518823142i
1+0i,-0.000047399401592730524+0.000019954900581352143i
1+0i,-0.000013519672484724167+0.00004928533475455687i
1+0i,0.000030200533795950457+0.00004082899467099147i
1+0i,0.00005044271671101099+0.0000014802187645510971i
1+0i,0.000032133109640966125-0.00003849708553911074i
1+0i,-0.00001034106062724151-0.00004874269095058646i
1+0i,-0.000044426948301324454-0.000021853556673798338i
1+0i,-0.00004435234924006396+0.000021285245963480025i
1+0i,-0.000010607826861531808+0.00004771626329223028i
1+0i,0.0000307593236946607+0.000037586152779465215i
1+0i,0.000048246797328105075-0.0000009476603914617467i
1+0i,0.000028884491139619917-0.00003826802188603047i
1+0i,-0.00001215559818228726-0.000046058716930153846i
1+0i,-0.00004343931960478585-0.00001878564943789685i
1+0i,-0.00004134432815468757+0.000022394931440521547i
1+0i,-0.00000789293786714931+0.00004604234062213189i
1+0i,0.00003111501044694525+0.00003443336257665412i
1+0i,0.000045996806717790054-0.0000031610307250668735i
1+0i,0.000025770856092891055-0.000037864895735998045i
1+0i,-0.00001375081678133208-0.00004337372633182308i
1+0i,-0.00004231627378218106-0.00001588906229356153i
1+0i,-0.000038387500850884736+0.000023293294728464225i
1+0i,-0.00000537514525336806+0.00004427884488023706i
1+0i,0.00003127949811316186+0.00003138011436181439i
1+0i,0.00004370750151178768-0.0000051634073259681084i
1+0i,0.000022798506200502736-0.00003730144587748776i
1+0i,-0.000015133629182960856-0.0000407010997845634i
1+0i,-0.00004107255577847206-0.000013166585543524135i
1+0i,-0.000035493109878147685+0.00002399019412057871i
1+0i,-0.0000030536149030124457+0.00004244065143832474i
1+0i,0.00003126497257613849+0.000028434886231335705i
1+0i,0.00004139301649334597-0.000006959148288384277i
1+0i,0.000019972699180762482-0.00003659144047885324i
1+0i,-0.000016311612401071125-0.00003805341606448832i
1+0i,-0.0000397226887602115-0.000010619995343299856i
1+0i,-0.000032671465110281275+0.000024495936583333053i
1+0i,-0.0000009265875221115136+0.00004054217873832203i
1+0i,0.000031083829062089204+0.000025605149061824763i
1+0i,0.0000390668239826664-0.000008553394695804212i
1+0i,0.000017297670977370498-0.00003574860830114915i
1+0i,-0.000017292940008664003-0.000035442427283437016i
1+0i,-0.0000382809130278147-0.000008250091653235595i
1+0i,-0.000029931936037503572+0.000024821206436962727i
1+0i,0.0000010085700526925987+0.0000385973384190038i
1+0i,0.00003074860142857732+0.000022897376187198296i
1+0i,0.000036741697998479544-0.000009952009109966364i
1+0i,0.000014776662077508666-0.000034786572746375i
1+0i,-0.00001808631414391811-0.00003287903905221685i
1+0i,-0.000036761128655644964-0.000006056739481968671i
1+0i,-0.000027282948937118554+0.00002497699494378363i
1+0i,0.0000027553112620747135+0.000036619489835834095i
1+0i,0.00003027189350202592+0.000020317057571778i
1+0i,0.00003442968321374517-0.000011161512907951292i
1+0i,0.000012411947681812788-0.00003371878896669525i
1+0i,-0.00001870089755540493-0.00003037329555318694i
1+0i,-0.00003517684201564382-0.000004038913116223744i
1+0i,-0.0000247319887785917+0.000024974531114277153i
1+0i,0.000004317854279744495+0.00003462139905117884i
1+0i,0.000029666312729898252+0.000017868718265428748i
1+0i,0.00003214206870020219-0.00001218902280743267i
1+0i,0.000010204871455571719-0.000032558484239545525i
1+0i,-0.000019146246013988325-0.000027934369435304567i
1+0i,-0.00003354111631754675-0.0000021947430259524107i
1+0i,-0.00002228560570024038+0.000024825214026769256i
1+0i,0.000005701124848673895+0.000032615202348726864i
1+0i,0.000028944406394433364+0.000015555940912164042i
1+0i,0.000029889366433787604-0.000013042186914762242i
1+0i,0.000008155882580746458-0.00003131860179236761i
1+0i,-0.000019432241408294745-0.000025570556424069937i
1+0i,-0.000031866526275902485-0.0000005215651294706185i
1+0i,-0.00001994942587729323+0.000024540546941241916i
1+0i,0.000006910697829269274+0.000030612374302831755i
1+0i,0.000028118600615845403+0.000013381392070452047i
1+0i,0.000027681294510893705-0.00001372912062375675i
1+0i,0.000006264575820200611-0.000030011748239180116i
1+0i,-0.000019569025828739933-0.000023289274519105846i
1+0i,-0.00003016511699129601+0.0000009840278994947696i
1+0i,-0.000017728166584886707+0.00002413207347155719i
1+0i,0.000007952737788086348+0.00002862370041075024i
1+0i,0.000027201142353254655+0.000011346852091687368i
1+0i,0.00002552676500409597-0.000014258342684836275i
1+0i,0.0000045297342988787295-0.000028650144769355353i
1+0i,-0.00001956693693202217-0.000021097067633448038i
1+0i,-0.000028448367110453195+0.0000023261336021323592i
1+0i,-0.00001562565524465107+0.000023611316063230077i
1+0i,0.000008833938951378151+0.000026659254273475278i
1+0i,0.000026204044591451373+0.000009453248292997962i
1+0i,0.000023433876365483218-0.000014638711754632816i
1+0i,0.000002949374701556314-0.00002724558220698401i
1+0i,-0.00001943644486382018-0.00001899961351107823i
1+0i,-0.00002672715630739+0.0000035094853011670078i
1+0i,-0.00001364485222997398+0.000022989717005950313i
1+0i,0.000009561464841985108+0.00002472837928916594i
1+0i,0.000025139034880965555+0.000007700691151749828i
1+0i,0.000021409910266107832-0.000014879363725371i
1+0i,0.0000015207945832391397-0.00002580938003712324i
1+0i,-0.000019188091002259324-0.000017001735742852356i
1+0i,-0.00002501173710555099+0.000004539396580826989i
1+0i,-0.000011787877192844442+0.000022278582191427594i
1+0i,0.00001014288791092691+0.000022839674802130697i
1+0i,0.00002401750737796402+0.0000060885132418050806i
1+0i,0.000019461332741442332-0.000014989650121336206i
1+0i,0.0000002406214862559226-0.000024352349473198688i
1+0i,-0.000018832428768610964-0.000015107419685847526i
1+0i,-0.000023311711039078935+0.000005421704993852895i
1+0i,-0.000010056038664407322+0.00002148902780791487i
1+0i,0.000010586129466551993+0.000021000986630029008i
1+0i,0.00002285047850930071+0.000004615310625798361i
1+0i,0.000017593799495139206-0.00001497907783662605i
1+0i,-0.0000008951364423964165-0.000022884760617924737i
1+0i,-0.000018379966734773425-0.000013319832077283982i
1+0i,-0.000021636009130045872+0.00000616271530445411i
1+0i,-0.00000844986667202886+0.000020631930143051468i
1+0i,0.000010899400194331082+0.000019219401872497153i
1+0i,0.00002164854636673084+0.0000032789864134168207i
1+0i,0.000015812165196915396-0.000014857250474251852i
1+0i,-0.000001891038638920801-0.00002141631374845458i
1+0i,-0.000017841114239429322-0.000011641344121644506i
1+0i,-0.000019992876637762186+0.000006769142569943411i
1+0i,-0.000006969148107789068+0.000019717878646575973i
1+0i,0.000011091141549422837+0.000017501247885842035i
1+0i,0.000020421853912958504+0.0000020767961928786704i
1+0i,0.00001412049659506978-0.00001463381153156765i
1+0i,-0.0000027521594187982515-0.000019956114735148066i
1+0i,-0.00001722612970649593-0.000010073557818436963i
1+0i,-0.000018389862016242803+0.000007248055356265209i
1+0i,-0.000005612964576914171+0.000018757132384072607i
1+0i,0.00001116996829202922+0.000015852095290878924i
1+0i,0.00001918005606091445+0.0000010053950415315554i
1+0i,0.000012522089250056975-0.000014318389661062454i
1+0i,-0.0000034840346802029877-0.000018512654582462468i
1+0i,-0.000016545071840660284-0.000008617335288253496i
1+0i,-0.000016833809996637542+0.000007606819373845015i
1+0i,-0.000004379732449727631+0.000017759579992346353i
1+0i,0.000011144612422419435+0.000014276764864459337i
1+0i,0.000017932290666583742+0.00000006088582166853118i
1+0i,0.000011019487682720978-0.000013920546218853982i
1+0i,-0.000004092608308614336-0.00001709379306011499i
1+0i,-0.00001580775385554487-0.0000072728308464119404i
1+0i,-0.000015330858693009544+0.000007853041810191164i
1+0i,-0.0000032672448372340205+0.000016734703226381985i
1+0i,0.000011023868758382432+0.000012779338149815651i
1+0i,0.000016687153454882954-0.0000007611315307156353i
1+0i,0.000009614508719273383-0.000013449725295840261i
1+0i,-0.000004584178569899673-0.000015706746372919542i
1+0i,-0.000015023700870462632-0.0000060395255665006585i
1+0i,-0.000013886440612327962+0.000007994516624545378i
1+0i,-0.0000022727152084427293+0.000015691544167213947i
1+0i,0.000010816542382876316+0.000011363171606595002i
1+0i,0.000015452676877659774-0.000001465510013467517i
1+0i,0.000008308267804928067-0.000012915206408528774i
1+0i,-0.0000049653447712745204-0.000014358078798666923i
1+0i,-0.000014202110591904208-0.000004916264070640073i
1+0i,-0.000012505287433023807+0.000008039171057676157i
1+0i,-0.0000013928223669862247+0.000014638676139533364i
1+0i,0.000010531398173847856+0.00001003091410841002i
1+0i,0.00001423631288290879-0.0000020575051469528774i
1+0i,0.000007101208049292328-0.000012326060008132403i
1+0i,-0.0000052429544604705226-0.000013053698205153302i
1+0i,-0.000013351817375950162-0.000003901293279191212i
1+0i,-0.000011191438400978621+0.00000799501359672088i
1+0i,-0.0000006237565054466175+0.0000135841783675719i
1+0i,0.00001017711261170748+0.00000878452758394312i
1+0i,0.000013044919554887541-0.000002542724422975369i
1+0i,0.000005993131759186698-0.000011691105947725308i
1+0i,-0.000005424051423209779-0.000011798855340063579i
1+0i,-0.000012481259747822785-0.0000029923028499896015i
1+0i,-0.000009948252177450571+0.000007870083620890986i
1+0i,0.00000003873394193466648+0.0000125356143778377i
1+0i,0.00000976222804284346+0.000007625310587144854i
1+0i,0.000011884751566040805-0.0000029270768860426686i
1+0i,0.0000049832342085318185-0.000011018875028179335i
1+0i,-0.000005515824727791572-0.000010598146770942523i
1+0i,-0.000011598451434884017-0.0000021864670359473065i
1+0i,-0.00000877842196023022+0.000007672402938950149i
1+0i,0.0000005992949238867002+0.00001150001413771627i
1+0i,0.000009295109559952095+0.00000655392457287809i
1+0i,0.000010761454363589197-0.0000032167231108734i
1+0i,0.00000407013939031111-0.00001031757372434073i
1+0i,-0.000005525559053282719-0.00000945552133700371i
1+0i,-0.000010710955949637067-0.0000014804876900391055i
1+0i,-0.000007683993687314132+0.00000740992941372689i
1+0i,0.0000010629191448652988+0.000010483859899888682i
1+0i,0.000008783904641927377+0.0000055704226465251836i
1+0i,0.000009680061996389175-0.0000034180258306711275i
1+0i,0.0000032519374923772356-0.000009595052173582622i
1+0i,-0.000005460586524590058-0.000008374289960098709i
1+0i,-0.000009825864739807916-0.000000870638148214215i
1+0i,-0.00000666638712161321+0.000007090512852656778i
1+0i,0.0000014348984505392001+0.000009493075704038084i
1+0i,0.000008236505677709333+0.000004674280549583867i
1+0i,0.000008644998471283444-0.0000035375014602400837i
1+0i,0.0000025262238370328293-0.000008858775489542457i
1+0i,-0.000005328240263616039-0.0000073571386488436065i
1+0i,-0.00000894977890344973-0.0000003528077236660758i
1+0i,-0.0000057264196057232355+0.000006721853326515201i
1+0i,0.0000017207764832018116+0.000008533020469509176i
1+0i,0.000007660515479925138+0.000003864429638158972i
1+0i,0.000007660082512726912-0.0000035817727465571217i
1+0i,0.0000018901390238392111-0.000008115798444667739i
1+0i,-0.000005135809850889521-0.000006406144517729809i
1+0i,-0.000008088794448331132+0.00000007745344993660214i
1+0i,-0.000004864332267587365+0.00000631146206123438i
1+0i,0.000001926301855748544+0.000007608484595513221i
1+0i,0.0000070632158754613345+0.000003139291607500397i
1+0i,0.000006728535585021953-0.000003557522767009213i
1+0i,0.000001340410015990738-0.000007372743546194977i
1+0i,-0.00000489049887657415-0.000005522794632067953i
1+0i,-0.0000072484910567089+0.00000042488948321090656i
1+0i,-0.00000407981845100095+0.000005866625030065545i
1+0i,0.000002057382083215155+0.00000672368996922359i
1+0i,0.000006451539441395981+0.0000024968147133378013i
1+0i,0.000005852993023108918-0.0000034714504822599577i
1+0i,0.000000873391912787162-0.000006635782511508474i
1+0i,-0.000004599384743703861-0.0000047080074798598335i
1+0i,-0.000006433924299044873+0.0000006944939541267146i
1+0i,-0.000003372054139353434+0.000005394369355457895i
1+0i,0.0000021200385002062406+0.000005882293266739949i
1+0i,0.000005832044436064691+0.000001934511239715796i
1+0i,0.000005035518105572996-0.000003330228036664513i
1+0i,0.0000004851101542407238-0.000005910621130529662i
1+0i,-0.000004269380869947529-0.000003962156863204449i
1+0i,-0.000005649621223375094+0.0000008914655318908305i
1+0i,-0.0000027397301367862815+0.000004901432611969515i
1+0i,0.000002120362380924325+0.000005087392417483175i
1+0i,0.000005210892956554034+0.0000014494959633140151i
1+0i,0.000004277618892385527-0.000003140459984444256i
1+0i,0.0000001713029085764755-0.000005202487484973936i
1+0i,-0.00000390720141727776-0.0000032850979946167893i
1+0i,-0.000004899579230949422+0.0000010211642352763399i
1+0i,-0.0000021810857680495305+0.000004394235103406232i
1+0i,0.0000020644724660336837+0.000004341536089167556i
1+0i,0.000004593832335685882+0.0000010385253658147778i
1+0i,0.0000035802676399418196-0.000002908644604506781i
1+0i,-0.00000007253660066484287-0.0000045161234770633456i
1+0i,-0.0000035193286616935896-0.0000026761955777168023i
1+0i,-0.000004187268133513162+0.0000010890685491100933i
1+0i,-0.0000016939438567701347+0.000003878855169287711i
1+0i,0.0000019584740873058438+0.000003646736038143203i
1+0i,0.000003986179773671051+0.0000006980373487421708i
1+0i,0.0000029439225972163703-0.000002641137450971054i
1+0i,-0.00000025111806413609946-0.000003855779603673729i
1+0i,-0.0000031119830977190336-0.000002134353647110942i
1+0i,-0.0000035156352732446894+0.0000011007336117621373i
1+0i,-0.000001275746741581773+0.0000033610075577627026i
1+0i,0.000001808420067018418+0.000003004482158643187i
1+0i,0.000003392810182161297+0.00000042419120928050563i
1+0i,0.0000023685519793458343-0.0000023441172702049522i
1+0i,-0.0000003693125808391741-0.0000032252128960006482i
1+0i,-0.0000026910963548681678-0.0000016580469389588985i
1+0i,-0.0000028871135729696545+0.0000010617506747280813i
1+0i,-0.0000009235930905792478+0.0000028460248843320284i
1+0i,0.0000016202735544663297+0.000002415760054355285i
1+0i,0.0000028181472014853585+0.00000021290764086375537i
1+0i,0.0000018536599087016027-0.0000020235543986101233i
1+0i,-0.00000043211189575723085-0.0000026276879297219562i
1+0i,-0.000002262286985720378-0.0000012453535616780234i
1+0i,-0.000002303632371883307+0.0000009777080228421969i
1+0i,-0.0000006342752768330349+0.0000023388421782730956i
1+0i,0.0000013998729468063924+0.0000018810709467921881i
1+0i,0.0000022661573355170098+0.00000005990852874544158i
1+0i,0.0000013983141085207804-0.0000016851817385782222i
1+0i,-0.00000044458858963419104-0.00000206598079638015i
1+0i,-0.0000018308391677846174-0.0000008939887354777335i
1+0i,-0.0000017666308906836996+0.0000008541535303749802i
1+0i,-0.00000040431708119163364+0.0000018439845015795635i
1+0i,0.000001152899025866391+0.0000014004537271888085i
1+0i,0.0000017403471329432317-0.00000003924368172968822i
1+0i,0.0000010011751304461058-0.0000013344683930902117i
1+0i,-0.00000041185741850864894-0.0000015423859133612876i
1+0i,-0.000001401684344034421-0.0000006013393699206827i
1+0i,-0.00000127707415978601+0.0000006965590143480954i
1+0i,-0.00000023001149326935488+0.0000013655576086236514i
1+0i,0.0000008848444266096913+0.000000973508952128074i
1+0i,0.0000012437633287691604-0.00000008910725789621209i
1+0i,0.0000006605268948669734-0.0000009765960224338467i
1+0i,-0.0000003390379887479913-0.0000010587255374698489i
1+0i,-0.000000979385809957909-0.0000003644992504418361i
1+0i,-0.0000008354712351864413+0.0000005102865319233961i
1+0i,-0.00000010745838731806697+0.0000009072415986883574i
1+0i,0.0000006009855367402727+0.0000005994245777928815i
1+0i,0.000000778995845768273-0.00000009432329782573902i
1+0i,0.00000037430832174929156-0.0000006164379695538874i
1+0i,-0.00000023121894071175958-0.0000006163618357307812i
1+0i,-0.0000005681262382737102-0.00000018030460769833478i
1+0i,-0.00000044189551860246547+0.000000300556753773415i
1+0i,-0.000000032601856572105+0.00000047228749808285717i
1+0i,0.00000030635691055167744+0.0000002770032236844729i
1+0i,0.00000034818354232234386-0.00000005957888751770003i
1+0i,0.00000014014582967952414-0.0000002585411837242263i
1+0i,-0.00000009342380091326075-0.00000021621135674053054i
1+0i,-0.00000017169811619751011-0.0000000453698477312868i
1+0i,-0.00000009600699175550392+0.00000007241953001572207i
1+0i,-0.0000000012669975604248869+0.00000006351669381448603i
1+0i,0.000000005728263665278535+0.0000000046907538143606385i
1+0i,-0.000000046977419241622047+0.0000000104285201478941i
1+0i,-0.000000044613517903865007+0.00000009288904437317604i
1+0i,0.00000006942135129398262+0.00000014123826332787074i
1+0i,0.00000020650294561293828+0.00000004387677385034306i
1+0i,0.0000002029238309015702-0.00000016927325032372383i
1+0i,-0.000000009195944758862026-0.00000031667687318012144i
1+0i,-0.0000002964159011509048-0.00000021939403822064074i
1+0i,-0.00000040522272107871207+0.00000011102533403409992i
1+0i,-0.0000001828684378801794+0.00000043400153938031977i
1+0i,0.0000002525182708046535+0.00000045590953405933345i
1+0i,0.0000005634820884848233+0.00000009115774414866601i
1+0i,0.00000045599043107113613-0.0000004198924211745966i
1+0i,-0.00000005208296572714373-0.0000006663218603983538i
1+0i,-0.0000005958940032489611-0.0000003974288542561438i
1+0i,-0.0000007257067026308713+0.0000002375945029276434i
1+0i,-0.0000002777296390179429+0.0000007613089089357129i
1+0i,0.0000004512248706571471+0.0000007281144644141998i
1+0i,0.0000008966463360988269+0.00000010031135487789937i
1+0i,0.0000006646235003253069-0.0000006750538533964919i
1+0i,-0.00000012560843747628463-0.000000983862139148417i
1+0i,-0.0000008888424107880784-0.0000005318566398411679i
1+0i,-0.0000010079869947208707+0.0000003856064984770424i
1+0i,-0.00000033248603024927357+0.0000010716944568618673i
1+0i,0.0000006610813808118355+0.0000009585322233603862i
1+0i,0.000001203803064168958+0.00000007525742875946259i
1+0i,0.0000008305630438142546-0.0000009306382676061982i
1+0i,-0.00000022547153617595413-0.0000012681470017000515i
1+0i,-0.0000011717277830848948-0.0000006253538669721164i
1+0i,-0.0000012520071400606993+0.0000005506484718307824i
1+0i,-0.000000350571130181661+0.0000013624163913456885i
1+0i,0.0000008778342551629188+0.0000011481852988683827i
1+0i,0.0000014831559068194364+0.00000001996389609582375i
1+0i,0.0000009558295798983416-0.0000011828085084837378i
1+0i,-0.0000003474214843428795-0.000001518419099329537i
1+0i,-0.0000014413567424169374-0.0000006807985593616173i
1+0i,-0.0000014580773724034093+0.000000728451467063416i
1+0i,-0.00000033552987560499853+0.0000016311093918753897i
1+0i,0.0000010974577555425018+0.0000012984143500581495i
1+0i,0.0000017332982092180826-0.00000006158560280976693i
1+0i,0.0000010426946412267392-0.0000014280242589265111i
1+0i,-0.0000004872872122994157-0.0000017343002597263615i
1+0i,-0.000001694882904195764-0.0000007012382641112151i
1+0i,-0.0000016268537325426573+0.0000009149155889754594i
1+0i,-0.00000029098601901301514+0.0000018757836123024532i
1+0i,0.0000013161731569405897+0.0000014108519495505574i
1+0i,0.000001953204147308526-0.0000001654229245037883i
1+0i,0.0000010936507812243232-0.000001663054187921792i
1+0i,-0.0000006410053038489294-0.0000019157753405249002i
1+0i,-0.0000019298113090400727-0.0000006898581683918431i
1+0i,-0.0000017593157041952807+0.000001106133037590128i
1+0i,-0.00000022061029652077918+0.0000020948212102566123i
1+0i,0.0000015304655335920756+0.0000014873954141768897i
1+0i,0.0000021422176458233363-0.00000028762528508701573i
1+0i,0.0000011113812872763062-0.0000018849855411946026i
1+0i,-0.0000008046461097148123-0.0000020631742829466606i
1+0i,-0.000002144000314318263-0.0000006499495534677772i
1+0i,-0.0000018567425564917132+0.0000012984089365737237i
1+0i,-0.00000012808953809549073+0.000002286970505197696i
1+0i,0.0000017370981008882853+0.0000015301789221517923i
1+0i,0.0000023000392351275874-0.00000042434363743926897i
1+0i,0.0000010987297981362612-0.0000020912311984823076i
1+0i,-0.0000009744379262468217-0.0000021771525356638904i
1+0i,-0.0000023356610161231175-0.0000005848787711723318i
1+0i,-0.0000019206885823351764+0.0000014882798977882277i
1+0i,-0.000000017096881778974514+0.0000024513378785889167i
1+0i,0.0000019331241031746235+0.0000015415451136364005i
1+0i,0.000002426710995787859-0.0000005718294342425943i
1+0i,0.000001058670018284927-0.0000022795342356045686i
1+0i,-0.0000011467891511185265-0.0000022586700240099045i
1+0i,-0.000002503354285325597-0.0000004980569198295461i
1+0i,-0.0000019529574232923958+0.0000016725302791554597i
1+0i,0.00000010873675734306242+0.0000025873775399731146i
1+0i,0.000002115896252314475+0.0000015240163693404087i
1+0i,0.00000252259974707249-0.0000007264596611496451i
1+0i,0.0000009942757161646773-0.000002447970043278804i
1+0i,-0.0000013183083421523903-0.000002308968843559235i
1+0i,-0.000002645985513273825-0.0000003929103876626874i
1+0i,-0.0000019555756719508062+0.0000018482061078944763i
1+0i,0.00000024584982422202485+0.0000026948792920888725i
1+0i,0.000002283073736357079+0.0000014802659584639327i
1+0i,0.0000025883786418302164-0.0000008847600378792538i
1+0i,0.000000908691186472929-0.0000025949460677974488i
1+0i,-0.0000014858221199162962-0.000002329549859877959i
1+0i,-0.0000027627971737989984-0.00000027285242201351474i
1+0i,-0.0000019307659418413805+0.000002012626655897367i
1+0i,0.0000003907757398617018+0.0000027739544365355937i
1+0i,0.000002432626831664419+0.000001413089242906273i
1+0i,0.0000026250073353606686-0.000001043426298746223i
1+0i,0.0000008051023490628332-0.000002719199251179405i
1+0i,-0.0000016463908692614586-0.000002322148397908189i
1+0i,-0.000002853359318422707-0.0000001412558722831227i
1+0i,-0.0000018809195931119264+0.0000021633936684603677i
1+0i,0.000000540166881707387+0.0000028250199688641808i
1+0i,0.0000025628391653614924+0.0000013253751193058874i
1+0i,0.000002633710899965095-0.0000011993434780611635i
1+0i,0.0000006867086485364609-0.000002819791260169414i
1+0i,-0.0000017973222094304138-0.000002288709205010394i
1+0i,-0.0000029175581309790796-0.000000001427243462417704i
1+0i,-0.0000018085692991638012+0.00000229839826170528i
1+0i,0.0000006908168267885043+0.0000028487812183008597i
1+0i,0.000002672307687906903+0.0000012200778741779982i
1+0i,0.000002615957659846461-0.0000013496031398856143i
1+0i,0.0000005566959093849982-0.0000028961016044370237i
1+0i,-0.0000019361822166750883-0.0000022313608711610205i
1+0i,-0.000002955582676239243+0.00000014341781446792557i
1+0i,-0.0000017163616354849688+0.000002415825517736507i
1+0i,0.0000008396807692335367+0.0000028462130925975767i
1+0i,0.000002759940427872488+0.0000011001896202362194i
1+0i,0.0000025734361229267398-0.0000014915185057148676i
1+0i,0.00000041821029160269595-0.000002947818754468555i
1+0i,-0.0000020608043974062772-0.0000021523898882145912i
1+0i,-0.000002967909984523276+0.0000002901774680530157i
1+0i,-0.0000016070298669536936+0.000002514156819812761i
1+0i,0.000000983894037240916+0.0000028185400927240285i
1+0i,0.0000028249521126125725+0.0000009687134739770046i
1+0i,0.0000025080311869601925-0.0000016226374477070785i
1+0i,0.00000027433348114276727-0.000002974929378912585i
1+0i,-0.0000021692964236780456-0.000002054214527515255i
1+0i,-0.0000029552886206810027+0.0000004358850120420255i
1+0i,-0.000001483367104004579+0.000002592169982500141i
1+0i,0.0000011207886481918585+0.0000027672152652762553i
1+0i,0.0000028668577493449664+0.000000828637625834875i
1+0i,0.0000024217997970725287-0.0000017407533289970376i
1+0i,0.00000012805923846753324-0.000002977705829489549i
1+0i,-0.0000022600446562086964-0.0000019393587115197596i
1+0i,-0.0000029187208911978108+0.0000005777284432500723i
1+0i,-0.0000013481999912892005+0.000002648937243850626i
1+0i,0.0000012479078542507479+0.0000026938982625705915i
1+0i,0.000002885464271201882+0.0000006829104447465583i
1+0i,0.0000023169462305645267-0.0000018439136863516257i
1+0i,-0.000000017728583148013378-0.000002956692008983415i
1+0i,-0.000002331716493093172-0.0000018104260505119271i
1+0i,-0.000002859443847527324+0.0000007130682216388759i
1+0i,-0.0000012043630848859592+0.0000026838211980619372i
1+0i,0.0000013630186444387798+0.0000026004326814318995i
1+0i,0.0000028808603620029174+0.0000005344167488610553i
1+0i,0.0000021957971825072672-0.000001930426763866058i
1+0i,-0.0000001602764499043211-0.0000029126877642673873i
1+0i,-0.0000023832605947978768-0.0000016700742099879386i
1+0i,-0.000002778909247058191+0.000000839453156819942i
1+0i,-0.0000010546740657737499+0.000002696468757763163i
1+0i,0.000001464122182702156+0.000002488822851680743i
1+0i,0.0000028534045818109875+0.00000038595536347193516i
1+0i,0.0000020607768223651714-0.000001998865919487368i
1+0i,-0.0000002969799030285839-0.0000028467319517595295i
1+0i,-0.0000024139050478840695-0.0000015209897679281026i
1+0i,-0.000002678762635389332+0.0000009546343714273567i
1+0i,-0.0000009019099282470943+0.000002686803244989058i
1+0i,0.0000015494621748561737+0.000002361210244299065i
1+0i,0.0000028037119227268434+0.00000024021807609733036i
1+0i,0.000001914381987642622-0.0000020480719388213598i
1+0i,-0.00000042540058284049055-0.000002760084327144819i
1+0i,-0.0000024231535411274186-0.0000013658637139916144i
1+0i,-0.000002560821714825872+0.0000010565773060510327i
1+0i,-0.0000007487842722831481+0.0000026550147190087555i
1+0i,0.0000016175311703897304+0.0000022198496672295537i
1+0i,0.000002732638930829565+0.00000009977008707375825i
1+0i,0.000001759157675407759-0.0000020771533028577856i
1+0i,-0.0000005432814593307357-0.000002654206414628061i
1+0i,-0.0000024107796382259193-0.0000012073677347369563i
1+0i,-0.0000024270541642211745+0.0000011434717435801566i
1+0i,-0.0000005979258186385038+0.0000026015486574256516i
1+0i,0.0000016670748178942513+0.000002067085413772207i
1+0i,0.0000026412675356608882-0.0000000329679578712464i
1+0i,0.0000015976729865481091-0.0000020854844678774934i
1+0i,-0.0000006485602200920328-0.000002530741513397563i
1+0i,-0.000002376819241075515-0.000001048131420342964i
1+0i,-0.000002279555074506373+0.0000012137398438110416i
1+0i,-0.00000045185825473213763+0.0000025270931143286273i
1+0i,0.000001697094105262386+0.0000019053275246203624i
1+0i,0.000002530887733164058-0.00000015573627875999517i
1+0i,0.0000014324976708075858-0.00000207270222682409i
1+0i,-0.0000007393807792963119-0.0000023914940003864327i
1+0i,-0.0000023215613465920685-0.0000008907205190452804i
1+0i,-0.000002120524162480556+0.0000012660421919447023i
1+0i,-0.0000003129815082291366+0.0000024325644857256095i
1+0i,0.0000017068456277225387+0.0000017370283197633952i
1+0i,0.0000024029792715158117-0.0000002664505542548973i
1+0i,0.0000012661794131020402-0.000002038700231778798i
1+0i,-0.0000008141028842044955-0.00000223840808882813i
1+0i,-0.000002245537208234469-0.0000007376163556817277i
1+0i,-0.0000019522429227212466+0.0000012992818770691124i
1+0i,-0.00000018355453375212243+0.000002319092018007162i
1+0i,0.0000016958399381711408+0.000001564659350825446i
1+0i,0.0000022591924918298846-0.0000003632147467812208i
1+0i,0.0000011012219933658274-0.0000019836217668187157i
1+0i,-0.000000871309808349904-0.000002073546201529576i
1+0i,-0.0000021495080207020965-0.0000005911965204223798i
1+0i,-0.000001777051873841231+0.0000013126066288173142i
1+0i,-0.00000006567968639292203+0.0000021880011997537347i
1+0i,0.000001663838045077725+0.000001390688917954302i
1+0i,0.0000021013284772656054-0.0000004443321228447883i
1+0i,0.000000940064443310255-0.000001907850869424682i
1+0i,-0.0000009098141329791125-0.000001899067116254014i
1+0i,-0.00000203445125271153-0.00000045371692302022384i
1+0i,-0.0000015973280508095132+0.0000013054090520518793i
1+0i,0.000000038711256254105765+0.0000020407961808066677i
1+0i,0.0000016108461334139504+0.0000012175602881776998i
1+0i,0.000001931318664654374-0.000000508314443938255i
1+0i,0.0000007850613140393041-0.000001812001906692614i
1+0i,-0.0000009286616304976003-0.0000017172040381396409i
1+0i,-0.000001901545758283335-0.0000003272952968265002i
1+0i,-0.0000014154628897105387+0.0000012773250105862469i
1+0i,0.00000012786937388449694+0.0000018791413651661967i
1+0i,0.0000015371085935487348+0.0000010476707442617892i
1+0i,0.0000017512040723753807-0.000000553889315743619i
1+0i,0.000000638464158537169-0.0000016969077198610547i
1+0i,-0.0000009271332754792487-0.000001530242750715564i
1+0i,-0.0000017521558015703954-0.00000021389622544642294i
1+0i,-0.000001233840645187275+0.0000012282302215566533i
1+0i,0.0000002002391475615646+0.0000017048423259617274i
1+0i,0.0000014430994518112166+0.0000008833515846006349i
1+0i,0.00000156311429689037-0.0000005800056954586454i
1+0i,0.0000005024043226848736-0.0000015636064570671576i
1+0i,-0.000000904745420196784-0.0000013404999928476355i
1+0i,-0.0000015878141339257886-0.00000011531775333847739i
1+0i,-0.0000010548174739503208+0.0000011582351320486618i
1+0i,0.0000002544672426212699+0.0000015198261914677753i
1+0i,0.000001329512304413815+0.0000007268491855965662i
1+0i,0.0000013692464281098848-0.0000005858375689346853i
1+0i,0.00000037887712774989735-0.0000014133272197610594i
1+0i,-0.0000008612481825532028-0.0000011503022038970245i
1+0i,-0.000001410204264636394-0.000000033179629958468034i
1+0i,-0.0000008807013101938853+0.000001067678158915115i
1+0i,0.00000028940951692460453+0.0000013261216509275283i
1+0i,0.0000011972488636138954+0.0000005803072284278687i
1+0i,0.000001171844030642917-0.0000005707858208440306i
1+0i,0.00000026972751629600817-0.0000012474746528295727i
1+0i,-0.0000007966221046825033-0.0000009619647735494773i
1+0i,-0.0000012211420685371682+0.000000031086774708235i
1+0i,-0.000000713732650597288+0.0000009571173813481483i
1+0i,0.0000003041362527820275+0.000001125838727813332i
1+0i,0.0000010474062313464614+0.000000445750182107731i
1+0i,0.0000009731763340118968-0.0000005344783322325321i
1+0i,0.00000017663722225127344-0.000001067612612189312i
1+0i,-0.0000007110731502910172-0.0000007777719262221558i
1+0i,-0.000001022556874579501+0.00000007624685712405464i
1+0i,-0.0000005560663578700243+0.000000827320783651031i
1+0i,0.00000029793562243598526+0.000000921148466123327i
1+0i,0.0000008812630210582753+0.00000032506812438710487i
1+0i,0.0000007755177701371922-0.0000004767683504975358i
1+0i,0.00000010111351452525275-0.0000008754470464054453i
1+0i,-0.0000006050261179772598-0.0000005999573627341756i
1+0i,-0.0000008164721793657869+0.00000010126945523664506i
1+0i,-0.0000004097545825834874+0.0000006792551527600876i
1+0i,0.00000027031540823955094+0.0000007142626724169429i
1+0i,0.0000007002644530985829+0.0000002200029714132607i
1+0i,0.0000005811279908533371-0.0000003977311870049081i
1+0i,0.00000004447955215108953-0.0000006728082307712501i
1+0i,-0.0000004791165562550548-0.00000043068577408950716i
1+0i,-0.0000006049861286992761+0.00000010533180862126472i
1+0i,-0.00000027673089338789824+0.0000005140737413636803i
1+0i,0.00000022100300954832814+0.0000005074138525603573i
1+0i,0.0000005060065527607623+0.00000013213617619756412i
1+0i,0.00000039223249196175524-0.0000002976593071690668i
1+0i,0.000000007866377518600465-0.00000046163249325443353i
1+0i,-0.00000033418127377243074-0.0000002720353338302233i
1+0i,-0.0000003902519083571858+0.00000008782281204157615i
1+0i,-0.00000015879569570736478+0.0000003331028129316268i
1+0i,0.00000014994377878974856+0.0000003028354776277206i
1+0i,0.00000030021958291667673+0.00000006287794493937842i
1+0i,0.00000021100396340350611-0.00000017705588681805974i
1+0i,-0.000000007793437071026471-0.0000002439435717874004i
1+0i,-0.00000017124754523258444-0.00000012598126653354074i
1+0i,-0.00000017445818260201258+0.00000004834458171972992i
1+0i,-0.00000005760300870712127+0.00000013782718958522166i
1+0i,0.00000005729773913127599+0.00000010274270812575592i
1+0i,0.00000008475084514013577+0.000000013458009170791412i
1+0i,0.000000039544477606410306-0.00000003662691700772124i
1+0i,-0.0000000017704854901635846-0.000000021833741568458133i
1+0i,0.000000008478880245876637+0.000000005619419286372704i
1+0i,0.0000000401902845643471-0.000000013287635769790563i
1+0i,0.000000025351340195565064-0.00000007012507250665241i
1+0i,-0.00000005656525441419591-0.00000009068630027388943i
1+0i,-0.00000013845301571732635-0.000000015082019402543308i
1+0i,-0.0000001201313800189909+0.00000012272805290491972i
1+0i,0.000000026458426547852084+0.0000002025551506301857i
1+0i,0.00000020362685616820895+0.00000012104195528637641i
1+0i,0.0000002514916946911696-0.0000000970471718575071i
1+0i,0.0000000887400546819397-0.0000002889987526335565i
1+0i,-0.00000019107183978164526-0.00000027532839294832867i
1+0i,-0.00000036736406834669473-0.000000021894695515533478i
1+0i,-0.0000002661123430296906+0.00000029992643720247513i
1+0i,0.00000007720886858851408+0.00000042705061065690994i
1+0i,0.0000004126738843425936+0.00000021870652579809215i
1+0i,0.00000045726584103357953-0.00000020269921171993756i
1+0i,0.00000013141320491123038-0.000000516928150363937i
1+0i,-0.0000003454528796881842-0.00000044913260517667453i
1+0i,-0.000000599891378719977-0.0000000063311834608174035i
1+0i,-0.00000039660517193849356+0.0000004937142978787557i
1+0i,0.00000015058897728143418+0.0000006494682484945201i
1+0i,0.0000006339610086792277+0.00000029718961031285733i
1+0i,0.0000006553721756168642-0.0000003298055783156095i
1+0i,0.00000015240553187418031-0.0000007519542549433114i
1+0i,-0.0000005187525141308556-0.0000006101364421108982i
1+0i,-0.0000008338993877857054+0.00000003205589754193928i
1+0i,-0.0000005099481611921765+0.0000007026790825844043i
1+0i,0.0000002465012149723089+0.0000008676302299855367i
1+0i,0.000000865708433676298+0.00000035523390789318494i
1+0i,0.000000843727203628381-0.000000477730956973884i
1+0i,0.0000001509422043931397-0.0000009920422682420052i
1+0i,-0.0000007098384403572635-0.0000007564811566130887i
1+0i,-0.0000010672262524936079+0.00000009351120953276051i
1+0i,-0.000000604623377748998+0.0000009252633036188677i
1+0i,0.00000036464564751503464+0.0000010793833064628188i
1+0i,0.0000011060317420948557+0.0000003917568059082694i
1+0i,0.0000010203210985209603-0.0000006456504847534595i
1+0i,0.0000001264430230502169-0.0000012350993507763373i
1+0i,-0.0000009174133210421896-0.0000008864259404037821i
1+0i,-0.0000012977020226411627+0.00000017807698723901946i
1+0i,-0.000000679267573754545+0.0000011597790413863205i
1+0i,0.0000005045246847503871+0.000001282616305465293i
1+0i,0.00000135295858510537+0.0000004058573659682584i
1+0i,0.0000011832334387166628-0.0000008325586213967308i
1+0i,0.00000007852507575282513-0.0000014789924617033722i
1+0i,-0.0000011400272160875654-0.000000998360953024414i
1+0i,-0.0000015231665299081992+0.00000028559484868260153i
1+0i,-0.0000007326817258693549+0.000001404423152802671i
1+0i,0.0000006654492186187003+0.0000014752769718400704i
1+0i,0.0000016044457178077782+0.00000039682181036839377i
1+0i,0.0000013306479747865008-0.0000010372792120012667i
1+0i,0.00000000700385982903701-0.0000017215661658655035i
1+0i,-0.000001376090928928033-0.0000010908191224745702i
1+0i,-0.0000017414868700330806+0.00000041570907958946823i
1+0i,-0.0000007638391639554323+0.0000016572930630376095i
1+0i,0.0000008465460859860181+0.0000016553880552399353i
1+0i,0.000001858396253469147+0.0000003641275026838289i
1+0i,0.0000014608663443908226-0.00000125847664553862i
1+0i,-0.0000000881071045748753-0.0000019606602839088496i
1+0i,-0.000001623890154482913-0.000001162486660975886i
1+0i,-0.0000019505743643440777+0.0000005678713373915392i
1+0i,-0.0000007718922620146809+0.0000019164030176979253i
1+0i,0.000001046766776005228+0.0000018210625472649862i
1+0i,0.0000021126770110724813+0.00000030744542631666787i
1+0i,0.0000015723206610353806-0.0000014946680080993994i
1+0i,-0.00000020659813550303822-0.0000021941272651853084i
1+0i,-0.0000018816003129571339-0.000001212212249075636i
1+0i,-0.000002148400892744797+0.0000007413467123054276i
1+0i,-0.0000007561776744270636+0.0000021797006720979915i
1+0i,0.0000012648972952397086+0.000001970517979213825i
1+0i,0.0000023651358328021143+0.00000022664117472686374i
1+0i,0.0000016635849117676861-0.0000017442361252499288i
1+0i,-0.00000034806668120760507-0.000002419849167535188i
1+0i,-0.0000021473019515614005-0.0000012390148511681596i
1+0i,-0.000002333014496716024+0.0000009352210752389915i
1+0i,-0.0000007162201105944394+0.000002445083894608725i
1+0i,0.0000014995690978759124+0.000002102089699545571i
1+0i,0.000002613618750878561+0.0000001217744767197999i
1+0i,0.0000017333851082439647-0.000002005443384165316i
1+0i,-0.0000005119219911365723-0.000002635754133094638i
1+0i,-0.0000024189965948950616-0.0000012420901354171991i
1+0i,-0.000002502554157884385+0.0000011484096351529833i
1+0i,-0.0000006517346509969727+0.000002710417662209394i
1+0i,0.0000017492709831683484+0.0000022142430586483275i
1+0i,0.000002855986886667338-0.000000006902710540490426i
1+0i,0.0000017806081450751928-0.0000022764462232650586i
1+0i,-0.0000006973911057211576-0.0000028398322549355053i
1+0i,-0.000002694622924205941-0.0000012208154809439476i
1+0i,-0.0000026552636651682373+0.0000013796666220237558i
1+0i,-0.0000005626276173519698+0.000002973550928266583i
1+0i,0.0000020123618578149965+0.0000023055844373044103i
1+0i,0.000003090132969185502-0.00000015894949922448254i
1+0i,0.0000018043093289476958-0.0000025553101749242664i
1+0i,-0.0000009035260972130283-0.0000030301507355763686i
1+0i,-0.0000029720731659993996-0.0000011747535649399549i
1+0i,-0.0000027895044913853627+0.000001627596005745985i
1+0i,-0.00000044899601897284933+0.000003232333345203675i
1+0i,0.000002287084257266385+0.000002374871064272717i
1+0i,0.0000033139973649769446-0.000000333740709216661i
1+0i,0.0000018037185516477852-0.0000028400253454657096i
1+0i,-0.0000011292124868318259-0.0000032048682451535293i
1+0i,-0.0000032492095714969515-0.0000011036545320128998i
1+0i,-0.000002903767608439057+0.0000018906631562031466i
1+0i,-0.00000031112560650320195+0.0000034846317280728744i
1+0i,0.0000025715785170397834+0.0000024210195776154177i
1+0i,0.000003525583516780808-0.000000530472789201862i
1+0i,0.0000017782450897357914-0.0000031285222160492705i
1+0i,-0.0000013731787571188721-0.0000033622483942550676i
1+0i,-0.00000352388087022242-0.0000010074567575144605i
1+0i,-0.000002996684178728213+0.000002167207345339639i
1+0i,-0.000000149487572897171+0.0000037283461490650152i
1+0i,0.0000028638974829426314+0.000002443113293715121i
1+0i,0.0000037229726944291654-0.0000007481709550524365i
1+0i,0.000001727481023155359-0.00000341868764825438i
1+0i,-0.000001634006872679105-0.0000035006722440467858i
1+0i,-0.0000037939385834949846-0.0000008862862257803634i
1+0i,-0.0000030670350691941036+0.0000024554549884060958i
1+0i,0.00000003526605021812283+0.000003961425557650928i
1+0i,0.0000031620216477078297+0.0000024404081572991934i
1+0i,0.000003904337967932334-0.0000009856974732563894i
1+0i,0.00000165120327446583-0.0000037083809790831173i
1+0i,-0.0000019101437174586156-0.0000036186497842980926i
1+0i,-0.000004057253086805095-0.0000007404545530756536i
1+0i,-0.0000031137591433613907+0.000002753533518628025i
1+0i,0.00000024230824487119884+0.000004181882826303399i
1+0i,0.000003463874600902702+0.0000024123373551496274i
1+0i,0.000004067957319691949-0.0000012417610108766047i
1+0i,0.0000015493742795929471-0.000003995450091777335i
1+0i,-0.000002199913352366744-0.0000037148303181914045i
1+0i,-0.000004311729313906382-0.0000005704556935342294i
1+0i,-0.0000031359602957903688+0.0000030594857873739806i
1+0i,0.0000004706440445675668+0.0000043878091275509i
1+0i,0.0000037673386790822983+0.0000023585145854673625i
1+0i,0.00000421222582016847-0.0000015149269679159128i
1+0i,0.0000014221413099511258-0.0000042777473512155005i
1+0i,-0.0000025015299934238294-0.0000037880117013123108i
1+0i,-0.000004555321999938146-0.00000037696137446458504i
1+0i,-0.0000031329132024760756+0.0000033712848804689755i
1+0i,0.000000719118687682501+0.000004577387554421093i
1+0i,0.000004070270704001035+0.000002278735984025391i
1+0i,0.000004335666799067868-0.0000018036287030032054i
1+0i,0.0000012698344744448363-0.000004553145295709214i
