signal_1,signal_2,signal_3
-0.10677457617417846+0.4884633054233234i,-0.00028470451444964347-0.00020769538054740604i,-0.00000774681497480271-0.000005697690995730547i
-0.29469825043199493-0.4039216461962596i,0.0002095282090563836-0.000266614644618451i,0.000005868411756794532-0.000007420753798635404i
0.4977455537812029+0.04740943794637163i,0.0002977826474077388+0.0003614554028051837i,0.000008309829625689222+0.000009821646023340769i
-0.3656550621068096+0.3410196510491753i,-0.0006496947338656691+0.00014723083868828244i,-0.000017849606962567915+0.000003874535869557177i
-0.012637150569464989-0.4998400624154462i,0.00031917655658932043-0.0008318334456695478i,0.0000088089661929636-0.00002325433767481337i
0.38241945999913424+0.32210673517494515i,0.0006027284357429583+0.000959441249414211i,0.000016687097786707823+0.000026052091992957435i
-0.49471462036336195+0.07250094317405764i,-0.001374303754987973-0.00015033743701792332i,-0.00003789660226970475-0.000004549530990086891i
0.2739104831492072-0.41829728502071706i,0.0011735475297961955-0.0011451177668762827i,0.00003228745895273177-0.00003218247961896908i
0.13132021581371428+0.48244376239934383i,0.00014603801133541834+0.0019013252956350886i,0.000004077283607613487+0.000051777268008285455i
-0.4481323422247534-0.22175876182432602i,-0.0017620338012865953-0.0012746048751283853i,-0.0000486926160789684-0.00003579159510649965i
0.4632096599518393-0.18824401096298676i,0.0023845422397220433-0.0005708241507110896i,0.00006562529831371345-0.00001667061134783368i
-0.16640267522275776+0.47149495449301004i,-0.001251280178711136+0.0024330120959941423i,-0.00003447606567883182+0.00006621556012915716i
-0.24244665648579758-0.4372864031004381i,-0.001124673674636292-0.0028010027941492437i,-0.00003125747344138038-0.00007816944211611789i
0.48805218218112684+0.10864235272547551i,0.0031302604744826326+0.001088737187101567i,0.00008617939213515851+0.00002875530671952332i
-0.4050465933427078+0.29314754254859654i,-0.003132579934950236+0.001796446021235122i,-0.00008641471559325978+0.000048461399292475754i
0.04931642345020876-0.49756170962002993i,0.0007708207884439783-0.0038319517976978423i,0.00002086041248824217-0.00010695509029371632i
0.33961803713287975+0.36695618437450106i,0.002565556396600161+0.0033528996820189364i,0.00007064749215238807+0.00009087820112590386i
-0.49988413566132694+0.010721443303650591i,-0.004519616595277419-0.0002958096330172017i,-0.00012479722281554532-0.000009437995031355238i
0.3235702308230199-0.38118472189649966i,0.003431589336378439-0.0034186506438212477i,0.00009411713996756043-0.00009598871537028809i
0.07060682724592343+0.49498653548279625i,0.00032762030734504247+0.005161144633698935i,0.000008996009232598006+0.0001404919629152128i
-0.41724447276910204-0.2755116493959199i,-0.004344729350625512-0.003354258525801014i,-0.0001201941913863329-0.0000940345524456026i
0.4829445371640878-0.1294735678044322i,0.005717053710188083-0.0011005374736475359i,0.00015711181431548606-0.00003253973012675022i
-0.22347253470214615+0.44727790387249433i,-0.003116583485551984+0.005313795545324099i,-0.0000859589341463455+0.00014453001426927898i
-0.18646773647117257-0.4639284184541743i,-0.002026438832712704-0.006164629919483778i,-0.00005654094632778252-0.0001718993419923323i
0.4708555788090091+0.16820499849217468i,0.006285100643688748+0.0027004721950977294i,0.00017286083370672298+0.00007182205389281509i
-0.43821101630783954+0.24076861541158268i,-0.0064898780704353756+0.003085203135912744i,-0.00017906991017080433+0.00008295319089584801i
0.11051181039100066-0.48763395354606287i,0.0020839020613702916-0.00723532224365989i,0.00005654806849170552-0.00020193036174249418i
0.291595382359918+0.40616409414509463i,0.004243315209382062+0.006659630703830702i,0.00011672926239595834+0.00018064368891005265i
-0.49736852735971165-0.051222907118729066i,-0.008148102225468355-0.001271852395270716i,-0.00022504387701715372-0.00003734406059089606i
0.3682554626797829-0.3382119143845437i,0.006633903186838003-0.005485992104386263i,0.00018187492436296567-0.00015431246589129468i
0.00880793675818839+0.4999194535324576i,-0.0002840228364412465+0.008981650303163032i,-0.000007940259712835016+0.00024447186411886523i
-0.3799419670369186-0.3250288914019493i,-0.006804055100023882-0.006401730079650474i,-0.00018837009900413382-0.000179078830851621i
0.4952547066207007-0.06871264229674971i,0.009683553761046307-0.0008812653857770104i,0.00026601453055169456-0.000027984468258081397i
-0.27710677285086105+0.4161844621450663i,-0.005966658297173909+0.008156577111934338i,-0.00016458364106984434+0.00022165937963051683i
-0.1276221002423645-0.4834381027022505i,-0.0022310910061783427-0.010231389078035157i,-0.00006270922128299904-0.00028516435548846627i
0.4464201211540489+0.2251816698366766i,0.009488071076634205+0.005306487858482292i,0.0002608572522403796+0.0001420912152111982i
-0.46463846712475454+0.18468813384896726i,-0.010615747969463952+0.0037352684168800885i,-0.00029294476827817627+0.00009973449842826938i
0.17000820337378883-0.47020942173093905i,0.00439218778757266-0.010773674563655833i,0.00011957885366574035-0.0003008145039259145i
0.239089787342786+0.43912768912942834i,0.00534587555885118+0.010795465871440113i,0.000146970869888552+0.0002931043830874518i
-0.48720646996837097-0.11237978678401753i,-0.011999431603351773-0.003236054309444602i,-0.0003315103394932111-0.0000925946652041877i
0.40727919599698026-0.2900395187032916i,0.010719462718558904-0.007046836590382978i,0.00029393011481497743-0.00019887611999930843i
-0.053126370615316415+0.4971666787529105i,-0.0018698053031078598+0.013112548803029624i,-0.000051721541763943747+0.0003569002370575214i
-0.33679830704630564-0.36954921866440404i,-0.008831199305536741-0.010380370599448888i,-0.0002447321603772637-0.0002899237528937089i
0.4999509139891716-0.006895361987082176i,0.014046074079148986+0.0002906484527393533i,0.0003858300546746293+0.000002649513693987265i
-0.3264808265322135+0.3786926542948814i,-0.009790116791801019+0.01064594953031389i,-0.00027006800620202293+0.00028897150053615984i
-0.06681443003341103-0.49551551746584965i,-0.0015127996843134202-0.014777789810472503i,-0.00004352398982721758-0.00041181360432111287i
0.4151214755500267+0.278696417655134i,0.012419413090575383+0.008921501667059992i,0.00034138835243531425+0.0002400392469370949i
-0.4839226549148563+0.12576826910397892i,-0.015303065409880153+0.003499522893410736i,-0.00042236387624667416+0.0000920239849241742i
0.22689091554717158-0.4455559957947717i,0.007737402723807252-0.014125115327074625i,0.00021114295208387294-0.00039471837857803325i
0.18290846366153796+0.4653401929433306i,0.00560614310298164+0.015571609513646653i,0.00015401072107946916+0.0004231311217848751i
-0.4695541931310374-0.17180898081702484i,-0.015751636284609644-0.006257732787789356i,-0.0004353321253717733-0.00017709014865258235i
0.44004148691300454-0.23740812860508925i,0.015519935051786747-0.007815471373088105i,0.0004256833189020812-0.0002217529026872957i
-0.11424392796555516+0.4867705318088127i,-0.004526778667983205+0.017234069876524132i,-0.00012504322154765278+0.00046901728069055794i
-0.28847677567100205-0.4083881836743602i,-0.010123105834813467-0.01514420345787291i,-0.00028090521658859555-0.0004225290981044225i
0.4969609606215491+0.055027905368579155i,0.018489635178341995+0.002540090988849867i,0.0005078930154459949+0.00006287748587072428i
-0.3708356279197599+0.33537887263677707i,-0.01446485088633085+0.01246311446428834i,-0.000399060732884817+0.0003377061202482334i
-0.004979572036089397-0.4999749867412791i,0.00028133891251545204-0.01949611104258609i,0.000005268730664634673-0.0005433190355438999i
0.37744082174861115+0.3279265158337176i,0.014746633715591366+0.013448830732829325i,0.00040527619984651324+0.00036306825791665773i
-0.49576710804134116+0.0649148445865201i,-0.02025356408635605+0.002197232886513897i,-0.0005590911629356823+0.00005485595566726603i
0.28028544231870994-0.4140526930765165i,0.012050008469060266-0.016945481882656575i,0.00032935228989880314-0.0004740758087625281i
0.12391513288800829+0.48439861926479333i,0.00481624669338516+0.020701627884598908i,0.0001320936672156825+0.0005628669312642285i
-0.44468307977885874-0.22859683547092452i,-0.01905074094496025-0.010295888452020053i,-0.0005267050117954521-0.0002896657923902719i
0.4660386538562458-0.1811268896209558i,0.020763400842538703-0.0075575964946054865i,0.0005696339035210886-0.00021639113625244893i
-0.17360512495154132+0.46889084119460295i,-0.00824340048047636+0.02098460072233889i,-0.0002275936849811716+0.0005708632183495228i
-0.23572025944870692-0.4409486831649535i,-0.010419630266592577-0.020438288876743416i,-0.00028966024485039844-0.0005697909127583618i
0.48633081352347024+0.11610516258844827i,0.02264761437103745+0.005885927430742708i,0.000622056964708095+0.00015329340469942549i
-0.40948927426962334+0.2869090154644296i,-0.019754988427650267+0.013323066931655157i,-0.0005450232534267887+0.000360008532683816i
0.05693183575739766-0.4967479514494758i,0.0032017181707948545-0.02401725306116093i,0.00008509230393716957-0.0006693879089328085i
0.33395745534835+0.3721151096920069i,0.016161401271764794+0.01867391524811551i,0.00044397131893803373+0.0005052929319500359i
-0.49998973201085056+0.003063409906883672i,-0.025097943973135372-0.0002542515456722647i,-0.0006928668539905692-0.000014015206106409436i
0.32937090583133993-0.3761838396895303i,0.017139298118750687-0.018904631631946365i,0.0004689330962562976-0.0005296541236773568i
0.06301674788561706+0.496009967273251i,0.0028611099037801828+0.025818605668903254i,0.00007802765775487734+0.0007021826717781732i
-0.41297549393799615-0.28187030447573136i,-0.02154613278335649-0.01518590774365641i,-0.000595870673798672-0.00042569117708607954i
0.4848710210550397-0.12206105940263269i,0.02608837211491227-0.006125510138989754i,0.0007157495395984918-0.00017861667651000065i
-0.23029735320082736+0.44380248605995815i,-0.01288291400479921+0.023994824760257678i,-0.0003555615514680057+0.0006522305988947263i
-0.17933982757698053-0.466730137869678i,-0.009540065547450039-0.02590944325471606i,-0.0002659545445609806-0.0007218209406181423i
0.4682238986656809+0.17539741889849916i,0.026134349242974156+0.010221154396047077i,0.0007176053204341983+0.0002709871237413146i
-0.4418475113707099+0.2340282496496807i,-0.02531818247447478+0.013012172978840357i,-0.0006984145599482561+0.00034999975610343115i
0.11796797849204191-0.48588402345096515i,0.007173269573967354-0.02794151313451813i,0.00019387028498610428-0.0007788249254476558i
0.28533988180826264+0.4105828517308052i,0.01641787543443061+0.02426807176480534i,0.0004506451061495411+0.0006576275221449869i
-0.4965256089614826-0.058835142095794137i,-0.029424541088436274-0.003813588630520385i,-0.0008122123406256943-0.00011336345357915787i
0.37339267499199796-0.33253162457896057i,0.022693533691502926-0.019725219003441034i,0.0006212129697571043-0.000553661120235324i
0.001149549479070755+0.4999957261915301i,-0.00025285665780206887+0.030501445987794338i,-0.000007986301236618604+0.0008294172879574794i
-0.3749189023338139-0.3308103710947278i,-0.02292947678123042-0.02063603209215256i,-0.0006342290895196982-0.0005769560167727797i
0.49624906308113875-0.0611187054069727i,0.031067474697914387-0.003489393421386214i,0.000852135124527169-0.00010753668262291161i
-0.2834490365865837+0.4118911702671542i,-0.018176123458430712+0.02592646435068721i,-0.0005014186394209344+0.0007037736416333237i
-0.12020226268118797-0.4853361883380496i,-0.007416809757266415-0.031127074442596717i,-0.0002079031711180967-0.0008665382997261144i
0.4429185885025356+0.2319931258078441i,0.02858339729556439+0.015301979783744729i,0.0007843494172808428+0.0004092238410855735i
-0.4674128695021333+0.17754955458099136i,-0.03072338887420199+0.011423994611397939i,-0.0008471987775283537+0.0003048094770368678i
0.17719049748052282-0.4675502228220345i,0.01198086898840314-0.030876054426316434i,0.0003256031639450691-0.0008606111593247672i
0.23233553896507686+0.4427383457984809i,0.015370449139987256+0.02980302067839786i,0.0004212783582792774+0.0008082035882656248i
-0.48542799569833167-0.11982919420912201i,-0.03281570275230819-0.00829722172279343i,-0.0009054805788299441-0.00023796640963380996i
0.4116739670344027-0.2837671490535494i,0.02829104914557583-0.019222102405061933i,0.0007744442041842354-0.0005408830447172616i
-0.06073532714379029+0.49629461967845045i,-0.004375968613795343+0.034309853841589244i,-0.00012172873457791877+0.0009323911910905014i
-0.3310983801650651-0.3746646395405583i,-0.022975526198586935-0.0262348802506247i,-0.0006355177763361673-0.0007318951041835075i
0.4999978559616063+0.0007632555699186409i,0.03524074654459072+0.00023742444910513234i,0.0009660015533828884-0.000006264281211748933i
-0.33224303068230965+0.3736474926492168i,-0.023725198478786128+0.02651422384586871i,-0.0006540411564808841+0.0007182210548953787i
-0.05921673505421984-0.49648078849455546i,-0.004124007344275887-0.03561450780034856i,-0.0001175991011948946-0.0009905863667617567i
0.4108039223239219+0.28502219109138494i,0.029690330488122398+0.02074778879813171i,0.0008138681598461689+0.0005574574174753593i
-0.48579231144328544+0.11834122356445448i,-0.03547994115741576+0.008591186773407412i,-0.0009777005307180058+0.00022548811081448804i
0.23368891636099984-0.44202841011810223i,0.017265358204699863-0.032478263389789444i,0.0004702718922836348-0.0009051634919539758i
0.1757593060582762+0.468087239109101i,0.01300876106710864+0.03477743633098929i,0.000355663060762836+0.0009431556043497323i
-0.4668675049329395-0.178981034839426i,-0.03489141439058305-0.013371367139252535i,-0.0009621250342303627-0.00037839716026638435i
0.443626252255653-0.23064010939474128i,0.03342400465542498-0.017340315836206533i,0.000914513483416023-0.0004897728687094766i
-0.12168647501340604+0.4849635478802801i,-0.00920315302470371+0.036827929702406184i,-0.00025463737632291494+0.0009996757169519687i
-0.2821876162629514-0.4127589021728232i,-0.021582883967242235-0.0314721424652752i,-0.000596979525212018-0.0008762156385666936i
0.49605976642853344+0.06263346138309833i,0.03815888222036861+0.0047821946477376856i,0.0010449289022523734+0.00011763837288940428i
-0.3759291853933663+0.329659404631646i,-0.02902105536823895+0.025609151809388383i,-0.0007992444506790248+0.0006916172806835081i
0.0026791747641713437-0.49999260325960093i,0.00010197965145356935-0.03889155864542329i,-0.0000016736236590023585-0.0010805819228337113i
0.37237362523514417+0.3336693554312834i,0.029258483572532874+0.026054962948034964i,0.0008008196495413794+0.000701764545036602i
-0.49670327495741773+0.057313514838580396i,-0.03907912630223095+0.004710190648453426i,-0.0010758272061401305+0.00011768417162969721i
0.28659463859704276-0.409710953100201i,0.022533550933782388-0.03250365232146284i,0.0006141675560935343-0.0009057115982109562i
0.11648097592314441+0.4862398223333029i,0.009486604474989578+0.03865718828101017i,0.000258200401123146+0.0010478058710267463i
-0.44112948231413457-0.23538127422123964i,-0.03535911273536193-0.018557967504445303i,-0.0009741308697869365-0.0005212441207488563i
0.46875830196609475-0.17396727116080873i,0.037536935223581785-0.014188169313826413i,0.0010260832355195165-0.00040336977915084106i
-0.1807668421382336+0.4661767126581151i,-0.014275630502692569+0.03771562221343828i,-0.0003939062406937876+0.001022069756065442i
-0.22893855592012596-0.444507504645155i,-0.018811259117884834-0.035775073534291865i,-0.0005203974392589846-0.0009939866452157754i
0.4844953379625409+0.12354073060939684i,0.039436016069689966+0.009709946641213728i,0.0010783845971048252+0.0002521309601191734i
-0.41383587762969426+0.28060317117288414i,-0.03347743759444828+0.023219985289106928i,-0.0009208046241927592+0.0006244696425167388i
0.06453389018206004-0.49581764262422784i,0.004855071103454369-0.04052831769461794i,0.00012854592580216202-0.001124667688471149i
0.32821851771590416+0.37718672606717485i,0.0272442717989919+0.03062817614716247i,0.0007442030910358769+0.000825786708286511i
-0.49997801685268073-0.004595342572245067i,-0.04104863544301288+0.00015362195112759321i,-0.0011286395857370434-0.000008066120784105743i
0.3350943011246552-0.3710946945435489i,0.02718634862249087-0.030855012030422405i,0.0007407490189405665-0.0008596727835517843i
0.055411882952059344+0.496917020919476i,0.005139351417003671+0.04093008416171628i,0.00013833346121831767+0.001108241202099682i
-0.4086096195753191-0.2881628252120976i,-0.034066520609639876-0.023259238049406147i,-0.00093749069138954-0.0006498759715273939i
0.4866837405508971-0.11461991237997057i,0.0400813635064421-0.010059842473786534i,0.0010941699428966946-0.0002898806309035186i
-0.23706813757363204+0.4402229394397774i,-0.019001527305069515+0.036765043122449416i,-0.0005231393269132803+0.0009941687486558777i
-0.17216984061892485-0.46942234964986945i,-0.014909358099864526-0.0385625391276926i,-0.00041282009559099486-0.0010692094984630154i
0.46548236000818966+0.18254868583964629i,0.038809248698144456+0.014439793461790095i,0.0010593866458295808+0.0003812252123432857i
-0.44538033671847777+0.22723297398840048i,-0.036483962499437+0.01954641971939113i,-0.0010019996135796126+0.0005226168741939356i
0.1253964679228302-0.4840200916828061i,0.009571075942625299-0.0402075923544895i,0.00025744151593231235-0.0011142643223294667i
0.27901743245244004+0.4149052747650328i,0.023795850946077272+0.033831972079314834i,0.0006483807397135656+0.0009122267866884661i
-0.4955661918358022-0.06643357302213808i,-0.04101761123044749-0.0045362773345976985i,-0.0011261732898284005-0.00013661246853548736i
0.3784422788498216-0.3267733138660272i,0.03056832824069615-0.027626446688231724i,0.0008320910561355998-0.0007698295421900155i
-0.006509107596646468+0.49995468553575406i,0.0004827687290692699+0.041173153453971885i,0.000010424855740284991+0.0011131912267105738i
-0.3698078712408814-0.3365142337344079i,-0.031051028736919565-0.02680474900665047i,-0.0008535251787770336-0.0007458305785098839i
0.49712698553930723-0.053510428678595845i,0.04058487084266701-0.005439862255540714i,0.0011060783548312405-0.0001627194850743708i
-0.2897247953235837+0.40750123686960543i,-0.02269996657934777+0.03395509716820301i,-0.0006236544906237448+0.0009158227376152056i
-0.11275422238436492-0.4871204008382408i,-0.010325327037407116-0.03931540461946231i,-0.0002867586767174256-0.001087798705506618i
0.4393131346710187+0.2387501493766579i,0.03619833108924677+0.018285522012115512i,0.0009861063945502547+0.0004861873510966982i
-0.4700776038157177+0.17036931689656037i,-0.037477362378786565+0.014995756484525474i,-0.0010276101065259478+0.00039758691125162387i
0.18433121765617907-0.4647813238629315i,0.0135642334181048-0.037789418796109406i,0.00036620385716471015-0.0010458150779475513i
0.22552677808583121+0.4462451233369839i,0.01927612021423342+0.03506233338423936i,0.0005236143320042864+0.0009448531962814241i
-0.4835356265115782-0.12725048667141697i,-0.038785750363689274-0.00867961991518552i,-0.0010633042099905399-0.0002491769717529653i
0.41597214775467706-0.2774282000075239i,0.03203903942793819-0.023132857131293254i,0.0008708896426124471-0.0006450511313168851i
-0.06833003354440789+0.49530611567233807i,-0.0038139593879517085+0.03912601960493016i,-0.00010708958630591161+0.0010560028607086267i
-0.3253207684152061-0.37969215392458366i,-0.02657577754169746-0.028521855138042614i,-0.0007297776618385396-0.0007908094244521331i
0.4999274843600181+0.008421693725155208i,0.038728312476340586-0.00098157409939603i,0.0010534886524543844-0.00003981637155859028i
-0.3379272813967328+0.36851466252127524i,-0.024670070249051615+0.02949419145185093i,-0.0006764356495656958+0.0007932011815315389i
-0.051605146251387624-0.49732957155247537i,-0.005691134324366141-0.03765714507397586i,-0.00015964744249075382-0.001039773705722227i
0.40638998291751377+0.2912810900220745i,0.03175491412945298+0.020522567398900685i,0.0008631174808047605+0.0005474290879971402i
-0.4875479875763276+0.11088641154040499i,-0.036025047206586835+0.010173586594038162i,-0.0009861871350226462+0.0002662155293979667i
0.2404320871330682-0.4383971125229499i,0.016091504127989282-0.03336673302223218i,0.0004346609391884216-0.0009222194459064592i
0.16856891032150836+0.47072445858433587i,0.014259992015045672+0.03383267878555435i,0.00038586681819679196+0.0009108264098544013i
-0.46407127662884173-0.18611109522131353i,-0.034385270117289785-0.011519866618027369i,-0.0009413461938561557-0.0003251080570505292i
0.44710693038057053-0.22381797587884827i,0.031060823040669868-0.01791406337676381i,0.0008428479634910524-0.000500288893537132i
-0.12910047108784853+0.4830427776067405i,-0.006985387519036247+0.034758937699735655i,-0.00019334767662912116+0.0009363927689097297i
-0.27583224782069804-0.4170327761987358i,-0.021140899717398413-0.027824728866942972i,-0.0005801928554401583-0.0007691112473366712i
0.49504218264754224+0.07022432151357935i,0.03441958155810538+0.0025456242374627003i,0.0009343721733869822+0.000057904719689249866i
-0.38093453943645755+0.32386258898108644i,-0.024280637800489363+0.02383876745108021i,-0.0006645805562299649+0.0006391559694462228i
0.010337292874920273-0.4998929078370838i,-0.0017747759474403442-0.03343297162430516i,-0.00005244474908936706-0.000921332280551573i
0.3672190593648861+0.3393339065367089i,0.025888415198314713+0.020477716167673545i,0.000701962675437538+0.0005469501730615485i
-0.4975229014606267+0.049698737414987995i,-0.031909238009453736+0.0058414730453428135i,-0.0008722556144054735+0.00014937986168639451i
0.2928365916701403-0.40527308378551197i,0.01644160950952187-0.027298592620987168i,0.0004437144781237097-0.0007536080640342449i
0.10901948918045767+0.48796693960709087i,0.009497951905461684+0.029862562728021635i,0.00025569771324746563+0.000803018115173049i
-0.43747238360402585-0.24211048625601791i,-0.028121503503199727-0.012311555199045235i,-0.0007690170020658181-0.0003442977751339944i
0.4713679661758058-0.16676683542946186i,0.027291535294574783-0.012704634661410561i,0.0007391144778543472-0.00035564703397547326i
-0.18788614644349827+0.4633532056940804i,-0.008255650618641275+0.028320680772439145i,-0.00022742522271858087+0.0007615992426748653i
-0.22210313707754947-0.447962032541898i,-0.0154600216393539-0.024310574353174533i,-0.00042435690945177244-0.0006701788642377327i
0.4825461861522877+0.13094731219591305i,0.027848585998504125+0.004339636600682499i,0.0007543417919084242+0.00010881865527896877i
-0.41808538358809455+0.2742314892015565i,-0.021069349415736786+0.0176767821025839i,-0.0005759254367977668+0.0004726357459870757i
0.07212080306941734-0.49477100142077945i,0.0005999538537067294-0.02677168487387845i,0.000012587566194134158-0.0007363974380337492i
0.3224025707509658+0.38216984355682937i,0.019256674388063028+0.017630739055509548i,0.0005207655074738949+0.0004710237182811173i
-0.4998489929355219-0.012253017176005937i,-0.025195491155786214+0.002840416170785639i,-0.0006880359455749811+0.00006986174032956003i
0.34073907383421076-0.36591848051447196i,0.014038465924470077-0.020208190072318055i,0.0003780851411384696-0.0005571595735448784i
0.047794016759453495+0.4977074836012946i,0.005843701485994008+0.02315258234053493i,0.00015624040609861706+0.0006218977712318075i
-0.40414787403741453-0.2943877352035018i,-0.020578454075461893-0.010424940560841922i,-0.0005624504778442785-0.0002899745110859661i
0.48838227033692205-0.1071518726378444i,0.020665457061708813-0.008366197895721433i,0.0005583399684869565-0.0002344892841649607i
-0.24378329920500594+0.43654010387379527i,-0.006943767140529396+0.02035173346066685i,-0.0001911459545172285+0.0005465901387166289i
-0.1649594578766623-0.4720044221265009i,-0.010397741098062942-0.01784616401567924i,-0.00028573338291682285-0.000490819880671234i
0.4626316060782508+0.18965712142819996i,0.01950808175295699+0.0036710580728440937i,0.0005270708480426807+0.0000934091775975319i
-0.44880866345141973+0.22038438278963893i,-0.014834575187318975+0.011870787088440778i,-0.0004054060605648357+0.0003170604629027567i
0.13279553575179273-0.4820425955721577i,0.0006583227573139127-0.018114141955703954i,0.000014690266076894018-0.0004972497930383105i
0.27262951771606003+0.4191303490863324i,0.012714987177891419+0.011711060780100641i,0.0003427670140733539+0.0003126853066830017i
-0.4944905010887862-0.07401641709315564i,-0.016268797293517906+0.0019870955680980178i,-0.00044427820274012383+0.00004955855501929849i
0.38340308947483087-0.3209383333066348i,0.008542241819140279-0.012938190745664126i,0.00022892863646030244-0.0003558108741638409i
-0.014166237533617454+0.4997963411944162i,0.004152024519016232+0.014028039048899857i,0.0001104564818055293+0.0003765656363633209i
-0.3646100729490942-0.342139141035141i,-0.012580797029281537-0.0054509811783719185i,-0.00034408046371261456-0.0001514358916581803i
0.49788826801002145-0.04588959722632569i,0.011444380230241039-0.005787469651557496i,0.00030791648823961663-0.00016075236975786897i
-0.2959325765931781+0.40301569195368714i,-0.0025721158091743467+0.011653255883462407i,-0.00007190925761576999+0.00031312741294951704i
-0.10527972687064921-0.4887903215766247i,-0.0068723880791305885-0.00862621014342547i,-0.00018904336059381784-0.00023664943819564602i
0.4356046055998971+0.24545115515623256i,0.010169841811151525-0.0000053370953252903595i,0.0002735544338126345-0.000002822001021639542i
-0.4726320448442414+0.16314910548043873i,-0.005700891063422314+0.007363947051745074i,-0.00015669301798471315+0.00019778131681251303i
0.19142868848790695-0.461903374514838i,-0.002211358580905272-0.008196872053991791i,-0.000062410583705496-0.00022399305500599633i
0.21866510223095548+0.4496471989567581i,0.007225878179195215+0.0027702293285464924i,0.00019388681983718216+0.0000735553922667719i
-0.4815298064108968-0.13464192292793906i,-0.0058248802580644745+0.00395790718503668i,-0.00015993348269357967+0.00010643990889770085i
0.42017272968428326-0.2710241588601139i,-0.00007145684302886171-0.00646477457009587i,-0.000004156169977395284-0.00017593342150176199i
-0.07590870788644136+0.49420139866528556i,0.005161354326809648+0.0031381156630759513i,0.00013805113005490053+0.00008463510431938923i
-0.3194668273861835-0.38463058222086594i,-0.005112709012408223+0.002713008427877978i,-0.00014044408979343884+0.00007376379196856535i
0.499739815695555+0.016078155594646187i,0.00022482221446651042-0.005765900017831845i,0.000004078725825670084-0.0001558346576542027i
-0.3435322449911408+0.3632953682166933i,0.0050417178650504+0.003211204097091723i,0.0001349532592386598+0.00008771097492458832i
-0.04398144951672589-0.49806166749134384i,-0.005737317158866679+0.0028112372393286475i,-0.00015714251438954212+0.0000775857984380576i
0.40188069296455137+0.2974716459343029i,0.0008145622157311498-0.0069528731530415985i,0.000020209382183912795-0.00018683755627781916i
-0.4891892713832145+0.10340558213942118i,0.00585722303248006+0.005061566024613082i,0.00015725835209527705+0.00013896237348631193i
0.2471188457267459-0.4346629550133856i,-0.008354493068920412+0.002011734419286134i,-0.00022783575636315656+0.000057177377945556584i
0.16133896351936255+0.47325123260352076i,0.003741475454962521-0.008786007145484121i,0.00009962611714377217-0.00023538209051192311i
-0.4611661642921823-0.19319748905092354i,0.005186848150998267+0.009180591163406313i,0.00013939293345947677+0.00025174105562978495i
0.4504827046232317-0.21694332872091202i,-0.011471081099710172-0.0017814995455934064i,-0.0003121211845702749-0.00004427351394667089i
-0.1364841766578566+0.4810086716546702i,0.009380723569682925-0.0085939325501118i,0.00025253783380122533-0.00022911612255573408i
-0.2694121614915904-0.4212088029816097i,0.000796128239678855+0.013814417609907075i,0.000020817810814038886+0.0003785815231465264i
0.49390844803221673+0.0777987047317378i,-0.012104075893842908-0.008890442024168319i,-0.00032923794199190567-0.0002355440490941513i
-0.3858505156528561+0.3179897857803257i,0.015727630121851837-0.003914848309719553i,0.000424716529882031-0.00010134142191525053i
0.017992985487267937-0.49967592386506515i,-0.007660025353266418+0.015618742018083335i,-0.00020787346446229704+0.0004289330301279675i
0.3619783335432867+0.34491884008773216i,-0.007475777713814518-0.01708740170525271i,-0.00020395224655705288-0.0004563757611243803i
-0.49822579524364613+0.04207229895569389i,0.019040797652400847+0.005707145624662167i,0.0005148988461640019+0.00016035501592243247i
0.2990098370010751-0.4007401263808237i,-0.01777651293958606+0.011414801739326155i,-0.0004816487199911056+0.0003166904263210067i
0.10153242333361395+0.48957956585609597i,0.003077185845416483-0.022214216055827206i,0.0000817753340349268-0.0005942250535795084i
-0.4337126417062657-0.24878289271373916i,0.015661698953845504+0.0177526628965603i,0.00042401843015831247+0.0004878520032287015i
0.47386703418510107-0.15952727185070592i,-0.024976407805528563+0.00022869036176344755i,-0.0006766686964690577+0.000015390195270496153i
-0.19496136747924855+0.46042098277627375i,0.017000648825248814-0.020063504505534756i,0.0004589206805351666-0.0005351629348717534i
-0.215215606701587-0.4513114563262326i,0.004199458799808305+0.02724308698489601i,0.00011432231525596891+0.000746435264101669i
0.48048381541828966+0.13832316955661794i,-0.024446842054260613-0.015445285877448324i,-0.0006626443748566059-0.00040758179385835423i
-0.4222367950917655+0.26779546452540454i,0.02895105720897199-0.008720783873330726i,0.0007829461012753339-0.00022725162354844135i
0.07969079431731874-0.4936082734104566i,-0.013019169823801571+0.028718631199301355i,-0.00035137522880240304+0.0007882948592447895i
0.316510979037504+0.38706329298211006i,-0.013646251690509379-0.02995555334504298i,-0.00037066399691268866-0.0007993637695126821i
-0.49960269053199624-0.019907817199568613i,0.03279774525841402+0.009773225286154647i,0.0008879314906001497+0.00027445013066375724i
0.34630389953830887-0.3606564120870127i,-0.030111242839832134+0.01891368111134962i,-0.0008140089883087127+0.000524903454246296i
0.04016493667246182+0.4983811698540329i,0.0057970245842945845-0.036496253534464514i,0.0001554144882200333-0.0009757654686965786i
-0.39959130417468675-0.3005435739118002i,0.024463934169189683+0.02939992164602815i,0.0006634131235044011+0.0008072152725051794i
0.48996621189047723-0.09965869238743696i,-0.039612497012338196-0.0010870684636055273i,-0.0010716265620559118-0.000014617613795826607i
-0.2504412625300463+0.43275484345833165i,0.02784196373083213-0.030105495986319744i,0.000752327531176336-0.0008023627558029165i
-0.1577103711078306-0.4744757494730856i,0.0043579800204953814+0.04207572641170019i,0.00012018155119012564+0.0011523321178265255i
0.4596723057425395+0.1967210578261781i,-0.03561817763164068-0.02534926112738239i,-0.0009643157406701667-0.0006699147883611467i
-0.4521316871881111+0.2134840829246094i,0.04384745783683187-0.010384698482662998i,0.0011863537269258249-0.00026809503702585356i
0.140163445950488-0.47995199909496433i,-0.021834829222334526+0.040914253760410704i,-0.0005882173847456322+0.001123315476547187i
0.26617763638274144+0.4232570833739911i,-0.016798032657911067-0.044758938394036676i,-0.0004557849226814171-0.0011944890640404255i
-0.4932987891075957-0.08158189516135425i,0.045928046921599956+0.01738292448947921i,0.0012440281131448428+0.0004843884554755126i
0.38827394292198-0.31502805195056605i,-0.04463451066772852+0.023538333919511645i,-0.0012054658993701395+0.0006555267312759737i
-0.021820043754806034+0.49952073031953137i,0.012127009781811953-0.05043755646305742i,0.0003266000836686318-0.0013480123034579417i
-0.35932672700743706-0.3476837732362107i,0.030557555722049903+0.04347929577872143i,0.0008296283191312598+0.001192341000816229i
0.4985327318751014-0.03825799911055752i,-0.05420026470142768-0.00605743238779366i,-0.0014652699008894591-0.00014334554905400492i
-0.30207092387610057+0.39843558795380396i,0.04134787943607695-0.03762450615622398i,0.0011177305086511838-0.0010013595194715195i
-0.09778052986592844-0.4903455587430482i,0.000840334073333379+0.05715804188707501i,0.00002670367952759564+0.0015649734735257487i
0.4317938714139077+0.25209457090302484i,-0.04447153249981144-0.038137161819951866i,-0.0012033572991260947-0.0010101998421353346i
-0.4750755932443299+0.15589061439634633i,0.05929539393723503-0.008373990229419906i,0.0016046543732827598-0.00020965630638091552i
0.19848124471036357-0.458917050025236i,-0.03373919618003889+0.051015915728292005i,-0.0009085450917093635+0.001401685470275393i
0.21175212134169027+0.45294377443562583i,-0.01630069479864146-0.06041762746783196i,-0.0004423007042336568-0.0016127911630194793i
-0.4794110060178335-0.14200176874082765i,0.05720610781552565+0.0282702428233697i,0.0015500329999922468+0.0007828356794543109i
0.42427472724911-0.2645565281786466i,-0.06031751331889415+0.024563943216690105i,-0.0016282845994273524+0.0006887497372658104i
-0.08346957200073354+0.49298072785482805i,0.021905458739458976-0.06278497461766733i,0.0005909662375973722-0.0016772668066553482i
-0.31353793057643714-0.3894787657358806i,0.03312632817409334+0.059021706540444856i,0.0009005100008678401+0.0016168602204555086i
0.49943489400053914+0.023730844758102523i,-0.06746884286538235-0.014627591457522753i,-0.0018232553038706445-0.00036955126854434754i
-0.3490566063841696+0.35799083432802326i,0.05661610268667791-0.04171730973436692i,0.0015307058270199085-0.001107856705118236i
-0.036347433582906125-0.498676904540959i,-0.006408567781051708+0.07121075883705696i,-0.00016770315718660483+0.0019495286603269564i
0.39727711047068964+0.30359240635035467i,-0.0500230027351423-0.0529809410268912i,-0.0013531218954983446-0.0014062425407270773i
-0.4907157777728184+0.09590049057349818i,0.07401545578121388-0.0025221495938633734i,0.002003145460063933-0.00004755483285163769i
0.2537476232412777-0.43082681372729376i,-0.0479867269571274+0.057965203068481776i,-0.0012922448228356444+0.001594480680433713i
0.15407116199975235+0.47566696831473587i,-0.01187676109187399-0.07566125426296647i,-0.00032266391350788804-0.0020200248726604756i
-0.4581528495436402-0.20023855366188725i,0.06550454806639493+0.04177916698770934i,0.0017752853289601295+0.0011518575441272617i
0.4537527829324974-0.21001778090560358i,-0.07590940853095962+0.021602479041662327i,-0.002048584798466445+0.0006137797990265286i
-0.14383585929940448+0.4788617072822674i,0.03457118219776055-0.07234905894386442i,0.0009333007411702998-0.001931400719140533i
-0.2629288636076045-0.4252860027086573i,0.03167160722031987+0.07480556233305159i,0.0008624052255841399+0.0020474261872965405i
0.492658828588435+0.08535483387523385i,-0.07817538449822847-0.026336741078398836i,-0.0021118378014526986-0.0006809805939943755i
-0.39067596061692356+0.3120423729533973i,0.07246275621046312-0.04177612966284046i,0.001959073663619888-0.0011054678677721722i
0.025644456361414353-0.4993417022540584i,-0.017034534507726375+0.08294601678668286i,-0.0004535280143521426+0.0022707688395898432i
0.3566526773913319+0.35042284570259696i,-0.05155916833433826-0.06874363613424055i,-0.0013941900681399954-0.0018273618769052344i
-0.49881179138791704+0.034435988836654816i,0.08668238385550611+0.0069280829076849805i,0.002345724449162275+0.000211481239692755i
0.30511292617367886-0.3961131444448387i,-0.06349770160368629+0.060946503546565105i,-0.0017100308999841245+0.0016792513280672544i
0.09402153505785357+0.4910773227130564i,-0.0036545797392441353-0.0891360229736429i,-0.00010033663503748581-0.002379536968787474i
-0.42985113876155395-0.2553969280610615i,0.06990853688261894+0.05689658938100218i,0.0018947854686852455+0.001563722893412766i
0.4762549196426667-0.1522502790288206i,-0.09003838787453679+0.014664822765401831i,-0.0024290606960895625+0.0004306436567861654i
-0.20199084520056604+0.4573807318862763i,0.04918557953508981-0.0781203104780751i,0.0013280509695392402-0.0020830739386184884i
-0.20827758079967446-0.4545549901295754i,0.026083206770821255+0.08945113868475255i,0.0007122024408445642+0.0024462595106391934i
0.4783087096504553+0.14566657210889528i,-0.08522230717673902-0.040329226193312896i,-0.0023011210840281145-0.0010545701744945248i
-0.4262891381033549+0.2612966072159877i,0.08750937267685156-0.03756767907097462i,0.0023652416848624473-0.0009879788324703882i
0.08724208779390388-0.49232973140180036i,-0.03027421021233613+0.09118470064267029i,-0.0008100594910364585+0.002496327990136087i
0.31054512490786407+0.3918659262027956i,-0.048723681637352224-0.08405831831448334i,-0.0013168433678521947-0.002236512129435156i
-0.4992391674315435-0.027557946612559805i,0.09604159988823525+0.01931379790592359i,0.0025981295901357387+0.0005492186787122359i
0.35178747257305854-0.3553097238897306i,-0.07892850306456285+0.05948048323538958i,-0.002125332923940974+0.0016426914730276417i
0.03252643268684083+0.498937921612037i,0.007809793235612959-0.0995195465206429i,0.0002095098255398384-0.002655460638431792i
-0.39494097908598225-0.30662889700490625i,0.06981547438016776+0.07231334522295034i,0.0018920364350802632+0.0019825433005991938i
0.49143519357453397-0.09214212973859848i,-0.10132392395197319+0.004193493856767281i,-0.002732108753387981+0.00015119003409448545i
-0.25704046540417524+0.42886804632144515i,0.06448392023700884-0.07937434164916295i,0.0017406950721858697-0.002112726510942559i
-0.1504242811511162-0.47683575184704713i,0.01668280488000674+0.10152934963071701i,0.0004586280065759724+0.002774187784657359i
0.4566051533357572+0.20373883763635459i,-0.08776716211752077-0.05539559182579841i,-0.002368183555169991-0.0014575348300212645i
-0.45534862825415956+0.206533693396827i,0.10028732452589195-0.029287019778092307i,0.0027091265261619574-0.0007609300532844439i
0.147498469800927-0.47774879276368465i,-0.04498545336054707+0.09497021628823106i,-0.0012061809871045893+0.0025999440664947826i
0.25966330224445905+0.4272845093806221i,-0.041581283965174604-0.09742731779043975i,-0.0011229299083592246-0.0025930604504246875i
-0.4919913355012231-0.0891282321537922i,0.10102606417453225+0.03357123479362171i,0.0027312677347742405+0.0009364140999611035i
0.39305369635269677-0.309043856515279i,-0.09276477286651509+0.05349791286055047i,-0.00249690967936241+0.0014827811612974097i
-0.029468730463012932+0.4991279175771264i,0.02154051979937873-0.10563992138535924i,0.0005801742531030339-0.002816104188289246i
-0.35395907303677027-0.3531468294116873i,0.0650182304255297+0.08651044644934847i,0.0017614463044225788+0.00236670295952219i
0.49906022592528404-0.0306174249178474i,-0.10849715063280728-0.008933601294854782i,-0.002923256944669999-0.00020076356177014227i
-0.30813839694424294+0.3937619994905692i,0.07895382892375541-0.07576406382201352i,0.0021299581906326064-0.002011226167751288i
-0.09025839089175153-0.4917857474353349i,0.004239607689377666+0.10968248771024196i,0.0001227203425054066+0.002994092856044652i
0.4278818262179674+0.25867883788572593i,-0.08532322587134772-0.0700425030867855i,-0.002299961949770117-0.0018493451940650653i
-0.4774076756911243+0.1485955466894847i,0.10935795713324412-0.01758531824237855i,0.002951585009339117-0.00044241988339242897i
0.2054872315964305-0.4558230510694494i,-0.05970787950725503+0.09367687541908806i,-0.0016020932970554436+0.0025645654087951817i
0.20478945739687351+0.4561340763046956i,-0.030657746697734183-0.1073407435265979i,-0.0008270067131131794-0.0028561718775309414i
-0.47717972246227436-0.14932829728422406i,0.10087178717359772+0.04828616370190724i,0.002724517185826012+0.0013342638302091224i
0.42827717800569753-0.25802682545033395i,-0.10343725843324465+0.043391819177828195i,-0.0027821657394825334+0.0012102718121375182i
-0.09101085189690525+0.49164438964450874i,0.03618147090251802-0.10659761713774i,0.000974573642811951-0.0028374268279585143i
-0.30753546907113183-0.39423556695005546i,0.0557694730053422+0.0978711733298213i,0.0015101470042249152+0.0026720815150791805i
0.4990127908181358+0.031377965680417993i,-0.11052827897439028-0.02343107199983552i,-0.0029747985231533816-0.0005902550828914085i
-0.3544990694059875+0.3526023054474097i,0.0909425391610006-0.06739606397448662i,0.0024509013312878085-0.0017820132238200853i
-0.028704889603771794-0.4991751383494861i,-0.010045290374312623+0.1127562422538417i,-0.0002626616288632142+0.0030746817321777556i
0.3925803155652542+0.3096419351684925i,-0.07784767178877233-0.08259405111308656i,-0.002095725716196008-0.002184649252087397i
-0.4921271485840078+0.08837289774721416i,0.11344823648655888-0.0035670733348505i,0.003058283572716207-0.00006295754145213295i
0.26031686437989354-0.42688958873080923i,-0.07275706725357373+0.0871095166198849i,-0.001952048296432818+0.002385149397968825i
0.1467672109923687+0.47797109891875755i,-0.01695046441771189-0.112414696238399i,-0.00045656329287670607-0.0029887448210620064i
-0.45503203939121034-0.20723263702333997i,0.095228482980712+0.06177985232577031i,0.0025688258268040977+0.0016969240821451427i
0.4569163980564539-0.20304295736031408i,-0.10946141380496485+0.030041872862614713i,-0.002941133598572706+0.0008492959520799945i
-0.1511537941019418+0.4766023882274761i,0.05007286933112701-0.10188661501467054i,0.0013475055604910396-0.0027064171221844466i
-0.25638387533191687-0.4292634187546861i,0.042820228251435485+0.10482083273028689i,0.0011589856556459435+0.002856055061344701i
0.49129361751190054+0.09289093606464455i,-0.10675750975018015-0.03767228353146344i,-0.002869446282801946-0.0009731495501580804i
-0.39540974214418806+0.30602174592984205i,0.09879556705622673-0.054883587616061325i,0.0026588905777642368-0.0014424750395562393i
0.03328991024809755-0.49889032142180967i,-0.024593655231323026+0.10993957630504088i,-0.0006545061339563576+0.002994400178330113i
0.35124334045704114+0.3558446319875078i,-0.06580905469315154-0.09132802514102005i,-0.0017688539999577788-0.002417170299017785i
-0.49928075240234004+0.026791598749995232i,0.11159871794624068+0.011252130661292544i,0.0030038287420421023+0.0003358794731367873i
0.3111444272323818-0.3913932235970464i,-0.08235701533685381+0.07558546894310172i,-0.0022081555276778977+0.002070846322689537i
0.08648858661782557+0.4924598587622848i,-0.0018995868558673698-0.11154631195514601i,-0.00005104766407672677-0.002961726525055139i
-0.42588878078657955-0.26195104046013873i,0.08425591570323512+0.0722362986573403i,0.002269278775748449+0.001975194890853318i
0.47853106228372744-0.14493756435003363i,-0.10959832434262179+0.014799721546608717i,-0.0029409621524034905+0.00043678845205689937i
-0.20897293029519365+0.45423316635205446i,0.06137194919238279-0.0915048651273473i,0.0016491508394066866-0.002424031731946983i
-0.2012906872269112-0.45769187292809593i,0.027420204538294517+0.10599230156242609i,0.000742340253829984+0.0028821304096692674i
0.47602137918948645+0.1529757968849349i,-0.09701910866472552-0.04980206562896103i,-0.0026036517392517976-0.0012994193083867658i
-0.43024146182974976+0.2547364420871591i,0.10102559508114783-0.039362488800466826i,0.002714318521107545-0.001024166778261898i
0.09477291175433167-0.49093567537655597i,-0.03755344205023156+0.10090181839528709i,-0.0010026916555083188+0.0027451224218893867i
0.30450640811843194+0.3965766163866864i,-0.05021930959079873-0.09464673619286246i,-0.0013474978851621756-0.0025044736842447i
-0.4987585089268586-0.035201610480461346i,0.10331298868610919+0.025038233424311003i,0.0027757836809464936+0.0007042226607013727i
0.3571885063387179-0.3498796704053513i,-0.08681135651266762+0.05998292610766499i,-0.0023251782254016117+0.0016461172734501157i
0.024880297009457902+0.4993776082457584i,0.012692684042170253-0.10407469796815488i,0.00034058605491968884-0.002758428656105615i
-0.3901979898677473-0.31264227669566896i,0.06868891382511295+0.07787228688048521i,0.0018466519864449168+0.002121311547725649i
0.4927888707248659-0.08460394828734508i,-0.10302605065066607-0.0005786507070370025i,-0.002760529805886558+0.00002039448473395776i
-0.2635793594696596+0.4248806244145497i,0.06822037178642656-0.07603599496889163i,0.0018297918835153487-0.0020071803864504865i
-0.14310289752718944-0.4790838755257613i,0.011264365106922214+0.10040662075248255i,0.0003063905931138073+0.0027248320042914816i
0.4534308684977199+0.21070881429113003i,-0.0817396029224571-0.05789994039113204i,-0.00219004548141246-0.0015177438706599502i
-0.45845873186513514+0.19953484496224372i,0.09650114352826313-0.022452993374293486i,0.0025877037857513934-0.000571464639195565i
0.1547988863011775-0.47543349351219927i,-0.04695619855853527+0.0859070381508713i,-0.0012544540106185162+0.002335044944846757i
0.2530880437463633+0.43121168215933997i,-0.03261145003799893-0.09127243247373662i,-0.0008736669269132245-0.002413239480551018i
-0.49056844703488456-0.09665365748855859i,0.08868785616554516+0.035788734178652075i,0.0023779753527385455+0.0009882130938785778i
0.397741228303021-0.3029871510605441i,-0.08470399640960836+0.04173524820253146i,-0.0022659693225651257+0.0011502768200840085i
-0.03711050306221925+0.4986179951320666i,0.024803376774714905-0.08992634743284593i,0.0006639427663998361-0.0023782278544159105i
-0.34850837043897664-0.3585270277756586i,0.049848899680738454+0.07714173136532176i,0.0013373972547771572+0.002094510923174996i
0.4994706263956982-0.022969667340791075i,-0.0894994280731256-0.014064068412948601i,-0.002394548017535325-0.0003453195109194624i
-0.31413357219857013+0.38899602311866877i,0.0689508202363565-0.056678467025557094i,0.001845438548389731-0.001489158717637738i
-0.08271507485249655-0.49311054974490076i,-0.0036266732245602896+0.08764627299767268i,-0.00009438788092647592+0.002374191008125214i
0.4238693878873924+0.26520241125098115i,-0.061984699928280616-0.060187415710042595i,-0.0016583542135472323-0.0015811512150301938i
-0.4796277450127982+0.14126561398695614i,0.08463240617969113-0.006152875272511787i,0.0022645099518166186-0.00013836945596376875i
0.21244500534545885-0.4526221035862468i,-0.050923391639317084+0.06587877552461958i,-0.0013600297168509285+0.0017900943363202098i
0.19777874403237908+0.4592173560298394i,-0.014946533556276004-0.08044459105364322i,-0.0004004022187213558-0.002124379408618785i
-0.47483647926580314-0.15661978954943356i,0.06849589108796789+0.041536472433644646i,0.00183236334606667+0.0011356112077592362i
0.4321791428670536-0.25143658272622826i,-0.07510656087216201+0.02275268161909724i,-0.0020068831100034158+0.0006350647855890146i
-0.09853077817958239+0.4901926975766809i,0.03238854381463101-0.06971527707313009i,0.000864692609883407-0.0018388868982959462i
-0.3014608512157688-0.39889986978466363i,0.029581305426167166+0.06895198044718863i,0.0007916091513794258+0.0018667092994966723i
0.4984736051855679+0.0390177241329511i,-0.06946733678368196-0.023548498776999174i,-0.0018563537891036143-0.0006042273916985576i
-0.3598583571024138+0.3471310458745742i,0.062310906525304036-0.03519942576726126i,0.0016637093966348478-0.0009180264492122227i
-0.021055610734085545-0.4995562520173257i,-0.015094001449795169+0.06798907096368936i,-0.0004024282330297042+0.0018390002487116064i
0.38779141024781105+0.3156188129999046i,-0.039430067748503564-0.055258126017870814i,-0.001054233937136456-0.0014530652523800926i
-0.4934230526696798+0.0808245698445732i,0.06552122330083184+0.007341562853515195i,0.0017488223249836161+0.00021650763317832526i
0.26682502781472317-0.4228522038071342i,-0.0479012927385609+0.04238820259248593i,-0.0012788567026867557+0.0011532303976759944i
0.13942882420858446+0.48016308380204376i,0.0005558182068459193-0.062085265511819344i,0.000012988028763772477-0.0016371162023474594i
-0.45180446606431746-0.21417809812753297i,0.04419138173168806+0.04058783065853019i,0.0011788005575421212+0.0011021167575866477i
0.4599728077224306-0.19602049457389947i,-0.057758230633054616+0.0052636060099608036i,-0.0015422592291983552+0.0001601643559130569i
-0.1584362640731063+0.47423124458979315i,0.03362344011879589-0.04476699534846994i,0.000894949720487165-0.0011767783618370428i
-0.24977873230199663-0.43314011790654755i,0.010108727334670104+0.052857243166495135i,0.0002688366575862856+0.0014273703466206838i
0.4898131351193484+0.100405243119431i,-0.0441147146276942-0.027085806207261743i,-0.0011786211193638575-0.0007050442835924646i
-0.4000507495569858+0.2999293173173001i,0.04766930348329216-0.013800786583746484i,0.0012690397844810348-0.0003527390338495172i
0.04092755330980971-0.49832188727489757i,-0.0210802983279424+0.04246820808395309i,-0.0005634746535139398+0.0011480149250995253i
0.34575159192228716+0.3611829268396245i,-0.016241232863544938-0.04229566332074397i,-0.00043576607237970523-0.0011128289876046068i
-0.4996325682555322+0.019140922283625406i,0.040039129273256986+0.015873129368852594i,0.001065021447068454+0.00043631405966606027i
0.3171029250181904-0.3865814712630063i,-0.036889397250924764+0.01754868250825496i,-0.000985398911576399+0.0004813291626181832i
0.07893534545410988+0.4937268496221213i,0.01165153440658347-0.03689494408665776i,0.0003072123622061747-0.0009711271115190386i
-0.4218264974614452-0.26844369213272756i,0.017820374948915477+0.031760646345195216i,0.00047231430806096003+0.0008574661417073848i
0.48069492806150177-0.13759084358191997i,-0.03317909774286344-0.008414744830720156i,-0.0008870414919440468-0.0002129639877909995i
-0.2159059845705133+0.450979024680596i,0.02714883585947907-0.01704472180682531i,0.0007196015106631326-0.0004445845011988356i
-0.19425656530411944-0.4607213687212765i,-0.006192200667060483+0.0291891042594248i,-0.00016793664778743845+0.0007865894557705248i
0.4736223607071414+0.1602491289359912i,-0.015305549797300906-0.023145294506814344i,-0.0004115060865233272-0.0006078600709131981i
-0.4340928389451637+0.2481165083373027i,0.025163029545391385+0.0050964880808974135i,0.0006662157556483468+0.00014269046716148975i
0.10228149925648466-0.48942643241929296i,-0.019889379736116927+0.012832591920731298i,-0.0005332908910852203+0.00034855561409388296i
0.2983962455212141+0.40119425827399563i,0.005133529134170963-0.02123713601464268i,0.0001321603200696241-0.0005596789095213499i
-0.4981608277938827-0.042837015385754365i,0.009805534324972885+0.01758807603099695i,0.0002568580175074594+0.00047280398891062417i
0.36250573360157085-0.34436752567643075i,-0.017619687746869492-0.006181504066994539i,-0.0004735463483843358-0.00016018600741853897i
0.017228323637787424+0.4997001265924048i,0.016339946943814937-0.006348995879129488i,0.0004299493808927099-0.0001661061830917643i
-0.38536344935802785-0.318582302076876i,-0.008165571527577147+0.014578558872540677i,-0.00022197610795514691+0.00039023792497111i
0.4940269257309196-0.07704591670206787i,-0.00268523806386925-0.016146331517637197i,-0.00007683436446767628-0.00042811084295693607i
-0.2700564105189036+0.4207935132984494i,0.012279727012827164+0.011024679741260483i,0.0003215058382942398+0.0002934634713879505i
-0.13574793803760246-0.4812195930364808i,-0.017061714309011693-0.0009094748056859501i,-0.0004593500948300207-0.00002435258312321251i
0.45015019600451195+0.21762935243886505i,0.014577841871971097-0.010833968904220132i,0.00038176776580828525-0.00028971234159709986i
-0.46146126830366746+0.19248917974662752i,-0.004249437069408144+0.019122776114708723i,-0.00011855831704702371+0.0005062363062515781i
0.16206298256916193-0.4730066445745278i,-0.010421153210455336-0.01859939605730569i,-0.0002835722306116164-0.0004975363428678012i
0.24645340362816534+0.43503768028547485i,0.022231588777087273+0.0071545026521300705i,0.0005848529910610809+0.00018566485087730965i
-0.4890304575580469-0.10415640549020437i,-0.022942984570285492+0.011182781644736553i,-0.0006161759306447908+0.0002925576486211282i
0.40233543894673596-0.29685935665901203i,0.009351759829025254-0.02626405557140063i,0.00024128752942150308-0.0007042756140541219i
-0.044743568578650084+0.4979910826264332i,0.01312107079068347+0.02741648505789013i,0.00034236111791263583+0.0007214157193650194i
-0.3429758981014724-0.3638231059829764i,-0.031169312558404407-0.010618170586938699i,-0.0008356552501425509-0.0002895516756890145i
0.499763836994905-0.015316520757406726i,0.03170784821550112-0.016242967688116727i,0.0008348205387399775-0.00044110041608838205i
-0.3200550430031397+0.3841387770695781i,-0.01086489906589663+0.036804114637431745i,-0.00029539981533732636+0.0009681987766147099i
-0.07515235162127326-0.49431965483603824i,-0.020631713893331797-0.03556217395614537i,-0.0005566578862018481-0.0009552402376023387i
0.4197574978525402+0.2716637603858597i,0.042880066995516164+0.009955119401604725i,0.0011313201346301114+0.00025179334428443147i
-0.48173528031894075+0.13390253609616581i,-0.03884687351292818+0.0262413336836321i,-0.0010393889748664391+0.0006850172762576198i
0.21935293346895218-0.44931495860751497i,0.007661868540017174-0.049175362241429474i,0.00019396360210740607-0.0013200731846828915i
0.19072162615781965+0.46219289018732135i,0.032862634510917886+0.041329160755893456i,0.0008651240834460554+0.0010821809741276942i
-0.4723818262188712-0.16387453474825353i,-0.05557684730290557-0.003912179997478623i,-0.0014847119131601617-0.00011848201008793351i
0.4359797063229912-0.2447873462617592i,0.04266277396479049-0.04037079402712472i,0.0011228148294554381-0.0010897072708876561i
-0.10602758646354699+0.488625992258943i,0.0011963294291561831+0.06181599857655878i,0.00002408394122687671+0.0016235788519491391i
-0.2953155022857499-0.40347057986368906i,-0.048740100715246926-0.04266944786500866i,-0.0013044707076620356-0.0011505610913513972i
0.4978174636108797+0.046648327614502355i,0.06748208037282963-0.007680701673410958i,0.0017815864225776271-0.00022521768638039037i
-0.36513321203452775+0.341578339320175i,-0.04133743118289982+0.057738301225095004i,-0.0011056317316280049+0.0015129599855623458i
-0.013401391708803473-0.49982015612454334i,-0.01565676537142157-0.07234018631448219i,-0.0004275263849130755-0.0019416704534412177i
0.3829115181296089+0.321521637501737i,0.06696277419656398+0.03849670673488644i,0.001768020789074622+0.0009974275423469173i
-0.4946031859744596+0.07325727791460816i,-0.07630894422977531+0.024992635548692424i,-0.0020349724693866215+0.0006414220967645993i
0.2732705865484364-0.41871560623979454i,0.0338667998594787-0.07619514563248583i,0.000885969445885587-0.0020478526966711255i
0.13205772343936897+0.48224240866358004i,0.0353647673066378+0.07909476137495308i,0.0009297410530402704+0.0020723181270091567i
-0.44847088684201747-0.22107330737486136i,-0.08535401541637293-0.02744288527520808i,-0.0022766713741475507-0.0007528664799248449i
0.4629212948111604-0.1889520402127161i,0.08027051296178625-0.0466498652875171i,0.0021171446272182028-0.0012677984312156822i
-0.16568156054157834+0.47174883270589496i,-0.019421473025689192+0.0940875710772607i,-0.000524065918203994+0.002468138710262189i
-0.24311498426930322-0.43691519058209827i,-0.05884826057347274-0.07970004044498924i,-0.0015752810467099501-0.00214287924961474i
0.48821772877339426+0.10789599197280407i,0.10188008363126824+0.00977007854106751i,0.002691041201992454+0.0002255331798063401i
-0.40459789394505913+0.29376651657007563i,-0.07744492798295938+0.07163507610367212i,-0.0020643387175366353+0.0018706888721847848i
0.04855559354168115-0.4976365331838873i,-0.0016636010763010345-0.10851397698101568i,-0.000059782514339652464-0.002911489653190797i
0.34017872030501295+0.36643647774553656i,0.08449049931201304+0.07329463509444131i,0.002230724837858564+0.0019079168282634625i
-0.4998671564016476+0.011485754500416709i,-0.11395479100025323+0.014662235022590812i,-0.0030346709236257333+0.0003573127160128443i
0.32298702150072345-0.38167901641451685i,0.06690920444626383-0.09719914255445541i,0.0017584788448172567-0.002615986841566142i
0.07136358376852889+0.4948779980210437i,0.028789339057465654+0.11784103149926059i,0.0007540919969310252+0.0030876618237877474i
-0.4176652419115386-0.2748733597209915i,-0.10970884812545208-0.058348185173107706i,-0.0029245921596461255-0.0015820856254919005i
0.48274600927250416-0.130211840470835i,0.11965880457172492-0.043926102623074254i,0.003158039148757526-0.001207514194974893i
-0.2227883813379091+0.4476190703846332i,-0.04790175042451779+0.12158007679721845i,-0.0012799307411862505+0.003185730894396434i
-0.18717686543321485-0.46364276670459775i,-0.06009961768442886-0.11930907986630207i,-0.001611505097072434-0.0032028440193041675i
0.471112217080314+0.16748486173475635i,0.1321887769399613+0.03551600755338914i,0.0034918642630249524+0.0008956624396125141i
-0.43784236580871094+0.24143835918819379i,-0.11691971949322498+0.07689218975068456i,-0.0031116115591254294+0.001999681084657204i
0.10976608857554049-0.4878023566406591i,0.02099836895757147-0.1413310843306094i,0.0005372649025439074-0.0037918576194919318i
0.29221607073140277+0.40571776843667107i,0.09366787574491804+0.11223257627876532i,0.0024723142436241887+0.0029277134872816644i
-0.4974462642653413-0.050462369848703365i,-0.1490132060083923-0.00464752472399619i,-0.0039653635042048024-0.00016412324125637066i
0.3677379067912512-0.3387745830064288i,0.10484303105112192-0.11021399654243386i,0.002760149876125136-0.0029721913831466606i
0.009572307938991081+0.4999054009801437i,0.01299285906961979+0.15480019803834755i,0.00033458276818212613+0.004055520382058793i
-0.38043849187536466-0.3244475794522882i,-0.12650441067263068-0.09486824893072096i,-0.003372078994099831-0.00255927653265071i
0.49514906811033277-0.06946980830855565i,0.1580875055765349-0.03181204298220058i,0.004173221378553865-0.0008983870735687747i
-0.27647009885441304+0.41660767192382575i,-0.08268301917689683+0.1420101745137622i,-0.002202139754627178+0.003716426724504924i
-0.12836112836174568-0.4832424032800898i,-0.05186449965027239-0.15880645634248025i,-0.0013965002857443324-0.004259035539810453i
0.44676390559373874+0.22449882832757717i,0.15599882546525828+0.06820581386996213i,0.0041204757222104245+0.00174973400227168i
-0.46435553309065547+0.18539835086027365i,-0.1571414745623213+0.07264293496226994i,-0.004178090545154503+0.001877383898645556i
0.16928905424454527-0.47046881535736784i,0.051200253458312736-0.16827608588246437i,0.0013338041447078421-0.004515924113588266i
0.2397609385621663+0.4387616060727614i,0.09340030845984498+0.1527804821090738i,0.0024639058804010374+0.003990180123303239i
-0.48737772792609574-0.11163471580401702i,-0.1788812541731444-0.03203904946366211i,-0.0047580797739959725-0.0008988007280788078i
0.40683525035341433-0.29066191106279027i,0.14525022882185928-0.11392672583072583i,0.003827022000908204-0.003081367670233235i
-0.052366136081456294+0.49724732715144887i,-0.011363379597062056+0.18730238902457888i,-0.000311222927562085+0.00490546350380998i
-0.3373629540971435-0.3690338214254352i,-0.13421848046073287-0.13471637879255263i,-0.003578690544392712-0.0036235311589584702i
0.49993978892748964-0.007659780810124129i,0.19284279909084467-0.01072813781562575i,0.00509079385563628-0.0003512140844958724i
-0.32590142001513533+0.37919140098919324i,-0.12162620179030262+0.15365849173513224i,-0.003233921098462882+0.004014879253029332i
-0.06757199562466162-0.49541277901884473i,-0.034317876066309504-0.1954562936516268i,-0.0009347774209436565-0.005238533818603464i
0.41554712087791973+0.27806136927697545i,0.17140919975504973+0.10586450146591665i,0.004526416425117919+0.002735663086688772i
-0.48372978712277065+0.1265080406013082i,-0.19537230649044002+0.05881536066234875i,-0.00519099724093578+0.0015021047366492106i
0.2262093951735927-0.44590239208204546i,0.08714823161045912-0.18728178002007737i,0.0022823082046641925-0.005028400003922313i
0.1836197595706047+0.46505998063353093i,0.08337123028644988+0.19221982289007083i,0.002197047297158037+0.005023354753472428i
-0.46981633925179833-0.17109083071437142i,-0.2013403821535647-0.06591412196993318i,-0.005353698221192688-0.0018040085466033268i
0.4396779766549305-0.23808067615393969i,0.18545468719185318-0.107778944876919i,0.004887990989768155-0.0029282597626444076i
-0.11349951778771097+0.48694464128422044i,-0.04288790515458192+0.21299493830507185i,-0.0011463373697819417+0.005575101952110141i
-0.2891008641519661-0.4079466247705943i,-0.13205361071641697-0.17528038463698875i,-0.003523014440586555-0.004705049092841518i
0.4970445200432515+0.05426798577188423i,0.22145795390536832+0.018151821497692348i,0.005845065498994102+0.00040313782738867133i
-0.37032239657369853+0.3359454886046114i,-0.16220231932944815+0.15549429199033293i,-0.004307887500213669+0.004053783332247856i
-0.005744028421980352-0.4999667887518472i,-0.008404720172579556-0.22669749590307695i,-0.0002513338518597042-0.006072749916000809i
0.37794178416994506+0.3273490237061174i,0.17716512262696021+0.1460663198977681i,0.004676168494846588+0.0037891065347724555i
-0.49566727160603674+0.06567279745584456i,-0.22897550125448274+0.0361173228165914i,-0.006079916103010613+0.000892865552293578i
0.2796520282725174-0.4144807665903788i,0.126540856756374-0.1968790677844222i,0.0033215100574724263-0.005289703663513553i
0.12465563815130912+0.4842085856355447i,0.06404647033747547+0.22785890661263083i,0.0016840915757681085+0.005955640635132773i
-0.44503208387531557-0.22791664695621114i,-0.21471685575540284-0.10411472742200333i,-0.005707375015545576-0.0028219480362101754i
0.4657611675250317-0.1818392527340308i,0.22273259688146335-0.091990097236399i,0.005870368820411863-0.0025183382998969837i
-0.17288798355798163+0.469155735019101i,-0.07958271065063519+0.23001194151274648i,-0.002117424906992672+0.006014760844386876i
-0.23639419473566908-0.44058775104360826i,-0.11997867524653702-0.213826501030152i,-0.0032040428836841444-0.005730528072680864i
0.48650777280102764+0.1153614250853865i,0.241890531523791+0.05300654876949476i,0.006381432211309163+0.0013163287684496371i
-0.40905010842104117+0.2875347896537449i,-0.20168852157820855+0.14723467346964733i,-0.005351214125101678+0.003825725875370438i
0.056172241191934286-0.49683441995203337i,0.024247531071568653-0.25032711525143025i,0.0006104500776933102-0.006702474165912521i
0.33452603315690604+0.3716040520751323i,0.17273418261432505+0.1861215059787367i,0.004555461857398513+0.004838390898201666i
-0.4999844617997385+0.003827891517030191i,-0.25560351249964525+0.005967653675863696i,-0.006781967527836686+0.00008780375552622334i
0.32879533610622547-0.37668700930472415i,0.16674517438930356-0.19628915314980347i,0.004381042433850408-0.005278701519699029i
0.06377507810833771+0.49591303386741115i,0.03662445282968842+0.25722393879627997i,0.0009571122023604021+0.00672106279143896i
-0.4134059904839022-0.281238534644921i,-0.21798910807385993-0.1440872611206403i,-0.005791694628877879-0.0038840501220679243i
0.4846838246756636-0.12280228633747696i,0.2545050058904676-0.0675268982970612i,0.006705178067890229-0.0018772347193176239i
-0.2296185057944324+0.4441540918035024i,-0.11899429858257075+0.23709572619408062i,-0.0031587625350802317+0.006191013048101165i
-0.18005324870997685-0.4664553814363098i,-0.09871763889451783-0.24769183638953488i,-0.002641132031267762-0.006628453441355836i
0.46849153725896786+0.1746812975757579i,0.2526568815988358+0.09150395952612522i,0.006660260259877072+0.0023261186869485825i
-0.44148916267642413+0.23470356152057126i,-0.23735877876416098+0.12935265021069145i,-0.006290879713421532+0.0033436696019288168i
0.11722492361732065-0.4860638290942959i,0.06145023259154143-0.2646466670047914i,0.0015919617803270098-0.007082077300957763i
0.2859673337910121+0.4101460855325968i,0.15833361533564458+0.22326356012481022i,0.004170276741149307+0.005809661026319955i
-0.49661498599784126-0.05807588474768675i,-0.27335476668026976-0.029608619154541632i,-0.007246293120652911-0.0008585296956144503i
0.37288379829345863-0.3331021546562649i,0.20497893724341887-0.18546977341212958i,0.0053864445687509055-0.004994222513064735i
0.0019140462286748872+0.49999338324585674i,0.002948864810066074+0.2782249043823009i,0.00006567439526170123+0.007263999133826364i
-0.3754242729526528-0.3302367326636404i,-0.21085250905183356-0.18305801223516302i,-0.0055986882725500235-0.0049157967192114205i
0.4961550345770895-0.061877400673923326i,0.2785112904394132-0.03603431359648415i,0.00733208471035807-0.0010490088617098033i
-0.2828189196453588+0.4123240824062436i,-0.15838074385326828+0.23367962727739192i,-0.004196831564828481+0.006089185989600535i
-0.12094420165195532-0.48515183164867887i,-0.06969957709736203-0.2744638305588635i,-0.001872788812372527-0.007334191021041681i
0.4432727917839264+0.23131563018591852i,0.2529322622523766+0.1309581556698948i,0.00665986113465738+0.0033606846242627392i
-0.46714084715055776+0.17826402201013963i,-0.2666676127148418+0.10304683986753352i,-0.007058873858030475+0.0026402735712368537i
0.17647540588862567-0.4678206013064976i,0.10059882740604434-0.2685787616669482i,0.002623353320388072-0.007182932235407391i
0.2330122187880197+0.44238258578396233i,0.13492016488555147+0.25483547022426656i,0.0035467109983065618+0.0066321530250231225i
-0.4856106459156694-0.11908683380904896i,-0.28090580123625913-0.06811229727603264i,-0.007437897081657329-0.0018788074903279774i
0.41123960674133264-0.2843962683661071i,0.23849747818063108-0.16512557232592i,0.006264450172399012-0.004455482320251235i
-0.0599764171029151+0.49638690321296963i,-0.0346085679221217+0.2893020615586031i,-0.0009263996758370056+0.007543408476850791i
-0.3316708553797822-0.37415795152332365i,-0.19375041597316855-0.2182187634824889i,-0.005140818200248647-0.005841975685532302i
0.4999984409102036-0.0000012439844778518346i,0.2929686979700362+0.00026543176662499417i,0.007703978830568187-0.00009335611538274565i
-0.33167133151084705+0.3741550556704398i,-0.1948940497881269+0.2199397163353563i,-0.005155482919775789+0.005714902536729609i
-0.059975785426383044-0.49638966581578664i,-0.03497524963378761-0.29215137081692744i,-0.0009543529554553368-0.007794884376621169i
0.411239244835835+0.28439373686618813i,0.24262305584846405+0.16850654827208986i,0.0063785877542924425+0.0043436414584559985i
-0.4856107974571578+0.11908386245802828i,-0.2874311664902923+0.0701768195156716i,-0.0075973616669019525+0.0017660778489902607i
0.23301278174152448-0.442385204693477i,0.13884272801749112-0.26175940896974137i,0.003628368629389353-0.006996057978704355i
0.17647481056744588+0.4678179546687884i,0.1041452808272986+0.2784789806068031i,0.002729702670434215+0.007243576705670092i
-0.4671406202996454-0.17826698430274057i,-0.27762307118654267-0.10673065133563264i,-0.007340814426344475-0.0028975118689982455i
0.4432730861451225-0.23131814597532357i,0.2647892761740247-0.13668403085411565i,0.006948544277632301-0.0037013703492364087i
-0.12094481902781581+0.48514903914451946i,-0.07329754173430489+0.28955645898880616i,-0.0019453138238171932+0.007536497726349493i
-0.2828183949424963-0.41232695429994204i,-0.16787157500849845-0.24692664061162495i,-0.004450839002089564-0.006592364213475649i
0.49615495583688257+0.06187491081998832i,0.2967205444709859+0.03870925755934756i,0.007791123863110445+0.0009183198029652696i
-0.3754246931919666+0.3302338153523474i,-0.2257822115482368+0.19681420749048137i,-0.005961679254572344+0.005094525024159173i
0.001914682494596226-0.4999961154951183i,0.0029044208770023405-0.29934944240813244i,0.00004553802710987766-0.007974058939666222i
0.37288337440753017+0.33309960434511054i,0.2224084566580306+0.201311986632336i,0.005835882530182333+0.00519978236653986i
-0.49661505990013405+0.05807290799971761i,-0.2980069323409168+0.03315818811457448i,-0.007863691116009545+0.0007863988651995604i
0.2859678557220955-0.4101486784708188i,0.1732852696159903-0.24460205450074i,0.0045300376498577325-0.006533778330611209i
0.11722430508082704+0.48606115339777867i,0.06826827166275136+0.2923278222543857i,0.0017804129089307363+0.007595480043412977i
-0.4414888640036532-0.23470651123254416i,-0.263649227248488-0.14253295749336092i,-0.006960360244299236-0.0038365306999462224i
0.46849175955040645-0.17468380099690117i,0.28178088555218156-0.10222807698286121i,0.007384654998963749-0.002788360590716307i
-0.18005384229374005+0.4664525599427198i,-0.11017813037363508+0.278858090030874i,-0.0029127185253840105+0.0072415462907294585i
-0.22961794058646032-0.44415693760558395i,-0.13510343564075578-0.26691881462150197i,-0.003580250075118899-0.007107704510162097i
0.4846836684057882+0.12279979085758339i,0.2893655735209852+0.07637344919293498i,0.00758455964075121+0.0019080913012752233i
-0.41340634837078094+0.28123559870589276i,-0.24861171491224038+0.1659784919338997i,-0.006551680157809847+0.0042741690227280395i
0.06377570918181044-0.4959157357775541i,0.04105767370252023-0.2953888250580877i,0.0010498616802838239-0.007855587662241915i
0.328794856756612+0.3766844373708139i,0.19373794106898248+0.22679094097359928i,0.0050718955604086785+0.005861413693363987i
-0.4999844569266753-0.0038308699175050934i,-0.29746278286384714-0.005193834701339543i,-0.007834871136731265-0.00022326654462982668i
0.3345265060414934-0.3716066211982417i,0.2012153041613561-0.21831801275524618i,0.005257125323409205-0.005829964192348004i
0.05617160894939621+0.4968317143128397i,0.030014640101495467+0.2951948266720789i,0.0007720212196095082+0.007658201886425655i
-0.4090497425181535-0.2875377234562937i,-0.23994689504095879-0.17270323062327914i,-0.00632398124170758-0.004621669341686927i
0.48650791960524004-0.11536391967066739i,0.28804059595120496-0.06437087064224221i,0.007536567528500023-0.0017867478119216317i
-0.23639475540168506+0.440584901918177i,-0.14235246900130125+0.25791311332962946i,-0.0037522002100577106+0.006679363431052518i
-0.1728873865343057-0.4691585529982615i,-0.09792502882926199-0.2765310539008147i,-0.002595989660689904-0.00734554375625176i
0.46576093612795244+0.18183674797369176i,0.27134837352604557+0.11030206496947713i,0.007098188615604642+0.002797911297068715i
-0.44503237390767053+0.2279136955065009i,-0.26149928574417985+0.12975751106771383i,-0.006877235321844827+0.0033168849663579377i
0.12465625433032268-0.48421125768743406i,0.07649475134280381-0.2804492886951359i,0.001979497939117987-0.007446402118866892i
0.2796515008286542+0.41447817055461633i,0.15876422862103987+0.2428565749427852i,0.004145213519202381+0.00627484869583584i
-0.4956671880325351-0.0656757737389774i,-0.28571241419303345-0.04187952610240449i,-0.007510865722992975-0.0011833626549597953i
0.37794220073799384-0.3273515715364233i,0.22035951962493144-0.18487096175567905i,0.0057509012256406-0.0049383398440446605i
-0.005744664650579795+0.49996405274644207i,-0.007629359150379203+0.2867288142097529i,-0.00021614790620750444+0.007424724322742121i
-0.3703219690660194-0.3359484034135287i,-0.20827554318741415-0.19479971420561173i,-0.005480133861423639-0.0051896496530875i
0.4970445891032959-0.054270475189543116i,0.28295566195912897-0.02606193867177583i,0.00739033713471241-0.0007750757049239858i
-0.28910138328065565+0.4079437497957185i,-0.1672294128754432+0.2282636493267032i,-0.004396427258029953+0.00589274831551326i
-0.11349889812686653-0.4869474301369003i,-0.059226555953195786-0.274894090598354i,-0.0015751861431807536-0.00728518322758141i
0.4396776736881049+0.23807815860134451i,0.24398233166282374+0.13777467971623336i,0.006368855720856894+0.0035168495992938006i
-0.46981655697072433+0.1710878671094913i,-0.26332615048747093+0.09096045555105897i,-0.006911009580238571+0.0022977706844768374i
0.1836203513821335-0.4650626237670674i,0.10638654883423451-0.25560579853622967i,0.0027605267445924156-0.006777199965487803i
0.2262088277443074+0.4458997698358721i,0.12019447694217004+0.24814945984622747i,0.0031284006229460736+0.006406269625528332i
-0.48372962613367493-0.1265110110298025i,-0.2635848052926816-0.07398214364175626i,-0.006915904033410381-0.0020175852031451605i
0.4155474747251868-0.2780638986641387i,0.2291279598755347-0.14684592525242754i,0.005971423852993435-0.003928489232301633i
-0.06757262605805775+0.4954100126905374i,-0.041681125698335396+0.26750705411628256i,-0.001105869845659563+0.006912577748619948i
-0.3259009374750912-0.37919429401227595i,-0.17107947422792472-0.20701355040262062i,-0.004494765124600188-0.0054947785200582105i
0.4999397791816494+0.0076572928124006125i,0.26684724195401344+0.009672241793148205i,0.0069568035058516645+0.00016699164833627517i
-0.3373634237075153+0.36903092278091626i,-0.18279474058348785+0.19219576059967547i,-0.0047941364498186295+0.004943469623973099i
-0.052365503309997646-0.49725008602187426i,-0.02205688207032712-0.2620704348750244i,-0.0005981749620839528-0.006930790154886305i
0.40683488047459976+0.2906593774027937i,0.20937832776988496+0.15658639507251693i,0.005453871862989861+0.004008353216392264i
-0.4873778699844208+0.11163174358634984i,-0.25389607313715234+0.05263692583764813i,-0.006650256169516043+0.0012971778279343524i
0.2397614969078057-0.43876422167243045i,0.12835260119913958-0.22277855647268183i,0.003331734328992824-0.005900530801376032i
0.16928845555339364+0.4704661651951783i,0.08105668699276276+0.24221599585405404i,0.002101458317806019+0.006245942664351263i
-0.46435529716098234-0.18540131178684088i,-0.23279616465566597-0.09896211834516191i,-0.006097129001853242-0.0026605892027170733i
0.44676419128023964-0.22450134240480019i,0.22681181762588193-0.10722746191053803i,0.005902289451284327-0.002879608567085087i
-0.12836174330776814+0.4832396071383683i,-0.06946041217161229+0.23902947240776706i,-0.0018278677722601334+0.006163064092819569i
-0.2764695687004878-0.41661054070380243i,-0.1312792946921221-0.2083849031680224i,-0.0034453870672967184-0.005514204392760252i
0.4951489797084382+0.06946731796125119i,0.24098703588945225+0.04002970277546618i,0.00627140939974536+0.000966615162301263i
-0.38043890474771297+0.3244446596818199i,-0.18784453976651336+0.15254554474319296i,-0.004915859095059013+0.003906699409952661i
0.009572944092948454-0.49990812947348173i,0.010678913618838746-0.23909354441314076i,0.0002595051600523047-0.00631181386789789i
0.36773747568689796+0.338772030171518i,0.17026665472687832+0.16529730264667525i,0.004425851106855218+0.00423641584217791i
-0.4974463284790857+0.050459392693043864i,-0.2339970803738344+0.017775194376666865i,-0.0061178277687087175+0.0003926967338845059i
0.29221658702724707-0.40572035831025954i,0.14072535086110283-0.18457190709730711i,0.003651197577798987-0.0048860641944264245i
0.10976546782669311+0.4877996772860248i,0.04440033345854484+0.22559257143560177i,0.0011438485666092112+0.005809826469665405i
-0.4378420585656012-0.24144130711162676i,-0.19580690772415624-0.11493483563062083i,-0.005120327586021592-0.003064951360941908i
0.4711124302139557-0.1674873638706139i,0.21368979842514016-0.06910433433972274i,0.00555283418569115-0.0018726067119290046i
-0.1871774554377941+0.46363994171729667i,-0.08887927732447404+0.20359467232607042i,-0.002329119039603776+0.005237480919380496i
-0.2227878117205943-0.4476219128369421i,-0.09198226871907031-0.19893122951038097i,-0.002413305164330818-0.005250701032896285i
0.48274584357363043+0.13020934404055523i,0.20749324944614403+0.0627336908476424i,0.005390940478682485+0.0015654008043270325i
-0.4176655916984378+0.27487042169305487i,-0.18213497565419606+0.11241678103344767i,-0.00475728470054391+0.0028634181261201702i
0.07136421352486821-0.4948806962094746i,0.0365295442659381-0.207884570172735i,0.0009349964388165421-0.005480257325980463i
0.32298653579855285+0.3816764416319708i,0.12972358029381248+0.16340323022425957i,0.0033653276327181864+0.0041895158871670815i
-0.4998671417836011-0.011488732843357725i,-0.20533970682102073-0.011015599942574256i,-0.005360015169504196-0.000348945608103123i
0.3401791866136221-0.36643904409633965i,0.14274129519307083-0.14401142566065248i,0.0037007667004590114-0.0038134530100094382i
0.04855496027841988+0.49763382380917887i,0.012972375236990798+0.19976594108370466i,0.00032620220212638626+0.005138003188598963i
-0.4045975201120136-0.2937694481890747i,-0.15557080442760426-0.12088149595317035i,-0.00406310351550997-0.0032061712689217935i
0.4882178660774984-0.10789848571945572i,0.19101123649139493-0.03534100721502165i,0.004957155299404995-0.000981658568665637i
-0.24311554026181423+0.4369123381605194i,-0.09867178432656634+0.1640626668776786i,-0.002578373851120376+0.004210652542592556i
-0.16568096021806902-0.47175164715073065i,-0.056150961437373484-0.17965362025554146i,-0.0014750877040296945-0.004732282034303908i
0.46292105436273234+0.18894953405958498i,0.16910849327679245+0.07628022694866526i,0.004387433748488712+0.0019254200699360875i
-0.4484711681659063+0.2210703542386247i,-0.16641213706419736+0.07484846963500409i,-0.0043395057117955535+0.0018918554410082315i
0.13205833711632886-0.48224507708518594i,0.05376193012830955-0.17104693473933583i,0.001384586966923749-0.00450499157769417i
0.27327005371554736+0.41871300707431125i,0.09083970045181407+0.15138928279935432i,0.002352190194667249+0.0038815064932481926i
-0.4946030927493577-0.07326025367586708i,-0.1703695996631196-0.03178553776270426i,-0.004441339067338664-0.0008787532615169959i
0.38291192728203793-0.321524182894685i,0.13461838990183786-0.10421501645100194i,0.0034875709713708806-0.0027638002899840913i
-0.013402027750802986+0.499817416363655i,-0.011077052289056689+0.1670051850920249i,-0.0002969480018532754+0.004289992456077253i
-0.3651327773587888-0.3415812515841023i,-0.11521066869611314-0.11675033932700823i,-0.0030064658259051024-0.0030847796460375283i
0.4978175229745576-0.046650816653081434i,0.16084878786012166-0.008270653536847968i,0.004169946281271451-0.0002665672364398745i
-0.29531601571846355+0.4034677018409032i,-0.09851869360406619+0.12353710169078808i,-0.0025688975796499124+0.0031627014278861995i
-0.10602696466310921-0.48862877744708244i,-0.02628508942043138-0.1524114325924122i,-0.0006946412704187735-0.0040085752449489035i
0.4359793948216201+0.24478482689537862i,0.128890649448979+0.08008580300164646i,0.003340146114082946+0.0020325855456746742i
-0.4723820347547269+0.16387156988515691i,-0.14230952819925619+0.04248726880133483i,-0.0037060015993403343+0.0010593359142427195i
0.19072221432084063-0.462195529837814i,0.06153140410207733-0.1315678710401336i,0.001587660149898867-0.003463960367681296i
0.21935236169702146+0.4493123329986516i,0.05638500021091363+0.1306510464211174i,0.0014573059714832182+0.003349242079989868i
-0.48173510992000934-0.13390550554646946i,-0.13198155930620062-0.04343585291680418i,-0.003437088933274613-0.0011699515226368654i
0.41975784355855333-0.271666287708085i,0.11750182109816339-0.06805265988529026i,0.00304226181238058-0.0018111013113664516i
-0.07515298066361531+0.49431688479001534i,-0.026407136370334993+0.1300901229590247i,-0.0006922175384193782+0.00333768338863592i
-0.32005455416733397-0.38414166722535703i,-0.0776747688496217-0.1034275549549916i,-0.002026193515293153-0.0027251986363520603i
0.49976381750551035+0.015314032673385991i,0.12584319192806412+0.010536644204263394i,0.0032598232554502215+0.00023282584381127572i
-0.34297636108096635+0.363820204585643i,-0.08904368284988004+0.08502048474234769i,-0.0023180061473690363+0.002170401927013622i
-0.04474293486073172-0.4979938377584402i,-0.004171693989126691-0.11968516256511018i,-0.0001171682149022028-0.00314457447555089i
0.4023350611813882+0.29685682079212183i,0.08986931921320385+0.07450897194152889i,0.0023269071948162326+0.001896873897533922i
-0.48903059009987676+0.10415343246197437i,-0.11213048420843587+0.017321210476816208i,-0.002916908955509973+0.0004158359541814931i
0.24645395723493482-0.4350402926028878i,0.059928695948209154-0.09247839646122528i,0.0015475518281089556-0.002435577304561888i
0.16206238064850875+0.4730039908683772i,0.02852805117726784+0.10329793446079351i,0.0007356727495821812+0.002647412390511651i
-0.4614610233505893-0.19249213925372638i,-0.09318514060360875-0.045790979913372755i,-0.0024248757241516474-0.0012194569362558648i
0.450150472949287-0.21763186485531616i,0.09328968459599872-0.03785306455244371i,0.0024143930173964405-0.001015028777661449i
-0.13574855040950284+0.48121679327196765i,-0.03258272827296215+0.09198472613526437i,-0.0008494895014865876+0.0023571082307528575i
-0.2700558750383055-0.42079637893289035i,-0.045432834023583946-0.08258636813364953i,-0.001185358957216262-0.0021716824179679618i
0.4940268276880789+0.07704342580441573i,0.08888681019919559+0.02039365121976136i,0.002301325158792668+0.0004993981472473848i
-0.3853638547665382+0.3185793798910105i,-0.0716864934518813+0.05110167474210013i,-0.0018636408782806116+0.001299505849116845i
0.017228959530520255-0.49970285133092107i,0.009257129897870748-0.0842721985827796i,0.0002341508659760689-0.0022129064866531598i
0.362505295379943+0.34436497027544655i,0.05472719095150297+0.060748099136755516i,0.0014162544021215796+0.001549558240076316i
-0.49816088230401234+0.04283403787964732i,-0.07855790194711017+0.0005161536118195047i,-0.002041656881515731-0.000009852351077108401i
0.29839675606068056-0.40119684511657666i,0.04990278803773726-0.05653087152278559i,0.001289400681152536-0.0014907173420104195i
0.10228087644092948+0.48942374939391053i,0.008652810776246661+0.0718786330402761i,0.00022205132847794576+0.0018415985597992177i
-0.43409252320380354-0.248119454421812i,-0.05678053048812024-0.039546642193638716i,-0.0014765882247523782-0.0010463385713747953i
0.473622564632979-0.1602516298407754i,0.06437589587005767-0.015202472854648177i,0.0016658919880413027-0.00041606568278404406i
-0.19425715159108214+0.4607185402618039i,-0.030047365176657584+0.05551354884920841i,-0.0007810327663825699+0.001420427626481432i
-0.21590541067750535-0.4509818637574958i,-0.020258483856771214-0.05644884443622426i,-0.000529052847510366-0.0014822295865976494i
0.4806947529725079+0.1375883461457031i,0.052802972098876+0.02149353126288959i,0.0013669395132739723+0.0005385193682677613i
-0.4218268390662944+0.2684407520639448i,-0.048484673703818246+0.0237237910118i,-0.0012588003582339326+0.0005991135804634693i
0.07893597374555664-0.4937295440970527i,0.013945862343488907-0.04897124057077415i,0.0003585279609862007-0.0012859423841757134i
0.31710243307742336+0.3865788935946578i,0.02555553976291439+0.040643997068372975i,0.0006614565573515013+0.0010381903959405547i
-0.4996325438959328-0.019143900511511533i,-0.044345619425794625-0.0076291471674350304i,-0.0011512600824043714-0.00021106306034161627i
0.345752051545509-0.3611854904572669i,0.03308533568254869-0.025944134420088114i,0.0008556615035174097-0.0006864363269287385i
0.04092691917440672+0.4983191741590877i,-0.002708495818135354+0.039081319632987443i,-0.00007056475063946558+0.0010008008950539529i
-0.40005036788149473-0.2999322467061921i,-0.02509523606243834-0.02611661924041345i,-0.0006519002545733071-0.000687869854634143i
0.4898132628911296-0.1004077360836334i,0.03336113009009845-0.0008565199757582567i,0.0008638310919404402-0.0000334092007433692i
-0.24977928349055162+0.43313726221679694i,-0.019992589296462214+0.02309199930262424i,-0.0005181408516001544+0.0005892812604382163i
-0.15843566059061645-0.47423405548123987i,-0.003121228170510318-0.027509168674960203i,-0.00008178895665301101-0.0007216328706035795i
0.4599725582790705+0.19601798697470768i,0.02007196581337941+0.01480182654061796i,0.0005203142138332841+0.00037528533048204505i
-0.4518047386137342+0.21417514335637602i,-0.02181052058160882+0.00405773473048193i,-0.0005649412922005951+0.00009861834331869658i
0.13942943523950493-0.4801657486085626i,0.010630239206130139-0.01630599966535441i,0.00027536605268582893-0.00042891554759563836i
0.2668244897178258+0.422849601480485i,0.0037108574695978525+0.016431782520462932i,0.00009700349419224625+0.000420388373689138i
-0.4934229498148511-0.08082754502704373i,-0.012041636123743454-0.007620192855596104i,-0.00031142249492147804-0.00020161032511674666i
0.38779181188862266-0.3156213559995571i,0.011558627176562825-0.0022448019255576494i,0.0003002824705493653-0.00006204116383938795i
-0.02105624644025217+0.4995535085024968i,-0.005834507719462842+0.0074582245678212694i,-0.0001498781659478008+0.00019057677418364162i
-0.35985791536060197-0.34713395555149584i,0.00018843106932458546-0.007417744732581087i,0.000006013172683506318-0.00019411672762870087i
0.49847365483895173-0.03902021284973432i,0.002780542234867573+0.005240329712826614i,0.00007362234020064136+0.00013452258048011253i
-0.30146135883204134+0.3988969887479501i,-0.0041606737356475-0.003458375009934024i,-0.00010617670853727596-0.00008980760405903627i
-0.09853015438544249-0.4901954790880797i,0.0058149324035279915+0.0017338327761266558i,0.00015251777799312597+0.000045229736926281414i
0.43217882290422455+0.2514340614958941i,-0.007364176354986769+0.0018775194710663366i,-0.00018862763136590156+0.000050036877891065154i
-0.4748366785696606+0.15661682348247763i,0.005890122903321787-0.007519275276718887i,0.0001545733513028077-0.0001928242708159759i
0.19777932840889337-0.45921999221923493i,0.0006771741860565009+0.011678885608542772i,0.000020250442422841873+0.0003052131939624203i
0.2124444293650362+0.45261947458945295i,-0.010225758461934695-0.009512621668087287i,-0.00026242869569877966-0.0002425212628939592i
-0.47962756524401196-0.1412685824036361i,0.016223274259066393-0.0006258561762886928i,0.0004227904297021332-0.000012260801617017499i
0.42386972537104023-0.2652049365565704i,-0.012388841059921543+0.013791547099186046i,-0.0003174343903637725+0.00036242600331779147i
-0.08271570235619427+0.4931077759898109i,-0.0016932090587564496-0.02079146578274993i,-0.00004126198566829779-0.0005324395437425124i
-0.31413307718169714-0.38899891037031575i,0.018109403782087925+0.014364223634037583i,0.00047243745865727045+0.0003779519514645065i
0.49947059716732223+0.022967179112965537i,-0.025117444866789962+0.0038527289570700154i,-0.0006465829974031223+0.00010756920256509767i
-0.34850882667896554+0.358524123664977i,0.015378114167093178-0.023002100480363767i,0.0004010264309967387-0.0005878132992031315i
-0.03710986854652834-0.4986207465205073i,0.0071089336604090204+0.029000491341374886i,0.00018852979970127257+0.000759075383824903i
0.39774084273977417+0.30298461294046397i,-0.028208924572059493-0.015337271741331818i,-0.0007264661838377796-0.0003869229566277208i
-0.4905685700291217+0.0966506837060383i,0.03232276934126394-0.011360500668872855i,0.0008401892366125151-0.0002847737332962757i
0.253088592484372-0.4312142912228564i,-0.014112159211635776+0.03353898127920104i,-0.000359993844878826+0.000878900410681023i
0.1547982812922496+0.47543083624343907i,-0.016404572128684736-0.03489701485336439i,-0.00042095375113120043-0.0008912163109843084i
-0.45845847794612454-0.19953780299677423i,0.03886939029196107+0.011704299823013591i,0.0010104302731509145+0.0003138447247944147i
0.45343113663579054-0.21071132509860785i,-0.03648508360832992+0.022115236114743426i,-0.0009385051775774877+0.0005856536435519619i
-0.1431035071812885+0.4790810721540772i,0.00822573737846601-0.04396688820712404i,0.00021643187145682668-0.001124319129624568i
-0.2635788187880263-0.42488348687237987i,0.028421249876428707+0.03699411900917138i,0.000741067368303438+0.0009700570184819331i
0.4927887630640823+0.08460145678249806i,-0.04852661216872241-0.003697498709275801i,-0.0012499443485119712-0.00007996096039371558i
-0.3901983877173006+0.31263935213874955i,0.036440437988374645-0.03510123523965869i,0.000946643148075628-0.0008936301909413404i
0.02488093249176901-0.49938032923143527i,0.001907019856587343+0.05239466380555503i,0.000056123010002427805+0.0013704977471104332i
0.3571880611026338+0.3498771123965806i,-0.04184026159653816-0.03472627510237835i,-0.0010771631998244228-0.0008806600607029576i
-0.4987585537205837+0.03519863268122925i,0.05551618598346212-0.008430893735435489i,0.0014406424669271376-0.0002025813617147118i
0.30450691278173486-0.3965792002325961i,-0.031704080154106924+0.04847601270261942i,-0.0008124439031300119+0.0012713353920227688i
0.09477228701819734+0.4909329886686558i,-0.015605726133480493-0.05769095537868544i,-0.000398999613198268-0.0014730275815340113i
-0.43024113766422023-0.25473938628279436i,0.05493020762184788+0.027433283220613662i,0.0014264067406710309+0.0007261086647452787i
0.4760215738596735-0.15297829661314466i,-0.058657410577140814+0.02331867954240264i,-0.0015090335727471805+0.0006230388597950483i
-0.20129126965869906+0.4576890410188039i,0.022094499114013653-0.06094306585628037i,0.0005755393640339308-0.0015559864857378578i
-0.20897235226114247-0.45423600202870107i,0.03152625599903834+0.058373455656780315i,0.0008224550870513981+0.0015274589841149176i
0.47853087784569354+0.14493506585256682i,-0.0661750446980161-0.01570391995759889i,-0.001703454395791809-0.0003836791843058161i
-0.4258891141292294+0.26194809839904837i,0.05691776951006748-0.03996748806499177i,0.0014757553020896949-0.0010129963578321456i
0.0864892132969659-0.4924625495327989i,-0.008217778097012303+0.070509389697314i,-0.00020368289163162824+0.001842835329843798i
0.31114392916843964+0.39139064300640614i,-0.048280912181448976-0.05418720752590096i,-0.0012414532189914177-0.0013765216766381972i
-0.499280718306902-0.026794576805334404i,0.07394048290031352-0.00015966473698949868i,0.001916154557025183+0.00001633149047739149i
0.3512437932870351-0.355847192911774i,-0.050019318816851066+0.056326134826290175i,-0.0012829528883356012+0.0014782934458699676i
0.03328927538933801+0.4988876045601875i,-0.0091059196811851-0.0762550827614403i,-0.00022995101673213496-0.001945431755493513i
-0.3954093527158018-0.3060246730425929i,0.06405850339860554+0.044520840568426534i,0.0016618082886939926+0.0011712705728205745i
0.49129373572137874-0.0928934283027599i,-0.07717174305311335+0.01851807549159966i,-0.0019839569570996936+0.0005037142503319708i
-0.25638442158719127+0.42926055982550465i,0.037926917246000384-0.07119441623975457i,0.0009842675084261428-0.0018139998420355157i
-0.1511531876020645-0.47660519554730163i,0.028372886302348476+0.07668837740820929i,0.0007414532198667115+0.002002919864039969i
0.4569161396766869+0.20304044826213224i,-0.07736564346893064-0.03024948344803879i,-0.0019891561264133275-0.0007536523282848858i
-0.4550323031022066+0.2072296806692513i,0.07493147946386045-0.038376109817856933i,0.0019395011813769358-0.0009663707747040478i
0.1467678192338854-0.4779737601262326i,-0.021432334760594696+0.08248379570145889i,-0.0005430632598682138+0.0021538067171353857i
0.26031632114523945+0.42688698321229i,-0.04812925273004142-0.07179247480797535i,-0.0012351597121926592-0.0018244353961187213i
-0.4921270361235844-0.08837587229411845i,0.08657961069664126+0.01171767806481194i,0.002240475604472917+0.00032657763836439193i
0.39258070960021174-0.309644475819472i,-0.06709777667689673+0.05750827582821103i,-0.0017205473133390127+0.0015108988540800477i
-0.02870552482495148+0.4991723910831389i,0.001469407908403181-0.08942829956648343i,0.00004369284140295364-0.0022784800560799643i
-0.3544986207017474-0.3526052124959165i,0.06649233795338333+0.06099065116607903i,0.0017231279349132665+0.0015978600616559917i
0.49901283074957464-0.03138045413276492i,-0.09073347430283439+0.0092170334929467i,-0.0023298245876296943+0.00026699837020075705i
-0.30753597075186223+0.3942326829341029i,0.053746439305816185-0.07477850701332107i,0.0013911674637104173-0.0019002423369424751i
-0.09101022625542249-0.49164716746782855i,0.020332019045085515+0.09052303507148377i,0.0005339977189041632+0.002359799771864745i
0.4282768496564822+0.2580243023063153i,-0.08197760295465807-0.045373510792596286i,-0.00210429025272433-0.0011388547216944786i
-0.4771799124873713+0.1493253300680484i,0.08895741492732102-0.031555816704408074i,0.0022984641239597163-0.0007860758103681269i
0.20479003784977037-0.45613670905575243i,-0.0358078371940117+0.08802206874136326i,-0.0009117684852465304+0.002296106926416941i
0.20548665154265694+0.4558204186602789i,-0.04246389820026258-0.08592355106872664i,-0.0010867157827139163-0.0021825547320776504i
-0.477407486594662-0.14859851401735022i,0.09296740736935773+0.025319510229935085i,0.0024019254856460456+0.0006790708103076477i
0.4278821554000663-0.25868136122345375i,-0.08124124341054888+0.05294419747945951i,-0.002081285217437119+0.001393542975054475i
-0.09025901670957501+0.4917829699806959i,0.014300415725897091-0.09658032757797023i,0.00037443517690132763-0.002456269543283036i
-0.30813789586244733-0.3937648838019365i,0.06299122127708918+0.07507981920307662i,0.0016306008273359377+0.001960228125483137i
0.49906018696478466+0.03061493648874232i,-0.09855582972895699-0.002840388958814286i,-0.0025266762032572446-0.00004153331632148709i
-0.3539595224302073+0.3531439226277605i,0.06774075063017905-0.07228881659748206i,0.0017493007522631136-0.0018306903591904565i
-0.029468095298424618-0.4991306652177302i,0.009058789093014583+0.09894287453985967i,0.0002434078509722042+0.002574320615517381i
0.3930533030820145+0.3090413160962403i,-0.08043609559164576-0.05922981078554179i,-0.0020605001255070165-0.0014914275579997437i
-0.49199144891900937+0.0891252576734316i,0.09792308835871874-0.021060782274087957i,0.002525297761798265-0.000512858825610673i
0.2596638459849573-0.4272871152193648i,-0.049479718469131545+0.08738020611415885i,-0.0012614311972433602+0.0022770523139047085i
0.14749786184567637+0.477746131914502i,-0.03272707344512092-0.0953809271185837i,-0.0008340179406636664-0.0024202165517946362i
-0.45534836542879303-0.20653664990603376i,0.09319137691227913+0.03877817362088015i,0.0024034797139906557+0.0010253398565477963i
0.4566054126042106-0.20374134688703588i,-0.09113485391920871+0.04395433222216988i,-0.00233151303046636+0.0011610575188618652i
-0.1504248879443721+0.47683294488465877i,0.027531448737746145-0.09763231541495035i,0.0007140605295864063-0.0024774637749816514i
-0.25703991964836603-0.42887090557233387i,0.054745358294459256+0.08537048755958852i,0.0014157219728095746+0.002222070541060506i
0.4914350763210679+0.09213963756985084i,-0.1003969346778286-0.015825187168607913i,-0.0025689892503867966-0.00037425182542187173i
-0.3949413692832317+0.3066259701218336i,0.07840212411368519-0.064778181449313i,0.0020199919652172183-0.0016332942054817167i
0.0325270676096282-0.49894063884773787i,-0.0036582932167603926+0.10154763589675611i,-0.00008370303870562382+0.002636927506939273i
0.35178702042698284+0.3553071632320713i,-0.0736505459485777-0.07023429195843235i,-0.0018820940162270182-0.001770623447869191i
-0.4992392024983545+0.02755496857759561i,0.10127594392497634-0.008625827347573379i,0.0026064833931114676-0.00019195191214494862i
0.31054562357659504-0.39186850708707405i,-0.06080101412116447+0.08131957979987839i,-0.0015496660683825007+0.0021172368107413245i
0.0872414612837713+0.492327041000477i,-0.020587213921743813-0.09946684679612917i,-0.0005206726108102648-0.0025200737255346695i
-0.42628880558971444-0.2612995494732405i,0.08786185925847936+0.05039754647426602i,0.0022618260867288274+0.001321747002106179i
0.4783088950193166-0.1456690707153072i,-0.09594336518841788+0.0321290277894664i,-0.0024503535962312655+0.000855179231452596i
-0.20827815923963253+0.45455215479362715i,0.039431313891969924-0.09304176650398581i,0.0010179293151600763-0.0023547528238700936i
-0.20199026316109478-0.457383564138623i,0.04325666709681744+0.09089863201200797i,0.0011179557221991413+0.0023592470148786093i
0.4762547258988677+0.15224777941503856i,-0.09656048132699264-0.027984900623830727i,-0.002465546817788586-0.0006858079129044146i
-0.4298514637637931+0.25539398405667146i,0.08464764576411075-0.053650582254081175i,0.0021759481692586627-0.0013449562997276195i
0.09402215997765087-0.4910800097891065i,-0.01605857883640397+0.09848760499243457i,-0.00040176513788856623+0.0025525618169714086i
0.3051124221034223+0.3961105608961034i,-0.06291802610631406-0.07719545985758397i,-0.0016033189903432378-0.001946197073356553i
-0.49881174756464147-0.03443896666199399i,0.0990149264514124+0.003993157200288487i,0.0025429989371053567+0.0001312359035216439i
0.3566531233218515-0.3504254039739061i,-0.06848190392630735+0.07102265962619934i,-0.0017437046271966614+0.0018481200292783833i
0.02564382092825443+0.4993389816427947i,-0.007782364222408225-0.09803179355523103i,-0.00019175663312715103-0.0024791502332236538i
-0.3906755635270144-0.3120452977445072i,0.07804068769297749+0.058800384426192114i,0.0020052806748682593+0.0015333365693986423i
0.49265893720787657-0.08535732544379673i,-0.09537203172392583+0.01917617295503169i,-0.002431138950091564+0.000520409979329542i
-0.26292940480143207+0.42528314056954886i,0.048547181329138774-0.08374459599951875i,0.0012490053835156063-0.0021131092051789035i
-0.1438352499244422-0.47886451101307925i,0.030191818320075066+0.09122871548965834i,0.0007807240442504387+0.002361577021281422i
0.45375251567694797+0.21001527025585398i,-0.08785150743788352-0.03780282218727528i,-0.0022380467854218773-0.0009373078821106021i
-0.45815310435434287+0.20023559577722866i,0.08590697555175522-0.04052068137226393i,0.0022033991503839063-0.0010076752831679418i
0.15407176730915445-0.47566962594005713i,-0.026572539775879263+0.09043333369584544i,-0.000670546016721289+0.0023396292139740544i
0.25374707499632604+0.4308242049869504i,-0.04979026735631567-0.0794145326377158i,-0.0012646897758280722-0.0020008724707094552i
-0.49071565573318776-0.09590346442820641i,0.09167427003202026+0.015185298291275143i,0.002349649562977615+0.0004154993947675168i
0.3972774968073425-0.3035949446978373i,-0.07170136224708955+0.057968396650408545i,-0.0018231707643752712+0.0015085628214046964i
-0.03634806817005773+0.49867415352639777i,0.004047558087327464-0.09147236406502199i,0.0001106182989265516-0.00230853681704784i
-0.34905615082278046-0.35799373870732304i,0.06512576191450067+0.06305065475888948i,0.0016705529446590128+0.0016368966877244168i
0.4994349242006651-0.023733333003435282i,-0.08967848237505287+0.006752968235976733i,-0.0022814707755189232+0.00019955381948147066i
-0.3135384262039177+0.3894758787760785i,0.053836726006023135-0.07104961478760129i,0.0013811825217252746-0.0017868030206433121i
-0.08346894465870153-0.4929835019795973i,0.017214633273168807+0.08647941665427718i,0.0004469477595471247+0.002233260211247652i
0.4242743905905491+0.2645540030716613i,-0.07548142685465642-0.04413903704096112i,-0.0019183839156235861-0.0010998845313489561i
-0.47941118671958577+0.14199880043034213i,0.08216170552823432-0.02704791958273434i,0.0021028762528453177-0.000664120879286416i
0.21175269773477912-0.45294640377191037i,-0.033970778442084786+0.07849178273745315i,-0.0008589389092958059+0.002027561252817257i
0.19848066071933645+0.45891441418004353i,-0.03591048859644512-0.07673813672903519i,-0.0009086220334012586-0.0019314763294687879i
-0.47507539486455935-0.15589358058046116i,0.08025124023106023+0.023640784789991518i,0.002052928238414582+0.000627816486457918i
0.4317941922172229-0.25209709232212907i,-0.07017285009179008+0.043772779528557446i,-0.0017815557792792576+0.0011405415185972263i
-0.097781153851043+0.49034277759924705i,0.013522883412040944-0.08067102727696475i,0.000351456502289256-0.00203156501982144i
-0.30207041684695124-0.39843846928943416i,0.05069627502280834+0.06273183188067961i,0.001298574232445638+0.001622763185552964i
0.4985326831916204+0.038255510422745345i,-0.07962486731887028-0.0037013045703239568i,-0.0020217122883418935-0.0000705844449966525i
-0.35932716944888254+0.3476808638197705i,0.05475856314551688-0.056489334810297574i,0.0014014141141091797-0.0014153720152598106i
-0.02181940809034813-0.49952347420890825i,0.005814697472833431+0.0772884726067512i,0.00015462947290097198+0.0019916904737081777i
0.3882735420361362+0.31502550918733996i,-0.06092531161430969-0.046332491104888886i,-0.001544777265956289-0.0011571441156656317i
-0.4932988929223212+0.08157892003976806i,0.07392311805327688-0.014761943907417951i,0.001888366761048688-0.00035313050272756363i
0.26617817499815305-0.42325968601784114i,-0.037477205484667236+0.06407093734286948i,-0.000947702032719275+0.0016531177908615526i
0.14016283519155873+0.4799493346483874i,-0.022836655152148694-0.06954915259511317i,-0.0005748583883818034-0.001748442101697688i
-0.45213141551805586-0.21348703785609519i,0.06607886793551887+0.02847456967828633i,0.0016875288489736297+0.0007463599949286227i
0.4596725560805446-0.19672356557260565i,-0.06414840237389835+0.030010939570640962i,-0.0016260635486292426+0.000784524465393583i
-0.1577109748978726+0.4744729389373035i,0.01965773481447918-0.06687774324696871i,0.0005061590295904612-0.0016805560470060546i
-0.25044071182811145-0.4327576994727019i,0.036334644597091674+0.05796430065745617i,0.0009298676712257776+0.0014950021891285573i
0.48996608507184036+0.09965619949823828i,-0.06636914335508937-0.011107953254495283i,-0.001681978642344195-0.00026273598991473384i
-0.3995916866280814+0.30054064474802145i,0.05130292160314871-0.04164274010717059i,0.001310249887428075-0.0010390167264524436i
0.04016557088675429-0.4983838833435011i,-0.0028437208722816502+0.0647143490084246i,-0.00006690161866217248+0.0016647002203651051i
0.34630344058832896+0.36065384873998463i,-0.04574658815656161-0.04424484335881329i,-0.0011572017885676167-0.0011060605393319132i
-0.49960271586366606+0.019904838986320728i,0.06214484986081343-0.004903917191805974i,0.0015848489683039267-0.00010576258185724889i
0.3165114715946617-0.3870658709404933i,-0.03682597010545921+0.048707492193981426i,-0.0009306874202752091+0.0012558759058639746i
0.07969016618018562+0.49360557930567206i,-0.011876110713161088-0.058690961641705675i,-0.00029633455646442476-0.0014736567991964964i
-0.42223645430803225-0.2677984047952214i,0.05065761680213935+0.02929616201579676i,0.0012919417233932787+0.000762048466616643i
0.4804839914423334-0.13832566709627228i,-0.054355061460388036+0.01804606056252328i,-0.001375763210718565+0.0004751690221726645i
-0.21521618101399703+0.451308617587596i,0.021942299568110335-0.05154664072431887i,0.0005624095363582764-0.0012925554244355116i
-0.1949607815709211-0.46042381158107826i,0.023450633236975976+0.04935447209907733i,0.0006001253787525155+0.001269873765368746i
0.47386683118099543+0.1595247710658052i,-0.051307860096356836-0.0148431936334028i,-0.001298016064087513-0.0003613839785315801i
-0.43371295829183987+0.2487799468155137i,0.04395377248652043-0.027955648647321276i,0.0011206447517780264-0.000694091012439307i
0.10153304634744423-0.489582249248502i,-0.008027595774016225+0.050086166091061854i,-0.00019949830724997695+0.0012866025908001627i
0.2990093270427737+0.40073753983888405i,-0.031414810068296224-0.03823589705623982i,-0.0007927974336652491-0.0009561427376263025i
-0.49822574170281547-0.04207527649363405i,0.04808086245768597+0.0016904267356393629i,0.0012245485980398078+0.000057482094017103615i
0.36197877246970467-0.3449213957471251i,-0.03225048034976036+0.03388319531188717i,-0.0008143473128256829+0.0008735797124620945i
0.017992349628798365+0.49967319950120925i,-0.003958393215713215-0.04533437138824108i,-0.00009612374503384376-0.0011369607505975746i
-0.38585011099459265-0.3179927082048392i,0.0354713911114371+0.026212363630706486i,0.0009038013947715455+0.0006783866861024795i
0.4939085470361364-0.07780119568743929i,-0.04187170756448545+0.008892776077781737i,-0.0010583290815408312+0.000238003106145145i
-0.26941269749699176+0.42120593766283004i,0.020359195286417386-0.03615285756412645i,0.0005203754882609858-0.000904714639304284i
-0.1364835645507862-0.48101147177991743i,0.013136135913916797+0.037882338878094744i,0.00033667753059120716+0.0009728244887023248i
0.4504824285546058+0.21694081646738053i,-0.035895110909167076-0.014767999791643317i,-0.0009066217148539743-0.0003633278233226727i
-0.4611664101428057+0.19319452968841544i,0.03358773882921566-0.016587842144079164i,0.0008552502510026914-0.00040938960479487447i
0.16133956575462732-0.47325388666441764i,-0.009478317462307718+0.03482596747424692i,-0.00023708893981214517+0.0008936721321509759i
0.2471182926001304+0.4346603430220187i,-0.01914626326417319-0.029074457853013373i,-0.0004819748318744077-0.0007270455200455071i
-0.4891891397930102-0.10340855524546597i,0.03311210416868776+0.004646935825291899i,0.0008425384091871881+0.00012786713447148726i
0.4018810715122536-0.2974741820240036i,-0.024406803278845448+0.02086005905225073i,-0.0006156501065785733+0.0005380855658891484i
-0.04398208332095771+0.49805891273275105i,0.0004333246737744576-0.030809771106394435i,0.000014098783288525981-0.000771899154101117i
-0.3435317826794906-0.36329826988661995i,0.02181842344552493+0.019763622326938655i,0.0005557289443312493+0.0005096894048247707i
0.4997398361572822-0.01608064369043556i,-0.027967860193156165+0.0031368225136769136i,-0.000705944235923079+0.00008757057586957146i
-0.31946731684412555+0.3846276923532934i,0.015332956004174716-0.022020276425028264i,0.0003912746071803503-0.0005500654972603359i
-0.07590807899105201-0.49420416908189935i,0.006073664103825056+0.024747936650885396i,0.0001563637020561614+0.0006345610575918709i
0.42017238479536645+0.27102163174133986i,-0.021468412025505968-0.011190843935856547i,-0.0005413538201355746-0.0002766004753135461i
-0.4815299777469062+0.13463895357831024i,0.02132904022046192-0.008311164438151143i,0.000542709025137962-0.00020377078626083995i
0.21866567442899804-0.4496498249026368i,-0.007387784098782151+0.020273970393650913i,-0.00018491981509700294+0.0005198147007992291i
0.19142810069664704+0.4619007352107839i,-0.009792650986697614-0.01780255764652771i,-0.00024578499918403215-0.0004451091640619355i
-0.47263183722770796-0.16315207046613556i,0.01857223951200003+0.00404238711904473i,0.0004724245657321532+0.00010797967654983893i
0.4356049179491592-0.24545367470639984i,-0.014247960523971391+0.010560606979962845i,-0.00035885806465809196+0.0002724974478113411i
-0.10528034887665036+0.4887875367549127i,0.0012645192478686414-0.01643448366264998i,0.00003395188277828479-0.0004114574380683393i
-0.2959320637356378-0.4030185702788206i,0.010684015392851996+0.010809012216657289i,0.00027228332388605817+0.00027810658673176313i
0.49788820961498104+0.04588710822243959i,-0.013933845825250216+0.000920186593886929i,-0.0003510889134463732+0.000027202590623546013i
-0.36461050833473807+0.3421362290275347i,0.00762609767948214-0.010187797303334972i,0.00019468490358910047-0.0002543170915069471i
-0.014165601518434517-0.4997990813300551i,0.0025093045057559527+0.011205394730965185i,0.00006500582086358243+0.00028691292001745914i
0.3834026810678838+0.32093578815454193i,-0.00910966059082457-0.004775193713072616i,-0.00022917818774988315-0.00011807544979183199i
-0.4944905952760923+0.07401344138710789i,0.008388331608829703-0.0034708301561471584i,0.00021363955069055797-0.00008534813900056736i
0.27263005108001015-0.41913294856591876i,-0.002317647020046534+0.007545308287261725i,-0.00005744481971966511+0.00019308625034689475i
0.13279492233248577+0.4820399275120568i,-0.003791458714991064-0.005579966780829147i,-0.00009482357187301845-0.0001394910627936159i
-0.4488083830004168-0.22038733609137617i,0.005601186251424363+0.000335621302022083i,0.00014278542370314075+0.000009902480500019287i
0.4626318474270709-0.1896596277232688i,-0.002874990169242471+0.0035080109605753833i,-0.00007180735672128169+0.00008979781918224123i
-0.16496005852182405+0.47200160803547236i,-0.0011077048422670653-0.0033641446980210753i,-0.000027175573722025447-0.00008444828959361684i
-0.24378274368615535-0.43654295662282794i,0.0026711438487550866+0.00038457169381665853i,0.00006835553860627506+0.000010066543575380513i
0.4883821339828691+0.1071493789718136i,-0.0009311058919683618+0.0019863710608016066i,-0.00002288398532400497+0.00005023745214897513i
-0.40414824865721943+0.29438480380499776i,-0.0017947052654669177-0.0013312054617045843i,-0.00004481489002606849-0.000034034808174127324i
0.0477946501164464-0.49771019334915156i,0.0022863462274920793-0.0015868355206814407i,0.00005834285518415738-0.00004084601331240757i
0.3407386081880085+0.3659159144382247i,0.0004408522550607012+0.0035859542156199352i,0.000011563537978284858+0.00008968077808065875i
-0.4998490085261061+0.01225003884196386i,-0.004086266818876638-0.0020076606934764903i,-0.00010302485380949558-0.000052147703135777176i
0.3224030570809816-0.3821724186257376i,0.0049173162817965155-0.002562958859405232i,0.0001246117536734396-0.00006653066155170762i
0.0721201734526618+0.49476830360336244i,-0.0011771711853480176+0.006463104718237878i,-0.000029603642278417284+0.00016145535038986983i
-0.4180850346142251-0.27423442743534965i,-0.004954070112773399-0.005739894542686292i,-0.00012521013553064547-0.0001475052642323112i
0.48254635279021285-0.13094980872409945i,0.008607824438230828-0.0001733198867494553i,0.00021766332830443788-0.0000070556007808147175i
-0.22210370712766098+0.44795919042533733i,-0.006032638590000424+0.007511836435779511i,-0.00015260637992630126+0.00018700686755535422i
-0.18788555680378474-0.46335603102890743i,-0.002009177453629575-0.010438184454111557i,-0.00005099082950731252-0.00026722772430006755i
0.4713677539590233+0.1667643334189139i,0.010116828361109794+0.005768822120813835i,0.0002555528793885244+0.0001422594850818557i
-0.43747269169865444+0.24210753851386427i,-0.01189616567123466+0.00425621920179279i,-0.0003010537440958139+0.00010376372361654566i
0.10902011014214424-0.48796961932753574i,0.00492396680851195-0.012678674881187683i,0.0001240299168865267-0.00032474650363049874i
0.2928360759434443+0.40527049421595995i,0.006813049022942599+0.012903049719959637i,0.00017179788006091868+0.00032170626513013464i
-0.4975228382148026-0.04970171460819772i,-0.015124763073878502-0.003526974076319472i,-0.00038286365514768344-0.00009386535188809194i
0.3672194911842175-0.33933645962583875i,0.013377016439475486-0.00960913575156734i,0.00033743125557533386-0.00024799742852152037i
0.010336656740331407+0.4998901797185648i,-0.0016403851538308513+0.017343731054657894i,-0.000042064795473864855+0.00043306810640555385i
-0.38093412730478377-0.32386550899460326i,-0.012584914698120826-0.013298205741717023i,-0.00031888247070213156-0.00034164873741844185i
0.4950422720127106-0.07022681191325386i,0.01921205413216903-0.000708355892369848i,0.00048464391242302487-0.00002386741860931529i
-0.27583277851191124+0.4170299077312861i,-0.012681978368408758+0.015623293935678191i,-0.00032126433986667515+0.00038875374986821373i
-0.12909985639228713-0.4830455741107176i,-0.00349815976529321-0.02067202722141065i,-0.00008950109024965171-0.000528754145206113i
0.44710664556364127+0.2238154619696977i,0.01858434947719732+0.011500389328154427i,0.00046856608226863766+0.00028382733321802734i
-0.4640715134617024+0.18610813443402277i,-0.021698121917753974+0.006633474221904337i,-0.0005492291914259016+0.00016083216533731054i
0.16856950934133483-0.4707271090993739i,0.009719766616842523-0.02139484520802304i,0.0002441941580707145-0.0005477496823143652i
0.24043152925456818+0.43839449725212376i,0.009986182494267483+0.02220903222385782i,0.00025118133064647185+0.0005535941819360116i
-0.4875478464664247-0.11088938384149494i,-0.02400754176991536-0.007393864481157878i,-0.000607747748385551-0.00019424007773697624i
0.40639035358744774-0.2912836239002382i,0.022113759977655262-0.013495159098391439i,0.0005570212801423467-0.00034891276359854843i
-0.05160577912399103+0.4973268130549119i,-0.004615530419174554+0.026303731955073063i,-0.00011775721306177744+0.0006562946897672512i
-0.3379268124432925-0.36851756144229797i,-0.01711828139207171-0.021416623501299255i,-0.0004339641063339839-0.0005490702596513687i
0.4999274950785454-0.008424181728906896i,0.028147199310567982+0.0014084485614219502i,0.0007091905614396958+0.00002678563176883246i
-0.3253212515887691+0.379689261186002i,-0.020163006265208165+0.020725125583047975i,-0.0005104865538971409+0.0005147528465955714i
-0.0683294032432179-0.4953088823720612i,-0.0022173805690718727-0.02950009038821465i,-0.000057944861145965476-0.0007538108548483908i
0.41597179471632467+0.27742567082861147i,0.024157956948462844+0.01832333725754312i,0.0006083221016149267+0.0004532128331108513i
-0.4835357884416446+0.1272475163380547i,-0.03036296899421334+0.006148194898142085i,-0.0007681370279394276+0.00014612327639170183i
0.22552734595457397-0.44624774591761873i,0.01585606049426172-0.02735709487971327i,0.00039807834570088947-0.0007003085592451999i
0.18433062620259855+0.46477868107798836i,0.010233588068798418+0.030651466723347325i,0.00025673891899259996+0.0007637986391961824i
-0.4700773870111343-0.17037228062945317i,-0.030295246247483334-0.01283522982637359i,-0.0007666000157132287-0.0003335860792804473i
0.4393134384929415-0.23875266710801393i,0.030266460355591347-0.014419862988677801i,0.0007615728802125802-0.00037436222691210786i
-0.11275484226531271+0.48711761235073286i,-0.009378077924628797+0.032846802686049725i,-0.0002382551496385737+0.0008186433613016045i
-0.2897242767579834-0.40750411215018906i,-0.018678476302099435-0.029231354727750326i,-0.0004736704659325072-0.0007478385577778202i
0.4971269174464089+0.05350793930134326i,0.03486465501819738+0.005505027742380757i,0.0008774481562848968+0.00012783928884433i
-0.36980829946857074+0.3365113191775919i,-0.027614936939553806+0.022867690890985157i,-0.0006984350579029302+0.0005663737954769221i
-0.006508471379965658-0.499957421916025i,0.0012173019648618953-0.03632619991974037i,0.000028017893440157726-0.0009272948882528317i
0.3784418630175953+0.3267707662809492i,0.026815234865635272+0.025385719143180992i,0.0006743183065029814+0.0006288201030977783i
-0.4955662763735906+0.0664305967885304i,-0.03725180291598042+0.0033567958375306595i,-0.0009416016320759195+0.00007381880718529411i
0.279017960439787-0.41490787111172767i,0.022495622952767427-0.03047168740590849i,0.0005644398961501532-0.0007800863689126752i
0.125395851987071+0.48401741999390113i,0.008049494671011749+0.03755393555041457i,0.0002010596525560719+0.0009352044622137116i
-0.4453800475523289-0.22723592560874484i,-0.03382461359617592-0.0190342114826933i,-0.0008553294135716681-0.0004911523285781321i
0.4654825923111978-0.1825511907365917i,0.03712671150687646-0.012812836240441721i,0.0009331444842576706-0.00033528563550584413i
-0.17217043797827838+0.46941953202257714i,-0.015136962163069123+0.036742495832416865i,-0.0003834688136982096+0.0009143297758072612i
-0.2370675773682061-0.44022578889542063i,-0.0176283692222921-0.036007632218715446i,-0.0004472575916851632-0.0009193284475909599i
0.48668359469342126+0.11461741788090943i,0.03906962060913079+0.010821433980004857i,0.000981993129723996+0.0002599917013699593i
-0.4086099862736387+0.2881598916253742i,-0.034282406232235274+0.02234559512703446i,-0.0008659647826290846+0.0005511515536010517i
0.05541251530314986-0.4969197269312221i,0.006082169940640572-0.04079440685215931i,0.00014999801243744477-0.0010402307181710585i
0.33509382889148465+0.3710921256988742i,0.026781468675500224+0.031917523566575054i,0.0006723332044237123+0.0007911264327336271i
-0.49997802269852226+0.0045923641749270015i,-0.041951170641454726-0.0010580270387552664i,-0.001059190443125578-0.00003872576550908144i
0.3282189977046719-0.37718929828370784i,0.028859812072335272-0.03089400209148839i,0.0007235364220913224-0.0007911018077826739i
0.06453325923340811+0.49581494108587976i,0.004071070455399868+0.04244956555814268i,0.00010035266859516967+0.001056018301093028i
-0.4138355205475681-0.28060610732254493i,-0.03468110289320648-0.025209574683820336i,-0.0008761829420886868-0.0006471328540108387i
0.4844954951752497-0.12354322618164226i,0.04217863569145468-0.009261565796857456i,0.0010587075544284928-0.0002466558578123486i
-0.22893912157418997+0.44450465917622795i,-0.021114452030259453+0.03800687603338861i,-0.0005336699793855473+0.0009438369597578688i
-0.1807662489054799-0.4661795345013447i,-0.01450210160177107-0.04118534919855861i,-0.00036834582792051487-0.0010494055899500404i
0.46875808058642743+0.17396476787037296i,0.04070974567762641+0.01658945964992659i,0.0010215906496746571+0.00040372809322462383i
-0.44112978184553053+0.23537832468549819i,-0.039566274535813+0.019636398528404705i,-0.0009979415625786035+0.00048126696861178756i
0.11648159468699232-0.4862424983943318i,0.011624326375522753-0.04278549239281725i,0.00028887343101113963-0.0010897191208201443i
0.286594117222956+0.40970836046933984i,0.024474766614596712+0.037286012841009984i,0.000613064979048052+0.0009241193929064448i
-0.49670320202143936-0.05731649162980952i,-0.04427719626104361-0.00636433821857311i,-0.0011163579765212954-0.00017293067723026686i
0.37237404984607214-0.3336719059924062i,0.034287810128293225-0.028980388982397385i,0.0008586567782455579-0.0007425313741057522i
0.0026785385027179864+0.499989871385229i,-0.0009962770595035658+0.04509249201331143i,-0.000027446385130249314+0.0011201018901544173i
-0.3759287658849796-0.32966232219033154i,-0.03315770257593593-0.030678170821864324i,-0.0008367263112452362-0.0007842735571345321i
0.4960598461339828-0.06263595128371091i,0.04511736800195649-0.004439723433852752i,0.0011306527261038262-0.00012565513402214816i
-0.282188141515461+0.41275603058844357i,-0.02661110755482723+0.03686844835306462i,-0.0006711645599188348+0.0009130792749125001i
-0.12168585787357883-0.48496634074813105i,-0.009936931358711062-0.04440416583067458i,-0.00025318878754456955-0.0011290942227517831i
0.443625958757246+0.23063759377852178i,0.03994830274358036+0.02209937479074382i,0.0010005374013652055+0.0005410429030979778i
-0.46686773269246895+0.17897807268075344i,-0.04305487489135649+0.015336561055711111i,-0.0010840672329052803+0.0003719224348420273i
0.1757599017221169-0.4680898860976769i,0.017129528700552454-0.042397414941625286i,0.0004265362129045959-0.0010784580590743648i
0.23368835386150874+0.44202579154014904i,0.020446615736760713+0.041032604469703235i,0.0005106197686200276+0.0010162678008841786i
-0.48579216084679167-0.11834419500448656i,-0.044263235398602295-0.011849198865841697i,-0.0011141504626834835-0.0003107460442594153i
0.41080428502911714-0.2850247228047751i,0.03827861440318451-0.025233768816542133i,0.0009572182260311008-0.000647319569199144i
-0.059217366846705005+0.49647802626395915i,-0.006446843330839801+0.0454526017870042i,-0.00016442558352892724+0.0011268582378726171i
-0.332242555197109-0.3736503887824497i,-0.029705920822937732-0.03490146537876323i,-0.0007485914262791051-0.000889080748862464i
0.4999978569344187-0.0007657435391599541i,0.04585072516778931+0.0009598292191313648i,0.00114684782439874+0.00001005631905869767i
-0.3310988569408828+0.37466174396840246i,-0.03105622981426525+0.03372483526047391i,-0.0007816031335125553+0.0008322949812956224i
-0.06073469558468622-0.49629738265342005i,-0.004607785399549785-0.04551186510666432i,-0.00011898167227503664-0.0011548003297658426i
0.41167360592944785+0.2837646177666321i,0.03712679800854315+0.02675368406118919i,0.0009277004818233446+0.0006568381532936253i
-0.48542814818446145+0.11982622294766768i,-0.044538745430176385+0.01009811637708559i,-0.0011192658713223317+0.00023970444345922603i
0.23233610237128147-0.4427409650398237i,0.021978648358359998-0.03991402208546818i,0.0005473587147612719-0.0010139311800653563i
0.1771899025033937+0.4675475765349908i,0.015321221692874686+0.04289363450600814i,0.00038093756843816327+0.0010610633301912612i
-0.4674126435603681-0.1775525170069874i,-0.04213477586370221-0.016877214499114623i,-0.0010585514107514834-0.00043617034036378164i
0.44291888372583427-0.2319956417709414i,0.040517458976667996-0.020246122367527267i,0.00101145005595485-0.0005206791780710164i
-0.12020288029164078+0.4853333961977202i,-0.01163464392410944+0.04369665913971387i,-0.0002942563576438677+0.0010807357925309426i
-0.2834485124345934-0.41189404246984895i,-0.02488184346295721-0.03751720161171256i,-0.0006260662213926206-0.0009526361377935591i
0.4962489853063585+0.061116215599148545i,0.04448654646768644+0.006285934659713717i,0.0011102970228955976+0.00014392741529920794i
-0.3749193233030738+0.33080745403125594i,-0.034044311966054674+0.029092778439376413i,-0.000854920228011304+0.0007147353729345447i
0.0011501857479751798-0.4999984588156838i,0.000833951527813481-0.044557836060118455i,0.000017735344128350936-0.0011281235175014269i
0.3733922518320579+0.33252907451734937i,0.03271924905104783+0.030107900025274293i,0.0008153111336023771+0.0007399765007650399i
-0.49652568382991774+0.0588321653916518i,-0.04401012290960968+0.0045676847305201156i,-0.001103649378724059+0.00010099120936637064i
0.2853404042951251-0.4105854449767148i,0.025692298373249503-0.03576387563524731i,0.0006393454895820161-0.0009073122163872735i
0.1179673601843462+0.4858813481188259i,0.009735265435933263+0.042805693441983816i,0.00024021408716431937+0.001057136579548899i
-0.44184721355726103-0.23403119953738133i,-0.03827302102789316-0.020938535855966892i,-0.0009595060961859291-0.0005364888997971159i
0.4682241218683721-0.17539992245088482i,0.040886795553976715-0.01463947105040955i,0.0010186526073546755-0.00037853839350090925i
-0.17934042151036825+0.4667273167259328i,-0.01602429873143703+0.04015681594705344i,-0.00040350965605300183+0.000990378066362721i
-0.23029678844026602-0.4438053321949319i,-0.019288775285367588-0.03835579082757119i,-0.00048458178217175633-0.0009709925459526334i
0.48487086572836224+0.12205856401453748i,0.041306261141774936+0.01098242722807427i,0.0010284165637211512+0.0002618991751520192i
-0.41297585262879205+0.2818673687478076i,-0.03535656860763355+0.023552847463496826i,-0.0008858637142708696+0.0005752027826207382i
0.0630173790824374-0.4960126695552619i,0.005815664241551914-0.04177178104796142i,0.0001425119734230323-0.0010552602962919247i
0.3293704271219998+0.3761812680378678i,0.02727933944771085+0.03189692484183094i,0.000677560696450474+0.0007839384059371787i
-0.49998972811057724-0.0030663883099447823i,-0.041646825684434834-0.000670236690440709i,-0.0010420533404022626-0.00002952195712962172i
0.33395792888325077-0.37211767909393306i,0.027961771211861518-0.030470190962456522i,0.0006949079515115214-0.0007721264719752625i
0.05693120362488743+0.4967452461827705i,0.004280163323863967+0.04089469076209142i,0.00010339475305931458+0.0010079269742277292i
-0.4094889091630217-0.2869119494823369i,-0.033167910584815795-0.023684038841798226i,-0.0008296603098249875-0.0006031574985727264i
0.4863309612740761-0.11610765726050441i,0.03946052237709326-0.009007538773176867i,0.0009809981669010996-0.0002360130953228257i
-0.2357208205740043+0.44094583437000445i,-0.019230121135829188+0.03528698367356412i,-0.00048264377543648563+0.0008674477139000053i
-0.17360452826493694-0.4688936595254338i,-0.013518710804188457-0.037439655798470896i,-0.0003391773408341691-0.0009451036898328724i
0.46603842336563606+0.18112438499669137i,0.03672486057927581+0.014630796329297176i,0.0009119476866501914+0.00035348983622067464i
-0.4446833706767429+0.22859388419235682i,-0.03496530896676865+0.017691115783130647i,-0.000874055838236231+0.00042851953368217276i
0.12391574930883784-0.4844012916798095i,0.00988941378255503-0.0375275042142194i,0.00024415787263767555-0.000946010194828348i
0.28028491541956163+0.41405009735136694i,0.021382691155161736+0.03204435163996445i,0.0005290800837596464+0.0007870134831344695i
-0.4957670254323214-0.0649178209186121i,-0.03778003726207227-0.0051420834889170175i,-0.0009431459790938626-0.00014006777418550058i
0.3774412390515097-0.3279290639096831i,0.02866315764271463-0.02459407623011741i,0.0007111793886397249-0.0006227487933313309i
-0.004980208275122355+0.49997225111074606i,-0.0005492896002028458+0.03744779431461077i,-0.000017140647727328766+0.0009209003333914381i
-0.3708352011330889-0.3353817876973727i,-0.027362670049573965-0.024944124982421403i,-0.0006828910181273435-0.0006322361750060612i
0.4969610306485782-0.05503039482721213i,0.03648023022820903-0.003862201126751073i,0.0009048569974159909-0.00010602855702728469i
-0.2884772953615692+0.4083853090055225i,-0.021039431753191888+0.029609030047584802i,-0.000526557914541808+0.0007252001838032457i
-0.1142433085262605-0.4867733210265349i,-0.008096931241645981-0.03496390509641507i,-0.00020307335475731108-0.0008802601544542637i
0.44004118480198323+0.2374056112307526i,0.031239081260940712+0.016977834864433973i,0.0007735774500433069+0.00041246540085507476i
-0.4695544117637974+0.17180601734069348i,-0.033019123398577856+0.012042259069521033i,-0.0008235473928835448+0.00028806322236733973i
0.18290905582963352-0.46534283642566987i,0.012763740127647433-0.032293398995622224i,0.00031551993344296447-0.0008124500479499083i
0.22689034855866802+0.445553373882801i,0.01556883918853894+0.030652234009074478i,0.00038344160482309074+0.0007519765576141583i
-0.48392249486710653-0.1257712396270527i,-0.03284738580782665-0.008520972984694704i,-0.0008181700454198035-0.00022268372021129213i
0.41512183020538274-0.27869894725102284i,0.02785176592230169-0.018675753078820977i,0.0006898088254604338-0.00047287942572186466i
-0.0668150605975415+0.495512751509035i,-0.004394367696221794+0.0328693860912078i,-0.00011255400520418431+0.0008063675674769571i
-0.32648034462681486-0.37869554760209323i,-0.021394631144984588-0.024727823021823414i,-0.0005327725108921005-0.0006242995410061422i
0.4999509052160411+0.006892873994815682i,0.032314325014241245+0.00040940581190963496i,0.0007996941627243035+0.0000017513136818626163i
-0.3367987773125128+0.36954632029677414i,-0.02141632812718832+0.02365356793261644i,-0.0005346256756045195+0.0005769516552310548i
-0.053125737946480095-0.49716943799613794i,-0.0034359248048372428-0.03125888518555513i,-0.00008651997533177842-0.0007850687163743764i
0.40727882691014833+0.2900369852609973i,0.025368556557079723+0.017944048355747068i,0.000626411901786807+0.00043699751451550995i
-0.4872066129747864+0.11237681465032988i,-0.02980908550005689+0.007040575299196009i,-0.0007418930665832235+0.00016454407329234572i
0.2390903461542612-0.43913030505821427i,0.014316677557595333-0.026574345108720483i,0.00035375609616323134-0.0006674198082296447i
0.1700076050127094+0.47020677192140486i,0.010289686006378336+0.027971151744199625i,0.0002518664345172986+0.0006852663844609513i
-0.46463823209881994-0.18469109491428065i,-0.027335941705880985-0.010644248138210119i,-0.0006794587829251472-0.0002735972581660271i
0.44642040770945485-0.22518418408248242i,0.025736267147697115-0.01318078535131686i,0.0006362408573732764-0.00033418805233028216i
-0.12762271543741302+0.4834353069229317i,-0.0070543504134997605+0.027625527142936167i,-0.00017805006719752979+0.000676042113645668i
-0.2771062432354618-0.41618733123725493i,-0.015739566610478345-0.023201187503455633i,-0.0003911742089753644-0.0005838194427794632i
0.49525461918228686+0.06871015200124964i,0.02740434763644584+0.0035710593624606506i,0.0006766702812978661+0.00008153919107073944i
-0.3799423806489778+0.3250259718749646i,-0.020484451299530047+0.017902761687893644i,-0.0005101921441118169+0.00043464208086421767i
0.00880857293002893-0.49992218240062647i,0.00019486708645322662-0.026738714994942073i,0.000003919315479265265-0.0006701028571279833i
0.36825503229141515+0.3382093618034321i,0.01959750440453508+0.017610888782382417i,0.00048250639876809315+0.0004292792560730394i
-0.4973685925412273+0.05121993000118866i,-0.025719815901365708+0.002985860609795177i,-0.0006388688187638975+0.00006519518596140624i
0.29159589922370577-0.4061666843230542i,0.014587549454140166-0.020852680478534818i,0.00036006334453481196-0.000523027871186891i
0.11051118985644182+0.48763127455711464i,0.0058717803018418155+0.02435411753305034i,0.00014231964107615417+0.0005957795007978358i
-0.438210709916967-0.24077156351579526i,-0.02172285306773413-0.011509870314537752i,-0.0005389351797612799-0.00029306430937313887i
0.47085579285901336-0.16820750075388047i,0.022635765916132967-0.008459046088303711i,0.0005585852093639819-0.00021531869486167768i
-0.18646832683924047+0.4639255938146142i,-0.00848747849515001+0.02218465840822445i,-0.00021283360279477265+0.000541544989220229i
-0.22347196551895882-0.44728074666029793i,-0.010767627954462903-0.02064780680041885i,-0.0002671918569907413-0.0005181144082007997i
0.4829443724046535+0.12947107147150783i,0.02220617193670435+0.005542914856581391i,0.0005471543408526672+0.00013150051418544463i
-0.4172448233682152+0.275508711574318i,-0.01849114039013029+0.012743564042013456i,-0.0004596177455127504+0.00030770285649214677i
0.07060745714037658-0.4949892340423239i,0.002678958869772939-0.021843385363391102i,0.0000655521949983857-0.0005464309666168516i
0.3235697457498297+0.3811821473999478i,0.014325645810676553+0.01618875010492912i,0.0003516703861853159+0.0003946696813846194i
-0.49988412201585397-0.01072442165491965i,-0.021172843237690805+0.000029180349767783504i,-0.0005250336996711312-0.000006515002989852792i
0.3396185041028085-0.36695875100024977i,0.013748992666094884-0.015537180308578953i,0.0003389187893763082-0.00038940029431609437i
0.04931579028215716+0.4975590006184163i,0.0024979633450882776+0.020201563048823003i,0.000059115506664653455+0.0004934759943724685i
-0.4050462202972955-0.29315047438762976i,-0.0164227450847871-0.011252599114009568i,-0.0004068235150590534-0.0002847077930416136i
0.4880523204349633-0.10864484655330568i,0.018926784365371273-0.004722449181924523i,0.0004662671488581559-0.00012139145038133558i
-0.24244721295067245+0.4372835510065919i,-0.008791342739827176+0.016963808015420474i,-0.000219555572830427+0.00041308956651336443i
-0.16640207522230252-0.47149776929146575i,-0.006717374469678303-0.017418110352348918i,-0.0001665593756943716-0.0004360506272281455i
0.4632094204043665+0.18824150495126568i,0.017135439872567118+0.006386135756635244i,0.0004213837537885027+0.00015330931612292487i
-0.4481326244208731+0.22175580885410262i,-0.01575932751842996+0.00843830396694786i,-0.0003910448471913013+0.00020238661865049686i
0.13132082974689563-0.48244643118260727i,0.004041712741724061-0.016983817343078415i,0.00009921562671952818-0.0004242595821707632i
0.27390995084862324+0.41829468616902676i,0.009835666848291305+0.013971702327858045i,0.0002407148025825846+0.00034053314432669416i
-0.4947145281006838-0.07250391898996372i,-0.016571642977121475-0.0018202447333162237i,-0.00041037299454136224-0.000050640732750158614i
0.3824198698960924-0.32210928080918644i,0.012064774326268183-0.010927707554174593i,0.0002969903869542992-0.0002738520896374484i
-0.012637786636797183+0.4998373230293256i,0.00021013877761203627+0.01590672140918142i,0.000003054437813841685+0.0003880321751722859i
-0.36565462814199123-0.34102256356900856i,-0.011749860803478547-0.010105078683393253i,-0.0002907590533021158-0.0002545029317413003i
0.497745614113382-0.04741192702021161i,0.014989359154432082-0.002043723719071004i,0.0003686919268506455-0.00005403627176024182i
-0.29469876443868515+0.4039187684761597i,-0.008167363002086543+0.012288551969202807i,-0.00020338328634079446+0.0002985383486378658i
-0.10677395458075475-0.4884660909777713i,-0.003690679800133873-0.013876510179115339i,-0.00009158883721383221-0.0003467250070803585i
